{"counts":[3,0,2,0,0,1,1,2,4,4,1,3,0,2,2,1,1,1,1,1,0,1,0,0,0,0,0,0,0,1],"wall_time":1.754172780658e9,"step":1,"max":0.034752842,"min":-0.03792532,"count":32,"bins":[-0.03792532,-0.035502717,-0.033080112,-0.030657506,-0.028234899,-0.025812294,-0.02338969,-0.020967083,-0.018544478,-0.016121872,-0.013699267,-0.011276661,-0.008854056,-0.0064314506,-0.0040088454,-0.0015862398,0.0008363657,0.003258971,0.0056815767,0.008104182,0.0105267875,0.012949393,0.015371999,0.017794603,0.02021721,0.022639815,0.02506242,0.027485026,0.02990763,0.032330237,0.034752842],"mean":-0.011736879,"std":0.015659789}
{"counts":[3,0,1,1,0,1,1,2,4,4,2,1,1,3,1,1,1,1,1,1,0,1,0,0,0,0,0,0,0,1],"wall_time":1.754172781792e9,"step":2,"max":0.035068166,"min":-0.037815508,"count":32,"bins":[-0.037815508,-0.035386052,-0.032956596,-0.030527141,-0.028097684,-0.025668228,-0.023238773,-0.020809317,-0.018379861,-0.015950406,-0.0135209495,-0.011091494,-0.0086620385,-0.0062325825,-0.0038031267,-0.001373671,0.0010557848,0.0034852405,0.0059146965,0.008344152,0.0107736075,0.013203064,0.01563252,0.018061975,0.02049143,0.022920886,0.025350342,0.027779799,0.030209254,0.03263871,0.035068166],"mean":-0.011824392,"std":0.015733749}
{"counts":[3,0,1,1,0,1,1,2,4,4,2,2,0,4,0,1,2,0,1,1,0,1,0,0,0,0,0,0,0,1],"wall_time":1.754172783052e9,"step":3,"max":0.035413034,"min":-0.03783913,"count":32,"bins":[-0.03783913,-0.03539739,-0.03295565,-0.030513912,-0.028072175,-0.025630435,-0.023188697,-0.020746958,-0.01830522,-0.01586348,-0.013421741,-0.010980003,-0.008538264,-0.006096525,-0.0036547864,-0.0012130477,0.0012286912,0.00367043,0.0061121685,0.008553907,0.010995646,0.013437385,0.015879124,0.018320862,0.020762602,0.02320434,0.02564608,0.028087817,0.030529557,0.032971296,0.035413034],"mean":-0.011899236,"std":0.015905617}
{"counts":[3,0,1,1,0,1,1,2,4,4,0,2,2,4,0,1,1,1,1,1,0,1,0,0,0,0,0,0,0,1],"wall_time":1.754172784188e9,"step":4,"max":0.03548617,"min":-0.038313325,"count":32,"bins":[-0.038313325,-0.03585334,-0.03339336,-0.030933376,-0.028473392,-0.02601341,-0.023553427,-0.021093443,-0.01863346,-0.016173476,-0.013713494,-0.011253511,-0.008793527,-0.0063335444,-0.0038735613,-0.0014135782,0.0010464049,0.003506388,0.0059663714,0.008426354,0.010886338,0.013346321,0.015806304,0.018266287,0.020726271,0.023186253,0.025646236,0.02810622,0.030566202,0.033026185,0.03548617],"mean":-0.011888486,"std":0.016073357}
{"counts":[3,0,1,1,0,1,1,2,3,5,1,1,2,4,0,1,2,0,1,1,0,1,0,0,0,0,0,0,0,1],"wall_time":1.754172785323e9,"step":5,"max":0.03593657,"min":-0.03868327,"count":32,"bins":[-0.03868327,-0.03619594,-0.033708613,-0.031221285,-0.028733958,-0.02624663,-0.023759302,-0.021271974,-0.018784644,-0.016297316,-0.013809989,-0.011322661,-0.0088353325,-0.006348005,-0.003860677,-0.0013733488,0.0011139793,0.0036013073,0.0060886354,0.008575964,0.011063292,0.01355062,0.016037947,0.018525276,0.021012604,0.023499932,0.02598726,0.028474588,0.030961916,0.033449244,0.03593657],"mean":-0.011876408,"std":0.016189607}
