{"counts":[3,0,0,1,1,0,2,0,2,4,3,2,2,2,1,3,0,2,1,0,1,0,1,0,0,0,0,0,0,1],"wall_time":1.75417278065e9,"step":1,"max":0.033657562,"min":-0.039720666,"count":32,"bins":[-0.039720666,-0.037274726,-0.034828782,-0.032382842,-0.029936902,-0.02749096,-0.02504502,-0.022599079,-0.020153139,-0.017707197,-0.015261256,-0.012815315,-0.010369374,-0.007923434,-0.0054774927,-0.0030315518,-0.0005856109,0.00186033,0.0043062707,0.006752212,0.009198152,0.011644093,0.014090034,0.016535975,0.018981917,0.021427857,0.023873799,0.026319738,0.02876568,0.03121162,0.033657562],"mean":-0.011469608,"std":0.015773958}
{"counts":[3,0,0,1,1,0,2,1,2,3,3,3,1,2,2,2,0,2,1,0,1,1,0,0,0,0,0,0,0,1],"wall_time":1.75417278179e9,"step":2,"max":0.03395132,"min":-0.039716233,"count":32,"bins":[-0.039716233,-0.037260648,-0.034805063,-0.03234948,-0.029893892,-0.027438307,-0.024982722,-0.022527138,-0.020071551,-0.017615966,-0.015160382,-0.012704797,-0.010249211,-0.0077936267,-0.0053380416,-0.0028824564,-0.00042687132,0.0020287137,0.0044842986,0.006939884,0.009395469,0.011851054,0.014306639,0.016762225,0.01921781,0.021673394,0.02412898,0.026584564,0.02904015,0.031495735,0.03395132],"mean":-0.011566047,"std":0.01585068}
{"counts":[3,0,0,1,1,0,2,1,2,3,4,2,1,2,2,2,0,2,1,0,1,1,0,0,0,0,0,0,0,1],"wall_time":1.754172783052e9,"step":3,"max":0.03433806,"min":-0.039676975,"count":32,"bins":[-0.039676975,-0.03720981,-0.03474264,-0.03227547,-0.029808303,-0.027341137,-0.024873968,-0.0224068,-0.019939633,-0.017472465,-0.015005297,-0.0125381285,-0.010070961,-0.007603793,-0.0051366254,-0.0026694573,-0.00020228948,0.0022648785,0.0047320463,0.0071992143,0.009666382,0.01213355,0.014600717,0.017067885,0.019535054,0.022002222,0.024469389,0.026936557,0.029403726,0.031870894,0.03433806],"mean":-0.011626542,"std":0.016005868}
{"counts":[3,0,0,1,1,0,2,1,2,3,3,3,1,2,2,2,0,2,0,1,1,1,0,0,0,0,0,0,0,1],"wall_time":1.754172784188e9,"step":4,"max":0.034441605,"min":-0.040211786,"count":32,"bins":[-0.040211786,-0.03772334,-0.035234895,-0.032746445,-0.030258,-0.027769554,-0.025281107,-0.022792662,-0.020304214,-0.017815769,-0.015327322,-0.012838876,-0.010350429,-0.007861983,-0.0053735366,-0.0028850902,-0.00039664382,0.0020918024,0.004580249,0.007068695,0.009557142,0.012045588,0.014534035,0.017022481,0.019510927,0.021999374,0.02448782,0.026976267,0.029464712,0.03195316,0.034441605],"mean":-0.011615594,"std":0.016152045}
{"counts":[2,1,0,1,1,0,2,1,2,3,3,3,1,2,2,2,0,2,0,1,1,1,0,0,0,0,0,0,0,1],"wall_time":1.754172785323e9,"step":5,"max":0.03491383,"min":-0.040503003,"count":32,"bins":[-0.040503003,-0.03798911,-0.035475213,-0.03296132,-0.030447425,-0.02793353,-0.025419636,-0.02290574,-0.020391848,-0.017877953,-0.015364058,-0.0128501635,-0.01033627,-0.007822375,-0.0053084805,-0.0027945861,-0.0002806917,0.0022332028,0.0047470974,0.0072609917,0.009774886,0.012288781,0.014802675,0.017316569,0.019830463,0.022344358,0.024858253,0.027372148,0.02988604,0.032399938,0.03491383],"mean":-0.011611829,"std":0.016284775}
