{"counts":[1,1,0,2,2,1,0,0,3,4,4,1,1,2,3,3,0,2,0,1,0,0,0,0,0,0,0,0,0,1],"wall_time":1.754172780655e9,"step":1,"max":1.0443816,"min":0.94242567,"count":32,"bins":[0.94242567,0.9458242,0.94922274,0.9526213,0.9560198,0.95941836,0.96281683,0.9662154,0.9696139,0.97301245,0.976411,0.9798095,0.98320806,0.9866066,0.99000514,0.9934037,0.99680215,1.0002007,1.0035993,1.0069978,1.0103964,1.0137948,1.0171933,1.0205919,1.0239904,1.0273889,1.0307875,1.034186,1.0375845,1.0409831,1.0443816],"mean":0.9802527,"std":0.02022408}
{"counts":[1,1,0,2,2,1,0,0,3,5,3,1,1,2,3,3,1,1,0,1,0,0,0,0,0,0,0,0,0,1],"wall_time":1.75417278179e9,"step":2,"max":1.0448972,"min":0.9421994,"count":32,"bins":[0.9421994,0.9456227,0.94904596,0.95246917,0.95589244,0.9593157,0.962739,0.9661622,0.9695855,0.97300875,0.976432,0.97985524,0.9832785,0.9867018,0.99012506,0.99354833,0.99697155,1.0003948,1.003818,1.0072414,1.0106646,1.0140879,1.0175111,1.0209343,1.0243577,1.0277809,1.0312041,1.0346274,1.0380507,1.041474,1.0448972],"mean":0.9800585,"std":0.020374626}
{"counts":[1,1,0,2,2,1,0,0,3,5,3,1,2,1,3,3,1,1,0,1,0,0,0,0,0,0,0,0,0,1],"wall_time":1.754172783052e9,"step":3,"max":1.045741,"min":0.94145805,"count":32,"bins":[0.94145805,0.9449341,0.9484102,0.95188636,0.95536244,0.9588385,0.9623146,0.96579075,0.96926683,0.9727429,0.976219,0.97969514,0.9831712,0.9866473,0.9901234,0.99359953,0.9970756,1.0005517,1.0040278,1.0075039,1.01098,1.014456,1.0179322,1.0214083,1.0248843,1.0283605,1.0318366,1.0353127,1.0387888,1.0422648,1.045741],"mean":0.9798413,"std":0.02069047}
{"counts":[1,1,0,2,2,1,0,0,3,4,4,1,2,1,3,3,1,0,1,0,1,0,0,0,0,0,0,0,0,1],"wall_time":1.754172784188e9,"step":4,"max":1.0458274,"min":0.94066954,"count":32,"bins":[0.94066954,0.9441748,0.94768006,0.95118535,0.9546906,0.95819587,0.9617011,0.9652064,0.9687116,0.9722169,0.97572213,0.9792274,0.98273265,0.98623794,0.9897432,0.99324846,0.99675375,1.000259,1.0037643,1.0072695,1.0107747,1.0142801,1.0177853,1.0212905,1.0247958,1.0283011,1.0318063,1.0353116,1.0388168,1.0423222,1.0458274],"mean":0.9796701,"std":0.020935705}
{"counts":[1,1,0,2,2,1,0,0,4,3,4,1,2,1,3,3,1,0,1,0,1,0,0,0,0,0,0,0,0,1],"wall_time":1.754172785323e9,"step":5,"max":1.0462362,"min":0.9402924,"count":32,"bins":[0.9402924,0.9438239,0.94735533,0.9508868,0.95441824,0.9579497,0.96148115,0.9650126,0.96854407,0.9720755,0.975607,0.97913843,0.9826699,0.98620135,0.9897328,0.9932643,0.9967958,1.0003272,1.0038587,1.0073901,1.0109216,1.014453,1.0179845,1.021516,1.0250474,1.0285789,1.0321103,1.0356418,1.0391732,1.0427047,1.0462362],"mean":0.9794521,"std":0.021072412}
