{"counts":[1,0,1,2,9,3,2,12,19,30,25,39,56,60,63,57,48,47,35,34,24,19,18,12,10,6,3,2,2,1],"wall_time":1.754172780635e9,"step":1,"max":0.9749854,"min":-1.0347387,"count":640,"bins":[-1.0347387,-0.96774787,-0.9007571,-0.8337663,-0.7667754,-0.69978464,-0.63279384,-0.56580305,-0.49881223,-0.43182144,-0.36483064,-0.29783982,-0.23084903,-0.16385822,-0.09686742,-0.02987662,0.037114184,0.10410499,0.17109579,0.2380866,0.3050774,0.3720682,0.439059,0.5060498,0.5730406,0.6400314,0.7070222,0.77401304,0.84100384,0.9079946,0.9749854],"mean":-0.012789513,"std":0.30898988}
{"counts":[1,0,1,2,9,3,2,12,18,31,24,41,54,62,62,58,47,47,35,34,24,19,17,13,10,6,3,2,2,1],"wall_time":1.754172781786e9,"step":2,"max":0.9750867,"min":-1.0351129,"count":640,"bins":[-1.0351129,-0.9681062,-0.90109956,-0.8340929,-0.76708627,-0.7000796,-0.633073,-0.5660663,-0.49905965,-0.432053,-0.36504635,-0.2980397,-0.23103304,-0.1640264,-0.09701974,-0.030013084,0.036993567,0.10400022,0.17100687,0.23801352,0.30502018,0.37202683,0.43903348,0.50604016,0.5730468,0.64005345,0.7070601,0.77406675,0.8410734,0.90808004,0.9750867],"mean":-0.012803478,"std":0.30899492}
{"counts":[1,0,1,2,9,3,2,11,20,30,25,40,54,61,63,59,46,47,35,34,24,19,17,13,10,6,3,2,2,1],"wall_time":1.754172783049e9,"step":3,"max":0.9749833,"min":-1.0349126,"count":640,"bins":[-1.0349126,-0.9679161,-0.90091956,-0.833923,-0.76692647,-0.69992995,-0.63293344,-0.56593686,-0.49894035,-0.43194383,-0.3649473,-0.29795077,-0.23095424,-0.16395772,-0.096961185,-0.029964656,0.037031874,0.104028404,0.17102493,0.23802146,0.30501798,0.37201452,0.43901104,0.50600755,0.5730041,0.64000064,0.70699716,0.7739937,0.84099025,0.90798676,0.9749833],"mean":-0.01283967,"std":0.30899683}
{"counts":[1,0,1,2,9,3,2,12,19,30,25,40,54,61,63,59,47,46,35,34,24,19,17,13,10,6,3,2,2,1],"wall_time":1.754172784185e9,"step":4,"max":0.9749559,"min":-1.0346293,"count":640,"bins":[-1.0346293,-0.96764314,-0.900657,-0.8336708,-0.76668465,-0.69969845,-0.6327123,-0.5657261,-0.49873993,-0.43175375,-0.36476758,-0.2977814,-0.23079523,-0.16380906,-0.09682289,-0.029836714,0.037149463,0.10413564,0.1711218,0.238108,0.30509415,0.37208033,0.4390665,0.5060527,0.5730389,0.640025,0.7070112,0.77399737,0.84098357,0.9079697,0.9749559],"mean":-0.0128477905,"std":0.3090018}
{"counts":[1,0,1,2,9,3,2,12,19,30,25,39,55,61,63,59,47,46,35,34,24,19,17,13,10,6,3,2,2,1],"wall_time":1.754172785322e9,"step":5,"max":0.97461295,"min":-1.0343589,"count":640,"bins":[-1.0343589,-0.96739316,-0.9004274,-0.8334617,-0.76649594,-0.69953024,-0.6325645,-0.5655988,-0.49863306,-0.43166733,-0.3647016,-0.29773587,-0.23077014,-0.16380441,-0.09683868,-0.029872954,0.03709277,0.1040585,0.17102423,0.23798995,0.3049557,0.37192142,0.43888715,0.5058529,0.5728186,0.63978434,0.70675004,0.7737158,0.8406815,0.90764725,0.97461295],"mean":-0.012833178,"std":0.30901048}
