{"counts":[3,0,1,3,0,1,2,5,4,1,6,6,5,5,2,6,4,6,2,6,5,2,5,3,3,3,2,3,0,2],"wall_time":1.754172780659e9,"step":1,"max":0.3147419,"min":-0.37099594,"count":96,"bins":[-0.37099594,-0.348138,-0.32528007,-0.30242217,-0.27956423,-0.2567063,-0.23384836,-0.21099044,-0.18813251,-0.16527459,-0.14241666,-0.11955873,-0.0967008,-0.07384287,-0.05098494,-0.028127015,-0.0052690865,0.017588843,0.04044677,0.0633047,0.08616263,0.10902055,0.13187848,0.15473641,0.17759433,0.20045227,0.2233102,0.24616812,0.26902604,0.29188398,0.3147419],"mean":-0.014653212,"std":0.16326235}
{"counts":[3,0,1,3,0,1,2,5,4,1,6,6,5,5,2,6,4,6,2,6,5,2,5,3,3,3,2,3,0,2],"wall_time":1.754172781793e9,"step":2,"max":0.31446788,"min":-0.37029517,"count":96,"bins":[-0.37029517,-0.34746975,-0.3246443,-0.30181885,-0.27899343,-0.256168,-0.23334256,-0.21051712,-0.18769169,-0.16486625,-0.14204082,-0.119215384,-0.09638995,-0.073564515,-0.05073908,-0.027913645,-0.00508821,0.017737225,0.04056266,0.063388094,0.08621353,0.109038964,0.1318644,0.15468983,0.17751527,0.2003407,0.22316614,0.24599157,0.268817,0.29164243,0.31446788],"mean":-0.014652238,"std":0.16312064}
{"counts":[3,0,1,3,0,1,2,5,4,1,6,6,5,5,2,6,4,6,2,6,5,2,5,3,3,3,2,3,0,2],"wall_time":1.754172783052e9,"step":3,"max":0.31374735,"min":-0.3696635,"count":96,"bins":[-0.3696635,-0.34688315,-0.3241028,-0.30132243,-0.27854207,-0.25576168,-0.23298134,-0.21020098,-0.1874206,-0.16464025,-0.14185989,-0.11907953,-0.096299164,-0.073518805,-0.050738443,-0.02795808,-0.0051777186,0.017602643,0.040383004,0.06316337,0.08594373,0.10872409,0.13150445,0.15428482,0.17706518,0.19984554,0.2226259,0.24540626,0.26818663,0.290967,0.31374735],"mean":-0.014647852,"std":0.16294746}
{"counts":[3,0,1,3,0,1,2,5,4,1,6,6,5,5,2,5,5,6,2,6,5,2,5,3,3,3,2,3,0,2],"wall_time":1.754172784188e9,"step":4,"max":0.31311503,"min":-0.36903363,"count":96,"bins":[-0.36903363,-0.34629536,-0.32355705,-0.30081877,-0.2780805,-0.2553422,-0.23260391,-0.20986561,-0.18712732,-0.16438903,-0.14165075,-0.11891246,-0.096174166,-0.07343588,-0.05069759,-0.027959302,-0.0052210134,0.017517276,0.040255565,0.062993854,0.08573214,0.10847043,0.13120872,0.15394701,0.1766853,0.19942358,0.22216187,0.24490017,0.26763844,0.29037675,0.31311503],"mean":-0.01464146,"std":0.16280381}
{"counts":[3,0,1,3,0,1,2,5,4,1,6,6,5,5,2,5,5,6,2,6,5,2,5,3,3,3,2,2,1,2],"wall_time":1.754172785325e9,"step":5,"max":0.31260657,"min":-0.369033,"count":96,"bins":[-0.369033,-0.3463117,-0.32359037,-0.30086905,-0.27814773,-0.2554264,-0.23270509,-0.20998377,-0.18726246,-0.16454114,-0.14181982,-0.11909849,-0.09637718,-0.07365586,-0.05093454,-0.028213218,-0.0054918984,0.017229421,0.03995074,0.062672056,0.08539338,0.1081147,0.13083602,0.15355733,0.17627865,0.19899997,0.22172129,0.24444261,0.26716393,0.28988525,0.31260657],"mean":-0.014636752,"std":0.16267194}
