{"counts":[4,1,0,2,0,0,3,1,3,2,4,0,4,2,1,5,1,2,4,3,5,2,1,2,3,2,2,3,0,2],"wall_time":1.754172780638e9,"step":1,"max":1.0418783,"min":0.9654073,"count":64,"bins":[0.9654073,0.96795636,0.97050536,0.9730544,0.97560346,0.9781525,0.9807015,0.98325056,0.9857996,0.9883486,0.99089766,0.9934467,0.9959957,0.99854475,1.0010937,1.0036428,1.0061918,1.0087409,1.01129,1.013839,1.016388,1.018937,1.021486,1.0240351,1.0265841,1.0291332,1.0316823,1.0342312,1.0367802,1.0393293,1.0418783],"mean":1.0056573,"std":0.020497955}
{"counts":[4,1,0,2,0,1,2,2,2,3,3,0,4,2,1,5,1,2,3,5,5,1,1,2,3,2,3,2,0,2],"wall_time":1.754172781788e9,"step":2,"max":1.0426005,"min":0.9655021,"count":64,"bins":[0.9655021,0.96807206,0.970642,0.97321194,0.97578186,0.97835183,0.98092175,0.9834917,0.9860617,0.9886316,0.9912016,0.9937715,0.99634147,0.9989114,1.0014813,1.0040513,1.0066212,1.0091912,1.0117612,1.0143311,1.016901,1.0194709,1.022041,1.0246109,1.0271808,1.0297508,1.0323207,1.0348907,1.0374606,1.0400306,1.0426005],"mean":1.0057006,"std":0.020659572}
{"counts":[3,2,0,2,0,1,2,1,2,4,3,0,3,3,1,5,1,2,3,4,5,2,1,2,4,1,3,2,0,2],"wall_time":1.75417278305e9,"step":3,"max":1.0429846,"min":0.9642421,"count":64,"bins":[0.9642421,0.96686685,0.9694916,0.97211635,0.9747411,0.97736585,0.9799906,0.98261535,0.9852401,0.98786485,0.9904896,0.99311435,0.9957391,0.99836385,1.0009886,1.0036134,1.0062381,1.0088629,1.0114876,1.0141124,1.0167371,1.0193619,1.0219866,1.0246114,1.0272361,1.0298609,1.0324856,1.0351104,1.0377351,1.0403599,1.0429846],"mean":1.0057725,"std":0.020902308}
{"counts":[3,1,1,2,0,1,2,1,2,4,3,2,0,4,1,2,4,2,3,2,7,1,2,2,4,2,2,2,0,2],"wall_time":1.754172784186e9,"step":4,"max":1.04315,"min":0.96361756,"count":64,"bins":[0.96361756,0.96626866,0.9689197,0.9715708,0.9742219,0.976873,0.979524,0.9821751,0.9848262,0.9874773,0.99012834,0.99277943,0.9954305,0.9980816,1.0007327,1.0033838,1.0060349,1.008686,1.011337,1.013988,1.0166391,1.0192902,1.0219413,1.0245924,1.0272435,1.0298946,1.0325457,1.0351967,1.0378478,1.0404989,1.04315],"mean":1.0058134,"std":0.02107846}
{"counts":[2,2,1,1,1,1,2,1,2,3,4,1,1,4,0,3,4,2,3,2,7,1,2,2,4,2,2,1,1,2],"wall_time":1.754172785322e9,"step":5,"max":1.0435611,"min":0.96307915,"count":64,"bins":[0.96307915,0.9657619,0.96844465,0.97112733,0.9738101,0.9764928,0.97917557,0.98185825,0.984541,0.98722374,0.9899065,0.9925892,0.9952719,0.99795467,1.0006374,1.0033201,1.0060029,1.0086856,1.0113683,1.0140511,1.0167338,1.0194166,1.0220993,1.024782,1.0274647,1.0301474,1.0328301,1.0355129,1.0381956,1.0408784,1.0435611],"mean":1.0058463,"std":0.021129606}
