{"counts":[1,1,0,1,1,1,1,6,5,2,3,2,3,2,2,3,3,7,2,2,3,6,2,1,0,1,1,1,0,1],"wall_time":1.754172780637e9,"step":1,"max":0.048981875,"min":-0.03985562,"count":64,"bins":[-0.03985562,-0.036894374,-0.03393312,-0.030971872,-0.028010622,-0.025049372,-0.022088122,-0.019126872,-0.016165623,-0.0132043725,-0.0102431225,-0.007281873,-0.004320623,-0.0013593731,0.0016018768,0.0045631267,0.0075243767,0.010485627,0.013446877,0.016408127,0.019369377,0.022330627,0.025291877,0.028253125,0.031214375,0.034175627,0.037136875,0.040098127,0.043059375,0.046020627,0.048981875],"mean":0.0037239403,"std":0.019816378}
{"counts":[1,1,0,1,1,2,0,6,5,2,3,2,3,3,0,5,2,7,2,3,3,4,4,0,0,1,1,1,0,1],"wall_time":1.754172781787e9,"step":2,"max":0.049791023,"min":-0.04005121,"count":64,"bins":[-0.04005121,-0.03705647,-0.03406173,-0.031066988,-0.028072245,-0.025077505,-0.022082765,-0.019088022,-0.016093282,-0.013098541,-0.010103799,-0.007109058,-0.0041143172,-0.001119576,0.0018751652,0.004869906,0.007864648,0.010859389,0.013854129,0.016848871,0.019843612,0.022838352,0.025833094,0.028827835,0.031822577,0.03481732,0.037812058,0.0408068,0.043801542,0.04679628,0.049791023],"mean":0.003727281,"std":0.019976238}
{"counts":[1,1,0,2,0,2,1,6,3,4,2,2,4,2,0,5,2,7,2,3,3,4,4,0,0,1,1,1,0,1],"wall_time":1.75417278305e9,"step":3,"max":0.050424073,"min":-0.039996102,"count":64,"bins":[-0.039996102,-0.036982097,-0.03396809,-0.030954085,-0.02794008,-0.024926074,-0.021912068,-0.018898062,-0.015884055,-0.01287005,-0.009856044,-0.006842038,-0.0038280324,-0.00081402645,0.0021999793,0.005213985,0.008227991,0.011241997,0.014256002,0.017270008,0.020284014,0.02329802,0.026312025,0.029326033,0.03234004,0.035354044,0.03836805,0.041382056,0.04439606,0.047410067,0.050424073],"mean":0.0038039037,"std":0.020212319}
{"counts":[1,1,0,2,0,2,1,6,3,4,2,1,5,2,0,5,2,7,1,4,3,3,5,0,0,1,1,1,0,1],"wall_time":1.754172784186e9,"step":4,"max":0.05044799,"min":-0.04018279,"count":64,"bins":[-0.04018279,-0.037161767,-0.03414074,-0.031119714,-0.028098688,-0.025077661,-0.022056635,-0.01903561,-0.016014583,-0.012993557,-0.009972531,-0.0069515053,-0.0039304793,-0.00090945326,0.0021115728,0.005132599,0.008153625,0.011174651,0.014195677,0.017216703,0.020237729,0.023258755,0.026279781,0.029300807,0.032321833,0.035342857,0.038363885,0.041384913,0.044405937,0.04742696,0.05044799],"mean":0.0038296229,"std":0.020374529}
{"counts":[1,1,0,2,1,1,2,5,3,4,2,1,4,3,0,5,2,7,3,1,3,4,5,0,0,1,1,1,0,1],"wall_time":1.754172785322e9,"step":5,"max":0.050427925,"min":-0.040160157,"count":64,"bins":[-0.040160157,-0.037140556,-0.03412095,-0.031101348,-0.028081747,-0.025062144,-0.02204254,-0.019022938,-0.016003335,-0.012983732,-0.00996413,-0.006944527,-0.003924924,-0.0009053214,0.0021142813,0.005133884,0.008153487,0.011173089,0.014192692,0.017212294,0.020231897,0.0232515,0.026271103,0.029290706,0.032310307,0.03532991,0.038349513,0.041369118,0.04438872,0.047408324,0.050427925],"mean":0.0038109212,"std":0.020416437}
