{"counts":[1,0,0,1,2,1,0,8,16,28,41,71,102,124,175,222,220,220,199,175,149,110,75,44,34,15,7,4,3,1],"wall_time":1.754172780645e9,"step":1,"max":0.4381079,"min":-0.5926071,"count":2048,"bins":[-0.5926071,-0.5582499,-0.52389276,-0.48953557,-0.4551784,-0.42082125,-0.3864641,-0.35210693,-0.31774974,-0.28339258,-0.24903542,-0.21467826,-0.18032108,-0.14596392,-0.111606754,-0.07724959,-0.04289242,-0.008535254,0.025821913,0.060179077,0.094536245,0.1288934,0.16325058,0.19760774,0.23196492,0.26632208,0.30067924,0.3350364,0.3693936,0.40375075,0.4381079],"mean":-0.005216796,"std":0.12617074}
{"counts":[1,0,0,1,2,1,0,8,16,30,39,71,102,125,171,226,216,223,199,176,147,113,74,43,34,15,7,4,3,1],"wall_time":1.754172781789e9,"step":2,"max":0.43815726,"min":-0.5925081,"count":2048,"bins":[-0.5925081,-0.55815256,-0.52379704,-0.48944154,-0.45508602,-0.42073053,-0.386375,-0.3520195,-0.317664,-0.28330848,-0.24895297,-0.21459745,-0.18024194,-0.14588644,-0.11153092,-0.07717541,-0.0428199,-0.008464386,0.025891125,0.060246635,0.094602145,0.12895766,0.16331317,0.19766869,0.2320242,0.2663797,0.3007352,0.33509073,0.36944625,0.40380174,0.43815726],"mean":-0.0052559273,"std":0.12617722}
{"counts":[1,0,0,1,2,1,1,7,16,30,39,69,104,124,171,227,217,223,198,176,148,112,74,43,34,15,7,4,3,1],"wall_time":1.754172783051e9,"step":3,"max":0.438202,"min":-0.5926548,"count":2048,"bins":[-0.5926548,-0.5582929,-0.523931,-0.48956913,-0.45520726,-0.42084536,-0.38648346,-0.35212156,-0.31775966,-0.28339776,-0.24903588,-0.214674,-0.1803121,-0.1459502,-0.11158831,-0.077226415,-0.04286452,-0.008502628,0.025859267,0.06022116,0.09458306,0.12894495,0.16330685,0.19766873,0.23203063,0.26639253,0.30075443,0.33511633,0.3694782,0.4038401,0.438202],"mean":-0.0052999277,"std":0.12619118}
{"counts":[1,0,0,1,2,1,1,7,16,30,39,68,107,123,169,231,220,221,195,175,149,112,74,42,34,15,7,4,3,1],"wall_time":1.754172784188e9,"step":4,"max":0.43869916,"min":-0.5926831,"count":2048,"bins":[-0.5926831,-0.55830365,-0.52392423,-0.48954487,-0.45516545,-0.42078602,-0.38640663,-0.35202724,-0.3176478,-0.2832684,-0.248889,-0.21450959,-0.18013018,-0.14575078,-0.11137137,-0.07699196,-0.042612553,-0.008233145,0.026146263,0.06052567,0.09490508,0.12928449,0.1636639,0.1980433,0.23242271,0.26680213,0.30118152,0.33556092,0.36994034,0.40431976,0.43869916],"mean":-0.0053095277,"std":0.1261938}
{"counts":[1,0,0,1,2,1,0,8,16,30,39,68,107,123,168,229,221,222,192,179,148,112,74,43,34,15,8,3,3,1],"wall_time":1.754172785323e9,"step":5,"max":0.43883294,"min":-0.59300995,"count":2048,"bins":[-0.59300995,-0.5586152,-0.5242204,-0.48982567,-0.4554309,-0.42103612,-0.38664138,-0.3522466,-0.31785184,-0.28345707,-0.24906231,-0.21466756,-0.18027279,-0.14587803,-0.11148327,-0.077088505,-0.04269374,-0.008298979,0.026095783,0.060490545,0.09488531,0.12928008,0.16367483,0.1980696,0.23246436,0.2668591,0.30125389,0.33564866,0.37004343,0.40443817,0.43883294],"mean":-0.0053016394,"std":0.12619658}
