{"counts":[2,0,1],"wall_time":1.754172780662e9,"step":1,"max":0.011104516,"min":-0.0068768533,"count":3,"bins":[-0.0068768533,-0.0008830636,0.005110726,0.011104516],"mean":2.5473224e-5,"std":0.009691033}
{"counts":[2,0,1],"wall_time":1.754172781794e9,"step":2,"max":0.010919328,"min":-0.0069764447,"count":3,"bins":[-0.0069764447,-0.0010111872,0.0049540703,0.010919328],"mean":1.6238851e-5,"std":0.009567294}
{"counts":[2,0,1],"wall_time":1.754172783053e9,"step":3,"max":0.0107805785,"min":-0.0070133745,"count":3,"bins":[-0.0070133745,-0.0010820568,0.0048492607,0.0107805785],"mean":1.3239992e-5,"std":0.0094684195}
{"counts":[2,0,1],"wall_time":1.754172784188e9,"step":4,"max":0.010638817,"min":-0.006972189,"count":3,"bins":[-0.006972189,-0.0011018537,0.004768482,0.010638817],"mean":7.689309e-6,"std":0.009356046}
{"counts":[2,0,1],"wall_time":1.754172785325e9,"step":5,"max":0.010594387,"min":-0.0070906277,"count":3,"bins":[-0.0070906277,-0.001195623,0.004699382,0.010594387],"mean":9.06301e-6,"std":0.009343563}
