{"counts":[1,1,1,0,1,0,2,3,7,3,2,0,3,4,2,1,3,6,5,3,0,4,5,3,0,1,1,1,0,1],"wall_time":1.75417278064e9,"step":1,"max":0.04774128,"min":-0.040748343,"count":64,"bins":[-0.040748343,-0.037798688,-0.034849036,-0.03189938,-0.028949726,-0.026000073,-0.023050418,-0.020100765,-0.01715111,-0.014201457,-0.011251803,-0.008302148,-0.0053524943,-0.00240284,0.000546814,0.003496468,0.006446122,0.009395776,0.01234543,0.015295085,0.018244738,0.021194393,0.024144046,0.027093701,0.030043354,0.032993007,0.035942663,0.038892318,0.041841973,0.044791624,0.04774128],"mean":0.0041925316,"std":0.019990256}
{"counts":[1,1,0,1,1,0,2,4,6,3,2,0,4,4,1,1,3,8,3,3,0,5,4,3,0,1,1,1,0,1],"wall_time":1.754172781788e9,"step":2,"max":0.048553772,"min":-0.040971313,"count":64,"bins":[-0.040971313,-0.037987143,-0.035002973,-0.032018803,-0.029034635,-0.026050465,-0.023066295,-0.020082125,-0.017097957,-0.014113788,-0.011129618,-0.008145448,-0.005161279,-0.0021771092,0.0008070603,0.0037912298,0.006775399,0.009759569,0.0127437385,0.015727907,0.018712077,0.021696247,0.024680417,0.027664585,0.030648755,0.033632923,0.036617093,0.039601263,0.042585433,0.045569602,0.048553772],"mean":0.004195284,"std":0.02015143}
{"counts":[1,1,1,0,1,0,3,4,4,4,2,0,5,4,0,1,3,8,3,3,0,5,4,3,1,0,1,1,0,1],"wall_time":1.754172783051e9,"step":3,"max":0.049165394,"min":-0.041023653,"count":64,"bins":[-0.041023653,-0.03801735,-0.03501105,-0.032004748,-0.028998448,-0.025992146,-0.022985844,-0.019979542,-0.01697324,-0.0139669385,-0.010960638,-0.007954336,-0.004948034,-0.0019417326,0.001064569,0.0040708706,0.007077172,0.010083473,0.013089775,0.016096076,0.019102378,0.02210868,0.025114981,0.028121283,0.031127585,0.034133885,0.037140187,0.04014649,0.04315279,0.046159092,0.049165394],"mean":0.0042597177,"std":0.020391276}
{"counts":[1,1,1,0,1,0,2,5,5,3,2,0,3,6,0,1,3,8,2,4,0,4,5,3,1,0,1,1,0,1],"wall_time":1.754172784187e9,"step":4,"max":0.049224127,"min":-0.041233554,"count":64,"bins":[-0.041233554,-0.038218297,-0.035203043,-0.032187786,-0.02917253,-0.026157275,-0.023142017,-0.020126762,-0.017111506,-0.01409625,-0.011080994,-0.008065738,-0.0050504818,-0.0020352257,0.0009800303,0.0039952863,0.0070105423,0.010025798,0.013041055,0.01605631,0.019071566,0.022086823,0.025102079,0.028117334,0.03113259,0.034147847,0.0371631,0.04017836,0.043193616,0.04620887,0.049224127],"mean":0.004289919,"std":0.020538347}
{"counts":[1,1,0,1,1,0,2,6,4,3,2,0,3,6,0,1,3,9,1,4,0,5,4,3,1,0,1,1,0,1],"wall_time":1.754172785323e9,"step":5,"max":0.049301703,"min":-0.04116066,"count":64,"bins":[-0.04116066,-0.038145248,-0.035129838,-0.032114424,-0.029099014,-0.026083602,-0.02306819,-0.020052778,-0.017037364,-0.014021953,-0.011006541,-0.007991129,-0.004975716,-0.0019603039,0.0010551083,0.0040705204,0.0070859324,0.010101344,0.013116756,0.016132168,0.01914758,0.022162993,0.025178405,0.028193818,0.03120923,0.03422464,0.037240054,0.040255465,0.04327088,0.04628629,0.049301703],"mean":0.0042704977,"std":0.020551246}
