{"wall_time":1.75417281434e9,"step":1,"value":1.0}
{"wall_time":1.754172815587e9,"step":2,"value":2.0}
{"wall_time":1.754172816805e9,"step":3,"value":3.0}
{"wall_time":1.754172818173e9,"step":4,"value":4.0}
{"wall_time":1.754172819307e9,"step":5,"value":5.0}
{"wall_time":1.75417282047e9,"step":6,"value":6.0}
{"wall_time":1.754172821745e9,"step":7,"value":7.0}
{"wall_time":1.754172823552e9,"step":8,"value":8.0}
{"wall_time":1.754172825358e9,"step":9,"value":9.0}
