{"wall_time":1.754172814336e9,"step":1,"value":0.27499986}
{"wall_time":1.754172815585e9,"step":2,"value":0.26099992}
{"wall_time":1.754172816804e9,"step":3,"value":0.24399996}
{"wall_time":1.754172818171e9,"step":4,"value":0.2520001}
{"wall_time":1.754172819305e9,"step":5,"value":0.25899982}
{"wall_time":1.754172820467e9,"step":6,"value":0.2520001}
{"wall_time":1.754172821743e9,"step":7,"value":0.30699992}
{"wall_time":1.754172823549e9,"step":8,"value":0.35599995}
{"wall_time":1.754172825356e9,"step":9,"value":0.3900001}
