{"wall_time":1.754172814338e9,"step":1,"value":0.325}
{"wall_time":1.754172815586e9,"step":2,"value":0.3425}
{"wall_time":1.754172816805e9,"step":3,"value":0.34375}
{"wall_time":1.754172818172e9,"step":4,"value":0.39}
{"wall_time":1.754172819306e9,"step":5,"value":0.37125}
{"wall_time":1.754172820469e9,"step":6,"value":0.375}
{"wall_time":1.754172821745e9,"step":7,"value":0.375}
{"wall_time":1.754172823551e9,"step":8,"value":0.35375}
{"wall_time":1.754172825358e9,"step":9,"value":0.42375}
