{"wall_time":1.754172814339e9,"step":1,"value":1.1652228}
{"wall_time":1.754172815586e9,"step":2,"value":1.1456032}
{"wall_time":1.754172816805e9,"step":3,"value":1.1297292}
{"wall_time":1.754172818173e9,"step":4,"value":1.0984842}
{"wall_time":1.754172819306e9,"step":5,"value":1.1023803}
{"wall_time":1.75417282047e9,"step":6,"value":1.1048259}
{"wall_time":1.754172821745e9,"step":7,"value":1.0910866}
{"wall_time":1.754172823552e9,"step":8,"value":1.097212}
{"wall_time":1.754172825358e9,"step":9,"value":1.0881153}
