{"counts":[2,0,0,0,0,0,2,2,1,2,1,3,7,0,3,0,4,0,1,0,1,1,0,0,1,0,0,0,0,1],"wall_time":1.754110299333e9,"step":1,"max":0.023354951,"min":-0.015512617,"count":32,"bins":[-0.015512617,-0.014217032,-0.012921446,-0.011625861,-0.010330275,-0.0090346895,-0.0077391034,-0.0064435177,-0.0051479326,-0.0038523467,-0.002556761,-0.0012611755,3.4410135e-5,0.0013299958,0.0026255813,0.003921167,0.0052167526,0.0065123383,0.007807924,0.00910351,0.010399095,0.011694681,0.012990266,0.014285852,0.015581437,0.016877024,0.018172609,0.019468194,0.02076378,0.022059366,0.023354951],"mean":0.001218166,"std":0.007977548}
{"counts":[2,1,1,2,1,1,1,4,3,3,5,2,2,2,0,0,0,1,0,0,0,0,0,0,0,0,0,0,0,1],"wall_time":1.75411030049e9,"step":2,"max":0.032310877,"min":-0.012346451,"count":32,"bins":[-0.012346451,-0.010857874,-0.009369296,-0.007880718,-0.006392141,-0.0049035633,-0.0034149855,-0.0019264079,-0.0004378303,0.0010507472,0.0025393248,0.0040279026,0.00551648,0.0070050578,0.008493635,0.009982212,0.011470791,0.0129593685,0.014447946,0.015936524,0.017425101,0.018913679,0.020402256,0.021890834,0.023379412,0.02486799,0.026356567,0.027845144,0.029333722,0.0308223,0.032310877],"mean":0.0008354252,"std":0.008319515}
{"counts":[1,1,0,0,0,0,0,0,2,1,0,0,3,2,0,4,3,3,2,4,0,1,1,1,0,1,1,0,0,1],"wall_time":1.754110301623e9,"step":3,"max":0.017346483,"min":-0.019780025,"count":32,"bins":[-0.019780025,-0.018542474,-0.017304925,-0.016067374,-0.014829824,-0.013592274,-0.012354723,-0.011117173,-0.009879623,-0.008642073,-0.0074045225,-0.006166972,-0.004929422,-0.0036918717,-0.0024543214,-0.0012167711,2.0779173e-5,0.0012583294,0.0024958798,0.0037334298,0.0049709803,0.0062085306,0.007446081,0.008683631,0.009921181,0.011158732,0.012396282,0.013633832,0.014871382,0.016108932,0.017346483],"mean":0.00040904825,"std":0.007887935}
{"counts":[2,0,0,1,1,3,0,2,5,0,2,4,3,1,3,1,2,0,0,1,0,0,0,0,0,0,0,0,0,1],"wall_time":1.754110302718e9,"step":4,"max":0.012569539,"min":-0.006080295,"count":32,"bins":[-0.006080295,-0.005458634,-0.004836973,-0.0042153117,-0.0035936504,-0.0029719893,-0.002350328,-0.001728667,-0.0011070059,-0.0004853447,0.00013631645,0.0007579776,0.0013796387,0.0020012998,0.002622961,0.0032446221,0.0038662832,0.0044879443,0.0051096054,0.005731267,0.006352928,0.006974589,0.00759625,0.008217911,0.008839573,0.009461233,0.010082895,0.010704556,0.011326217,0.011947878,0.012569539],"mean":0.0005334264,"std":0.003597696}
{"counts":[1,0,0,0,0,0,0,0,0,0,0,1,0,1,0,0,3,1,3,7,3,4,1,3,1,0,0,0,1,2],"wall_time":1.754110303795e9,"step":5,"max":0.011119308,"min":-0.021096002,"count":32,"bins":[-0.021096002,-0.02002216,-0.018948315,-0.017874472,-0.016800627,-0.015726784,-0.01465294,-0.013579097,-0.012505253,-0.011431409,-0.010357565,-0.009283721,-0.008209879,-0.0071360343,-0.006062191,-0.004988347,-0.0039145034,-0.0028406598,-0.0017668161,-0.0006929725,0.0003808712,0.0014547149,0.0025285585,0.0036024023,0.004676246,0.0057500894,0.006823933,0.007897777,0.00897162,0.010045464,0.011119308],"mean":0.00032479948,"std":0.005778742}
{"counts":[1,0,1,0,1,0,0,4,0,1,0,1,4,5,3,2,0,0,3,1,0,0,2,0,0,0,0,0,1,2],"wall_time":1.754110304946e9,"step":6,"max":0.01352,"min":-0.01023039,"count":32,"bins":[-0.01023039,-0.00943871,-0.008647031,-0.007855351,-0.0070636715,-0.006271992,-0.0054803123,-0.0046886327,-0.003896953,-0.0031052735,-0.0023135936,-0.001521914,-0.0007302344,6.144528e-5,0.00085312495,0.0016448046,0.0024364842,0.003228164,0.0040198434,0.0048115235,0.005603203,0.0063948827,0.0071865623,0.007978242,0.008769922,0.009561601,0.010353281,0.01114496,0.01193664,0.0127283195,0.01352],"mean":0.0010706368,"std":0.005650762}
{"counts":[1,0,0,1,2,2,0,1,5,2,2,6,2,2,0,1,0,2,1,0,0,1,0,0,0,0,0,0,0,1],"wall_time":1.754110306037e9,"step":7,"max":0.012218361,"min":-0.006384494,"count":32,"bins":[-0.006384494,-0.0057643987,-0.0051443037,-0.004524208,-0.003904113,-0.003284018,-0.002663923,-0.0020438277,-0.0014237326,-0.00080363743,-0.00018354226,0.0004365529,0.0010566481,0.0016767432,0.0022968384,0.0029169335,0.0035370286,0.0041571236,0.004777219,0.005397314,0.0060174093,0.0066375043,0.0072575994,0.007877694,0.0084977895,0.009117885,0.009737981,0.010358076,0.010978171,0.011598266,0.012218361],"mean":0.00050816225,"std":0.0035837274}
{"counts":[1,0,0,0,0,1,1,1,0,2,0,2,1,5,4,4,0,2,2,0,0,2,1,0,0,1,0,0,1,1],"wall_time":1.754110307106e9,"step":8,"max":0.010669304,"min":-0.00956277,"count":32,"bins":[-0.00956277,-0.008888368,-0.008213965,-0.0075395624,-0.00686516,-0.0061907577,-0.005516355,-0.0048419526,-0.0041675502,-0.0034931477,-0.0028187453,-0.0021443428,-0.0014699403,-0.00079553784,-0.00012113539,0.0005532671,0.0012276695,0.001902072,0.0025764746,0.003250877,0.0039252792,0.004599682,0.0052740844,0.0059484867,0.006622889,0.007297292,0.007971694,0.008646097,0.009320499,0.009994902,0.010669304],"mean":0.00060129416,"std":0.004306457}
{"counts":[1,0,1,0,0,1,0,0,0,1,0,1,1,0,2,1,2,3,4,3,1,4,2,2,0,1,0,0,0,1],"wall_time":1.754110308221e9,"step":9,"max":0.006711451,"min":-0.010762137,"count":32,"bins":[-0.010762137,-0.0101796845,-0.009597232,-0.009014779,-0.008432326,-0.007849873,-0.0072674197,-0.006684967,-0.006102514,-0.005520061,-0.004937608,-0.004355155,-0.003772702,-0.0031902492,-0.002607796,-0.0020253432,-0.0014428903,-0.00086043734,-0.00027798442,0.00030446853,0.0008869215,0.0014693744,0.0020518273,0.0026342804,0.0032167332,0.003799186,0.004381639,0.0049640923,0.005546545,0.006128998,0.006711451],"mean":-0.0005882249,"std":0.003674633}
{"counts":[1,0,0,0,1,0,0,1,0,0,2,0,1,2,1,3,3,3,3,0,2,3,1,0,0,2,0,1,1,1],"wall_time":1.754110309393e9,"step":10,"max":0.0049520936,"min":-0.007618264,"count":32,"bins":[-0.007618264,-0.007199252,-0.00678024,-0.006361228,-0.005942216,-0.0055232043,-0.0051041925,-0.0046851803,-0.0042661685,-0.0038471567,-0.0034281446,-0.0030091328,-0.0025901208,-0.002171109,-0.001752097,-0.0013330851,-0.0009140732,-0.0004950613,-7.604938e-5,0.00034296254,0.0007619744,0.0011809864,0.0015999983,0.0020190103,0.002438022,0.002857034,0.003276046,0.003695058,0.00411407,0.004533082,0.0049520936],"mean":-0.0003374123,"std":0.0027660728}
{"counts":[3,2,0,0,0,0,0,2,0,3,1,3,2,1,3,2,1,0,1,1,1,0,0,1,1,0,1,1,1,1],"wall_time":1.754110310508e9,"step":11,"max":0.005990361,"min":-0.0050678346,"count":32,"bins":[-0.0050678346,-0.0046992283,-0.0043306216,-0.0039620153,-0.0035934085,-0.003224802,-0.0028561954,-0.002487589,-0.0021189826,-0.001750376,-0.0013817694,-0.0010131629,-0.0006445564,-0.00027594992,9.26566e-5,0.00046126312,0.00082986965,0.0011984762,0.0015670827,0.0019356891,0.0023042958,0.0026729023,0.0030415088,0.0034101151,0.0037787217,0.0041473284,0.0045159347,0.0048845415,0.005253148,0.0056217546,0.005990361],"mean":-4.8298534e-6,"std":0.0030588242}
{"counts":[1,0,0,0,0,0,0,0,1,0,0,1,0,0,1,2,1,7,5,3,1,2,3,2,0,1,0,0,0,1],"wall_time":1.754110311644e9,"step":12,"max":0.013914148,"min":-0.02323067,"count":32,"bins":[-0.02323067,-0.02199251,-0.020754348,-0.019516189,-0.018278027,-0.017039867,-0.015801707,-0.014563546,-0.013325385,-0.012087225,-0.010849064,-0.009610903,-0.008372743,-0.007134582,-0.0058964216,-0.004658261,-0.0034201003,-0.0021819395,-0.000943779,0.0002943816,0.0015325422,0.0027707028,0.0040088636,0.005247024,0.0064851847,0.0077233454,0.008961506,0.010199666,0.011437827,0.012675988,0.013914148],"mean":-0.00044841532,"std":0.0064264885}
{"counts":[1,0,0,0,0,2,1,0,0,0,0,4,3,4,4,4,2,1,1,1,3,0,0,0,0,0,0,0,0,1],"wall_time":1.754110312714e9,"step":13,"max":0.0076165637,"min":-0.008148493,"count":32,"bins":[-0.008148493,-0.007622991,-0.0070974897,-0.0065719876,-0.0060464856,-0.0055209836,-0.004995482,-0.00446998,-0.003944478,-0.0034189762,-0.0028934742,-0.0023679724,-0.0018424705,-0.0013169686,-0.0007914667,-0.00026596477,0.00025953713,0.00078503904,0.001310541,0.0018360429,0.0023615446,0.0028870467,0.0034125485,0.0039380505,0.0044635525,0.004989054,0.005514556,0.006040058,0.00656556,0.0070910617,0.0076165637],"mean":-0.0006859293,"std":0.0028242094}
{"counts":[2,0,0,0,3,2,8,3,8,0,2,1,1,1,0,0,0,0,0,0,0,0,0,0,0,0,0,0,0,1],"wall_time":1.754110313778e9,