{"counts":[1,2,0,1,1,1,3,5,3,6,4,10,3,9,3,3,4,1,0,3,0,0,0,0,0,0,0,0,0,1],"wall_time":1.754110299322e9,"step":1,"max":0.019012995,"min":-0.012023904,"count":64,"bins":[-0.012023904,-0.010989341,-0.009954778,-0.008920214,-0.007885651,-0.006851088,-0.0058165244,-0.004781961,-0.0037473978,-0.0027128346,-0.0016782712,-0.0006437079,0.00039085542,0.0014254188,0.002459982,0.0034945454,0.0045291088,0.005563672,0.006598235,0.0076327985,0.008667362,0.009701925,0.010736489,0.011771052,0.012805616,0.013840179,0.014874741,0.015909305,0.016943868,0.017978432,0.019012995],"mean":-0.00019397207,"std":0.0049988884}
{"counts":[1,0,1,3,0,4,2,4,1,5,3,3,5,3,2,4,3,1,0,4,2,4,0,4,0,2,0,2,0,1],"wall_time":1.754110300466e9,"step":2,"max":0.009791844,"min":-0.009241005,"count":64,"bins":[-0.009241005,-0.008606577,-0.007972149,-0.0073377206,-0.006703292,-0.006068864,-0.005434436,-0.004800007,-0.004165579,-0.0035311508,-0.0028967224,-0.002262294,-0.0016278658,-0.0009934375,-0.0003590092,0.0002754191,0.0009098474,0.0015442757,0.002178704,0.0028131322,0.0034475606,0.0040819887,0.0047164173,0.0053508454,0.005985274,0.006619702,0.00725413,0.007888558,0.008522987,0.0091574155,0.009791844],"mean":-0.00035580178,"std":0.0044579846}
{"counts":[2,1,1,0,2,2,0,8,4,4,4,7,1,8,1,3,3,1,2,2,2,1,1,0,0,1,0,1,0,2],"wall_time":1.754110301617e9,"step":3,"max":0.008547151,"min":-0.006414125,"count":64,"bins":[-0.006414125,-0.005915416,-0.0054167067,-0.0049179974,-0.004419288,-0.0039205793,-0.0034218698,-0.0029231606,-0.0024244515,-0.0019257423,-0.001427033,-0.0009283238,-0.00042961453,6.909468e-5,0.0005678039,0.0010665131,0.0015652224,0.0020639317,0.0025626407,0.00306135,0.0035600592,0.0040587685,0.004557478,0.005056187,0.0055548963,0.006053605,0.0065523144,0.0070510237,0.007549733,0.008048442,0.008547151],"mean":-0.00020239114,"std":0.0032307976}
{"counts":[1,0,0,0,1,0,0,1,2,3,3,6,2,3,6,5,6,5,5,5,0,1,2,0,1,1,2,1,0,2],"wall_time":1.754110302713e9,"step":4,"max":0.0073104096,"min":-0.0083995,"count":64,"bins":[-0.0083995,-0.0078758355,-0.0073521724,-0.006828509,-0.006304845,-0.0057811816,-0.0052575176,-0.004733854,-0.0042101904,-0.0036865268,-0.0031628632,-0.0026391996,-0.002115536,-0.0015918723,-0.0010682086,-0.000544545,-2.0881369e-5,0.0005027823,0.0010264459,0.0015501096,0.0020737732,0.0025974368,0.0031211004,0.0036447642,0.0041684275,0.004692091,0.005215755,0.005739419,0.0062630824,0.006786746,0.0073104096],"mean":-6.288957e-5,"std":0.0030054369}
{"counts":[1,0,0,0,1,3,0,1,1,3,3,5,1,2,4,3,7,4,6,4,2,3,1,0,3,0,1,1,2,2],"wall_time":1.754110303792e9,"step":5,"max":0.006458126,"min":-0.007999349,"count":64,"bins":[-0.007999349,-0.0075174337,-0.0070355176,-0.006553602,-0.006071686,-0.00558977,-0.0051078545,-0.0046259384,-0.0041440227,-0.0036621068,-0.003180191,-0.002698275,-0.0022163591,-0.0017344434,-0.0012525276,-0.0007706117,-0.00028869585,0.00019322001,0.0006751359,0.0011570517,0.0016389675,0.0021208834,0.0026027993,0.003084715,0.0035666309,0.004048547,0.0045304624,0.0050123786,0.005494294,0.0059762103,0.006458126],"mean":-0.00011817592,"std":0.0031194603}
{"counts":[1,0,0,0,2,0,0,1,1,0,3,3,5,6,8,3,4,6,5,1,1,3,4,2,1,1,2,0,0,1],"wall_time":1.754110304939e9,"step":6,"max":0.010095099,"min":-0.012862528,"count":64,"bins":[-0.012862528,-0.012097274,-0.011332019,-0.010566765,-0.009801511,-0.009036257,-0.008271002,-0.007505748,-0.006740494,-0.00597524,-0.0052099857,-0.0044447314,-0.0036794771,-0.002914223,-0.0021489686,-0.0013837144,-0.0006184602,0.00014679407,0.0009120483,0.0016773025,0.0024425567,0.003207811,0.0039730654,0.004738319,0.0055035735,0.0062688277,0.007034082,0.007799336,0.0085645905,0.009329845,0.010095099],"mean":-0.00047517256,"std":0.0042087557}
{"counts":[1,1,2,0,0,1,2,2,4,3,3,1,4,3,1,1,7,2,6,1,3,3,2,4,1,1,1,0,2,2],"wall_time":1.754110306032e9,"step":7,"max":0.0066179917,"min":-0.0077488706,"count":64,"bins":[-0.0077488706,-0.0072699753,-0.00679108,-0.0063121845,-0.005833289,-0.0053543937,-0.0048754984,-0.004396603,-0.003917707,-0.003438812,-0.0029599166,-0.0024810212,-0.0020021256,-0.0015232303,-0.0010443348,-0.00056543946,-8.654405e-5,0.00039235136,0.0008712468,0.0013501422,0.0018290376,0.002307933,0.0027868284,0.0032657238,0.0037446192,0.004223515,0.00470241,0.0051813056,0.005660201,0.0061390963,0.0066179917],"mean":-0.00023616705,"std":0.003441933}
{"counts":[1,0,1,0,2,0,0,0,4,2,4,2,3,0,2,7,6,2,6,6,2,1,7,1,2,1,0,0,1,1],"wall_time":1.754110307099e9,"step":8,"max":0.006026887,"min":-0.007353866,"count":64,"bins":[-0.007353866,-0.0069078407,-0.006461816,-0.0060157906,-0.005569766,-0.0051237405,-0.0046777152,-0.0042316904,-0.0037856651,-0.00333964,-0.002893615,-0.00244759,-0.002001565,-0.0015555398,-0.0011095146,-0.00066348957,-0.00021746448,0.00022856062,0.0006745857,0.0011206109,0.0015666359,0.002012661,0.002458686,0.0029047113,0.0033507363,0.0037967614,0.0042427867,0.0046888115,0.005134837,0.0055808616,0.006026887],"mean":-3.580858e-5,"std":0.002721176}
{"counts":[2,0,2,0,0,1,2,5,2,7,1,4,5,5,6,4,4,5,3,0,0,0,0,0,3,1,0,1,0,1],"wall_time":1.754110308215e9,"step":9,"max":0.006100416,"min":-0.005012391,"count":64,"bins":[-0.005012391,-0.004641964,-0.0042715375,-0.0039011105,-0.0035306835,-0.0031602567,-0.0027898296,-0.0024194028,-0.0020489758,-0.001678549,-0.0013081221,-0.0009376951,-0.00056726823,-0.0001968413,0.00017358562,0.0005440125,0.00091443944,0.0012848664,0.0016552933,0.0020257202,0.002396147,0.002766574,0.0031370008,0.0035074279,0.0038778547,0.0042482815,0.0046187085,0.0049891355,0.0053595626,0.005729989,0.006100416],"mean":-0.00010649307,"std":0.0022564982}
{"counts":[1,0,0,0,0,0,0,0,0,0,2,2,2,0,3,0,8,3,2,2,6,5,3,7,6,4,3,1,1,3],"wall_time":1.754110309377e9,"step":10,"max":0.004476928,"min":-0.010755615,"count":64,"bins":[-0.010755615,-0.010247864,-0.009740112,-0.009232361,-0.008724609,-0.008216858,-0.0077091064,-0.007201355,-0.006693604,-0.0061858525,-0.005678101,-0.0051703495,-0.004662598,-0.0041548465,-0.003647095,-0.0031393436,-0.002631592,-0.0021238406,-0.0016160893,-0.0011083378,-0.00060058635,-9.283489e-5,0.00041491658,0.000922668,0.0014304195,0.0019381709,0.0024459225,0.0029536737,0.0034614252,0.0039691767,0.004476928],"mean":-0.00035653415,"std":0.002812423}
{"counts":[1,0,3,4,2,2,3,7,4,3,9,6,2,2,4,0,2,2,2,2,2,0,0,1,0,0,0,0,0,1],"wall_time":1.754110310494e9,"step":11,"max":0.011998308,"min":-0.006537336,"count":64,"bins":[-0.006537336,-0.005919481,-0.0053016264,-0.0046837716,-0.004065917,-0.0034480619,-0.002830207,-0.0022123524,-0.0015944976,-0.0009766428,-0.00035878798,0.00025906682,0.0008769216,0.0014947763,0.0021126312,0.002730486,0.0033483407,0.0039661955,0.0045840503,0.005201905,0.00581976,0.0064376146,0.0070554693,0.0076733246,0.008291179,0.008909034,0.009526889,0.010144743,0.010762598,0.011380453,0.011998308],"mean":9.8816934e-5,"std":0.0035138112}
{"counts":[2,1,1,2,3,1,0,4,2,5,0,2,1,4,6,3,5,5,2,7,2,2,2,0,0,1,0,0,0,1],"wall_time":1.754110311625e9,"step":12,"max":0.008981194,"min":-0.0046304977,"count":64,"bins":[-0.0046304977,-0.0041767745,-0.0037230516,-0.0032693285,-0.0028156054,-0.0023618822,-0.0019081592,-0.0014544362,-0.0010007131,-0.0005469901,-9.326699e-5,0.0003604561,0.00081417913,0.0012679022,0.0017216253,0.0021753483,0.0026290715,0.0030827944,0.0035365175,0.0039902404,0.0044439635,0.0048976867,0.00535141,0.005805133,0.006258856,0.006712579,0.0071663023,0.007620025,0.008073748,0.008527472,0.008981194],"mean":0.0015883431,"std":0.0029484495}
{"counts":[1,0,0,1,2,2,2,5,5,6,4,5,5,7,6,3,2,2,1,2,1,1,0,0,0,0,0,0,0,1],"wall_time":1.75411031271e9,"step":13,"max":0.011053354,"min":-0.0073160366,"count":64,"bins":[-0.0073160366,-0.0067037237,-0.0060914108,-0.0054790974,-0.0048667844,-0.0042544715,-0.0036421586,-0.0030298457,-0.0024175325,-0.0018052196,-0.0011929065,-0.00058059354,3.171945e-5,0.00064403244,0.0012563454,0.0018686585,0.0024809714,0.0030932846,0.0037055975,0.0043179104,0.0049302233,0.0055425363,0.0061548497,0.0067671626,0.0073794755,0.007991789,0.008604102,0.009216415,0.009828728,0.010441041,0.011053354],"mean":-4.488745e-5,