{"counts":[1,1,1,0,0,2,1,2,3,6,5,4,12,5,7,4,0,5,2,2,0,0,0,0,0,0,0,0,0,1],"wall_time":1.754110299229e9,"step":1,"max":0.02335775,"min":-0.016853845,"count":64,"bins":[-0.016853845,-0.015513458,-0.014173072,-0.012832685,-0.011492299,-0.010151912,-0.008811526,-0.007471139,-0.0061307526,-0.004790366,-0.0034499795,-0.002109593,-0.0007692065,0.00057118,0.0019115665,0.003251953,0.0045923395,0.005932726,0.0072731124,0.008613499,0.009953885,0.011294272,0.012634658,0.013975046,0.015315432,0.016655818,0.017996205,0.01933659,0.020676978,0.022017363,0.02335775],"mean":-0.00021471437,"std":0.006181769}
{"counts":[2,2,0,0,0,1,1,3,1,1,6,2,5,3,2,4,3,3,5,1,2,1,3,0,3,1,3,3,2,1],"wall_time":1.754110300461e9,"step":2,"max":0.008544536,"min":-0.011108169,"count":64,"bins":[-0.011108169,-0.010453079,-0.009797989,-0.009142899,-0.0084878085,-0.007832718,-0.007177628,-0.006522538,-0.0058674477,-0.0052123577,-0.0045572673,-0.0039021773,-0.0032470871,-0.002591997,-0.0019369067,-0.0012818165,-0.0006267263,2.8363864e-5,0.00068345404,0.0013385442,0.0019936345,0.0026487247,0.003303815,0.003958905,0.004613995,0.0052690855,0.0059241755,0.006579266,0.007234356,0.007889446,0.008544536],"mean":-0.0005995267,"std":0.004917904}
{"counts":[2,1,0,1,0,1,1,2,3,10,6,5,6,6,3,4,3,2,0,2,2,0,2,0,0,1,0,0,0,1],"wall_time":1.754110301613e9,"step":3,"max":0.013381015,"min":-0.0099030975,"count":64,"bins":[-0.0099030975,-0.00912696,-0.008350823,-0.0075746863,-0.006798549,-0.0060224123,-0.005246275,-0.004470138,-0.003694001,-0.002917864,-0.002141727,-0.0013655898,-0.0005894527,0.00018668438,0.0009628215,0.0017389585,0.0025150955,0.0032912327,0.0040673697,0.004843507,0.0056196437,0.006395781,0.007171918,0.007948055,0.008724192,0.009500329,0.010276467,0.011052603,0.01182874,0.012604877,0.013381015],"mean":-0.00025020065,"std":0.0042072227}
{"counts":[1,0,0,0,0,0,0,0,0,1,0,3,2,5,8,7,9,6,10,3,1,0,6,1,0,0,0,0,0,1],"wall_time":1.754110302711e9,"step":4,"max":0.01345812,"min":-0.017359275,"count":64,"bins":[-0.017359275,-0.016332028,-0.015304782,-0.0142775355,-0.0132502895,-0.012223043,-0.011195797,-0.01016855,-0.009141304,-0.008114057,-0.00708681,-0.0060595637,-0.0050323172,-0.004005071,-0.0029778243,-0.0019505778,-0.0009233313,0.000103915176,0.0011311617,0.0021584083,0.0031856548,0.004212901,0.0052401475,0.0062673944,0.007294641,0.008321887,0.009349134,0.01037638,0.011403627,0.012430873,0.01345812],"mean":-0.00021320091,"std":0.004185107}
{"counts":[1,0,0,0,1,0,0,1,1,2,0,3,3,7,5,12,6,7,4,2,1,2,1,2,2,0,0,0,0,1],"wall_time":1.754110303791e9,"step":5,"max":0.013189347,"min":-0.014519988,"count":64,"bins":[-0.014519988,-0.013596343,-0.012672699,-0.011749054,-0.01082541,-0.009901765,-0.008978121,-0.008054476,-0.0071308315,-0.006207187,-0.0052835424,-0.004359898,-0.0034362536,-0.0025126091,-0.0015889646,-0.0006653201,0.0002583244,0.001181969,0.0021056135,0.003029258,0.0039529023,0.004876547,0.0058001913,0.006723836,0.0076474803,0.008571125,0.009494769,0.010418414,0.011342059,0.012265703,0.013189347],"mean":3.112598e-5,"std":0.004376546}
{"counts":[1,1,2,1,0,1,4,6,3,2,4,6,0,6,2,3,4,2,4,0,3,2,0,4,1,1,0,0,0,1],"wall_time":1.754110304937e9,"step":6,"max":0.011327031,"min":-0.0099211335,"count":64,"bins":[-0.0099211335,-0.009212862,-0.008504589,-0.007796317,-0.007088045,-0.006379773,-0.0056715007,-0.0049632285,-0.0042549563,-0.003546684,-0.002838412,-0.0021301399,-0.0014218676,-0.00071359554,-5.3233775e-6,0.0007029488,0.0014112209,0.002119493,0.0028277652,0.0035360374,0.0042443094,0.0049525816,0.005660854,0.006369126,0.0070773982,0.0077856705,0.008493942,0.009202215,0.009910487,0.010618759,0.011327031],"mean":-0.0005395698,"std":0.004627601}
{"counts":[1,1,0,1,0,1,2,3,1,2,1,6,2,2,2,3,7,4,3,4,1,1,4,3,4,0,2,0,2,1],"wall_time":1.754110306028e9,"step":7,"max":0.007219387,"min":-0.008941352,"count":64,"bins":[-0.008941352,-0.008402661,-0.00786397,-0.0073252786,-0.006786587,-0.006247896,-0.0057092044,-0.005170513,-0.004631822,-0.0040931306,-0.0035544392,-0.0030157478,-0.0024770566,-0.0019383652,-0.0013996739,-0.0008609826,-0.00032229125,0.00021640006,0.0007550914,0.0012937827,0.001832474,0.0023711654,0.0029098566,0.003448548,0.003987239,0.0045259306,0.005064622,0.0056033134,0.0061420044,0.006680696,0.007219387],"mean":-0.00018671452,"std":0.003676725}
{"counts":[1,2,0,0,0,1,0,0,2,1,5,4,1,2,2,5,8,1,4,4,4,3,2,3,3,1,1,2,1,1],"wall_time":1.754110307096e9,"step":8,"max":0.006227833,"min":-0.0077497344,"count":64,"bins":[-0.0077497344,-0.0072838156,-0.0068178964,-0.0063519776,-0.005886059,-0.00542014,-0.0049542207,-0.004488302,-0.004022383,-0.003556464,-0.0030905453,-0.0026246263,-0.0021587075,-0.0016927884,-0.0012268695,-0.0007609506,-0.0002950317,0.00017088723,0.00063680613,0.001102725,0.001568644,0.0020345629,0.002500482,0.0029664007,0.0034323197,0.0038982385,0.0043641576,0.0048300764,0.005295995,0.0057619144,0.006227833],"mean":9.5584284e-5,"std":0.0030254282}
{"counts":[2,1,0,1,1,0,2,7,4,2,4,2,7,8,6,3,4,0,4,1,1,0,1,0,0,1,0,0,1,1],"wall_time":1.754110308212e9,"step":9,"max":0.0083619,"min":-0.006404816,"count":64,"bins":[-0.006404816,-0.005912592,-0.0054203686,-0.0049281446,-0.0044359206,-0.0039436966,-0.0034514728,-0.002959249,-0.002467025,-0.0019748013,-0.0014825774,-0.0009903535,-0.00049812964,-5.905734e-6,0.00048631814,0.000978542,0.0014707659,0.0019629898,0.0024552136,0.0029474376,0.0034396613,0.003931885,0.004424109,0.004916333,0.005408557,0.0059007807,0.0063930047,0.0068852287,0.0073774527,0.007869677,0.0083619],"mean":-0.00018565202,"std":0.0028668921}
{"counts":[1,1,0,0,0,0,0,0,0,1,0,0,0,4,1,2,7,0,5,2,7,5,5,6,5,4,3,0,3,2],"wall_time":1.75411030937e9,"step":10,"max":0.0050840313,"min":-0.012322525,"count":64,"bins":[-0.012322525,-0.011742306,-0.011162087,-0.010581869,-0.01000165,-0.009421432,-0.008841214,-0.008260995,-0.0076807765,-0.007100558,-0.0065203393,-0.0059401207,-0.005359902,-0.004779684,-0.0041994653,-0.0036192467,-0.003039028,-0.0024588096,-0.001878591,-0.0012983725,-0.000718154,-0.00013793548,0.00044228305,0.0010225016,0.0016027201,0.0021829386,0.0027631572,0.0033433756,0.003923594,0.0045038126,0.0050840313],"mean":-0.00042585318,"std":0.0033174371}
{"counts":[1,1,1,0,0,2,1,4,2,4,7,5,10,7,5,1,3,3,2,1,2,1,0,0,0,0,0,0,0,1],"wall_time":1.754110310488e9,"step":11,"max":0.015201641,"min":-0.010963707,"count":64,"bins":[-0.010963707,-0.010091529,-0.00921935,-0.008347172,-0.0074749943,-0.006602816,-0.0057306373,-0.0048584593,-0.003986281,-0.0031141026,-0.0022419244,-0.0013697462,-0.0004975678,0.00037461045,0.0012467888,0.002118967,0.0029911452,0.0038633235,0.004735502,0.00560768,0.0064798584,0.007352037,0.008224215,0.009096393,0.009968571,0.010840749,0.011712928,0.012585106,0.013457284,0.014329463,0.015201641],"mean":-0.00013003219,"std":0.0042671757}
{"counts":[1,1,0,0,0,0,2,2,3,3,1,6,2,3,6,3,4,4,6,4,5,2,1,2,1,1,0,0,0,1],"wall_time":1.754110311618e9,"step":12,"max":0.0111611765,"min":-0.007819061,"count":64,"bins":[-0.007819061,-0.0071863867,-0.006553712,-0.0059210374,-0.005288363,-0.004655688,-0.0040230136,-0.003390339,-0.0027576645,-0.0021249899,-0.0014923153,-0.0008596407,-0.0002269661,0.00040570847,0.0010383831,0.0016710577,0.0023037323,0.0029364068,0.0035690814,0.004201756,0.0048344308,0.005467105,0.0060997796,0.0067324545,0.007365129,0.007997803,0.008630478,0.009263152,0.009895828,0.010528502,0.0111611765],"mean":0.0018729615,"std":0.003599816}
{"counts":[1,0,0,0,2,4,4,4,4,2,6,2,6,6,3,7,3,2,0,1,1,1,2,0,0,1,0,1,0,1],"wall_time":1.754110312709e9,"step":13,"max":0.011274171,"min":-0.008116921,"count":64,"bins":[-0.008116921,-0.007470552,-0.006824182,-0.0061778123,-0.0055314424,-0.004885073,-0.004238703,-0.003592333,-0.0029459635,-0.0022995938,-0.0016532239,-0.0010068541,-0.0003604844,0.00028588533,0.00093225506,0.0015786248,0.0022249946,0.0028713644,0.0035177341,0.004164104,0.0048104734,0.0054568434,0.006103213,0.006749583,0.0073959525,0.0080423225,0.008688692,0.009335062,0.009981432,0.0106278015,0.011274171],"mean":3.9255774e-5,