{"counts":[2,0,0,0,0,0,0,0,2,1,2,2,2,4,5,2,4,1,1,1,0,0,0,0,0,1,0,0,1,1],"wall_time":1.754110299329e9,"step":1,"max":0.022533033,"min":-0.016643424,"count":32,"bins":[-0.016643424,-0.015337542,-0.01403166,-0.012725778,-0.011419896,-0.010114014,-0.008808132,-0.0075022504,-0.0061963685,-0.0048904866,-0.0035846047,-0.0022787228,-0.00097284093,0.00033304095,0.0016389228,0.0029448047,0.0042506866,0.0055565685,0.0068624504,0.008168332,0.009474214,0.010780096,0.012085978,0.01339186,0.014697742,0.016003624,0.017309505,0.018615387,0.01992127,0.021227151,0.022533033],"mean":0.0020428207,"std":0.008112817}
{"counts":[1,1,0,1,5,3,3,4,2,1,4,1,1,1,1,2,0,0,0,0,0,0,0,0,0,0,0,0,0,1],"wall_time":1.754110300488e9,"step":2,"max":0.028951218,"min":-0.009216047,"count":32,"bins":[-0.009216047,-0.007943804,-0.0066715623,-0.0053993203,-0.004127078,-0.002854836,-0.0015825939,-0.00031035166,0.0009618905,0.0022341327,0.0035063748,0.004778617,0.006050859,0.007323101,0.008595344,0.009867586,0.011139828,0.01241207,0.013684312,0.014956554,0.016228797,0.01750104,0.01877328,0.020045523,0.021317765,0.022590008,0.02386225,0.025134493,0.026406733,0.027678976,0.028951218],"mean":0.0017654534,"std":0.006922603}
{"counts":[1,1,0,0,0,0,0,2,1,2,1,1,8,4,1,2,1,0,2,1,0,0,0,1,0,1,1,0,0,1],"wall_time":1.754110301621e9,"step":3,"max":0.020888433,"min":-0.01462733,"count":32,"bins":[-0.01462733,-0.013443471,-0.012259613,-0.011075754,-0.009891895,-0.0087080365,-0.0075241774,-0.006340319,-0.0051564598,-0.003972601,-0.0027887423,-0.0016048836,-0.00042102486,0.0007628339,0.0019466927,0.0031305514,0.00431441,0.005498269,0.0066821277,0.007865987,0.009049845,0.010233704,0.011417563,0.012601421,0.01378528,0.014969139,0.016152998,0.017336857,0.018520715,0.019704575,0.020888433],"mean":0.0017965578,"std":0.007607156}
{"counts":[1,1,0,1,0,3,1,1,1,1,6,2,0,4,1,2,0,2,2,1,0,0,0,0,1,0,0,0,0,1],"wall_time":1.754110302718e9,"step":4,"max":0.010918969,"min":-0.005991119,"count":32,"bins":[-0.005991119,-0.0054274495,-0.0048637795,-0.00430011,-0.0037364406,-0.0031727708,-0.0026091014,-0.0020454316,-0.001481762,-0.0009180925,-0.00035442287,0.00020924673,0.00077291636,0.001336586,0.0019002556,0.0024639252,0.0030275949,0.0035912644,0.004154934,0.0047186036,0.005282273,0.005845943,0.0064096125,0.006973282,0.0075369515,0.008100621,0.00866429,0.00922796,0.00979163,0.010355299,0.010918969],"mean":0.0008268322,"std":0.0035879249}
{"counts":[1,0,0,0,0,0,0,0,0,0,0,0,0,0,0,1,3,0,2,3,5,4,2,3,4,0,1,0,1,2],"wall_time":1.754110303794e9,"step":5,"max":0.010231174,"min":-0.022560697,"count":32,"bins":[-0.022560697,-0.021467635,-0.020374572,-0.01928151,-0.018188447,-0.017095385,-0.016002323,-0.014909261,-0.013816198,-0.012723136,-0.011630073,-0.010537012,-0.009443949,-0.008350886,-0.0072578243,-0.0061647617,-0.005071699,-0.003978637,-0.0028855747,-0.0017925123,-0.00069944997,0.0003936124,0.0014866748,0.0025797372,0.0036727996,0.0047658617,0.0058589242,0.0069519863,0.008045048,0.009138111,0.010231174],"mean":0.0005827783,"std":0.0057684267}
{"counts":[1,0,0,0,0,0,0,0,1,0,1,2,4,4,2,3,2,3,0,1,1,2,0,0,1,1,1,1,0,1],"wall_time":1.754110304945e9,"step":6,"max":0.010963394,"min":-0.010613116,"count":32,"bins":[-0.010613116,-0.0098939,-0.009174682,-0.008455466,-0.0077362484,-0.0070170313,-0.006297814,-0.005578597,-0.0048593804,-0.0041401633,-0.0034209462,-0.002701729,-0.0019825122,-0.0012632951,-0.00054407807,0.00017513894,0.00089435594,0.0016135729,0.00233279,0.003052007,0.003771224,0.004490441,0.0052096583,0.005928875,0.006648092,0.007367309,0.008086526,0.008805743,0.00952496,0.010244178,0.010963394],"mean":0.001208983,"std":0.0043618963}
{"counts":[1,0,0,0,0,2,0,1,3,4,4,7,1,1,0,1,1,2,1,0,0,0,1,0,0,0,0,1,0,1],"wall_time":1.754110306036e9,"step":7,"max":0.009848467,"min":-0.006106884,"count":32,"bins":[-0.006106884,-0.005575039,-0.005043194,-0.004511349,-0.003979504,-0.003447659,-0.002915814,-0.002383969,-0.0018521239,-0.0013202789,-0.00078843377,-0.00025658874,0.0002752563,0.0008071013,0.0013389464,0.0018707914,0.0024026365,0.0029344815,0.0034663265,0.0039981715,0.004530017,0.0050618616,0.005593707,0.0061255516,0.006657397,0.0071892417,0.007721087,0.008252932,0.008784777,0.009316622,0.009848467],"mean":0.0005014419,"std":0.0032512655}
{"counts":[1,0,1,0,1,0,0,4,3,0,5,3,4,0,4,1,0,0,0,0,1,1,0,1,1,0,0,0,0,1],"wall_time":1.754110307105e9,"step":8,"max":0.015378908,"min":-0.009897297,"count":32,"bins":[-0.009897297,-0.009054757,-0.008212217,-0.0073696766,-0.0065271365,-0.0056845965,-0.004842056,-0.003999516,-0.0031569758,-0.0023144356,-0.0014718954,-0.00062935526,0.00021318495,0.0010557252,0.0018982653,0.0027408055,0.0035833458,0.004425886,0.005268426,0.006110966,0.0069535063,0.007796047,0.008638587,0.009481127,0.010323667,0.0111662075,0.012008747,0.012851288,0.013693828,0.014536368,0.015378908],"mean":0.0004510849,"std":0.005276486}
{"counts":[1,0,1,1,0,1,0,1,1,2,0,1,1,2,1,2,3,1,2,2,1,1,0,1,2,3,0,0,0,1],"wall_time":1.754110308219e9,"step":9,"max":0.0050757146,"min":-0.006704068,"count":32,"bins":[-0.006704068,-0.0063114082,-0.005918749,-0.0055260896,-0.00513343,-0.004740771,-0.0043481113,-0.003955452,-0.0035627924,-0.003170133,-0.0027774738,-0.0023848142,-0.0019921549,-0.0015994954,-0.0012068361,-0.00081417663,-0.0004215172,-2.8857807e-5,0.0003638016,0.000756461,0.0011491204,0.0015417798,0.0019344393,0.0023270987,0.002719758,0.0031124174,0.003505077,0.0038977363,0.004290396,0.004683055,0.0050757146],"mean":-0.00048257643,"std":0.002936103}
{"counts":[2,0,0,1,2,0,0,1,1,0,0,4,2,1,1,2,2,1,1,1,3,1,1,1,1,0,1,0,1,1],"wall_time":1.754110309391e9,"step":10,"max":0.0064658048,"min":-0.00535845,"count":32,"bins":[-0.00535845,-0.0049643083,-0.0045701666,-0.004176025,-0.0037818828,-0.003387741,-0.002993599,-0.0025994573,-0.0022053155,-0.0018111736,-0.0014170319,-0.00102289,-0.00062874815,-0.00023460634,0.0001595355,0.0005536773,0.00094781915,0.001341961,0.0017361029,0.0021302446,0.0025243864,0.0029185284,0.0033126702,0.003706812,0.0041009537,0.0044950955,0.004889237,0.0052833795,0.005677521,0.006071663,0.0064658048],"mean":0.0005939156,"std":0.00307075}
{"counts":[1,0,0,2,0,0,0,0,2,0,0,1,1,4,2,5,2,1,1,0,3,2,0,3,0,0,1,0,0,1],"wall_time":1.754110310507e9,"step":11,"max":0.008130951,"min":-0.0082488805,"count":32,"bins":[-0.0082488805,-0.007702886,-0.0071568917,-0.0066108974,-0.006064903,-0.0055189086,-0.0049729142,-0.00442692,-0.0038809255,-0.003334931,-0.0027889367,-0.0022429423,-0.001696948,-0.0011509536,-0.0006049592,-5.8964826e-5,0.00048702955,0.0010330239,0.0015790183,0.0021250127,0.002671007,0.0032170014,0.0037629958,0.00430899,0.0048549846,0.005400979,0.0059469733,0.0064929677,0.007038962,0.0075849565,0.008130951],"mean":0.0004449467,"std":0.003601879}
{"counts":[1,0,0,0,1,0,0,0,0,0,0,0,0,0,1,3,3,4,3,7,1,2,2,1,0,1,1,0,0,1],"wall_time":1.754110311641e9,"step":12,"max":0.01228782,"min":-0.02080067,"count":32,"bins":[-0.02080067,-0.01969772,-0.018594772,-0.017491821,-0.016388873,-0.015285922,-0.014182973,-0.013080023,-0.011977073,-0.010874123,-0.009771174,-0.008668224,-0.0075652744,-0.006462325,-0.005359375,-0.0042564254,-0.0031534757,-0.002050526,-0.00094757637,0.00015537329,0.001258323,0.0023612727,0.0034642224,0.004567172,0.005670122,0.0067730714,0.007876021,0.00897897,0.010081921,0.01118487,0.01228782],"mean":-0.00046499626,"std":0.00608526}
{"counts":[1,0,0,0,1,1,0,0,0,0,0,0,0,2,0,4,2,2,8,4,2,0,0,2,1,0,1,0,0,1],"wall_time":1.754110312712e9,"step":13,"max":0.0052772043,"min":-0.008137635,"count":32,"bins":[-0.008137635,-0.0076904735,-0.0072433124,-0.006796151,-0.00634899,-0.0059018284,-0.005454667,-0.005007506,-0.0045603444,-0.0041131834,-0.0036660219,-0.0032188606,-0.0027716993,-0.0023245378,-0.0018773766,-0.0014302153,-0.000983054,-0.0005358927,-8.873139e-5,0.0003584299,0.00080559123,0.0012527525,0.0016999139,0.0021470753,0.0025942365,0.0030413978,0.003488559,0.0039357203,0.004382882,0.004830043,0.0052772043],"mean":-0.0002849018,"std":0.0026313039}
{"counts":[1,0,0,0,0,0,0,0,0,1,0,1,4,3,0,2,4,1,3,4,1,2,1,0,1,1,0,0,1,1],"wall_time":1.754110313777e9,