{"counts":[1,1,1],"wall_time":1.754110299344e9,"step":1,"max":0.05808355,"min":-0.059853896,"count":3,"bins":[-0.059853896,-0.020541415,0.018771067,0.05808355],"mean":0.0,"std":0.05898865}
{"counts":[2,0,1],"wall_time":1.7541103005e9,"step":2,"max":0.06928223,"min":-0.037720382,"count":3,"bins":[-0.037720382,-0.0020528436,0.033614695,0.06928223],"mean":0.0,"std":0.06007914}
{"counts":[1,0,2],"wall_time":1.754110301626e9,"step":3,"max":0.05028456,"min":-0.0694935,"count":3,"bins":[-0.0694935,-0.029567482,0.010358539,0.05028456],"mean":0.0,"std":0.062156525}
{"counts":[1,0,2],"wall_time":1.754110302721e9,"step":4,"max":0.005460946,"min":-0.008986572,"count":3,"bins":[-0.008986572,-0.0041707326,0.00064510666,0.005460946],"mean":9.313226e-10,"std":0.007842528}
{"counts":[1,0,2],"wall_time":1.754110303799e9,"step":5,"max":0.017846871,"min":-0.025292715,"count":3,"bins":[-0.025292715,-0.010912853,0.0034670092,0.017846871],"mean":2.483527e-9,"std":0.022513028}
{"counts":[1,0,2],"wall_time":1.754110304951e9,"step":6,"max":0.0224883,"min":-0.04108466,"count":3,"bins":[-0.04108466,-0.019893672,0.0012973137,0.0224883],"mean":-6.2088173e-10,"std":0.035633534}
{"counts":[1,1,1],"wall_time":1.754110306039e9,"step":7,"max":0.011930529,"min":-0.009741435,"count":3,"bins":[-0.009741435,-0.0025174469,0.004706541,0.011930529],"mean":1.8626451e-9,"std":0.011000573}
{"counts":[1,1,1],"wall_time":1.754110307107e9,"step":8,"max":0.019367253,"min":-0.021329682,"count":3,"bins":[-0.021329682,-0.0077640372,0.0058016083,0.019367253],"mean":6.2088173e-10,"std":0.020419316}
{"counts":[1,0,2],"wall_time":1.754110308225e9,"step":9,"max":0.007950594,"min":-0.01274293,"count":3,"bins":[-0.01274293,-0.005845089,0.0010527525,0.007950594],"mean":3.1044087e-10,"std":0.011148109}
{"counts":[1,0,2],"wall_time":1.754110309411e9,"step":10,"max":0.007404806,"min":-0.009474399,"count":3,"bins":[-0.009474399,-0.003847997,0.0017784046,0.007404806],"mean":-4.656613e-10,"std":0.008627822}
{"counts":[1,1,1],"wall_time":1.75411031051e9,"step":11,"max":0.025871422,"min":-0.026967628,"count":3,"bins":[-0.026967628,-0.009354611,0.008258405,0.025871422],"mean":6.2088173e-10,"std":0.026436575}
{"counts":[1,0,2],"wall_time":1.754110311656e9,"step":12,"max":0.04682938,"min":-0.06641004,"count":3,"bins":[-0.06641004,-0.028663568,0.009082906,0.04682938],"mean":2.483527e-9,"std":0.059104513}
{"counts":[1,1,1],"wall_time":1.754110312716e9,"step":13,"max":0.0057609035,"min":-0.005814543,"count":3,"bins":[-0.005814543,-0.0019560608,0.0019024214,0.0057609035],"mean":1.5522043e-10,"std":0.0057879095}
{"counts":[1,0,2],"wall_time":1.75411031378e9,"step":14,"max":0.012758936,"min":-0.016535643,"count":3,"bins":[-0.016535643,-0.0067707836,0.002994076,0.012758936],"mean":4.656613e-10,"std":0.015008022}
{"counts":[2,0,1],"wall_time":1.754110314994e9,"step":15,"max":0.017941847,"min":-0.013912308,"count":3,"bins":[-0.013912308,-0.0032942563,0.0073237955,0.017941847],"mean":-1.5522043e-9,"std":0.016304899}
{"counts":[1,0,2],"wall_time":1.754110316071e9,"step":16,"max":0.04899531,"min":-0.06809288,"count":3,"bins":[-0.06809288,-0.029063486,0.0099659115,0.04899531],"mean":-2.483527e-9,"std":0.06083543}
{"counts":[1,1,1],"wall_time":1.754110317169e9,"step":17,"max":0.02696142,"min":-0.029939305,"count":3,"bins":[-0.029939305,-0.0109723965,0.007994511,0.02696142],"mean":0.0,"std":0.028567009}
{"counts":[2,0,1],"wall_time":1.754110318726e9,"step":18,"max":0.02738136,"min":-0.019336287,"count":3,"bins":[-0.019336287,-0.0037637379,0.011808812,0.02738136],"mean":-6.2088173e-10,"std":0.024375748}
