{"counts":[4,2,2,0,2,2,6,1,7,7,6,0,2,3,3,6,3,0,0,2,0,2,0,0,2,1,0,0,0,1],"wall_time":1.754110299321e9,"step":1,"max":0.014512584,"min":-0.008470999,"count":64,"bins":[-0.008470999,-0.0077048796,-0.00693876,-0.0061726407,-0.0054065213,-0.004640402,-0.0038742826,-0.0031081631,-0.0023420437,-0.0015759242,-0.0008098048,-4.3685424e-5,0.000722434,0.0014885535,0.0022546728,0.0030207923,0.0037869117,0.004553031,0.0053191506,0.00608527,0.0068513895,0.007617509,0.008383628,0.009149748,0.009915867,0.010681987,0.011448106,0.012214226,0.012980345,0.013746465,0.014512584],"mean":-7.125056e-5,"std":0.0049599996}
{"counts":[1,0,0,1,1,1,2,1,4,5,4,2,3,5,3,2,1,5,2,1,4,3,1,2,1,2,3,0,3,1],"wall_time":1.754110300463e9,"step":2,"max":0.00775638,"min":-0.00943597,"count":64,"bins":[-0.00943597,-0.008862892,-0.008289814,-0.0077167354,-0.007143657,-0.0065705786,-0.0059975004,-0.0054244217,-0.0048513436,-0.0042782654,-0.003705187,-0.0031321086,-0.0025590302,-0.0019859518,-0.0014128735,-0.0008397952,-0.00026671687,0.00030636147,0.0008794398,0.0014525182,0.0020255966,0.0025986747,0.0031717531,0.0037448315,0.00431791,0.004890988,0.0054640668,0.006037145,0.006610223,0.0071833017,0.00775638],"mean":-0.00042108912,"std":0.0040634354}
{"counts":[1,0,0,0,0,0,1,1,0,1,1,3,4,9,10,4,3,5,3,4,1,3,4,2,0,0,0,3,0,1],"wall_time":1.754110301615e9,"step":3,"max":0.007875767,"min":-0.010595567,"count":64,"bins":[-0.010595567,-0.009979855,-0.009364144,-0.008748434,-0.008132722,-0.007517011,-0.0069013,-0.0062855887,-0.005669878,-0.0050541665,-0.0044384557,-0.0038227444,-0.0032070333,-0.0025913222,-0.001975611,-0.0013599,-0.0007441889,-0.00012847778,0.00048723334,0.0011029445,0.0017186556,0.0023343666,0.0029500776,0.003565789,0.0041815,0.004797211,0.0054129222,0.006028633,0.0066443444,0.0072600553,0.007875767],"mean":-0.00044235008,"std":0.0032247354}
{"counts":[2,0,0,1,1,4,1,1,4,1,4,4,3,2,2,4,2,5,5,3,3,5,1,1,0,1,1,1,1,1],"wall_time":1.754110302712e9,"step":4,"max":0.0064324057,"min":-0.006495661,"count":64,"bins":[-0.006495661,-0.0060647256,-0.00563379,-0.0052028545,-0.004771919,-0.0043409835,-0.003910048,-0.0034791122,-0.0030481766,-0.002617241,-0.0021863056,-0.00175537,-0.0013244344,-0.0008934988,-0.00046256327,-3.1627715e-5,0.00039930784,0.0008302434,0.001261179,0.0016921145,0.0021230502,0.0025539857,0.0029849212,0.0034158567,0.0038467923,0.004277728,0.0047086636,0.005139599,0.0055705346,0.00600147,0.0064324057],"mean":-6.794628e-5,"std":0.0029003697}
{"counts":[1,0,0,0,1,1,1,1,4,4,3,5,6,8,6,2,2,3,7,1,2,3,0,0,1,0,0,0,0,2],"wall_time":1.754110303792e9,"step":5,"max":0.0090317875,"min":-0.00773207,"count":64,"bins":[-0.00773207,-0.0071732746,-0.0066144797,-0.0060556843,-0.005496889,-0.004938094,-0.0043792985,-0.0038205034,-0.003261708,-0.0027029128,-0.0021441176,-0.0015853223,-0.001026527,-0.00046773176,9.106348e-5,0.00064985873,0.001208654,0.0017674492,0.0023262445,0.0028850397,0.003443835,0.0040026302,0.0045614257,0.0051202206,0.005679016,0.0062378114,0.0067966064,0.0073554018,0.007914197,0.008472992,0.0090317875],"mean":0.00018503488,"std":0.0030067447}
{"counts":[1,0,0,1,2,0,1,1,1,1,5,2,1,6,4,4,1,8,1,3,3,4,2,2,0,1,3,1,2,3],"wall_time":1.754110304938e9,"step":6,"max":0.0065153497,"min":-0.009439065,"count":64,"bins":[-0.009439065,-0.008907251,-0.008375438,-0.007843624,-0.00731181,-0.0067799957,-0.006248182,-0.0057163686,-0.0051845545,-0.0046527404,-0.004120927,-0.003589113,-0.0030572992,-0.0025254854,-0.0019936715,-0.0014618577,-0.00093004387,-0.00039823004,0.00013358379,0.0006653976,0.0011972114,0.0017290253,0.002260839,0.002792653,0.0033244668,0.0038562806,0.0043880944,0.004919908,0.005451722,0.005983536,0.0065153497],"mean":-0.00044667357,"std":0.003643247}
{"counts":[1,0,2,0,0,0,3,1,3,3,2,4,4,4,10,3,6,5,2,0,7,1,0,1,0,1,0,0,0,1],"wall_time":1.75411030603e9,"step":7,"max":0.008544861,"min":-0.0086985165,"count":64,"bins":[-0.0086985165,-0.008123737,-0.007548958,-0.006974179,-0.0063993996,-0.0058246204,-0.005249841,-0.004675062,-0.004100282,-0.0035255032,-0.002950724,-0.0023759448,-0.0018011654,-0.0012263862,-0.0006516069,-7.682759e-5,0.0004979517,0.001072731,0.0016475102,0.0022222896,0.0027970688,0.003371848,0.003946627,0.0045214067,0.005096186,0.005670965,0.0062457444,0.0068205236,0.007395303,0.007970082,0.008544861],"mean":-0.00048742536,"std":0.0031055098}
{"counts":[2,0,1,0,2,1,0,4,5,0,4,3,2,4,6,7,5,5,2,3,2,1,0,2,1,0,0,0,1,1],"wall_time":1.754110307098e9,"step":8,"max":0.0063439924,"min":-0.005868433,"count":64,"bins":[-0.005868433,-0.0054613524,-0.0050542713,-0.0046471907,-0.0042401096,-0.0038330287,-0.0034259479,-0.003018867,-0.0026117864,-0.0022047055,-0.0017976245,-0.0013905436,-0.0009834629,-0.000576382,-0.00016930116,0.00023777969,0.00064486056,0.0010519414,0.0014590223,0.001866103,0.002273184,0.0026802649,0.0030873457,0.0034944264,0.0039015072,0.0043085883,0.004715669,0.00512275,0.0055298307,0.005936912,0.0063439924],"mean":-0.0001718823,"std":0.0024493213}
{"counts":[1,0,2,0,2,0,1,1,2,4,10,4,2,4,8,4,3,4,3,3,2,1,1,0,1,0,0,0,0,1],"wall_time":1.754110308214e9,"step":9,"max":0.0072764233,"min":-0.005975841,"count":64,"bins":[-0.005975841,-0.005534099,-0.005092357,-0.0046506147,-0.0042088726,-0.0037671304,-0.0033253883,-0.0028836462,-0.0024419038,-0.0020001617,-0.0015584197,-0.0011166775,-0.00067493535,-0.00023319319,0.00020854895,0.0006502911,0.0010920332,0.0015337754,0.0019755175,0.0024172596,0.0028590017,0.0033007439,0.003742486,0.0041842284,0.0046259705,0.0050677126,0.0055094548,0.005951197,0.006392939,0.006834681,0.0072764233],"mean":-5.5329383e-5,"std":0.0023890298}
{"counts":[1,0,0,0,0,0,1,0,0,0,1,4,4,4,4,2,7,8,5,6,7,3,4,1,0,1,0,0,0,1],"wall_time":1.754110309376e9,"step":10,"max":0.008273667,"min":-0.011497412,"count":64,"bins":[-0.011497412,-0.010838376,-0.01017934,-0.009520304,-0.008861268,-0.008202232,-0.007543196,-0.00688416,-0.0062251245,-0.0055660885,-0.0049070525,-0.0042480165,-0.0035889805,-0.0029299445,-0.0022709086,-0.0016118726,-0.00095283665,-0.00029380067,0.0003652353,0.0010242712,0.0016833072,0.002342343,0.003001379,0.003660415,0.004319451,0.004978487,0.005637523,0.006296559,0.0069555948,0.0076146307,0.008273667],"mean":-0.00021164448,"std":0.003012942}
{"counts":[1,0,2,2,1,1,4,4,4,8,7,3,3,5,7,4,1,1,1,0,1,3,0,0,0,0,0,0,0,1],"wall_time":1.754110310491e9,"step":11,"max":0.011317,"min":-0.006521356,"count":64,"bins":[-0.006521356,-0.005926744,-0.0053321323,-0.00473752,-0.0041429084,-0.0035482966,-0.0029536847,-0.002359073,-0.001764461,-0.0011698492,-0.00057523727,1.9374567e-5,0.0006139864,0.0012085983,0.0018032101,0.002397822,0.0029924337,0.0035870457,0.0041816575,0.004776269,0.0053708814,0.005965493,0.006560105,0.0071547166,0.007749329,0.008343941,0.008938553,0.009533164,0.010127776,0.010722388,0.011317],"mean":0.00028375362,"std":0.0031078132}
{"counts":[4,0,2,2,3,0,2,3,1,5,1,3,4,5,5,3,7,4,4,3,1,0,0,1,0,0,0,0,0,1],"wall_time":1.75411031162e9,"step":12,"max":0.0077393763,"min":-0.0041961316,"count":64,"bins":[-0.0041961316,-0.0037982813,-0.003400431,-0.0030025807,-0.0026047307,-0.0022068804,-0.0018090301,-0.0014111798,-0.0010133295,-0.00061547925,-0.00021762897,0.0001802213,0.0005780716,0.0009759218,0.001373772,0.0017716223,0.0021694726,0.002567323,0.0029651732,0.0033630233,0.0037608736,0.004158724,0.0045565744,0.004954424,0.0053522745,0.005750125,0.006147975,0.0065458254,0.0069436757,0.007341526,0.0077393763],"mean":0.00072101894,"std":0.002444246}
{"counts":[1,2,0,2,4,2,4,1,7,4,6,4,3,8,4,4,0,2,0,1,0,0,1,1,0,0,0,1,1,1],"wall_time":1.75411031271e9,"step":13,"max":0.008379723,"min":-0.0050408565,"count":64,"bins":[-0.0050408565,-0.0045935037,-0.0041461512,-0.0036987986,-0.003251446,-0.0028040933,-0.0023567406,-0.001909388,-0.0014620353,-0.0010146827,-0.00056733005,-0.0001199774,0.00032737525,0.0007747279,0.0012220806,0.0016694332,0.0021167859,0.0025641385,0.0030114911,0.0034588438,0.0039061964,0.0043535493,0.0048009017,0.005248254,0.005695607,0.00614296,0.0065903123,0.0070376648,0.0074850176,0.0079323705,0.008379723],"mean":3.890547e-5,