{"counts":[1,0,0,1,2,0,0,1,1,2,2,2,8,2,2,0,1,2,1,0,1,1,0,0,0,1,0,0,0,1],"wall_time":1.754110299327e9,"step":1,"max":0.02963259,"min":-0.020040449,"count":32,"bins":[-0.020040449,-0.01838468,-0.016728913,-0.015073145,-0.013417377,-0.0117616085,-0.010105841,-0.008450073,-0.006794305,-0.005138537,-0.003482769,-0.001827001,-0.00017123297,0.001484535,0.003140303,0.004796071,0.006451839,0.008107607,0.009763375,0.011419143,0.013074911,0.014730679,0.016386447,0.018042214,0.019697983,0.021353751,0.023009518,0.024665287,0.026321055,0.027976822,0.02963259],"mean":0.0014256226,"std":0.010053247}
{"counts":[1,1,2,1,2,0,1,0,3,7,2,3,3,1,1,1,0,0,1,0,0,0,0,1,0,0,0,0,0,1],"wall_time":1.754110300486e9,"step":2,"max":0.031028343,"min":-0.01450987,"count":32,"bins":[-0.01450987,-0.012991929,-0.011473989,-0.009956049,-0.008438108,-0.0069201677,-0.005402227,-0.0038842866,-0.0023663463,-0.0008484058,0.0006695346,0.002187475,0.0037054154,0.0052233557,0.0067412965,0.008259237,0.009777177,0.011295117,0.012813058,0.014330999,0.015848938,0.017366879,0.018884819,0.020402761,0.021920701,0.023438642,0.024956582,0.026474522,0.027992463,0.029510403,0.031028343],"mean":0.0010125668,"std":0.009149852}
{"counts":[1,0,0,1,0,0,0,2,0,1,1,2,0,2,6,3,3,3,0,1,2,0,2,0,0,1,0,0,0,1],"wall_time":1.75411030162e9,"step":3,"max":0.025553225,"min":-0.023872968,"count":32,"bins":[-0.023872968,-0.022225428,-0.020577889,-0.018930348,-0.017282808,-0.015635269,-0.013987729,-0.01234019,-0.0106926495,-0.00904511,-0.00739757,-0.0057500307,-0.004102491,-0.0024549512,-0.0008074113,0.0008401284,0.002487668,0.0041352077,0.0057827476,0.0074302875,0.009077827,0.010725367,0.012372906,0.014020447,0.015667986,0.017315526,0.018963065,0.020610606,0.022258146,0.023905685,0.025553225],"mean":0.0009620562,"std":0.009791891}
{"counts":[2,0,1,1,0,0,0,2,1,1,4,1,3,6,1,2,1,1,0,1,0,0,1,0,1,0,0,1,0,1],"wall_time":1.754110302717e9,"step":4,"max":0.011031968,"min":-0.007957524,"count":32,"bins":[-0.007957524,-0.0073245405,-0.006691558,-0.0060585747,-0.0054255915,-0.0047926083,-0.0041596256,-0.0035266425,-0.0028936593,-0.0022606764,-0.0016276933,-0.0009947103,-0.00036172717,0.00027125588,0.0009042389,0.001537222,0.0021702049,0.002803188,0.003436171,0.004069154,0.0047021373,0.00533512,0.005968103,0.0066010864,0.0072340695,0.007867052,0.008500036,0.009133019,0.009766001,0.010398985,0.011031968],"mean":0.00025240477,"std":0.0043172045}
{"counts":[1,0,0,0,0,0,0,0,0,2,1,0,1,1,3,4,8,2,0,4,1,1,1,0,0,1,0,0,0,1],"wall_time":1.754110303794e9,"step":5,"max":0.01669684,"min":-0.019300312,"count":32,"bins":[-0.019300312,-0.018100407,-0.016900502,-0.015700597,-0.014500692,-0.013300787,-0.012100881,-0.010900976,-0.009701071,-0.0085011665,-0.007301261,-0.006101356,-0.004901451,-0.0037015458,-0.0025016407,-0.0013017356,-0.00010183056,0.0010980745,0.0022979795,0.0034978846,0.00469779,0.0058976947,0.0070976,0.008297505,0.00949741,0.010697315,0.01189722,0.013097125,0.01429703,0.015496936,0.01669684],"mean":0.00043997742,"std":0.006244998}
{"counts":[1,0,1,1,0,1,0,0,1,1,1,1,11,4,0,1,0,0,0,2,0,2,0,0,1,0,1,0,1,1],"wall_time":1.754110304943e9,"step":6,"max":0.020493919,"min":-0.01470802,"count":32,"bins":[-0.01470802,-0.013534622,-0.012361224,-0.011187826,-0.010014428,-0.00884103,-0.007667632,-0.006494234,-0.0053208363,-0.0041474383,-0.00297404,-0.0018006422,-0.00062724424,0.0005461537,0.0017195516,0.0028929496,0.0040663476,0.0052397456,0.0064131436,0.0075865416,0.008759939,0.009933338,0.011106735,0.012280134,0.013453531,0.01462693,0.015800327,0.016973725,0.018147124,0.019320522,0.020493919],"mean":0.0018643842,"std":0.008230552}
{"counts":[1,0,0,0,1,1,1,4,5,7,3,2,2,0,2,0,0,1,0,1,0,0,0,0,0,0,0,0,0,1],"wall_time":1.754110306035e9,"step":7,"max":0.022380922,"min":-0.01019172,"count":32,"bins":[-0.01019172,-0.0091059655,-0.00802021,-0.0069344556,-0.005848701,-0.004762946,-0.0036771917,-0.002591437,-0.0015056821,-0.00041992738,0.00066582736,0.001751582,0.0028373369,0.0039230916,0.005008846,0.006094601,0.007180356,0.008266111,0.009351865,0.01043762,0.011523374,0.01260913,0.013694884,0.014780639,0.015866393,0.016952148,0.018037902,0.019123659,0.020209413,0.021295168,0.022380922],"mean":0.0010583139,"std":0.0054974714}
{"counts":[1,0,0,0,0,0,1,1,1,0,0,0,3,6,5,3,1,1,0,3,2,0,1,0,0,0,0,1,0,2],"wall_time":1.754110307104e9,"step":8,"max":0.013316588,"min":-0.012462255,"count":32,"bins":[-0.012462255,-0.01160296,-0.0107436655,-0.0098843705,-0.0090250755,-0.00816578,-0.0073064864,-0.0064471914,-0.005587897,-0.004728602,-0.0038693072,-0.0030100124,-0.0021507177,-0.001291423,-0.00043212826,0.00042716647,0.0012864613,0.002145756,0.0030050506,0.0038643454,0.00472364,0.0055829347,0.0064422297,0.0073015243,0.008160819,0.009020113,0.009879408,0.010738703,0.011597998,0.0124572925,0.013316588],"mean":0.0010216781,"std":0.0052839597}
{"counts":[1,0,0,1,0,0,0,0,1,0,1,0,2,1,2,0,0,1,4,6,2,4,0,1,0,2,1,0,1,1],"wall_time":1.754110308218e9,"step":9,"max":0.0066682217,"min":-0.0120019335,"count":32,"bins":[-0.0120019335,-0.011379595,-0.010757256,-0.010134918,-0.009512579,-0.008890241,-0.008267903,-0.007645564,-0.0070232255,-0.006400887,-0.0057785483,-0.00515621,-0.0045338715,-0.003911533,-0.0032891945,-0.002666856,-0.0020445173,-0.0014221789,-0.00079984043,-0.0001775019,0.0004448366,0.0010671751,0.0016895136,0.002311852,0.0029341907,0.003556529,0.0041788677,0.0048012063,0.0054235444,0.006045883,0.0066682217],"mean":-0.00060188887,"std":0.0040938007}
{"counts":[1,0,0,0,1,1,0,0,0,1,0,3,0,2,5,6,2,2,4,0,0,1,0,0,2,0,0,0,0,1],"wall_time":1.754110309385e9,"step":10,"max":0.009236241,"min":-0.01029545,"count":32,"bins":[-0.01029545,-0.009644394,-0.008993337,-0.008342281,-0.0076912246,-0.007040168,-0.0063891117,-0.0057380553,-0.005086999,-0.0044359425,-0.0037848863,-0.00313383,-0.0024827735,-0.0018317172,-0.0011806608,-0.0005296045,0.00012145185,0.0007725082,0.0014235645,0.002074621,0.0027256773,0.0033767335,0.00402779,0.0046788463,0.0053299027,0.005980959,0.0066320156,0.0072830715,0.007934128,0.008585185,0.009236241],"mean":-0.00032704545,"std":0.0037312447}
{"counts":[1,0,0,0,0,0,0,2,0,0,2,0,0,1,5,3,5,4,0,2,0,1,1,0,2,2,0,0,0,1],"wall_time":1.754110310503e9,"step":11,"max":0.010201069,"min":-0.012971826,"count":32,"bins":[-0.012971826,-0.012199396,-0.011426967,-0.010654536,-0.009882106,-0.009109677,-0.008337247,-0.007564817,-0.0067923875,-0.0060199574,-0.0052475277,-0.004475098,-0.003702668,-0.0029302384,-0.0021578085,-0.0013853787,-0.00061294885,0.00015948099,0.0009319108,0.0017043406,0.0024767704,0.0032492003,0.00402163,0.00479406,0.00556649,0.0063389195,0.007111349,0.007883779,0.008656209,0.009428639,0.010201069],"mean":-0.000117557836,"std":0.0045750258}
{"counts":[1,0,0,0,0,0,0,1,0,0,1,0,0,0,0,0,1,1,2,4,8,3,1,3,1,1,3,0,0,1],"wall_time":1.754110311637e9,"step":12,"max":0.012717403,"min":-0.029428659,"count":32,"bins":[-0.029428659,-0.02802379,-0.026618922,-0.025214054,-0.023809183,-0.022404315,-0.020999447,-0.019594578,-0.01818971,-0.016784841,-0.015379972,-0.013975103,-0.012570234,-0.011165366,-0.009760497,-0.008355629,-0.0069507593,-0.005545891,-0.004141022,-0.0027361533,-0.0013312846,7.358407e-5,0.0014784528,0.0028833216,0.00428819,0.005693059,0.007097928,0.008502796,0.009907665,0.011312534,0.012717403],"mean":-0.0008964137,"std":0.007993053}
{"counts":[2,1,0,0,0,1,0,1,4,2,2,5,5,2,2,0,2,2,0,0,0,0,0,0,0,0,0,0,0,1],"wall_time":1.754110312712e9,"step":13,"max":0.012095728,"min":-0.008482052,"count":32,"bins":[-0.008482052,-0.007796126,-0.0071102,-0.006424274,-0.0057383482,-0.005052422,-0.004366496,-0.00368057,-0.002994644,-0.002308718,-0.001622792,-0.00093686604,-0.00025094004,0.00043498597,0.001120912,0.001806838,0.002492764,0.0031786899,0.003864616,0.0045505418,0.005236468,0.005922394,0.00660832,0.007294246,0.007980172,0.008666098,0.009352024,0.01003795,0.010723876,0.011409802,0.012095728],"mean":-0.00069401425,"std":0.0037534137}
{"counts":[1,1,0,1,2,1,5,7,6,2,3,0,1,1,0,0,0,0,0,0,0,0,0,0,0,0,0,0,0,1],"wall_time":1.754110313777e9,"step":14,"max":0.01784305,"min":-0.0061886017,"count":32,