{"counts":[2,1,3,8,12,19,17,29,46,66,99,210,451,464,206,145,93,61,47,20,16,16,7,1,2,3,0,1,1,2],"wall_time":1.754110299324e9,"step":1,"max":0.038140796,"min":-0.028802594,"count":2048,"bins":[-0.028802594,-0.026571147,-0.024339702,-0.022108255,-0.019876808,-0.017645363,-0.015413916,-0.01318247,-0.010951024,-0.008719577,-0.006488131,-0.0042566843,-0.002025238,0.0002062083,0.0024376546,0.004669101,0.0069005475,0.009131994,0.01136344,0.013594886,0.015826333,0.018057778,0.020289226,0.022520673,0.024752118,0.026983565,0.02921501,0.031446457,0.033677902,0.03590935,0.038140796],"mean":0.0007160326,"std":0.006686377}
{"counts":[4,1,4,2,14,16,17,24,30,48,97,139,241,418,326,220,136,89,66,46,32,20,25,10,9,3,5,3,2,1],"wall_time":1.754110300481e9,"step":2,"max":0.029262442,"min":-0.025421916,"count":2048,"bins":[-0.025421916,-0.023599103,-0.021776292,-0.01995348,-0.018130668,-0.016307855,-0.014485044,-0.012662232,-0.01083942,-0.009016608,-0.0071937963,-0.0053709843,-0.0035481725,-0.0017253605,9.745136e-5,0.0019202633,0.0037430753,0.0055658873,0.007388699,0.009211511,0.011034323,0.012857134,0.014679947,0.016502758,0.018325571,0.020148383,0.021971194,0.023794007,0.025616819,0.02743963,0.029262442],"mean":0.00038166315,"std":0.0062817275}
{"counts":[1,0,0,1,3,1,4,4,4,9,15,20,39,53,78,121,208,358,439,209,171,109,67,55,27,25,6,11,6,4],"wall_time":1.754110301619e9,"step":3,"max":0.020894095,"min":-0.03168735,"count":2048,"bins":[-0.03168735,-0.029934634,-0.02818192,-0.026429204,-0.02467649,-0.022923775,-0.02117106,-0.019418346,-0.01766563,-0.015912917,-0.014160201,-0.012407486,-0.010654772,-0.008902056,-0.0071493415,-0.005396627,-0.003643912,-0.0018911973,-0.00013848246,0.0016142323,0.0033669472,0.005119662,0.006872377,0.008625092,0.010377807,0.012130521,0.013883236,0.01563595,0.017388666,0.01914138,0.020894095],"mean":0.00029821758,"std":0.0055275094}
{"counts":[1,0,0,0,0,2,3,7,11,14,35,94,135,272,622,442,190,93,51,28,17,11,8,5,2,2,1,0,0,2],"wall_time":1.754110302715e9,"step":4,"max":0.03310478,"min":-0.032159936,"count":2048,"bins":[-0.032159936,-0.029984444,-0.027808955,-0.025633464,-0.023457974,-0.021282483,-0.019106992,-0.016931502,-0.014756011,-0.0125805205,-0.01040503,-0.00822954,-0.006054049,-0.0038785585,-0.0017030679,0.0004724227,0.0026479133,0.004823404,0.0069988943,0.009174385,0.0113498755,0.013525366,0.015700856,0.017876348,0.020051837,0.022227328,0.02440282,0.026578309,0.0287538,0.03092929,0.03310478],"mean":5.323511e-5,"std":0.0048680194}
{"counts":[1,1,0,0,0,0,1,6,6,13,19,47,67,160,277,696,418,144,83,49,29,12,10,6,0,1,0,0,1,1],"wall_time":1.754110303793e9,"step":5,"max":0.0372465,"min":-0.04019078,"count":2048,"bins":[-0.04019078,-0.037609536,-0.035028294,-0.03244705,-0.029865809,-0.027284566,-0.024703324,-0.022122081,-0.019540837,-0.016959595,-0.014378353,-0.011797111,-0.009215867,-0.006634625,-0.004053382,-0.0014721397,0.0011091029,0.0036903454,0.006271588,0.008852831,0.011434074,0.014015316,0.016596558,0.019177802,0.021759044,0.024340287,0.02692153,0.029502772,0.032084014,0.034665257,0.0372465],"mean":0.00013462042,"std":0.005488528}
{"counts":[1,1,1,1,4,6,7,11,10,29,35,55,83,150,196,394,364,220,141,100,85,49,35,21,17,14,10,5,1,2],"wall_time":1.75411030494e9,"step":6,"max":0.025177678,"min":-0.027846344,"count":2048,"bins":[-0.027846344,-0.026078876,-0.024311408,-0.02254394,-0.020776475,-0.019009007,-0.01724154,-0.015474072,-0.013706605,-0.011939137,-0.01017167,-0.008404203,-0.006636735,-0.004869268,-0.0031018003,-0.0013343329,0.00043313453,0.0022006019,0.0039680693,0.0057355366,0.0075030043,0.0092704715,0.011037939,0.012805406,0.014572874,0.016340341,0.01810781,0.019875277,0.021642743,0.02341021,0.025177678],"mean":0.0008821712,"std":0.005886951}
{"counts":[1,2,0,3,0,4,4,6,2,13,16,34,36,97,155,302,508,320,188,124,66,55,31,27,26,7,9,7,4,1],"wall_time":1.754110306034e9,"step":7,"max":0.021019794,"min":-0.026117353,"count":2048,"bins":[-0.026117353,-0.024546115,-0.022974877,-0.021403639,-0.0198324,-0.01826116,-0.016689923,-0.015118686,-0.013547447,-0.011976209,-0.0104049705,-0.008833732,-0.007262494,-0.005691256,-0.0041200174,-0.0025487794,-0.0009775411,0.00059369707,0.0021649352,0.0037361735,0.005307412,0.00687865,0.008449888,0.010021127,0.011592365,0.013163603,0.014734841,0.01630608,0.017877318,0.019448556,0.021019794],"mean":0.00044759002,"std":0.004721763}
{"counts":[1,0,0,1,0,6,7,7,15,25,42,71,125,219,407,462,249,142,97,66,33,25,20,17,5,2,2,1,0,1],"wall_time":1.754110307099e9,"step":8,"max":0.02387125,"min":-0.024049278,"count":2048,"bins":[-0.024049278,-0.022451928,-0.020854576,-0.019257225,-0.017659875,-0.016062524,-0.014465173,-0.012867821,-0.011270471,-0.0096731195,-0.008075769,-0.0064784177,-0.0048810667,-0.0032837158,-0.0016863649,-8.901395e-5,0.001508337,0.003105688,0.004703039,0.0063003898,0.007897741,0.009495092,0.011092443,0.0126897935,0.014287145,0.015884496,0.017481847,0.019079197,0.020676548,0.0222739,0.02387125],"mean":0.0004142372,"std":0.0044293134}
{"counts":[2,3,3,3,8,10,5,12,21,27,27,63,86,130,197,321,373,267,167,129,60,62,25,18,11,5,7,1,2,3],"wall_time":1.754110308216e9,"step":9,"max":0.016040556,"min":-0.019169167,"count":2048,"bins":[-0.019169167,-0.017995508,-0.016821852,-0.015648194,-0.014474537,-0.01330088,-0.0121272225,-0.010953565,-0.009779907,-0.0086062495,-0.0074325926,-0.006258935,-0.0050852774,-0.00391162,-0.0027379626,-0.0015643053,-0.00039064785,0.0007830096,0.001956667,0.0031303244,0.004303982,0.0054776394,0.0066512967,0.007824955,0.008998612,0.010172269,0.011345927,0.012519584,0.013693241,0.014866899,0.016040556],"mean":-0.00022112817,"std":0.0039949426}
{"counts":[2,0,1,0,1,2,6,6,5,7,14,34,73,89,234,469,594,241,130,63,35,14,13,8,2,3,0,1,0,1],"wall_time":1.754110309379e9,"step":10,"max":0.027033964,"min":-0.031326674,"count":2048,"bins":[-0.031326674,-0.02938132,-0.027435964,-0.02549061,-0.023545256,-0.0215999,-0.019654546,-0.017709192,-0.015763838,-0.013818483,-0.011873128,-0.009927773,-0.007982419,-0.006037064,-0.0040917094,-0.0021463549,-0.00020100028,0.0017443544,0.003689709,0.0056350636,0.007580418,0.009525773,0.011471127,0.013416482,0.015361836,0.017307192,0.019252546,0.0211979,0.023143254,0.02508861,0.027033964],"mean":-9.5963216e-5,"std":0.0044675563}
{"counts":[2,0,1,3,2,3,4,4,15,36,46,78,111,204,299,452,300,169,99,76,41,44,15,9,11,12,6,3,1,2],"wall_time":1.754110310499e9,"step":11,"max":0.022654153,"min":-0.024095844,"count":2048,"bins":[-0.024095844,-0.02253751,-0.020979177,-0.019420845,-0.017862512,-0.016304178,-0.0147458445,-0.013187512,-0.011629178,-0.0100708455,-0.008512512,-0.0069541787,-0.0053958455,-0.003837512,-0.0022791787,-0.00072084554,0.00083748775,0.002395821,0.0039541544,0.0055124876,0.007070821,0.008629154,0.010187487,0.011745821,0.013304153,0.014862487,0.01642082,0.017979154,0.019537486,0.02109582,0.022654153],"mean":0.00015627596,"std":0.004786815}
{"counts":[2,0,0,0,0,0,3,0,5,2,5,10,10,9,21,29,31,51,84,162,351,524,351,171,116,47,34,18,10,2],"wall_time":1.754110311631e9,"step":12,"max":0.01607846,"min":-0.041094683,"count":2048,"bins":[-0.041094683,-0.03918891,-0.03728314,-0.03537737,-0.0334716,-0.031565826,-0.029660055,-0.027754283,-0.025848512,-0.02394274,-0.02203697,-0.020131197,-0.018225426,-0.016319655,-0.014413883,-0.012508112,-0.010602341,-0.008696569,-0.0067907977,-0.0048850263,-0.002979255,-0.0010734836,0.0008322878,0.0027380593,0.0046438305,0.006549602,0.008455373,0.010361145,0.012266916,0.014172688,0.01607846],"mean":-0.0005797461,"std":0.005272665}
{"counts":[1,1,1,2,0,4,6,12,11,26,28,50,77,120,199,293,482,278,176,88,63,40,24,15,14,14,8,8,3,4],"wall_time":1.754110312711e9,"step":13,"max":0.017290615,"min":-0.021487854,"count":2048,