{"counts":[2,2,6,5,11,15,17,30,43,49,86,93,93,72,43,25,13,8,7,6,4,3,3,2,0,1,0,0,0,1],"wall_time":1.754110299228e9,"step":1,"max":0.023176743,"min":-0.014535932,"count":640,"bins":[-0.014535932,-0.013278843,-0.012021754,-0.010764664,-0.009507575,-0.008250486,-0.006993397,-0.0057363077,-0.0044792187,-0.0032221295,-0.0019650403,-0.0007079512,0.00054913794,0.0018062271,0.0030633162,0.0043204054,0.0055774944,0.006834584,0.008091673,0.009348762,0.010605851,0.01186294,0.013120029,0.014377119,0.015634207,0.016891297,0.018148387,0.019405475,0.020662565,0.021919653,0.023176743],"mean":-5.9806138e-5,"std":0.0044809617}
{"counts":[1,0,1,1,1,2,5,2,2,8,21,11,20,60,70,101,85,76,52,39,29,18,10,9,5,7,1,0,2,1],"wall_time":1.75411030046e9,"step":2,"max":0.015430576,"min":-0.0183094,"count":640,"bins":[-0.0183094,-0.017184734,-0.016060067,-0.014935402,-0.013810736,-0.01268607,-0.011561404,-0.010436739,-0.009312073,-0.008187407,-0.007062741,-0.005938075,-0.0048134094,-0.0036887433,-0.0025640775,-0.0014394117,-0.0003147458,0.0008099201,0.0019345859,0.0030592517,0.004183918,0.0053085834,0.0064332495,0.007557915,0.008682581,0.009807247,0.010931913,0.012056579,0.013181244,0.01430591,0.015430576],"mean":3.0534058e-5,"std":0.004046152}
{"counts":[1,0,0,0,1,0,1,7,9,20,24,31,39,70,127,93,86,48,23,25,12,9,4,3,3,1,1,1,0,1],"wall_time":1.754110301612e9,"step":3,"max":0.017515056,"min":-0.017414456,"count":640,"bins":[-0.017414456,-0.01625014,-0.015085822,-0.013921505,-0.012757188,-0.011592871,-0.010428553,-0.009264236,-0.00809992,-0.0069356025,-0.0057712854,-0.0046069683,-0.0034426514,-0.0022783342,-0.0011140172,5.02998e-5,0.0012146168,0.0023789338,0.003543251,0.004707568,0.005871885,0.007036202,0.00820052,0.009364836,0.010529153,0.01169347,0.012857787,0.014022104,0.015186422,0.016350739,0.017515056],"mean":6.7677494e-5,"std":0.003688532}
{"counts":[1,2,1,3,3,6,9,9,16,30,54,67,69,90,90,57,48,26,23,8,7,7,4,5,1,0,3,0,0,1],"wall_time":1.75411030271e9,"step":4,"max":0.018445432,"min":-0.015368867,"count":640,"bins":[-0.015368867,-0.014241723,-0.01311458,-0.011987437,-0.010860293,-0.009733151,-0.008606007,-0.0074788635,-0.0063517205,-0.005224577,-0.0040974338,-0.0029702904,-0.0018431472,-0.0007160039,0.00041113942,0.0015382827,0.0026654261,0.0037925693,0.0049197124,0.006046856,0.007173999,0.008301143,0.009428286,0.010555429,0.011682573,0.012809715,0.013936859,0.015064002,0.016191145,0.01731829,0.018445432],"mean":-7.956308e-5,"std":0.004128572}
{"counts":[1,1,0,1,0,0,1,0,3,1,4,10,15,28,44,61,103,120,105,51,41,11,21,4,3,3,5,1,1,1],"wall_time":1.754110303791e9,"step":5,"max":0.01578892,"min":-0.02144835,"count":640,"bins":[-0.02144835,-0.020207107,-0.018965865,-0.017724622,-0.01648338,-0.015242138,-0.014000895,-0.012759653,-0.011518411,-0.010277169,-0.009035926,-0.007794684,-0.0065534418,-0.0053121992,-0.004070957,-0.0028297147,-0.0015884724,-0.00034723003,0.0008940123,0.0021352547,0.003376497,0.0046177395,0.0058589815,0.007100224,0.008341466,0.009582709,0.010823951,0.012065194,0.013306435,0.014547678,0.01578892],"mean":6.426293e-5,"std":0.0037660517}
{"counts":[1,2,1,2,2,1,4,17,25,38,41,65,75,94,96,47,51,26,16,16,5,5,4,4,0,1,0,0,0,1],"wall_time":1.754110304936e9,"step":6,"max":0.018270168,"min":-0.015017061,"count":640,"bins":[-0.015017061,-0.013907487,-0.012797912,-0.011688338,-0.010578764,-0.009469189,-0.008359615,-0.0072500403,-0.0061404663,-0.005030892,-0.0039213174,-0.0028117432,-0.001702169,-0.0005925947,0.00051697966,0.001626554,0.0027361282,0.0038457026,0.004955277,0.0060648513,0.0071744253,0.008284,0.009393574,0.010503149,0.011612723,0.012722297,0.013831872,0.014941446,0.01605102,0.017160594,0.018270168],"mean":-7.726789e-5,"std":0.0038129753}
{"counts":[3,0,0,2,4,3,7,10,17,30,41,63,97,105,66,66,42,26,24,14,5,4,2,4,2,1,0,1,0,1],"wall_time":1.754110306027e9,"step":7,"max":0.014864376,"min":-0.012278816,"count":640,"bins":[-0.012278816,-0.011374042,-0.01046927,-0.009564497,-0.008659723,-0.0077549503,-0.0068501774,-0.0059454045,-0.005040631,-0.0041358583,-0.0032310851,-0.0023263122,-0.0014215391,-0.00051676604,0.000388007,0.00129278,0.0021975532,0.003102326,0.004007099,0.004911872,0.0058166455,0.0067214184,0.0076261912,0.008530964,0.0094357375,0.010340511,0.011245283,0.012150057,0.01305483,0.013959602,0.014864376],"mean":-5.658568e-6,"std":0.0031268902}
{"counts":[1,0,3,0,1,2,5,5,6,8,25,25,41,81,115,101,88,53,25,13,19,5,8,3,4,1,0,1,0,1],"wall_time":1.754110307093e9,"step":8,"max":0.015481446,"min":-0.015273945,"count":640,"bins":[-0.015273945,-0.014248766,-0.013223586,-0.012198406,-0.011173227,-0.010148047,-0.009122867,-0.008097688,-0.007072508,-0.006047328,-0.005022148,-0.0039969687,-0.0029717889,-0.0019466091,-0.0009214294,0.000103750266,0.00112893,0.0021541098,0.0031792894,0.0042044693,0.0052296487,0.0062548285,0.0072800084,0.008305188,0.009330368,0.010355547,0.011380727,0.012405907,0.013431086,0.014456267,0.015481446],"mean":0.00016338057,"std":0.0033371185}
{"counts":[1,0,1,1,0,2,1,1,14,12,40,65,93,107,115,75,57,24,13,7,1,2,2,1,1,0,1,0,1,2],"wall_time":1.754110308211e9,"step":9,"max":0.016506882,"min":-0.0141645875,"count":640,"bins":[-0.0141645875,-0.013142205,-0.012119823,-0.0110974405,-0.010075058,-0.009052676,-0.0080302935,-0.0070079113,-0.0059855287,-0.0049631465,-0.0039407643,-0.002918382,-0.0018959995,-0.0008736172,0.00014876512,0.0011711475,0.0021935299,0.003215912,0.0042382944,0.0052606766,0.0062830593,0.0073054414,0.008327824,0.009350206,0.010372588,0.011394971,0.012417353,0.013439735,0.014462118,0.0154845,0.016506882],"mean":-1.36436665e-5,"std":0.002898904}
{"counts":[1,0,0,1,1,3,1,0,5,8,10,12,28,43,74,95,120,86,54,37,21,14,9,9,0,4,2,1,0,1],"wall_time":1.754110309361e9,"step":10,"max":0.013554144,"min":-0.015903797,"count":640,"bins":[-0.015903797,-0.014921865,-0.013939934,-0.012958003,-0.011976072,-0.01099414,-0.0100122085,-0.009030278,-0.008048346,-0.0070664147,-0.0060844836,-0.005102552,-0.004120621,-0.0031386893,-0.002156758,-0.0011748266,-0.00019289528,0.0007890361,0.0017709674,0.0027528987,0.00373483,0.0047167614,0.005698693,0.006680624,0.0076625557,0.008644487,0.009626418,0.01060835,0.011590281,0.012572212,0.013554144],"mean":9.528192e-5,"std":0.0031335806}
{"counts":[1,0,1,0,2,1,6,13,8,22,35,36,71,80,101,65,73,43,30,17,14,8,6,2,1,0,2,1,0,1],"wall_time":1.754110310482e9,"step":11,"max":0.014201816,"min":-0.012878421,"count":640,"bins":[-0.012878421,-0.011975747,-0.0110730715,-0.010170397,-0.009267722,-0.008365048,-0.0074623735,-0.006559699,-0.005657024,-0.0047543496,-0.0038516752,-0.0029490006,-0.002046326,-0.0011436514,-0.00024097686,0.0006616977,0.0015643722,0.0024670467,0.0033697214,0.0042723957,0.0051750704,0.006077745,0.0069804196,0.007883094,0.008785768,0.0096884435,0.010591118,0.011493793,0.012396467,0.013299142,0.014201816],"mean":0.00018358142,"std":0.003111961}
{"counts":[2,2,1,2,2,5,6,7,10,19,32,35,52,70,83,75,70,59,38,25,13,9,3,7,2,3,4,0,3,1],"wall_time":1.754110311613e9,"step":12,"max":0.011085622,"min":-0.01141213,"count":640,"bins":[-0.01141213,-0.010662205,-0.009912279,-0.009162354,-0.008412429,-0.0076625044,-0.0069125793,-0.006162654,-0.0054127295,-0.0046628043,-0.003912879,-0.003162954,-0.002413029,-0.0016631039,-0.0009131789,-0.00016325386,0.0005866712,0.0013365962,0.0020865214,0.0028364463,0.0035863714,0.0043362966,0.0050862217,0.0058361464,0.0065860716,0.0073359967,0.008085921,0.008835847,0.009585772,0.010335697,0.011085622],"mean":-0.00024464825,"std":0.0029608419}
{"counts":[2,0,1,0,0,3,3,2,7,5,9,22,24,24,53,67,95,85,77,50,33,28,21,10,5,4,1,4,2,3],"wall_time":1.754110312708e9,"step":13,"max":0.010512938,"min":-0.014130982,"count":640,"bins":[-0.014130982,-0.013309518,-0.012488054,-0.011666589,-0.010845126,-0.010023662,-0.009202198,-0.008380733,-0.0075592697,-0.006737806,-0.0059163417,-0.005094878,-0.0042734137,-0.00345195,-0.002630486,-0.0018090219,-0.0009875579,-0.00016609396,0.00065537,0.001476834,0.002298298,0.003119762,0.003941226,0.00476269,0.005584154,0.006405618,0.007227082,0.008048546,0.00887001,0.009691474,0.010512938],