{"counts":[1,0,1,3,0,1,5,4,3,3,6,6,8,5,1,4,8,4,7,10,4,5,3,1,0,0,1,0,0,2],"wall_time":1.754110299336e9,"step":1,"max":0.06772589,"min":-0.0646629,"count":96,"bins":[-0.0646629,-0.060249943,-0.055836983,-0.051424023,-0.047011066,-0.042598106,-0.038185146,-0.033772185,-0.029359225,-0.024946265,-0.020533307,-0.016120346,-0.011707386,-0.0072944267,-0.0028814669,0.0015314929,0.0059444527,0.0103574125,0.014770372,0.019183332,0.023596292,0.02800925,0.03242221,0.03683517,0.04124813,0.04566109,0.050074052,0.05448701,0.05889997,0.06331293,0.06772589],"mean":-4.4625872e-10,"std":0.02629928}
{"counts":[2,1,2,4,4,2,2,2,6,6,2,7,11,3,4,1,5,3,4,3,4,1,3,0,4,2,2,4,0,2],"wall_time":1.754110300496e9,"step":2,"max":0.048430197,"min":-0.0426372,"count":96,"bins":[-0.0426372,-0.03960162,-0.036566038,-0.03353046,-0.03049488,-0.0274593,-0.02442372,-0.02138814,-0.01835256,-0.01531698,-0.0122814,-0.00924582,-0.0062102405,-0.003174661,-0.00013908098,0.002896499,0.0059320787,0.0089676585,0.012003238,0.015038818,0.018074399,0.021109978,0.024145558,0.027181137,0.030216718,0.0332523,0.036287878,0.039323457,0.042359035,0.045394618,0.048430197],"mean":-1.5522043e-10,"std":0.022681322}
{"counts":[3,1,2,4,2,3,4,2,2,3,2,3,2,2,7,7,5,5,3,4,1,7,6,3,1,3,3,2,2,2],"wall_time":1.754110301624e9,"step":3,"max":0.04695082,"min":-0.049992554,"count":96,"bins":[-0.049992554,-0.046761107,-0.043529663,-0.040298216,-0.03706677,-0.033835325,-0.030603878,-0.027372433,-0.024140988,-0.020909542,-0.017678095,-0.01444665,-0.011215204,-0.007983758,-0.0047523123,-0.0015208665,0.0017105793,0.004942025,0.008173471,0.011404917,0.014636363,0.01786781,0.021099254,0.0243307,0.027562145,0.030793592,0.034025036,0.037256483,0.04048793,0.043719374,0.04695082],"mean":-2.910383e-10,"std":0.025285425}
{"counts":[1,0,0,0,1,2,1,1,3,5,3,1,4,3,5,6,4,6,8,6,3,9,7,6,1,2,1,2,2,3],"wall_time":1.754110302719e9,"step":4,"max":0.03513302,"min":-0.050033543,"count":96,"bins":[-0.050033543,-0.04719466,-0.044355772,-0.041516885,-0.038678,-0.035839118,-0.03300023,-0.030161345,-0.02732246,-0.024483575,-0.02164469,-0.018805804,-0.015966918,-0.013128033,-0.0102891475,-0.007450262,-0.0046113767,-0.0017724913,0.0010663942,0.0039052796,0.006744165,0.00958305,0.012421936,0.015260821,0.018099707,0.020938592,0.023777477,0.026616363,0.029455248,0.03229413,0.03513302],"mean":4.4625872e-10,"std":0.017606683}
{"counts":[1,0,1,0,1,1,7,3,7,3,1,3,9,4,9,6,4,5,5,5,8,4,2,1,2,1,0,0,1,2],"wall_time":1.754110303796e9,"step":5,"max":0.046146184,"min":-0.045535296,"count":96,"bins":[-0.045535296,-0.042479247,-0.039423198,-0.03636715,-0.0333111,-0.03025505,-0.027199,-0.02414295,-0.021086901,-0.018030852,-0.014974803,-0.011918753,-0.008862704,-0.0058066547,-0.0027506053,0.000305444,0.0033614933,0.0064175427,0.009473592,0.012529641,0.015585691,0.01864174,0.02169779,0.024753839,0.027809888,0.030865937,0.033921987,0.036978036,0.040034086,0.043090135,0.046146184],"mean":6.596868e-10,"std":0.018261354}
{"counts":[2,0,0,1,3,1,4,5,3,0,2,4,4,6,3,3,10,9,2,9,6,3,5,5,0,1,2,2,0,1],"wall_time":1.754110304946e9,"step":6,"max":0.043175343,"min":-0.047991842,"count":96,"bins":[-0.047991842,-0.044952936,-0.04191403,-0.03887512,-0.035836216,-0.03279731,-0.029758405,-0.0267195,-0.023680592,-0.020641686,-0.01760278,-0.014563874,-0.011524968,-0.008486061,-0.0054471553,-0.0024082493,0.0006306569,0.003669563,0.0067084692,0.009747376,0.012786281,0.015825188,0.018864093,0.021903,0.024941906,0.027980812,0.03101972,0.034058627,0.037097532,0.040136438,0.043175343],"mean":-2.0372681e-10,"std":0.01943596}
{"counts":[2,0,1,0,3,0,4,1,1,7,2,7,3,4,4,2,7,7,6,5,6,5,3,3,5,1,4,1,0,2],"wall_time":1.754110306038e9,"step":7,"max":0.028347673,"min":-0.033806257,"count":96,"bins":[-0.033806257,-0.03173446,-0.029662661,-0.027590863,-0.025519066,-0.023447268,-0.021375472,-0.019303674,-0.017231876,-0.015160078,-0.01308828,-0.0110164825,-0.008944685,-0.0068728873,-0.00480109,-0.002729292,-0.00065749435,0.0014143033,0.003486101,0.0055578984,0.0076296963,0.009701494,0.011773292,0.013845089,0.015916888,0.017988686,0.020060482,0.02213228,0.024204077,0.026275875,0.028347673],"mean":3.0073957e-10,"std":0.013789619}
{"counts":[1,1,3,4,0,2,3,8,5,6,9,3,5,4,5,3,2,5,2,4,6,4,1,3,2,1,1,2,0,1],"wall_time":1.754110307107e9,"step":8,"max":0.045279108,"min":-0.037399232,"count":96,"bins":[-0.037399232,-0.03464329,-0.03188734,-0.029131398,-0.026375454,-0.023619508,-0.020863565,-0.01810762,-0.0153516745,-0.01259573,-0.009839785,-0.007083841,-0.004327896,-0.0015719516,0.0011839931,0.003939938,0.0066958824,0.009451827,0.012207772,0.014963716,0.017719662,0.020475606,0.023231551,0.025987495,0.02874344,0.031499386,0.03425533,0.037011273,0.039767217,0.042523164,0.045279108],"mean":-2.7163574e-10,"std":0.018922972}
{"counts":[1,1,0,0,1,0,0,2,2,0,1,3,3,4,7,6,11,6,2,5,9,5,3,5,4,6,3,5,0,1],"wall_time":1.754110308224e9,"step":9,"max":0.035369687,"min":-0.055622645,"count":96,"bins":[-0.055622645,-0.052589566,-0.04955649,-0.04652341,-0.043490335,-0.040457256,-0.037424177,-0.0343911,-0.031358022,-0.028324945,-0.025291868,-0.02225879,-0.019225713,-0.016192634,-0.013159556,-0.010126479,-0.007093401,-0.0040603234,-0.0010272458,0.0020058318,0.0050389096,0.008071987,0.011105065,0.014138143,0.01717122,0.020204298,0.023237376,0.026270453,0.029303532,0.032336608,0.035369687],"mean":-2.522332e-10,"std":0.01789936}
{"counts":[1,0,1,0,3,0,2,4,1,1,2,4,9,8,8,7,3,5,6,5,5,4,3,2,4,1,1,2,2,2],"wall_time":1.754110309404e9,"step":10,"max":0.03359303,"min":-0.039574236,"count":96,"bins":[-0.039574236,-0.037135325,-0.03469642,-0.03225751,-0.0298186,-0.027379692,-0.024940783,-0.022501875,-0.020062964,-0.017624056,-0.0151851475,-0.012746239,-0.01030733,-0.007868421,-0.0054295124,-0.0029906034,-0.00055169465,0.0018872141,0.004326123,0.0067650317,0.009203941,0.011642849,0.014081758,0.016520668,0.018959576,0.021398485,0.023837393,0.026276302,0.028715212,0.03115412,0.03359303],"mean":-4.656613e-10,"std":0.015273907}
{"counts":[2,0,0,2,0,0,1,3,3,3,1,1,3,3,5,6,5,7,7,8,5,8,3,7,4,2,0,3,1,3],"wall_time":1.754110310509e9,"step":11,"max":0.033985168,"min":-0.049096435,"count":96,"bins":[-0.049096435,-0.046327047,-0.043557663,-0.040788274,-0.03801889,-0.0352495,-0.032480113,-0.029710729,-0.02694134,-0.024171954,-0.021402568,-0.018633181,-0.015863795,-0.0130944075,-0.01032502,-0.007555634,-0.004786247,-0.0020168603,0.0007525265,0.0035219132,0.0062913,0.009060686,0.011830074,0.01459946,0.017368848,0.020138234,0.02290762,0.025677007,0.028446395,0.031215781,0.033985168],"mean":-9.7012766e-11,"std":0.017679863}
{"counts":[1,0,1,0,0,2,1,3,5,2,4,3,3,1,5,4,0,4,2,7,8,9,6,6,7,4,3,2,2,1],"wall_time":1.754110311648e9,"step":12,"max":0.04487223,"min":-0.06829704,"count":96,"bins":[-0.06829704,-0.06452473,-0.060752425,-0.056980114,-0.053207807,-0.049435496,-0.04566319,-0.04189088,-0.03811857,-0.03434626,-0.030573951,-0.026801642,-0.023029333,-0.019257024,-0.015484715,-0.011712406,-0.007940097,-0.0041677873,-0.0003954783,0.0033768308,0.00714914,0.010921449,0.014693758,0.018466068,0.022238377,0.026010687,0.029782996,0.033555303,0.037327614,0.04109992,0.04487223],"mean":1.5522043e-10,"std":0.0252361}
{"counts":[1,0,0,0,0,0,0,2,0,2,3,1,4,4,3,6,7,13,10,4,10,6,4,3,2,7,0,2,1,1],"wall_time":1.754110312715e9,"step":13,"max":0.02577741,"min":-0.0403565,"count":96,"bins":[-0.0403565,-0.038152035,-0.035947572,-0.033743106,-0.031538643,-0.02933418,-0.027129717,-0.024925252,-0.02272079,-0.020516325,-0.018311862,-0.016107399,-0.013902934,-0.011698471,-0.009494008,-0.0072895437,-0.00508508,-0.0028806166,-0.0006761529,0.0015283108,0.0037327744,0.005937238,0.008141702,0.010346165,0.012550629,0.014755093,0.016959555,0.01916402,0.021368483,0.023572948,0.02577741],"mean":-2.910383e-11,"std":0.011117327}
{"counts":[1,0,2,0,1,1,2,3,1,1,5,7,3,6,5,6,7,3,7,6,4,3,4,2,3,4,3,3,1,2],"wall_time":1.754110313779e9,"step":14,"max":0.033192225,"min":-0.042086422,"count":96,