{"wall_time":1.754150915201e9,"step":1,"value":1.0}
{"wall_time":1.754150918787e9,"step":2,"value":2.0}
{"wall_time":1.754150920766e9,"step":3,"value":3.0}
{"wall_time":1.754150922375e9,"step":4,"value":4.0}
{"wall_time":1.754150924396e9,"step":5,"value":5.0}
{"wall_time":1.754150926265e9,"step":6,"value":6.0}
{"wall_time":1.75415092833e9,"step":7,"value":7.0}
{"wall_time":1.754150930379e9,"step":8,"value":8.0}
{"wall_time":1.754150932588e9,"step":9,"value":9.0}
{"wall_time":1.754150934731e9,"step":10,"value":10.0}
{"wall_time":1.754150937209e9,"step":11,"value":11.0}
{"wall_time":1.754150939741e9,"step":12,"value":12.0}
{"wall_time":1.75415094319e9,"step":13,"value":13.0}
