{"wall_time":1.754150915191e9,"step":1,"value":1.1940595}
{"wall_time":1.754150918783e9,"step":2,"value":1.1677575}
{"wall_time":1.754150920763e9,"step":3,"value":1.1540936}
{"wall_time":1.754150922373e9,"step":4,"value":1.1315064}
{"wall_time":1.754150924394e9,"step":5,"value":1.1385186}
{"wall_time":1.754150926263e9,"step":6,"value":1.1113739}
{"wall_time":1.754150928328e9,"step":7,"value":1.1233792}
{"wall_time":1.754150930374e9,"step":8,"value":1.0971363}
{"wall_time":1.754150932584e9,"step":9,"value":1.1119237}
{"wall_time":1.754150934731e9,"step":10,"value":1.1085523}
{"wall_time":1.754150937197e9,"step":11,"value":1.0978274}
{"wall_time":1.754150939739e9,"step":12,"value":1.0938516}
{"wall_time":1.754150943186e9,"step":13,"value":1.0983388}
