{"wall_time":1.754150914988e9,"step":1,"value":0.8510001}
{"wall_time":1.754150918783e9,"step":2,"value":0.5220001}
{"wall_time":1.754150920763e9,"step":3,"value":0.41199994}
{"wall_time":1.75415092237e9,"step":4,"value":0.45599985}
{"wall_time":1.754150924394e9,"step":5,"value":0.4499998}
{"wall_time":1.754150926263e9,"step":6,"value":0.43499994}
{"wall_time":1.754150928327e9,"step":7,"value":0.582}
{"wall_time":1.754150930374e9,"step":8,"value":0.44500017}
{"wall_time":1.754150932583e9,"step":9,"value":0.49899983}
{"wall_time":1.754150934731e9,"step":10,"value":0.513}
{"wall_time":1.754150937194e9,"step":11,"value":0.63100004}
{"wall_time":1.754150939738e9,"step":12,"value":0.635}
{"wall_time":1.754150943184e9,"step":13,"value":0.44200015}
