{"wall_time":1.754150915197e9,"step":1,"value":0.34375}
{"wall_time":1.754150918787e9,"step":2,"value":0.35}
{"wall_time":1.754150920766e9,"step":3,"value":0.35125}
{"wall_time":1.754150922375e9,"step":4,"value":0.35125}
{"wall_time":1.754150924396e9,"step":5,"value":0.34125}
{"wall_time":1.754150926263e9,"step":6,"value":0.3875}
{"wall_time":1.75415092833e9,"step":7,"value":0.3475}
{"wall_time":1.754150930376e9,"step":8,"value":0.3975}
{"wall_time":1.754150932586e9,"step":9,"value":0.3525}
{"wall_time":1.754150934731e9,"step":10,"value":0.36125}
{"wall_time":1.754150937202e9,"step":11,"value":0.38125}
{"wall_time":1.75415093974e9,"step":12,"value":0.38875}
{"wall_time":1.754150943186e9,"step":13,"value":0.36625}
