{"wall_time":1.754150915198e9,"step":1,"value":1.1940595}
{"wall_time":1.754150918787e9,"step":2,"value":1.1677575}
{"wall_time":1.754150920766e9,"step":3,"value":1.1540936}
{"wall_time":1.754150922375e9,"step":4,"value":1.1315064}
{"wall_time":1.754150924396e9,"step":5,"value":1.1385186}
{"wall_time":1.754150926263e9,"step":6,"value":1.1113739}
{"wall_time":1.75415092833e9,"step":7,"value":1.1233792}
{"wall_time":1.754150930376e9,"step":8,"value":1.0971363}
{"wall_time":1.754150932588e9,"step":9,"value":1.1119237}
{"wall_time":1.754150934731e9,"step":10,"value":1.1085523}
{"wall_time":1.754150937203e9,"step":11,"value":1.0978274}
{"wall_time":1.754150939741e9,"step":12,"value":1.0938516}
{"wall_time":1.75415094319e9,"step":13,"value":1.0983388}
