{"counts":[2,2,0,2,3,2,3,4,4,2,1,1,2,1,1,0,0,0,0,0,0,0,0,0,0,1,0,0,0,1],"wall_time":1.754172416658e9,"step":1,"max":0.017633362,"min":-0.005642131,"count":32,"bins":[-0.005642131,-0.004866281,-0.0040904316,-0.0033145817,-0.002538732,-0.0017628822,-0.0009870324,-0.00021118268,0.0005646671,0.0013405168,0.0021163665,0.0028922164,0.003668066,0.004443916,0.0052197655,0.0059956154,0.0067714653,0.0075473147,0.008323165,0.009099014,0.0098748645,0.010650714,0.011426563,0.012202414,0.012978263,0.013754113,0.014529963,0.0153058125,0.016081663,0.016857512,0.017633362],"mean":0.0009415029,"std":0.0049172225}
{"counts":[1,0,0,0,0,0,1,0,1,1,2,1,0,2,7,6,4,0,0,1,0,1,3,0,0,0,0,0,0,1],"wall_time":1.754172417847e9,"step":2,"max":0.036348224,"min":-0.035801742,"count":32,"bins":[-0.035801742,-0.033396743,-0.030991744,-0.028586745,-0.026181746,-0.023776747,-0.021371748,-0.01896675,-0.016561752,-0.014156752,-0.011751753,-0.009346754,-0.006941756,-0.004536757,-0.002131758,0.00027324073,0.0026782395,0.0050832382,0.007488237,0.009893236,0.012298235,0.014703234,0.017108234,0.01951323,0.02191823,0.024323229,0.026728228,0.029133227,0.031538226,0.033943225,0.036348224],"mean":0.0004855524,"std":0.0127519695}
{"counts":[1,1,0,0,0,0,2,2,6,4,3,5,2,0,1,0,1,0,1,0,0,1,0,0,1,0,0,0,0,1],"wall_time":1.75417241932e9,"step":3,"max":0.02407697,"min":-0.012942712,"count":32,"bins":[-0.012942712,-0.011708722,-0.010474733,-0.009240744,-0.008006754,-0.006772765,-0.0055387756,-0.004304786,-0.0030707966,-0.0018368072,-0.0006028178,0.0006311716,0.001865161,0.0030991505,0.00433314,0.0055671292,0.0068011186,0.008035108,0.009269098,0.010503087,0.011737077,0.012971066,0.014205055,0.015439045,0.016673034,0.017907023,0.019141013,0.020375002,0.021608992,0.02284298,0.02407697],"mean":0.00085359294,"std":0.007251157}
{"counts":[1,1,0,0,1,1,0,0,2,0,1,1,2,4,4,3,3,2,0,1,2,1,0,0,0,1,0,0,0,1],"wall_time":1.754172420802e9,"step":4,"max":0.01869299,"min":-0.015256079,"count":32,"bins":[-0.015256079,-0.014124443,-0.012992808,-0.011861172,-0.010729536,-0.0095979,-0.008466265,-0.0073346295,-0.0062029934,-0.005071358,-0.003939722,-0.0028080868,-0.0016764511,-0.0005448154,0.00058682024,0.0017184559,0.0028500916,0.003981727,0.005113363,0.0062449984,0.007376634,0.00850827,0.009639906,0.010771541,0.011903177,0.013034812,0.014166448,0.015298083,0.016429719,0.017561356,0.01869299],"mean":0.00082582707,"std":0.007088199}
{"counts":[1,1,0,1,2,2,0,5,1,7,5,0,3,1,0,0,0,0,0,0,1,1,0,0,0,0,0,0,0,1],"wall_time":1.754172422236e9,"step":5,"max":0.038528033,"min":-0.017116021,"count":32,"bins":[-0.017116021,-0.01526122,-0.013406417,-0.011551616,-0.009696814,-0.007842013,-0.0059872107,-0.0041324086,-0.0022776069,-0.00042280517,0.0014319966,0.0032867985,0.0051416,0.006996402,0.008851204,0.010706006,0.012560807,0.01441561,0.01627041,0.018125214,0.019980015,0.021834817,0.023689618,0.02554442,0.027399221,0.029254023,0.031108825,0.032963626,0.03481843,0.03667323,0.038528033],"mean":0.0010258203,"std":0.010598208}
{"counts":[1,0,0,0,1,0,0,0,0,2,1,2,2,6,4,2,4,1,1,2,0,0,1,1,0,0,0,0,0,1],"wall_time":1.754172423753e9,"step":6,"max":0.02639433,"min":-0.021610688,"count":32,"bins":[-0.021610688,-0.020010522,-0.018410353,-0.016810186,-0.015210019,-0.013609852,-0.012009685,-0.010409517,-0.00880935,-0.0072091827,-0.0056090155,-0.004008848,-0.002408681,-0.0008085138,0.00079165347,0.0023918208,0.003991988,0.0055921553,0.0071923225,0.00879249,0.0103926575,0.011992824,0.013592992,0.015193159,0.016793326,0.018393494,0.019993661,0.021593828,0.023193995,0.024794163,0.02639433],"mean":0.001782195,"std":0.008515875}
{"counts":[3,0,0,0,0,1,2,0,2,5,5,7,2,1,0,0,1,0,0,1,0,1,0,0,0,0,0,0,0,1],"wall_time":1.754172425241e9,"step":7,"max":0.018517518,"min":-0.009538043,"count":32,"bins":[-0.009538043,-0.008602858,-0.0076676724,-0.006732487,-0.005797302,-0.004862116,-0.003926931,-0.0029917455,-0.0020565602,-0.0011213748,-0.00018618938,0.000748996,0.0016841814,0.0026193669,0.003554552,0.0044897376,0.005424923,0.0063601085,0.0072952937,0.008230479,0.009165664,0.01010085,0.011036036,0.01197122,0.012906406,0.013841592,0.014776777,0.015711963,0.016647147,0.017582333,0.018517518],"mean":0.00039260386,"std":0.0053934716}
{"counts":[1,0,0,0,0,0,0,1,1,1,0,0,2,1,2,3,4,6,4,1,0,1,1,0,1,0,0,0,0,2],"wall_time":1.754172426625e9,"step":8,"max":0.012513086,"min":-0.01741804,"count":32,"bins":[-0.01741804,-0.016420336,-0.015422632,-0.0144249275,-0.013427223,-0.012429519,-0.011431815,-0.010434111,-0.009436406,-0.008438702,-0.0074409978,-0.0064432938,-0.0054455893,-0.0044478853,-0.003450181,-0.0024524769,-0.0014547727,-0.00045706847,0.0005406357,0.0015383399,0.0025360442,0.0035337484,0.0045314524,0.005529157,0.006526861,0.0075245653,0.008522269,0.009519974,0.010517678,0.011515382,0.012513086],"mean":-0.0008326709,"std":0.0057277605}
{"counts":[1,0,1,1,0,0,1,4,4,5,6,4,1,2,0,0,0,0,0,0,0,0,0,0,1,0,0,0,0,1],"wall_time":1.754172428112e9,"step":9,"max":0.025728239,"min":-0.012963721,"count":32,"bins":[-0.012963721,-0.011673989,-0.010384257,-0.009094525,-0.007804793,-0.0065150606,-0.0052253287,-0.003935597,-0.0026458648,-0.0013561328,-6.640082e-5,0.0012233312,0.0025130631,0.0038027952,0.0050925273,0.006382259,0.007671991,0.008961723,0.010251455,0.011541187,0.012830919,0.0141206505,0.015410383,0.016700115,0.017989846,0.019279579,0.020569311,0.021859042,0.023148775,0.024438506,0.025728239],"mean":0.00010615357,"std":0.006994124}
{"counts":[1,0,0,0,0,0,0,0,1,0,1,1,1,1,2,0,7,7,4,3,1,1,0,0,0,0,0,0,0,1],"wall_time":1.754172429573e9,"step":10,"max":0.018174715,"min":-0.024206268,"count":32,"bins":[-0.024206268,-0.022793569,-0.02138087,-0.019968169,-0.01855547,-0.01714277,-0.015730072,-0.014317372,-0.012904672,-0.011491973,-0.010079273,-0.008666574,-0.0072538746,-0.005841175,-0.0044284756,-0.0030157762,-0.0016030767,-0.0001903773,0.0012223221,0.0026350215,0.004047721,0.0054604206,0.00687312,0.00828582,0.009698519,0.0111112185,0.0125239175,0.013936617,0.015349316,0.016762016,0.018174715],"mean":-0.0008376573,"std":0.006732741}
{"counts":[1,1,1,0,0,0,0,0,2,3,1,1,6,4,1,3,2,0,1,0,0,1,1,1,0,0,0,0,0,2],"wall_time":1.754172431023e9,"step":11,"max":0.017352786,"min":-0.013536312,"count":32,"bins":[-0.013536312,-0.012506675,-0.011477038,-0.010447402,-0.009417766,-0.008388129,-0.0073584924,-0.0063288556,-0.005299219,-0.004269582,-0.0032399457,-0.0022103093,-0.0011806727,-0.00015103606,0.0008786005,0.0019082371,0.0029378736,0.00396751,0.004997147,0.0060267835,0.00705642,0.008086056,0.009115693,0.01014533,0.011174967,0.012204603,0.01323424,0.014263876,0.0152935125,0.01632315,0.017352786],"mean":0.00061254273,"std":0.006997653}
{"counts":[1,0,0,0,0,0,0,0,1,0,0,0,1,1,0,2,0,2,12,4,3,2,1,0,1,0,0,0,0,1],"wall_time":1.754172432475e9,"step":12,"max":0.016647974,"min":-0.02636515,"count":32,"bins":[-0.02636515,-0.024931379,-0.023497608,-0.022063838,-0.020630067,-0.019196296,-0.017762525,-0.016328754,-0.014894984,-0.013461213,-0.0120274415,-0.010593671,-0.0091599,-0.0077261296,-0.0062923585,-0.004858588,-0.003424817,-0.0019910464,-0.0005572755,0.0008764953,0.002310266,0.003744037,0.0051778075,0.0066115786,0.008045349,0.00947912,0.010912891,0.012346662,0.013780433,0.015214203,0.016647974],"mean":-0.00041144702,"std":0.007064974}
{"counts":[1,0,0,0,0,1,0,1,1,2,1,1,0,1,1,4,5,1,3,5,1,0,1,0,0,1,0,0,0,1],"wall_time":1.754172433887e9,"step":13,"max":0.014744882,"min":-0.016731206,"count":32,"bins":[-0.016731206,-0.015682003,-0.014632801,-0.013583598,-0.012534395,-0.011485192,-0.010435989,-0.009386786,-0.008337582,-0.00728838,-0.006239177,-0.0051899743,-0.004140771,-0.0030915684,-0.0020423653,-0.0009931624,5.6040535e-5,0.0011052435,0.0021544464,0.0032036493,0.0042528524,0.0053020553,0.006351258,0.007400461,0.008449664,0.009498867,0.01054807,0.011597273,0.012646476,0.013695679,0.014744882],"mean":-0.00023160577,"std":0.006151519}
{"counts":[1,0,0,0,0,0,0,0,0,0,2,0,0,2,1,2,2,6,6,2,1,1,3,2,0,0,0,0,0,1],"wall_time":1.754172435366e9,"step":14,"max":0.017071053,"min":-0.0249301,"count":32,