{"counts":[2,0,0,1,1,1,1,3,4,4,1,3,8,4,4,3,0,4,4,4,2,3,1,1,1,0,0,1,2,1],"wall_time":1.754172416652e9,"step":1,"max":0.007416211,"min":-0.008650511,"count":64,"bins":[-0.008650511,-0.0081149535,-0.007579396,-0.0070438385,-0.006508281,-0.0059727235,-0.0054371664,-0.004901609,-0.0043660514,-0.0038304941,-0.0032949366,-0.0027593793,-0.0022238218,-0.0016882645,-0.0011527071,-0.00061714975,-8.159236e-5,0.000453965,0.0009895224,0.0015250798,0.002060637,0.0025961946,0.003131752,0.0036673094,0.004202867,0.004738424,0.0052739815,0.005809539,0.0063450965,0.0068806536,0.007416211],"mean":-0.0008663498,"std":0.0035331713}
{"counts":[2,0,0,0,2,0,2,3,1,4,3,1,3,10,5,4,10,3,1,1,5,0,1,1,0,1,0,0,0,1],"wall_time":1.754172417844e9,"step":2,"max":0.016402317,"min":-0.013653621,"count":64,"bins":[-0.013653621,-0.012651756,-0.011649892,-0.010648027,-0.009646162,-0.008644298,-0.0076424335,-0.006640569,-0.005638704,-0.0046368395,-0.003634975,-0.0026331104,-0.0016312457,-0.00062938116,0.00037248345,0.0013743481,0.0023762127,0.0033780772,0.004379942,0.0053818063,0.006383671,0.0073855356,0.008387401,0.0093892645,0.010391129,0.011392994,0.0123948585,0.013396723,0.014398588,0.015400453,0.016402317],"mean":0.00045584806,"std":0.0054385336}
{"counts":[1,0,0,0,2,4,1,5,6,4,4,4,4,4,9,4,2,2,4,0,1,0,0,1,0,0,0,1,0,1],"wall_time":1.754172419313e9,"step":3,"max":0.013246961,"min":-0.010195708,"count":64,"bins":[-0.010195708,-0.009414285,-0.008632863,-0.007851441,-0.007070019,-0.0062885964,-0.005507174,-0.004725752,-0.0039443295,-0.0031629072,-0.002381485,-0.0016000627,-0.00081864034,-3.7218073e-5,0.0007442042,0.0015256265,0.0023070488,0.003088471,0.0038698935,0.0046513155,0.005432738,0.0062141605,0.0069955825,0.007777005,0.008558427,0.009339849,0.010121272,0.010902694,0.011684116,0.012465538,0.013246961],"mean":-0.00048118617,"std":0.0041960967}
{"counts":[1,0,3,1,0,0,1,0,1,2,3,3,5,1,5,8,5,4,5,6,1,2,4,0,0,0,1,1,0,1],"wall_time":1.754172420796e9,"step":4,"max":0.009031972,"min":-0.009831273,"count":64,"bins":[-0.009831273,-0.009202498,-0.008573723,-0.007944948,-0.0073161735,-0.006687399,-0.006058624,-0.005429849,-0.0048010745,-0.0041722995,-0.0035435248,-0.0029147498,-0.002285975,-0.0016572002,-0.0010284254,-0.00039965054,0.00022912429,0.00085789914,0.001486674,0.0021154487,0.0027442237,0.0033729984,0.0040017734,0.004630548,0.005259323,0.005888098,0.0065168724,0.0071456474,0.0077744224,0.008403197,0.009031972],"mean":-0.00017037927,"std":0.0036720987}
{"counts":[1,0,0,0,0,1,0,1,6,1,0,2,5,8,4,8,7,4,3,2,3,2,0,1,0,2,0,0,0,3],"wall_time":1.754172422233e9,"step":5,"max":0.012395052,"min":-0.015143269,"count":64,"bins":[-0.015143269,-0.014225325,-0.0133073805,-0.012389436,-0.011471492,-0.010553549,-0.009635605,-0.008717661,-0.0077997167,-0.0068817725,-0.0059638284,-0.0050458843,-0.00412794,-0.0032099963,-0.0022920524,-0.0013741083,-0.0004561642,0.00046177983,0.0013797239,0.0022976678,0.003215612,0.004133556,0.0050515,0.005969444,0.006887388,0.007805332,0.008723276,0.00964122,0.010559164,0.011477108,0.012395052],"mean":-0.00084846787,"std":0.0050859866}
{"counts":[1,2,0,1,0,0,2,2,7,3,4,3,2,5,3,5,3,5,3,3,0,3,2,2,0,1,0,1,0,1],"wall_time":1.754172423745e9,"step":6,"max":0.009161245,"min":-0.009673179,"count":64,"bins":[-0.009673179,-0.009045365,-0.0084175505,-0.0077897366,-0.0071619228,-0.0065341084,-0.005906294,-0.0052784802,-0.004650666,-0.004022852,-0.0033950377,-0.0027672236,-0.0021394095,-0.0015115953,-0.0008837812,-0.00025596702,0.00037184713,0.0009996613,0.0016274754,0.0022552896,0.0028831037,0.0035109178,0.004138732,0.004766546,0.00539436,0.0060221744,0.0066499887,0.0072778026,0.007905616,0.008533431,0.009161245],"mean":-0.000796792,"std":0.003925632}
{"counts":[2,0,0,0,0,3,1,4,3,3,3,4,1,7,0,3,5,6,4,2,3,2,1,1,1,2,1,1,0,1],"wall_time":1.754172425232e9,"step":7,"max":0.007525104,"min":-0.0069119846,"count":64,"bins":[-0.0069119846,-0.0064307484,-0.005949512,-0.005468276,-0.0049870396,-0.0045058033,-0.004024567,-0.0035433306,-0.0030620943,-0.002580858,-0.0020996218,-0.0016183854,-0.0011371492,-0.00065591285,-0.00017467656,0.00030655973,0.00078779605,0.0012690324,0.0017502686,0.002231505,0.0027127413,0.0031939775,0.0036752138,0.0041564503,0.0046376865,0.005118923,0.005600159,0.0060813953,0.0065626316,0.007043868,0.007525104],"mean":0.00021613635,"std":0.003079161}
{"counts":[2,1,0,0,0,0,1,1,2,1,2,5,1,4,1,4,3,4,4,6,1,5,3,3,3,2,2,1,0,2],"wall_time":1.754172426623e9,"step":8,"max":0.0060852654,"min":-0.0068800445,"count":64,"bins":[-0.0068800445,-0.0064478675,-0.0060156905,-0.0055835135,-0.0051513365,-0.0047191596,-0.0042869826,-0.0038548056,-0.0034226284,-0.0029904514,-0.0025582744,-0.0021260974,-0.0016939205,-0.0012617435,-0.0008295665,-0.00039738952,3.4787474e-5,0.00046696447,0.0008991415,0.0013313185,0.0017634955,0.0021956724,0.0026278493,0.0030600266,0.0034922035,0.0039243805,0.0043565575,0.0047887345,0.0052209115,0.0056530884,0.0060852654],"mean":0.0005889175,"std":0.0029148255}
{"counts":[3,3,1,2,2,1,3,2,1,1,1,5,2,5,5,2,5,4,6,1,3,1,2,0,1,0,0,0,0,2],"wall_time":1.754172428107e9,"step":9,"max":0.007458681,"min":-0.0060928017,"count":64,"bins":[-0.0060928017,-0.0056410856,-0.0051893694,-0.0047376533,-0.004285937,-0.0038342213,-0.0033825052,-0.002930789,-0.0024790731,-0.002027357,-0.0015756409,-0.0011239247,-0.0006722087,-0.00022049263,0.00023122346,0.00068293954,0.0011346557,0.0015863717,0.0020380877,0.0024898038,0.00294152,0.003393236,0.0038449522,0.0042966683,0.0047483845,0.0052001,0.0056518163,0.0061035324,0.0065552485,0.0070069646,0.007458681],"mean":-0.00017583395,"std":0.0031728365}
{"counts":[1,0,0,0,0,0,1,0,0,0,2,3,0,2,1,2,2,2,6,7,4,3,7,2,5,4,3,4,0,3],"wall_time":1.754172429565e9,"step":10,"max":0.006487703,"min":-0.011493674,"count":64,"bins":[-0.011493674,-0.010894294,-0.010294915,-0.0096955355,-0.009096157,-0.008496777,-0.007897398,-0.0072980192,-0.0066986396,-0.0060992604,-0.005499881,-0.004900502,-0.004301123,-0.0037017437,-0.0031023645,-0.0025029853,-0.0019036061,-0.0013042268,-0.0007048476,-0.00010546843,0.0004939108,0.00109329,0.0016926692,0.0022920484,0.0028914276,0.0034908068,0.004090186,0.0046895654,0.0052889446,0.0058883238,0.006487703],"mean":0.00070779317,"std":0.0034773643}
{"counts":[1,1,0,0,0,1,2,1,1,4,2,5,0,4,5,6,6,5,2,4,3,1,4,3,0,1,0,0,0,2],"wall_time":1.754172431015e9,"step":11,"max":0.008668249,"min":-0.0093251895,"count":64,"bins":[-0.0093251895,-0.008725408,-0.008125627,-0.007525846,-0.0069260644,-0.0063262833,-0.005726502,-0.0051267208,-0.0045269392,-0.003927158,-0.003327377,-0.0027275956,-0.0021278143,-0.001528033,-0.0009282518,-0.0003284705,0.00027131077,0.000871092,0.0014708734,0.0020706546,0.002670436,0.0032702172,0.0038699985,0.00446978,0.005069561,0.0056693424,0.0062691234,0.006868905,0.007468686,0.0080684675,0.008668249],"mean":4.7617512e-5,"std":0.0035103313}
{"counts":[1,0,1,0,1,0,2,0,1,0,2,3,3,0,13,2,2,8,4,5,4,3,2,1,0,2,2,1,0,1],"wall_time":1.754172432473e9,"step":12,"max":0.006690992,"min":-0.0077865496,"count":64,"bins":[-0.0077865496,-0.007303965,-0.00682138,-0.0063387956,-0.005856211,-0.005373626,-0.004891041,-0.0044084564,-0.003925872,-0.0034432872,-0.0029607024,-0.0024781176,-0.001995533,-0.0015129482,-0.0010303635,-0.0005477788,-6.519407e-5,0.00041739066,0.00089997536,0.0013825601,0.0018651448,0.0023477296,0.0028303142,0.003312899,0.0037954836,0.0042780684,0.0047606532,0.005243238,0.0057258224,0.006208407,0.006690992],"mean":0.00024159411,"std":0.0027835118}
{"counts":[1,1,1,0,1,0,1,3,3,2,9,5,2,4,9,5,4,3,1,2,1,1,0,0,1,2,0,0,0,2],"wall_time":1.754172433883e9,"step":13,"max":0.009417593,"min":-0.0078096534,"count":64,"bins":[-0.0078096534,-0.007235412,-0.00666117,-0.006086929,-0.0055126874,-0.0049384455,-0.004364204,-0.0037899627,-0.003215721,-0.0026414797,-0.002067238,-0.0014929966,-0.000918755,-0.0003445135,0.00022972803,0.00080396957,0.0013782111,0.0019524526,0.0025266942,0.0031009356,0.0036751772,0.0042494186,0.0048236605,0.005397902,0.0059721433,0.006546385,0.0071206265,0.007694868,0.00826911,0.008843351,0.009417593],"mean":2.4216202e-5,