{"counts":[1,0,1,0,0,0,0,2,2,2,2,4,7,6,8,5,1,8,3,4,1,2,2,1,0,1,0,0,0,1],"wall_time":1.754172416542e9,"step":1,"max":0.011357416,"min":-0.013309484,"count":64,"bins":[-0.013309484,-0.012487254,-0.011665024,-0.010842795,-0.010020564,-0.009198334,-0.008376104,-0.007553874,-0.0067316443,-0.005909414,-0.0050871843,-0.004264954,-0.003442724,-0.002620494,-0.001798264,-0.000976034,-0.00015380395,0.0006684261,0.001490656,0.002312886,0.003135116,0.003957346,0.0047795763,0.005601806,0.0064240363,0.007246266,0.008068496,0.008890727,0.009712956,0.010535186,0.011357416],"mean":-0.0009540633,"std":0.0041195806}
{"counts":[2,1,1,0,2,1,1,4,2,4,1,2,7,6,5,6,10,1,0,2,0,0,0,3,1,0,0,1,0,1],"wall_time":1.75417241784e9,"step":2,"max":0.016497878,"min":-0.0122099,"count":64,"bins":[-0.0122099,-0.011252974,-0.010296048,-0.009339122,-0.008382196,-0.00742527,-0.006468344,-0.005511418,-0.0045544924,-0.0035975664,-0.0026406404,-0.0016837145,-0.0007267885,0.00023013745,0.0011870634,0.0021439893,0.0031009153,0.0040578414,0.005014767,0.005971693,0.006928619,0.007885545,0.008842471,0.009799397,0.010756323,0.011713249,0.012670174,0.013627101,0.014584026,0.015540953,0.016497878],"mean":0.00050412735,"std":0.0057076653}
{"counts":[1,0,0,0,0,0,0,1,0,1,3,4,2,4,5,4,6,5,5,5,8,1,1,2,3,1,0,0,0,2],"wall_time":1.754172419307e9,"step":3,"max":0.011843896,"min":-0.017664256,"count":64,"bins":[-0.017664256,-0.01668065,-0.015697045,-0.01471344,-0.013729836,-0.012746231,-0.011762626,-0.01077902,-0.009795415,-0.00881181,-0.007828205,-0.0068446,-0.005860995,-0.00487739,-0.003893785,-0.00291018,-0.001926575,-0.0009429699,4.0635096e-5,0.0010242402,0.002007845,0.0029914503,0.003975055,0.0049586603,0.0059422655,0.00692587,0.007909476,0.00889308,0.009876685,0.01086029,0.011843896],"mean":-0.0007586108,"std":0.0050039063}
{"counts":[1,0,0,1,1,0,1,0,2,0,2,2,3,3,4,2,10,7,5,1,5,3,5,1,0,1,0,2,0,2],"wall_time":1.754172420789e9,"step":4,"max":0.009721806,"min":-0.0129201105,"count":64,"bins":[-0.0129201105,-0.01216538,-0.011410649,-0.010655919,-0.009901188,-0.009146458,-0.008391727,-0.0076369965,-0.006882266,-0.0061275354,-0.005372805,-0.0046180743,-0.0038633437,-0.0031086132,-0.0023538826,-0.0015991521,-0.00084442156,-8.969099e-5,0.0006650396,0.0014197702,0.0021745006,0.0029292312,0.0036839617,0.0044386922,0.005193423,0.0059481533,0.006702884,0.0074576144,0.008212345,0.0089670755,0.009721806],"mean":-7.039646e-5,"std":0.0043469374}
{"counts":[1,0,1,0,0,1,0,1,1,2,1,4,4,9,8,11,5,3,1,3,0,2,1,1,0,0,1,2,0,1],"wall_time":1.754172422232e9,"step":5,"max":0.016075715,"min":-0.018038083,"count":64,"bins":[-0.018038083,-0.016900957,-0.01576383,-0.014626703,-0.013489576,-0.01235245,-0.011215324,-0.010078196,-0.00894107,-0.0078039435,-0.006666817,-0.00552969,-0.0043925634,-0.003255437,-0.0021183104,-0.0009811837,0.0001559429,0.0012930695,0.0024301962,0.0035673226,0.0047044493,0.005841576,0.0069787027,0.008115829,0.009252956,0.010390082,0.011527209,0.012664336,0.013801462,0.014938589,0.016075715],"mean":-0.00071338715,"std":0.005962614}
{"counts":[3,0,1,1,1,5,4,3,1,4,5,4,6,6,5,4,4,1,0,2,1,2,0,0,0,0,0,0,0,1],"wall_time":1.754172423737e9,"step":6,"max":0.015084626,"min":-0.0113263205,"count":64,"bins":[-0.0113263205,-0.010445955,-0.009565591,-0.008685226,-0.007804861,-0.006924496,-0.0060441312,-0.0051637664,-0.004283401,-0.0034030364,-0.0025226716,-0.0016423067,-0.00076194183,0.000118423064,0.0009987879,0.0018791528,0.0027595176,0.0036398827,0.0045202477,0.0054006125,0.0062809773,0.007161342,0.008041707,0.008922072,0.009802436,0.010682802,0.011563167,0.012443531,0.013323897,0.014204261,0.015084626],"mean":-0.0011756329,"std":0.0049464046}
{"counts":[1,0,1,0,2,2,2,10,4,3,6,3,8,8,3,2,2,0,4,0,0,1,1,0,0,0,0,0,0,1],"wall_time":1.754172425228e9,"step":7,"max":0.015839081,"min":-0.008890317,"count":64,"bins":[-0.008890317,-0.008066003,-0.00724169,-0.006417377,-0.005593064,-0.0047687506,-0.003944437,-0.0031201239,-0.0022958107,-0.0014714974,-0.00064718415,0.00017712914,0.0010014424,0.0018257557,0.0026500688,0.0034743822,0.0042986954,0.005123009,0.005947322,0.0067716353,0.0075959484,0.008420262,0.009244575,0.010068889,0.010893201,0.011717515,0.012541828,0.013366141,0.014190455,0.015014768,0.015839081],"mean":0.0005549697,"std":0.004056597}
{"counts":[2,0,0,1,1,2,0,1,1,1,3,3,1,2,5,2,6,2,5,7,5,4,3,0,2,3,0,1,0,1],"wall_time":1.754172426617e9,"step":8,"max":0.0075709606,"min":-0.008220976,"count":64,"bins":[-0.008220976,-0.0076945783,-0.0071681803,-0.0066417824,-0.006115385,-0.005588987,-0.005062589,-0.004536191,-0.004009793,-0.003483395,-0.0029569974,-0.0024305994,-0.0019042015,-0.0013778036,-0.0008514057,-0.00032500783,0.00020139007,0.00072778796,0.0012541858,0.0017805838,0.0023069817,0.0028333794,0.0033597774,0.0038861753,0.0044125733,0.0049389713,0.005465369,0.0059917667,0.0065181646,0.0070445626,0.0075709606],"mean":0.00046367262,"std":0.0033567527}
{"counts":[1,0,0,1,1,2,1,1,2,3,3,0,0,3,0,2,6,3,6,4,3,4,6,1,1,2,4,1,1,2],"wall_time":1.754172428103e9,"step":9,"max":0.006020368,"min":-0.009182739,"count":64,"bins":[-0.009182739,-0.008675969,-0.008169198,-0.0076624285,-0.007155658,-0.006648888,-0.0061421175,-0.005635347,-0.0051285774,-0.004621807,-0.0041150367,-0.0036082664,-0.0031014963,-0.002594726,-0.0020879558,-0.0015811855,-0.0010744153,-0.000567645,-6.0874783e-5,0.00044589545,0.0009526657,0.0014594359,0.0019662061,0.0024729765,0.0029797466,0.003486517,0.003993287,0.0045000575,0.0050068274,0.0055135977,0.006020368],"mean":-0.00030889234,"std":0.0035039021}
{"counts":[1,0,0,1,1,0,0,1,2,0,1,2,3,1,1,8,7,6,4,4,6,5,4,1,0,2,2,0,0,1],"wall_time":1.754172429561e9,"step":10,"max":0.009294391,"min":-0.010967648,"count":64,"bins":[-0.010967648,-0.010292246,-0.009616845,-0.008941444,-0.008266043,-0.0075906413,-0.00691524,-0.006239839,-0.0055644372,-0.004889036,-0.004213635,-0.0035382337,-0.0028628323,-0.002187431,-0.0015120298,-0.0008366285,-0.00016122722,0.00051417405,0.0011895753,0.0018649766,0.002540378,0.003215779,0.0038911805,0.004566582,0.005241983,0.0059173843,0.0065927855,0.0072681867,0.007943588,0.008618989,0.009294391],"mean":0.000666981,"std":0.0037450045}
{"counts":[1,0,0,0,0,0,0,0,1,0,0,2,3,1,3,6,4,11,11,6,3,5,4,0,1,0,0,0,0,2],"wall_time":1.75417243101e9,"step":11,"max":0.013338708,"min":-0.019738467,"count":64,"bins":[-0.019738467,-0.018635895,-0.017533323,-0.01643075,-0.015328177,-0.014225605,-0.013123033,-0.012020459,-0.010917887,-0.009815315,-0.0087127425,-0.0076101697,-0.006507597,-0.0054050246,-0.004302452,-0.0031998795,-0.002097307,-0.0009947345,0.00010783803,0.0012104105,0.0023129832,0.0034155557,0.004518128,0.005620701,0.006723273,0.007825846,0.008928418,0.0100309905,0.011133564,0.012236136,0.013338708],"mean":-0.000106837135,"std":0.004801434}
{"counts":[1,0,1,0,0,1,1,0,1,0,1,0,0,5,2,1,3,10,2,7,5,4,5,3,1,3,4,2,0,1],"wall_time":1.75417243247e9,"step":12,"max":0.006340706,"min":-0.010596022,"count":64,"bins":[-0.010596022,-0.0100314645,-0.009466907,-0.0089023495,-0.008337792,-0.007773234,-0.0072086765,-0.006644119,-0.006079561,-0.0055150036,-0.004950446,-0.0043858886,-0.0038213308,-0.0032567733,-0.0026922156,-0.002127658,-0.0015631005,-0.0009985429,-0.00043398532,0.00013057227,0.00069512986,0.0012596875,0.0018242451,0.0023888026,0.0029533603,0.0035179178,0.0040824753,0.004647033,0.005211591,0.0057761483,0.006340706],"mean":7.255167e-5,"std":0.0033470471}
{"counts":[1,1,1,1,0,1,3,2,6,4,7,6,9,7,3,5,2,1,1,0,0,0,2,0,0,0,0,0,0,1],"wall_time":1.754172433883e9,"step":13,"max":0.014106367,"min":-0.0090140905,"count":64,"bins":[-0.0090140905,-0.008243409,-0.0074727265,-0.006702045,-0.005931363,-0.005160681,-0.004389999,-0.0036193172,-0.0028486352,-0.0020779534,-0.0013072714,-0.00053658953,0.0002340924,0.0010047744,0.0017754562,0.0025461381,0.0033168201,0.004087502,0.0048581837,0.0056288657,0.0063995477,0.0071702297,0.007940912,0.008711593,0.009482276,0.010252957,0.011023639,0.011794321,0.012565003,0.013335685,0.014106367],"mean":-2.609619e-5,