{"counts":[2,0,1],"wall_time":1.754172416675e9,"step":1,"max":0.016732488,"min":-0.0128388675,"count":3,"bins":[-0.0128388675,-0.0029817491,0.006875369,0.016732488],"mean":3.1044087e-10,"std":0.015165305}
{"counts":[1,0,2],"wall_time":1.754172417871e9,"step":2,"max":0.040089212,"min":-0.076650545,"count":3,"bins":[-0.076650545,-0.03773729,0.00117596,0.040089212],"mean":1.2417635e-9,"std":0.06640475}
{"counts":[1,0,2],"wall_time":1.754172419341e9,"step":3,"max":0.023472633,"min":-0.046308123,"count":3,"bins":[-0.046308123,-0.02304787,0.00021238129,0.023472633],"mean":0.0,"std":0.040105276}
{"counts":[2,0,1],"wall_time":1.754172420817e9,"step":4,"max":0.059654947,"min":-0.041241016,"count":3,"bins":[-0.041241016,-0.0076090284,0.02602296,0.059654947],"mean":1.2417635e-9,"std":0.052908443}
{"counts":[1,0,2],"wall_time":1.754172422239e9,"step":5,"max":0.041318327,"min":-0.062162656,"count":3,"bins":[-0.062162656,-0.027668996,0.006824666,0.041318327],"mean":-1.2417635e-9,"std":0.054799113}
{"counts":[1,0,2],"wall_time":1.754172423767e9,"step":6,"max":0.03458971,"min":-0.06049122,"count":3,"bins":[-0.06049122,-0.028797576,0.002896068,0.03458971],"mean":0.0,"std":0.052566737}
{"counts":[1,1,1],"wall_time":1.754172425267e9,"step":7,"max":0.02618124,"min":-0.021648772,"count":3,"bins":[-0.021648772,-0.005705435,0.010237902,0.02618124],"mean":0.0,"std":0.024234995}
{"counts":[2,0,1],"wall_time":1.754172426625e9,"step":8,"max":0.034334596,"min":-0.019203592,"count":3,"bins":[-0.019203592,-0.0013575293,0.016488533,0.034334596],"mean":-2.483527e-9,"std":0.029804278}
{"counts":[2,0,1],"wall_time":1.75417242812e9,"step":9,"max":0.022920743,"min":-0.013019689,"count":3,"bins":[-0.013019689,-0.0010395454,0.010940598,0.022920743],"mean":3.1044087e-10,"std":0.019911097}
{"counts":[1,0,2],"wall_time":1.754172429583e9,"step":10,"max":0.009746539,"min":-0.016896311,"count":3,"bins":[-0.016896311,-0.008015361,0.0008655892,0.009746539],"mean":-1.5522043e-9,"std":0.014690124}
{"counts":[2,0,1],"wall_time":1.754172431029e9,"step":11,"max":0.040485136,"min":-0.026178356,"count":3,"bins":[-0.026178356,-0.003957192,0.018263971,0.040485136],"mean":2.483527e-9,"std":0.035560064}
{"counts":[1,0,2],"wall_time":1.75417243248e9,"step":12,"max":0.022674978,"min":-0.031160194,"count":3,"bins":[-0.031160194,-0.013215137,0.0047299205,0.022674978],"mean":-1.2417635e-9,"std":0.02790261}
{"counts":[1,1,1],"wall_time":1.754172433892e9,"step":13,"max":0.024810212,"min":-0.027496908,"count":3,"bins":[-0.027496908,-0.010061202,0.007374505,0.024810212],"mean":1.2417635e-9,"std":0.026256856}
{"counts":[1,1,1],"wall_time":1.754172435377e9,"step":14,"max":0.03992583,"min":-0.044645607,"count":3,"bins":[-0.044645607,-0.016455129,0.01173535,0.03992583],"mean":-6.2088173e-10,"std":0.042482812}
{"counts":[1,1,1],"wall_time":1.754172437414e9,"step":15,"max":0.03092986,"min":-0.03246381,"count":3,"bins":[-0.03246381,-0.011332587,0.009798636,0.03092986],"mean":0.0,"std":0.03172466}
