{"counts":[2,1,0,0,0,1,0,1,2,4,0,4,4,10,17,35,89,157,170,77,43,6,5,3,6,0,1,0,0,2],"wall_time":1.754172416534e9,"step":1,"max":0.027021477,"min":-0.0401331,"count":640,"bins":[-0.0401331,-0.037894614,-0.035656128,-0.033417642,-0.031179156,-0.02894067,-0.026702184,-0.024463698,-0.022225212,-0.019986726,-0.01774824,-0.015509755,-0.013271269,-0.011032783,-0.008794297,-0.0065558115,-0.0043173255,-0.0020788398,0.0001596462,0.002398132,0.004636618,0.006875104,0.00911359,0.011352075,0.013590561,0.015829047,0.018067533,0.02030602,0.022544505,0.024782991,0.027021477],"mean":-0.0003111037,"std":0.0056098686}
{"counts":[3,0,5,2,0,2,7,7,8,11,26,34,54,81,101,93,70,42,34,18,13,9,8,5,2,1,0,2,0,2],"wall_time":1.754172417835e9,"step":2,"max":0.017584933,"min":-0.017204951,"count":640,"bins":[-0.017204951,-0.01604529,-0.014885626,-0.013725963,-0.0125663,-0.011406638,-0.010246974,-0.009087312,-0.007927649,-0.0067679863,-0.0056083235,-0.0044486606,-0.0032889978,-0.002129335,-0.00096967205,0.00018999074,0.0013496536,0.0025093164,0.0036689793,0.004828642,0.005988305,0.007147968,0.00830763,0.0094672935,0.010626956,0.011786619,0.012946282,0.014105945,0.015265607,0.01642527,0.017584933],"mean":-6.16944e-5,"std":0.004281479}
{"counts":[1,0,0,0,0,1,0,0,0,0,2,0,2,7,9,14,21,49,99,128,111,91,45,32,14,9,2,0,2,1],"wall_time":1.754172419298e9,"step":3,"max":0.015079872,"min":-0.030779418,"count":640,"bins":[-0.030779418,-0.029250775,-0.027722131,-0.026193488,-0.024664845,-0.023136202,-0.02160756,-0.020078916,-0.018550273,-0.01702163,-0.015492988,-0.013964345,-0.012435702,-0.010907059,-0.0093784155,-0.007849773,-0.00632113,-0.004792487,-0.003263844,-0.001735201,-0.00020655803,0.0013220849,0.0028507279,0.0043793707,0.005908014,0.007436657,0.008965299,0.010493943,0.012022586,0.013551229,0.015079872],"mean":-0.0003856649,"std":0.0039868457}
{"counts":[1,0,2,1,1,9,3,15,20,38,64,100,116,106,79,37,26,6,6,4,2,2,0,1,0,0,0,0,0,1],"wall_time":1.754172420785e9,"step":4,"max":0.022520954,"min":-0.016810182,"count":640,"bins":[-0.016810182,-0.015499145,-0.014188107,-0.0128770685,-0.011566031,-0.010254993,-0.008943955,-0.0076329173,-0.0063218796,-0.0050108414,-0.0036998037,-0.0023887658,-0.001077728,0.0002333099,0.0015443477,0.0028553857,0.0041664233,0.0054774615,0.006788499,0.008099537,0.009410575,0.010721613,0.01203265,0.013343689,0.014654727,0.015965763,0.017276803,0.01858784,0.019898878,0.021209916,0.022520954],"mean":-0.000402388,"std":0.0036179007}
{"counts":[1,0,1,0,2,3,4,4,6,9,20,31,43,67,77,87,91,51,47,28,23,12,12,6,4,4,1,2,3,1],"wall_time":1.754172422231e9,"step":5,"max":0.013612901,"min":-0.014374774,"count":640,"bins":[-0.014374774,-0.013441851,-0.012508929,-0.011576006,-0.010643084,-0.009710161,-0.008777239,-0.007844317,-0.006911394,-0.0059784716,-0.005045549,-0.0041126264,-0.003179704,-0.0022467815,-0.001313859,-0.00038093654,0.0005519859,0.0014849084,0.002417831,0.0033507533,0.004283676,0.0052165985,0.006149521,0.007082443,0.008015366,0.008948288,0.0098812105,0.010814133,0.011747056,0.012679978,0.013612901],"mean":0.0002807682,"std":0.0034553418}
{"counts":[1,1,0,2,3,5,11,10,22,47,77,105,126,90,71,34,15,12,2,2,0,0,0,1,1,1,0,0,0,1],"wall_time":1.754172423735e9,"step":6,"max":0.0246929,"min":-0.017290024,"count":640,"bins":[-0.017290024,-0.015890593,-0.014491162,-0.013091732,-0.0116923,-0.01029287,-0.00889344,-0.007494008,-0.0060945777,-0.004695147,-0.003295716,-0.0018962851,-0.00049685425,0.00090257655,0.0023020073,0.0037014382,0.005100869,0.0065003,0.0078997305,0.009299162,0.010698592,0.012098023,0.013497454,0.014896885,0.016296316,0.017695747,0.019095177,0.020494608,0.02189404,0.02329347,0.0246929],"mean":-0.00018419737,"std":0.0037977414}
{"counts":[2,0,2,2,0,3,1,5,6,6,15,25,29,55,62,105,78,74,42,41,25,15,22,8,5,4,4,2,1,1],"wall_time":1.754172425226e9,"step":7,"max":0.012774451,"min":-0.01506292,"count":640,"bins":[-0.01506292,-0.014135008,-0.013207095,-0.012279183,-0.011351271,-0.010423358,-0.0094954455,-0.008567533,-0.007639621,-0.006711709,-0.0057837963,-0.004855884,-0.0039279717,-0.0030000592,-0.0020721469,-0.0011442346,-0.00021632221,0.00071159017,0.0016395025,0.002567415,0.0034953272,0.0044232397,0.005351152,0.0062790643,0.0072069764,0.008134889,0.0090628015,0.009990714,0.010918626,0.011846539,0.012774451],"mean":-2.2933807e-5,"std":0.0035436072}
{"counts":[1,3,2,6,5,5,5,9,18,26,28,49,73,79,86,75,65,32,21,16,14,9,3,5,1,2,1,0,0,1],"wall_time":1.754172426617e9,"step":8,"max":0.012670204,"min":-0.011370756,"count":640,"bins":[-0.011370756,-0.010569391,-0.009768025,-0.00896666,-0.008165294,-0.007363929,-0.0065625636,-0.0057611982,-0.0049598333,-0.004158468,-0.0033571024,-0.002555737,-0.0017543718,-0.0009530065,-0.00015164117,0.00064972416,0.0014510895,0.0022524549,0.0030538202,0.0038551854,0.004656551,0.0054579163,0.0062592817,0.0070606465,0.007862012,0.008663378,0.009464743,0.010266108,0.011067473,0.011868839,0.012670204],"mean":-0.000138911,"std":0.0030670646}
{"counts":[1,0,1,1,0,1,1,1,6,4,10,18,24,40,42,93,104,98,56,58,27,24,14,3,4,5,1,2,0,1],"wall_time":1.754172428103e9,"step":9,"max":0.013552577,"min":-0.017222647,"count":640,"bins":[-0.017222647,-0.016196806,-0.015170965,-0.014145124,-0.013119283,-0.0120934425,-0.011067602,-0.010041761,-0.009015921,-0.007990079,-0.006964239,-0.0059383977,-0.004912557,-0.0038867162,-0.0028608756,-0.0018350347,-0.0008091939,0.00021664689,0.0012424877,0.0022683286,0.0032941692,0.00432001,0.0053458507,0.006371692,0.0073975325,0.008423373,0.009449214,0.010475055,0.011500896,0.012526737,0.013552577],"mean":-5.3414908e-5,"std":0.0033783198}
{"counts":[1,0,0,1,3,2,3,7,15,15,17,33,42,51,78,97,67,67,36,36,25,11,10,7,8,5,0,0,2,1],"wall_time":1.754172429559e9,"step":10,"max":0.011354417,"min":-0.012472011,"count":640,"bins":[-0.012472011,-0.011677797,-0.010883583,-0.010089369,-0.009295154,-0.00850094,-0.0077067255,-0.0069125113,-0.006118297,-0.005324083,-0.0045298687,-0.0037356543,-0.00294144,-0.002147226,-0.0013530116,-0.00055879727,0.00023541698,0.0010296312,0.0018238456,0.0026180597,0.003412274,0.0042064884,0.0050007026,0.005794917,0.006589131,0.007383345,0.00817756,0.008971774,0.009765988,0.010560202,0.011354417],"mean":-7.9486825e-5,"std":0.003051895}
{"counts":[1,0,0,2,0,0,2,3,4,9,20,28,47,93,102,121,90,48,33,22,5,5,0,1,3,0,0,0,0,1],"wall_time":1.754172431009e9,"step":11,"max":0.017606815,"min":-0.018022219,"count":640,"bins":[-0.018022219,-0.016834585,-0.01564695,-0.014459316,-0.013271681,-0.012084046,-0.010896412,-0.009708777,-0.008521143,-0.0073335087,-0.006145874,-0.0049582394,-0.0037706052,-0.0025829705,-0.0013953361,-0.0002077017,0.0009799327,0.0021675671,0.0033552018,0.004542836,0.0057304706,0.0069181053,0.00810574,0.009293374,0.010481008,0.011668643,0.012856278,0.014043912,0.015231546,0.016419182,0.017606815],"mean":-0.00023620328,"std":0.0032465225}
{"counts":[1,0,0,1,0,0,4,1,10,10,17,26,52,80,149,104,76,52,24,10,12,5,3,2,0,0,0,0,0,1],"wall_time":1.754172432469e9,"step":12,"max":0.016967952,"min":-0.016507357,"count":640,"bins":[-0.016507357,-0.015391514,-0.01427567,-0.013159826,-0.012043983,-0.010928139,-0.009812295,-0.008696452,-0.007580608,-0.0064647645,-0.005348921,-0.004233077,-0.0031172335,-0.0020013899,-0.0008855462,0.00023029745,0.0013461411,0.0024619848,0.0035778284,0.004693672,0.0058095157,0.0069253594,0.008041203,0.009157047,0.01027289,0.011388734,0.012504578,0.013620421,0.014736265,0.015852109,0.016967952],"mean":3.2333588e-5,"std":0.003029157}
{"counts":[1,0,1,1,1,3,0,4,10,10,16,26,58,60,88,98,83,70,39,29,12,10,6,6,3,0,2,1,1,1],"wall_time":1.754172433881e9,"step":13,"max":0.0122014545,"min":-0.013112315,"count":640,"bins":[-0.013112315,-0.012268523,-0.0114247305,-0.010580938,-0.009737146,-0.008893353,-0.008049561,-0.007205769,-0.0063619763,-0.005518184,-0.004674392,-0.0038305996,-0.0029868071,-0.002143015,-0.0012992226,-0.00045543024,0.00038836207,0.0012321544,0.0020759467,0.002919739,0.0037635313,0.0046073236,0.005451116,0.0062949085,0.0071387007,0.007982493,0.008826286,0.009670078,0.01051387,0.011357662,0.0122014545],