{"counts":[2,0,0,1,0,2,1,0,1,7,0,4,3,1,0,1,0,2,1,2,0,0,1,0,0,1,0,0,0,2],"wall_time":1.754172416663e9,"step":1,"max":0.014547679,"min":-0.0076420745,"count":32,"bins":[-0.0076420745,-0.0069024162,-0.0061627575,-0.0054230993,-0.0046834406,-0.0039437823,-0.0032041238,-0.0024644653,-0.001724807,-0.0009851486,-0.0002454901,0.0004941683,0.0012338267,0.001973485,0.0027131436,0.003452802,0.0041924603,0.004932119,0.0056717773,0.006411436,0.0071510943,0.0078907525,0.008630411,0.00937007,0.010109728,0.010849386,0.011589045,0.012328703,0.013068362,0.01380802,0.014547679],"mean":0.0018383258,"std":0.0054081813}
{"counts":[1,0,0,0,0,1,1,2,4,2,8,3,0,2,2,2,0,0,1,0,1,1,0,0,0,0,0,0,0,1],"wall_time":1.754172417848e9,"step":2,"max":0.029881705,"min":-0.016152328,"count":32,"bins":[-0.016152328,-0.01461786,-0.013083393,-0.011548924,-0.010014457,-0.008479989,-0.0069455216,-0.0054110535,-0.003876586,-0.0023421182,-0.0008076504,0.00072681735,0.0022612852,0.0037957528,0.005330221,0.0068646884,0.008399156,0.0099336235,0.011468092,0.01300256,0.014537027,0.016071495,0.017605962,0.01914043,0.020674897,0.022209365,0.023743834,0.025278302,0.02681277,0.028347237,0.029881705],"mean":0.0017309474,"std":0.008291858}
{"counts":[2,0,0,0,0,1,1,0,2,3,2,1,5,4,2,1,0,1,2,1,1,0,0,1,0,0,0,1,0,1],"wall_time":1.754172419323e9,"step":3,"max":0.016869292,"min":-0.011932967,"count":32,"bins":[-0.011932967,-0.010972892,-0.010012817,-0.009052741,-0.008092666,-0.0071325907,-0.0061725155,-0.00521244,-0.004252365,-0.0032922896,-0.0023322143,-0.001372139,-0.00041206367,0.0005480116,0.0015080869,0.0024681622,0.0034282375,0.004388313,0.005348388,0.0063084634,0.0072685387,0.008228614,0.009188689,0.010148765,0.01110884,0.012068915,0.0130289905,0.013989066,0.014949141,0.015909217,0.016869292],"mean":0.0008575259,"std":0.0062546264}
{"counts":[1,0,1,1,0,1,2,1,2,0,3,2,1,3,3,1,1,1,1,2,1,1,0,1,0,1,0,0,0,1],"wall_time":1.754172420804e9,"step":4,"max":0.013695855,"min":-0.009904187,"count":32,"bins":[-0.009904187,-0.0091175195,-0.008330851,-0.007544183,-0.006757515,-0.005970847,-0.0051841787,-0.0043975106,-0.0036108426,-0.0028241747,-0.0020375066,-0.0012508385,-0.0004641704,0.00032249762,0.0011091657,0.0018958338,0.002682502,0.0034691698,0.0042558378,0.005042506,0.005829174,0.006615842,0.0074025104,0.008189178,0.008975847,0.009762514,0.010549182,0.011335851,0.012122518,0.012909187,0.013695855],"mean":0.0006408936,"std":0.005332903}
{"counts":[3,1,0,0,1,2,2,1,3,0,0,0,4,5,2,0,2,0,1,1,0,1,1,0,0,0,0,0,0,2],"wall_time":1.754172422237e9,"step":5,"max":0.012670495,"min":-0.008213483,"count":32,"bins":[-0.008213483,-0.0075173504,-0.0068212175,-0.006125085,-0.0054289526,-0.0047328197,-0.0040366873,-0.0033405547,-0.0026444222,-0.0019482896,-0.001252157,-0.00055602443,0.00014010817,0.00083624077,0.0015323734,0.002228506,0.0029246386,0.003620771,0.0043169037,0.005013036,0.005709169,0.0064053014,0.007101434,0.0077975667,0.008493699,0.009189832,0.009885964,0.010582097,0.01127823,0.011974362,0.012670495],"mean":0.00018589727,"std":0.0052946582}
{"counts":[2,0,2,0,1,0,2,0,1,2,1,0,3,2,3,0,4,1,1,0,1,2,1,0,0,0,0,1,1,1],"wall_time":1.75417242376e9,"step":6,"max":0.011542724,"min":-0.009005061,"count":32,"bins":[-0.009005061,-0.008320135,-0.007635209,-0.006950283,-0.0062653567,-0.0055804304,-0.004895504,-0.004210578,-0.0035256518,-0.0028407257,-0.0021557994,-0.0014708732,-0.000785947,-0.000101020836,0.0005839054,0.0012688315,0.0019537578,0.002638684,0.0033236102,0.004008536,0.0046934625,0.005378389,0.006063315,0.006748241,0.007433167,0.008118093,0.008803019,0.009487946,0.010172872,0.010857798,0.011542724],"mean":0.0004772178,"std":0.005322149}
{"counts":[1,0,0,0,1,1,0,2,3,3,4,7,0,2,3,0,0,1,0,1,1,0,1,0,0,0,0,0,0,1],"wall_time":1.754172425244e9,"step":7,"max":0.01900578,"min":-0.010354035,"count":32,"bins":[-0.010354035,-0.009375374,-0.008396714,-0.007418053,-0.006439393,-0.005460732,-0.004482072,-0.0035034113,-0.002524751,-0.0015460905,-0.00056743,0.00041123046,0.0013898909,0.0023685514,0.0033472118,0.0043258723,0.0053045326,0.0062831934,0.0072618537,0.008240514,0.009219174,0.010197835,0.011176496,0.012155156,0.013133816,0.014112477,0.015091137,0.016069798,0.017048458,0.01802712,0.01900578],"mean":0.0013385032,"std":0.0054276274}
{"counts":[1,1,0,2,2,2,1,0,0,1,1,7,2,2,1,1,1,1,2,1,1,0,1,0,0,0,0,0,0,1],"wall_time":1.754172426625e9,"step":8,"max":0.010116871,"min":-0.0072064665,"count":32,"bins":[-0.0072064665,-0.006629022,-0.006051577,-0.005474133,-0.0048966883,-0.0043192436,-0.003741799,-0.0031643542,-0.0025869098,-0.0020094651,-0.0014320206,-0.00085457595,-0.00027713133,0.00030031326,0.00087775785,0.0014552025,0.0020326471,0.0026100916,0.0031875363,0.003764981,0.0043424256,0.0049198703,0.0054973145,0.006074759,0.006652204,0.0072296485,0.007807093,0.008384538,0.008961982,0.009539427,0.010116871],"mean":-0.0003293003,"std":0.003787288}
{"counts":[1,0,0,0,1,0,1,0,3,3,4,4,6,3,0,1,2,0,1,1,0,0,0,0,0,0,0,0,0,1],"wall_time":1.754172428115e9,"step":9,"max":0.016091319,"min":-0.01084416,"count":32,"bins":[-0.01084416,-0.009946311,-0.009048461,-0.008150612,-0.0072527626,-0.0063549136,-0.005457064,-0.0045592147,-0.0036613655,-0.0027635163,-0.0018656669,-0.0009678177,-6.99684e-5,0.00082788087,0.0017257301,0.0026235795,0.0035214287,0.004419278,0.0053171273,0.006214977,0.0071128258,0.008010675,0.008908524,0.009806374,0.010704223,0.011602072,0.012499922,0.013397771,0.01429562,0.01519347,0.016091319],"mean":-6.781316e-6,"std":0.0045308373}
{"counts":[1,0,0,0,1,0,0,0,1,1,1,0,2,1,2,3,0,7,2,5,3,0,0,0,1,0,0,0,0,1],"wall_time":1.754172429575e9,"step":10,"max":0.010140101,"min":-0.012235295,"count":32,"bins":[-0.012235295,-0.011489448,-0.010743602,-0.009997755,-0.009251908,-0.008506062,-0.0077602156,-0.007014369,-0.0062685227,-0.0055226763,-0.0047768294,-0.004030983,-0.0032851365,-0.0025392899,-0.0017934433,-0.0010475968,-0.00030175026,0.0004440963,0.0011899428,0.0019357894,0.002681636,0.0034274824,0.004173329,0.0049191755,0.005665022,0.006410869,0.0071567153,0.007902562,0.008648409,0.009394255,0.010140101],"mean":-0.000113065296,"std":0.004189143}
{"counts":[1,0,0,0,1,0,1,0,0,0,2,1,0,2,4,1,2,1,4,2,3,1,0,0,2,1,1,1,0,1],"wall_time":1.754172431024e9,"step":11,"max":0.010620548,"min":-0.013320102,"count":32,"bins":[-0.013320102,-0.012522081,-0.011724059,-0.010926037,-0.010128016,-0.009329994,-0.008531972,-0.0077339504,-0.006935929,-0.006137907,-0.0053398856,-0.0045418637,-0.003743842,-0.0029458203,-0.0021477987,-0.001349777,-0.0005517553,0.0002462664,0.001044288,0.0018423098,0.0026403314,0.003438353,0.004236375,0.0050343964,0.0058324183,0.00663044,0.0074284617,0.008226483,0.009024505,0.009822527,0.010620548],"mean":0.00034590362,"std":0.0052703433}
{"counts":[2,0,0,0,0,0,0,0,1,0,1,2,1,4,2,1,2,4,1,2,3,0,0,2,2,0,0,0,1,1],"wall_time":1.754172432476e9,"step":12,"max":0.0072737816,"min":-0.009457869,"count":32,"bins":[-0.009457869,-0.008900148,-0.008342426,-0.007784704,-0.0072269826,-0.006669261,-0.0061115394,-0.0055538174,-0.004996096,-0.004438374,-0.0038806524,-0.0033229308,-0.002765209,-0.0022074874,-0.0016497656,-0.0010920439,-0.00053432223,2.3399463e-5,0.0005811212,0.0011388429,0.0016965646,0.0022542863,0.002812008,0.0033697297,0.0039274516,0.004485173,0.0050428947,0.0056006163,0.0061583384,0.00671606,0.0072737816],"mean":-0.00020154021,"std":0.0036850625}
{"counts":[1,0,0,2,0,0,1,0,2,1,1,4,2,1,5,2,0,1,0,1,1,2,0,0,0,2,1,0,1,1],"wall_time":1.75417243389e9,"step":13,"max":0.0100477785,"min":-0.00926509,"count":32,"bins":[-0.00926509,-0.008621328,-0.007977566,-0.0073338035,-0.006690041,-0.006046279,-0.0054025166,-0.0047587543,-0.004114992,-0.0034712297,-0.0028274674,-0.002183705,-0.0015399428,-0.0008961805,-0.00025241822,0.00039134407,0.0010351064,0.0016788687,0.002322631,0.0029663933,0.0036101555,0.004253918,0.00489768,0.0055414424,0.0061852047,0.006828967,0.0074727293,0.008116491,0.008760254,0.009404017,0.0100477785],"mean":0.00028138224,"std":0.004701851}
{"counts":[1,0,0,0,0,0,0,2,1,1,3,3,3,3,5,2,3,2,1,0,1,0,0,0,0,0,0,0,0,1],"wall_time":1.754172435373e9,