{"counts":[1,0,0,0,0,2,1,1,4,1,5,2,8,3,2,2,2,4,0,4,3,2,3,4,2,2,3,1,1,1],"wall_time":1.754172416646e9,"step":1,"max":0.0064045824,"min":-0.008015345,"count":64,"bins":[-0.008015345,-0.0075346804,-0.0070540165,-0.006573352,-0.006092688,-0.0056120236,-0.005131359,-0.0046506952,-0.004170031,-0.0036893666,-0.0032087024,-0.0027280382,-0.002247374,-0.0017667097,-0.0012860454,-0.0008053812,-0.00032471697,0.00015594726,0.0006366115,0.0011172758,0.00159794,0.0020786042,0.0025592684,0.0030399328,0.003520597,0.004001261,0.0044819256,0.0049625896,0.005443254,0.005923918,0.0064045824],"mean":-7.107874e-5,"std":0.0032529277}
{"counts":[2,0,0,0,1,0,1,3,2,2,3,4,5,6,9,10,6,1,2,2,1,0,0,3,0,0,0,0,0,1],"wall_time":1.754172417842e9,"step":2,"max":0.015818678,"min":-0.012937421,"count":64,"bins":[-0.012937421,-0.011978884,-0.0110203475,-0.010061811,-0.009103275,-0.008144738,-0.0071862014,-0.0062276646,-0.005269128,-0.004310591,-0.0033520546,-0.002393518,-0.0014349815,-0.0004764448,0.0004820918,0.0014406284,0.002399165,0.0033577017,0.004316238,0.005274775,0.0062333117,0.007191848,0.008150385,0.0091089215,0.010067458,0.011025995,0.011984532,0.012943068,0.013901604,0.014860141,0.015818678],"mean":0.000413538,"std":0.004756288}
{"counts":[1,1,0,2,0,5,1,3,8,4,5,6,8,1,8,3,0,2,2,2,1,0,0,0,0,0,0,0,0,1],"wall_time":1.75417241931e9,"step":3,"max":0.010531368,"min":-0.007271795,"count":64,"bins":[-0.007271795,-0.0066783563,-0.0060849176,-0.005491479,-0.00489804,-0.0043046013,-0.0037111626,-0.0031177239,-0.0025242849,-0.0019308463,-0.0013374075,-0.0007439687,-0.00015052994,0.00044290881,0.0010363476,0.0016297863,0.002223225,0.0028166638,0.0034101026,0.0040035415,0.0045969803,0.005190419,0.005783858,0.0063772965,0.0069707353,0.007564174,0.008157613,0.0087510515,0.00934449,0.009937929,0.010531368],"mean":-0.0004919868,"std":0.0029517019}
{"counts":[2,1,2,3,2,2,2,2,2,4,7,6,6,5,3,4,4,1,3,0,0,1,0,1,0,0,0,0,0,1],"wall_time":1.754172420793e9,"step":4,"max":0.012001858,"min":-0.0068233605,"count":64,"bins":[-0.0068233605,-0.006195853,-0.005568346,-0.0049408386,-0.004313331,-0.003685824,-0.0030583167,-0.0024308094,-0.0018033022,-0.0011757949,-0.0005482876,7.921968e-5,0.000706727,0.0013342343,0.0019617416,0.0025892488,0.003216756,0.0038442635,0.0044717705,0.005099278,0.0057267854,0.0063542924,0.0069818,0.0076093073,0.008236814,0.008864322,0.009491829,0.010119337,0.010746843,0.011374351,0.012001858],"mean":0.00029016222,"std":0.0035233675}
{"counts":[1,0,0,0,0,2,2,1,1,1,1,3,4,5,7,8,5,4,2,3,4,1,2,0,0,3,1,2,0,1],"wall_time":1.754172422232e9,"step":5,"max":0.008527361,"min":-0.011153923,"count":64,"bins":[-0.011153923,-0.01049788,-0.009841838,-0.009185795,-0.0085297525,-0.007873709,-0.0072176666,-0.006561624,-0.0059055807,-0.005249538,-0.0045934953,-0.0039374526,-0.0032814096,-0.002625367,-0.001969324,-0.0013132812,-0.0006572384,-1.195632e-6,0.0006548472,0.00131089,0.0019669328,0.0026229755,0.0032790184,0.0039350614,0.004591104,0.005247147,0.0059031895,0.0065592322,0.0072152754,0.007871318,0.008527361],"mean":-0.00068103266,"std":0.0038103492}
{"counts":[2,1,1,1,1,2,5,5,1,4,3,6,5,4,5,4,4,3,1,1,0,0,0,1,1,1,0,0,0,2],"wall_time":1.754172423741e9,"step":6,"max":0.010900703,"min":-0.008492886,"count":64,"bins":[-0.008492886,-0.007846433,-0.0071999803,-0.006553527,-0.005907074,-0.005260621,-0.0046141683,-0.0039677154,-0.0033212623,-0.0026748092,-0.0020283563,-0.0013819033,-0.00073545036,-8.8997374e-5,0.0005574556,0.0012039086,0.0018503616,0.0024968146,0.0031432675,0.0037897206,0.0044361735,0.0050826264,0.0057290792,0.0063755326,0.0070219855,0.0076684384,0.008314892,0.008961344,0.0096077975,0.01025425,0.010900703],"mean":-0.0006344158,"std":0.0039853994}
{"counts":[1,1,0,1,3,3,2,4,6,5,7,4,3,6,3,4,4,3,1,2,0,0,0,0,0,0,0,0,0,1],"wall_time":1.75417242523e9,"step":7,"max":0.01141211,"min":-0.0069334605,"count":64,"bins":[-0.0069334605,-0.0063219415,-0.0057104225,-0.0050989036,-0.0044873846,-0.0038758654,-0.0032643464,-0.0026528274,-0.0020413082,-0.0014297892,-0.00081827026,-0.00020675124,0.00040476778,0.0010162868,0.0016278059,0.0022393249,0.0028508438,0.0034623628,0.004073882,0.004685401,0.00529692,0.005908439,0.006519958,0.007131477,0.007742996,0.008354515,0.008966034,0.009577553,0.010189072,0.010800591,0.01141211],"mean":3.9699236e-5,"std":0.0030583919}
{"counts":[1,0,0,0,1,2,1,3,2,2,4,6,3,5,6,9,7,2,1,2,1,1,3,1,0,0,0,0,0,1],"wall_time":1.754172426617e9,"step":8,"max":0.009362098,"min":-0.0071153194,"count":64,"bins":[-0.0071153194,-0.0065660723,-0.006016825,-0.005467578,-0.0049183303,-0.0043690833,-0.0038198358,-0.0032705886,-0.0027213416,-0.0021720943,-0.0016228469,-0.0010735997,-0.0005243525,2.4894749e-5,0.000574142,0.0011233892,0.0016726365,0.0022218837,0.002771131,0.0033203783,0.0038696255,0.0044188728,0.00496812,0.0055173673,0.0060666143,0.006615862,0.007165109,0.0077143563,0.008263604,0.00881285,0.009362098],"mean":0.00056961435,"std":0.0028165819}
{"counts":[1,1,0,0,2,1,1,4,2,2,0,3,6,6,7,9,2,3,4,2,1,3,0,1,1,0,1,0,0,1],"wall_time":1.754172428107e9,"step":9,"max":0.009096431,"min":-0.008423481,"count":64,"bins":[-0.008423481,-0.007839484,-0.007255487,-0.00667149,-0.0060874927,-0.0055034957,-0.0049194987,-0.0043355017,-0.0037515047,-0.0031675077,-0.0025835105,-0.0019995135,-0.0014155165,-0.00083151937,-0.00024752232,0.00033647474,0.0009204718,0.0015044688,0.002088466,0.002672463,0.00325646,0.0038404572,0.004424454,0.005008451,0.005592448,0.006176445,0.006760442,0.0073444396,0.007928437,0.008512434,0.009096431],"mean":-0.00016214635,"std":0.0032701935}
{"counts":[1,2,0,2,0,1,2,2,3,2,1,5,1,5,5,5,5,2,3,4,4,2,2,3,0,1,0,0,0,1],"wall_time":1.754172429563e9,"step":10,"max":0.00808077,"min":-0.0069770543,"count":64,"bins":[-0.0069770543,-0.006475127,-0.0059731994,-0.005471272,-0.0049693445,-0.004467417,-0.0039654896,-0.0034635619,-0.0029616344,-0.002459707,-0.0019577795,-0.001455852,-0.0009539245,-0.00045199698,4.99305e-5,0.000551858,0.0010537854,0.001555713,0.0020576403,0.002559568,0.0030614955,0.003563423,0.00406535,0.004567278,0.0050692055,0.005571133,0.0060730604,0.006574988,0.0070769154,0.007578843,0.00808077],"mean":0.0003378951,"std":0.0031557567}
{"counts":[1,0,3,2,0,5,2,1,2,3,1,1,11,6,3,8,2,1,5,0,2,2,0,0,0,0,1,0,0,2],"wall_time":1.754172431011e9,"step":11,"max":0.008434359,"min":-0.0066436054,"count":64,"bins":[-0.0066436054,-0.0061410065,-0.005638408,-0.005135809,-0.00463321,-0.004130611,-0.0036280125,-0.0031254138,-0.0026228148,-0.0021202161,-0.0016176173,-0.0011150185,-0.0006124197,-0.000109820845,0.00039277796,0.0008953768,0.0013979756,0.0019005744,0.0024031731,0.002905772,0.0034083708,0.0039109695,0.0044135684,0.0049161674,0.0054187663,0.0059213648,0.0064239637,0.0069265626,0.0074291616,0.0079317605,0.008434359],"mean":-0.00012804566,"std":0.0031126551}
{"counts":[2,1,0,2,3,2,1,0,2,5,3,3,4,3,4,4,1,3,2,2,4,2,5,2,0,1,1,1,0,1],"wall_time":1.754172432472e9,"step":12,"max":0.0064570317,"min":-0.00495332,"count":64,"bins":[-0.00495332,-0.004572975,-0.00419263,-0.003812285,-0.00343194,-0.0030515948,-0.0026712497,-0.0022909048,-0.0019105596,-0.0015302146,-0.0011498695,-0.0007695245,-0.0003891794,-8.8343395e-6,0.00037151072,0.0007518558,0.0011322008,0.0015125459,0.001892891,0.002273236,0.002653581,0.0030339262,0.0034142712,0.0037946163,0.0041749612,0.0045553064,0.0049356516,0.0053159967,0.0056963414,0.0060766865,0.0064570317],"mean":0.0005318275,"std":0.0027078679}
{"counts":[2,1,1,0,1,0,3,3,6,2,3,4,5,6,2,3,4,1,3,0,2,1,1,2,1,2,1,1,0,3],"wall_time":1.754172433883e9,"step":13,"max":0.006313603,"min":-0.0052783336,"count":64,"bins":[-0.0052783336,-0.0048919357,-0.004505538,-0.00411914,-0.003732742,-0.0033463442,-0.0029599462,-0.0025735484,-0.0021871505,-0.0018007526,-0.0014143548,-0.0010279568,-0.00064155896,-0.00025516108,0.0001312368,0.0005176347,0.00090403255,0.0012904304,0.0016768284,0.0020632262,0.002449624,0.002836022,0.0032224199,0.0036088177,0.0039952155,0.0043816133,0.004768011,0.0051544094,0.0055408073,0.005927205,0.006313603],"mean":0.00021188208,