{"counts":[1,0,0,0,1,1,0,3,4,0,2,2,4,2,1,4,1,1,0,1,1,0,0,1,0,0,0,1,0,1],"wall_time":1.754172416669e9,"step":1,"max":0.010427733,"min":-0.006936165,"count":32,"bins":[-0.006936165,-0.0063573685,-0.005778572,-0.005199775,-0.0046209786,-0.004042182,-0.0034633854,-0.002884589,-0.0023057922,-0.0017269957,-0.0011481991,-0.0005694024,9.394158e-6,0.00058819074,0.0011669873,0.001745784,0.0023245804,0.0029033772,0.0034821737,0.00406097,0.004639767,0.0052185636,0.00579736,0.0063761566,0.0069549535,0.00753375,0.008112547,0.0086913435,0.00927014,0.009848936,0.010427733],"mean":0.0007078975,"std":0.0036718233}
{"counts":[1,0,0,0,1,0,0,1,1,3,1,1,2,4,4,3,1,2,2,1,0,0,1,2,0,0,0,0,0,1],"wall_time":1.75417241785e9,"step":2,"max":0.024224417,"min":-0.020963557,"count":32,"bins":[-0.020963557,-0.019457292,-0.017951025,-0.01644476,-0.014938494,-0.013432228,-0.011925962,-0.010419697,-0.00891343,-0.0074071647,-0.005900899,-0.004394633,-0.0028883673,-0.0013821016,0.0001241643,0.0016304301,0.0031366958,0.0046429615,0.0061492277,0.0076554934,0.009161759,0.010668025,0.012174291,0.013680557,0.015186822,0.01669309,0.018199354,0.01970562,0.021211885,0.022718152,0.024224417],"mean":0.0009814919,"std":0.008846159}
{"counts":[1,0,0,0,0,0,1,0,2,0,1,3,4,3,2,6,3,0,0,1,1,1,1,0,0,0,0,1,0,1],"wall_time":1.75417241933e9,"step":3,"max":0.015632993,"min":-0.014781612,"count":32,"bins":[-0.014781612,-0.013767792,-0.012753972,-0.011740152,-0.010726332,-0.009712512,-0.008698691,-0.007684871,-0.0066710506,-0.0056572305,-0.0046434104,-0.0036295904,-0.00261577,-0.00160195,-0.00058812986,0.00042569032,0.0014395105,0.0024533307,0.0034671507,0.004480971,0.005494791,0.006508611,0.007522431,0.008536251,0.009550071,0.010563892,0.011577712,0.012591532,0.0136053525,0.014619173,0.015632993],"mean":0.00017941935,"std":0.0058132797}
{"counts":[1,1,1,0,0,3,2,0,0,2,2,1,1,4,4,0,1,1,1,2,2,0,0,2,0,0,0,0,0,1],"wall_time":1.754172420807e9,"step":4,"max":0.014169272,"min":-0.009784325,"count":32,"bins":[-0.009784325,-0.008985871,-0.008187419,-0.007388965,-0.006590512,-0.005792059,-0.0049936054,-0.0041951523,-0.0033966992,-0.0025982459,-0.0017997926,-0.0010013394,-0.0002028862,0.00059556705,0.0013940203,0.0021924735,0.0029909268,0.00378938,0.0045878333,0.0053862864,0.0061847395,0.006983193,0.007781646,0.0085801,0.009378552,0.010177006,0.010975459,0.011773912,0.012572366,0.013370818,0.014169272],"mean":0.0007210821,"std":0.005602465}
{"counts":[1,1,0,1,1,3,1,3,2,0,6,3,2,3,1,0,1,1,1,0,0,0,0,0,0,0,0,0,0,1],"wall_time":1.754172422238e9,"step":5,"max":0.02632901,"min":-0.013283223,"count":32,"bins":[-0.013283223,-0.011962815,-0.010642407,-0.009322,-0.008001592,-0.006681184,-0.005360776,-0.0040403684,-0.0027199606,-0.0013995528,-7.914504e-5,0.0012412628,0.0025616705,0.0038820782,0.005202486,0.006522894,0.007843302,0.009163709,0.010484117,0.011804525,0.013124933,0.01444534,0.015765749,0.017086156,0.018406564,0.019726971,0.02104738,0.022367787,0.023688195,0.025008602,0.02632901],"mean":0.00047913284,"std":0.0074697016}
{"counts":[2,1,0,0,0,1,1,0,0,3,0,0,2,4,1,3,2,3,1,1,2,1,1,0,0,1,1,0,0,1],"wall_time":1.754172423762e9,"step":6,"max":0.012659084,"min":-0.010830889,"count":32,"bins":[-0.010830889,-0.01004789,-0.009264891,-0.008481892,-0.007698893,-0.006915894,-0.0061328947,-0.0053498955,-0.0045668967,-0.0037838975,-0.0030008983,-0.002217899,-0.0014349001,-0.00065190095,0.00013109818,0.0009140973,0.0016970964,0.0024800955,0.0032630947,0.0040460937,0.004829093,0.005612092,0.0063950913,0.00717809,0.00796109,0.008744088,0.009527087,0.010310086,0.011093086,0.011876085,0.012659084],"mean":0.00065776764,"std":0.0055909823}
{"counts":[1,0,0,0,0,0,1,0,0,3,1,1,4,4,6,2,1,3,1,0,1,1,1,0,0,0,0,0,0,1],"wall_time":1.754172425247e9,"step":7,"max":0.013757668,"min":-0.011465035,"count":32,"bins":[-0.011465035,-0.010624278,-0.009783522,-0.008942765,-0.008102008,-0.0072612516,-0.0064204945,-0.005579738,-0.004738981,-0.0038982243,-0.0030574675,-0.0022167107,-0.0013759539,-0.00053519703,0.00030555975,0.0011463165,0.0019870733,0.0028278301,0.003668587,0.0045093438,0.0053501003,0.0061908574,0.007031614,0.007872371,0.008713128,0.009553884,0.010394641,0.011235398,0.012076155,0.012916911,0.013757668],"mean":0.0006077459,"std":0.004390735}
{"counts":[1,0,0,0,0,1,2,2,1,0,0,4,2,2,3,3,4,0,1,2,1,0,0,0,0,0,1,1,0,1],"wall_time":1.754172426625e9,"step":8,"max":0.009272194,"min":-0.009368044,"count":32,"bins":[-0.009368044,-0.008746703,-0.008125362,-0.0075040204,-0.006882679,-0.006261338,-0.005639997,-0.0050186557,-0.004397314,-0.0037759729,-0.0031546317,-0.0025332905,-0.0019119491,-0.001290608,-0.0006692667,-4.7925394e-5,0.0005734159,0.0011947572,0.0018160983,0.0024374397,0.003058781,0.003680122,0.0043014633,0.004922805,0.005544146,0.006165487,0.0067868284,0.0074081696,0.008029511,0.008650852,0.009272194],"mean":-0.00048410898,"std":0.0040450203}
{"counts":[1,0,1,0,3,1,0,1,3,5,1,5,2,1,2,2,1,0,0,1,0,0,0,0,0,0,0,1,0,1],"wall_time":1.754172428117e9,"step":9,"max":0.011944901,"min":-0.0075028446,"count":32,"bins":[-0.0075028446,-0.0068545863,-0.006206328,-0.00555807,-0.004909812,-0.0042615538,-0.0036132955,-0.0029650372,-0.002316779,-0.0016685209,-0.0010202626,-0.00037200443,0.00027625373,0.0009245119,0.0015727702,0.0022210283,0.0028692866,0.0035175446,0.004165803,0.004814061,0.005462319,0.0061105774,0.0067588356,0.007407094,0.008055352,0.00870361,0.009351868,0.010000126,0.010648385,0.011296643,0.011944901],"mean":-9.959947e-5,"std":0.0040420704}
{"counts":[1,0,0,0,0,1,0,0,0,3,2,2,2,0,3,1,5,3,5,1,0,1,1,0,0,0,0,0,0,1],"wall_time":1.754172429577e9,"step":10,"max":0.011125945,"min":-0.012238195,"count":32,"bins":[-0.012238195,-0.011459391,-0.010680586,-0.009901782,-0.009122976,-0.008344172,-0.007565367,-0.0067865625,-0.006007758,-0.0052289534,-0.0044501484,-0.003671344,-0.0028925394,-0.0021137346,-0.00133493,-0.0005561253,0.00022267936,0.001001484,0.0017802886,0.0025590933,0.003337898,0.004116703,0.0048955074,0.005674312,0.0064531164,0.0072319214,0.0080107255,0.008789531,0.0095683355,0.01034714,0.011125945],"mean":-0.00050162093,"std":0.004171131}
{"counts":[1,0,0,2,2,2,0,0,1,2,0,1,2,4,1,2,2,2,1,0,1,0,1,0,2,0,1,1,0,1],"wall_time":1.754172431026e9,"step":11,"max":0.010442385,"min":-0.008606589,"count":32,"bins":[-0.008606589,-0.007971624,-0.007336658,-0.006701692,-0.006066726,-0.00543176,-0.0047967946,-0.0041618287,-0.0035268627,-0.002891897,-0.002256931,-0.0016219653,-0.0009869995,-0.00035203362,0.0002829322,0.000917898,0.0015528639,0.0021878297,0.0028227954,0.0034577614,0.0040927273,0.004727693,0.0053626588,0.0059976247,0.0066325907,0.007267556,0.007902523,0.008537488,0.009172454,0.00980742,0.010442385],"mean":0.00034533133,"std":0.0048616985}
{"counts":[1,0,0,0,0,0,0,1,0,0,0,0,2,0,3,0,5,7,3,1,3,2,0,3,0,0,0,0,0,1],"wall_time":1.754172432476e9,"step":12,"max":0.010551007,"min":-0.014971181,"count":32,"bins":[-0.014971181,-0.014120441,-0.013269702,-0.012418962,-0.011568222,-0.010717482,-0.009866743,-0.009016003,-0.008165264,-0.007314524,-0.0064637847,-0.0056130453,-0.0047623054,-0.003911566,-0.0030608263,-0.0022100867,-0.001359347,-0.0005086075,0.00034213215,0.0011928717,0.0020436114,0.002894351,0.0037450907,0.00459583,0.00544657,0.0062973094,0.007148049,0.007998789,0.008849529,0.009700268,0.010551007],"mean":-3.5798377e-5,"std":0.004356805}
{"counts":[1,0,0,0,0,2,0,0,1,0,2,2,1,2,1,0,3,3,2,5,0,0,1,0,0,2,3,0,0,1],"wall_time":1.754172433891e9,"step":13,"max":0.009018921,"min":-0.011295636,"count":32,"bins":[-0.011295636,-0.010618485,-0.009941332,-0.00926418,-0.008587029,-0.007909876,-0.0072327247,-0.0065555726,-0.005878421,-0.005201269,-0.004524117,-0.003846965,-0.0031698132,-0.0024926614,-0.0018155094,-0.0011383574,-0.00046120552,0.00021594639,0.0008930983,0.0015702503,0.0022474022,0.002924554,0.003601706,0.0042788577,0.00495601,0.005633162,0.0063103135,0.0069874655,0.0076646176,0.00834177,0.009018921],"mean":5.2827978e-5,"std":0.004671638}
{"counts":[1,0,0,0,0,0,0,0,0,0,0,0,2,1,2,1,0,0,3,3,2,5,3,2,2,2,1,0,1,1],"wall_time":1.754172435375e9,"step":14,"max":0.009699864,