{"counts":[1,2,1,2,4,2,1,4,5,4,6,4,3,6,1,7,7,4,1,5,3,3,5,4,3,2,0,4,1,1],"wall_time":1.754172416675e9,"step":1,"max":0.03528375,"min":-0.034989297,"count":96,"bins":[-0.034989297,-0.03264686,-0.030304428,-0.027961992,-0.025619557,-0.023277123,-0.020934688,-0.018592253,-0.016249817,-0.013907382,-0.011564948,-0.009222513,-0.0068800775,-0.004537643,-0.0021952079,0.0001472272,0.0024896623,0.0048320973,0.007174532,0.009516967,0.011859402,0.014201837,0.016544271,0.018886708,0.021229142,0.023571577,0.025914012,0.028256446,0.030598883,0.032941315,0.03528375],"mean":9.7012766e-11,"std":0.016815847}
{"counts":[1,1,1,2,3,3,1,1,2,3,4,3,1,4,3,2,5,3,4,5,10,4,2,5,2,9,3,3,1,5],"wall_time":1.754172417858e9,"step":2,"max":0.043062124,"min":-0.061067022,"count":96,"bins":[-0.061067022,-0.05759605,-0.054125078,-0.050654106,-0.047183137,-0.043712165,-0.040241193,-0.03677022,-0.03329925,-0.029828278,-0.026357306,-0.022886336,-0.019415364,-0.015944391,-0.01247342,-0.009002449,-0.0055314773,-0.0020605058,0.0014104657,0.0048814374,0.008352409,0.01182338,0.015294352,0.018765323,0.022236295,0.025707267,0.029178238,0.032649208,0.03612018,0.039591152,0.043062124],"mean":5.966285e-10,"std":0.026748847}
{"counts":[1,0,1,0,0,1,3,1,2,4,2,1,5,7,5,1,2,5,8,9,7,4,4,4,6,2,3,3,3,2],"wall_time":1.754172419334e9,"step":3,"max":0.040256035,"min":-0.060720004,"count":96,"bins":[-0.060720004,-0.057354137,-0.053988267,-0.0506224,-0.047256533,-0.043890666,-0.040524796,-0.03715893,-0.033793062,-0.030427193,-0.027061325,-0.023695456,-0.020329589,-0.01696372,-0.013597853,-0.010231985,-0.006866117,-0.0035002488,-0.00013438091,0.003231487,0.006597355,0.009963223,0.013329091,0.01669496,0.020060826,0.023426695,0.026792563,0.03015843,0.033524297,0.036890168,0.040256035],"mean":-5.044664e-10,"std":0.02171617}
{"counts":[1,0,0,1,3,1,2,4,5,2,6,7,4,5,3,6,5,6,8,2,3,6,4,1,3,3,3,1,0,1],"wall_time":1.754172420811e9,"step":4,"max":0.057426646,"min":-0.06202204,"count":96,"bins":[-0.06202204,-0.058040418,-0.054058794,-0.050077174,-0.04609555,-0.042113926,-0.038132302,-0.034150682,-0.030169059,-0.026187435,-0.022205813,-0.018224189,-0.014242566,-0.010260943,-0.0062793205,-0.0022976976,0.0016839254,0.005665548,0.009647171,0.013628794,0.017610418,0.02159204,0.025573663,0.029555285,0.033536907,0.03751853,0.041500155,0.04548178,0.0494634,0.053445023,0.057426646],"mean":-1.9402553e-10,"std":0.02553571}
{"counts":[2,0,1,2,2,2,1,4,3,5,3,5,0,3,6,5,2,3,5,7,5,7,4,2,8,1,4,1,2,1],"wall_time":1.754172422238e9,"step":5,"max":0.046331838,"min":-0.056796014,"count":96,"bins":[-0.056796014,-0.05335842,-0.049920823,-0.04648323,-0.043045633,-0.03960804,-0.036170445,-0.032732848,-0.029295254,-0.025857659,-0.022420064,-0.018982468,-0.015544874,-0.012107278,-0.008669684,-0.0052320883,-0.0017944932,0.0016431019,0.005080697,0.008518292,0.011955887,0.0153934825,0.018831078,0.022268672,0.025706267,0.029143862,0.032581456,0.036019053,0.039456647,0.042894244,0.046331838],"mean":-5.626741e-10,"std":0.02493487}
{"counts":[1,0,0,1,2,1,5,2,1,3,2,3,2,4,6,2,6,3,8,6,5,6,8,5,3,3,5,1,0,2],"wall_time":1.754172423765e9,"step":6,"max":0.042470448,"min":-0.058811013,"count":96,"bins":[-0.058811013,-0.055434965,-0.052058917,-0.048682865,-0.045306817,-0.04193077,-0.03855472,-0.035178673,-0.031802624,-0.028426575,-0.025050526,-0.021674477,-0.018298429,-0.0149223795,-0.011546331,-0.0081702825,-0.004794234,-0.0014181851,0.0019578636,0.005333912,0.008709961,0.01208601,0.015462059,0.018838108,0.022214156,0.025590204,0.028966254,0.032342304,0.03571835,0.0390944,0.042470448],"mean":1.3581787e-10,"std":0.022363404}
{"counts":[1,0,0,1,2,1,2,1,5,3,5,7,4,5,9,5,5,9,1,8,5,4,2,1,2,3,3,1,0,1],"wall_time":1.754172425262e9,"step":7,"max":0.045612205,"min":-0.049617726,"count":96,"bins":[-0.049617726,-0.046443395,-0.043269064,-0.040094733,-0.036920402,-0.03374607,-0.03057174,-0.02739741,-0.024223078,-0.021048747,-0.017874416,-0.014700085,-0.011525754,-0.008351423,-0.005177092,-0.0020027608,0.0011715703,0.0043459013,0.0075202323,0.010694563,0.013868894,0.017043225,0.020217557,0.023391888,0.026566219,0.02974055,0.03291488,0.03608921,0.039263543,0.042437874,0.045612205],"mean":1.261166e-10,"std":0.018866155}
{"counts":[1,0,0,0,2,1,1,0,3,4,1,6,6,9,9,6,1,7,3,5,6,5,0,6,3,5,3,0,1,2],"wall_time":1.754172426625e9,"step":8,"max":0.035008308,"min":-0.045100495,"count":96,"bins":[-0.045100495,-0.042430203,-0.039759908,-0.037089616,-0.03441932,-0.03174903,-0.029078735,-0.026408441,-0.023738148,-0.021067854,-0.01839756,-0.015727267,-0.013056974,-0.01038668,-0.007716387,-0.005046094,-0.0023758004,0.00029449302,0.0029647865,0.00563508,0.008305374,0.010975666,0.01364596,0.016316254,0.018986547,0.021656841,0.024327135,0.026997427,0.02966772,0.032338016,0.035008308],"mean":-4.268562e-10,"std":0.01621731}
{"counts":[1,0,1,1,1,3,1,1,6,5,5,3,6,9,9,5,4,1,9,8,6,3,1,1,2,0,0,0,2,2],"wall_time":1.754172428118e9,"step":9,"max":0.04368085,"min":-0.043318164,"count":96,"bins":[-0.043318164,-0.040418196,-0.03751823,-0.034618262,-0.031718295,-0.028818328,-0.02591836,-0.023018394,-0.020118427,-0.01721846,-0.014318492,-0.011418525,-0.008518558,-0.005618591,-0.0027186237,0.0001813434,0.0030813105,0.0059812777,0.008881245,0.011781212,0.014681179,0.017581146,0.020481113,0.02338108,0.026281048,0.029181015,0.032080982,0.03498095,0.037880916,0.040780883,0.04368085],"mean":-2.134281e-10,"std":0.017065555}
{"counts":[2,1,3,1,1,3,2,1,3,6,2,4,4,7,8,8,3,5,9,6,1,4,3,4,1,1,2,0,0,1],"wall_time":1.75417242958e9,"step":10,"max":0.03949038,"min":-0.038077887,"count":96,"bins":[-0.038077887,-0.03549228,-0.03290667,-0.03032106,-0.027735451,-0.025149843,-0.022564234,-0.019978626,-0.017393015,-0.014807407,-0.012221798,-0.00963619,-0.0070505803,-0.004464972,-0.0018793627,0.0007062461,0.003291855,0.005877464,0.008463073,0.011048682,0.013634291,0.016219899,0.018805508,0.021391118,0.023976726,0.026562335,0.029147943,0.031733554,0.034319162,0.03690477,0.03949038],"mean":-3.1044087e-10,"std":0.016429838}
{"counts":[1,1,1,0,1,1,2,2,5,7,4,6,5,5,4,6,3,7,0,6,6,5,2,1,4,3,5,1,1,1],"wall_time":1.754172431028e9,"step":11,"max":0.039321408,"min":-0.044096567,"count":96,"bins":[-0.044096567,-0.04131597,-0.038535368,-0.03575477,-0.03297417,-0.030193571,-0.027412971,-0.024632372,-0.021851774,-0.019071175,-0.016290575,-0.013509976,-0.010729377,-0.007948778,-0.0051681786,-0.0023875795,0.0003930196,0.0031736188,0.005954218,0.008734817,0.011515416,0.014296016,0.017076615,0.019857213,0.022637812,0.025418412,0.028199011,0.030979611,0.03376021,0.03654081,0.039321408],"mean":2.134281e-10,"std":0.01847636}
{"counts":[1,2,3,2,5,1,2,2,3,3,5,4,6,3,5,5,6,10,4,3,4,2,2,5,2,2,0,1,1,2],"wall_time":1.754172432478e9,"step":12,"max":0.03638304,"min":-0.03434808,"count":96,"bins":[-0.03434808,-0.03199038,-0.029632675,-0.02727497,-0.024917265,-0.02255956,-0.020201858,-0.017844154,-0.015486449,-0.013128745,-0.010771041,-0.008413337,-0.006055633,-0.003697929,-0.0013402249,0.0010174792,0.0033751833,0.0057328874,0.008090591,0.010448296,0.012805999,0.015163704,0.017521407,0.019879112,0.022236817,0.02459452,0.026952224,0.029309928,0.03166763,0.034025338,0.03638304],"mean":-4.4625872e-10,"std":0.016474897}
{"counts":[1,0,1,1,1,3,1,3,2,7,4,3,4,5,8,7,9,5,7,1,3,3,6,3,3,1,3,0,0,1],"wall_time":1.754172433892e9,"step":13,"max":0.042492643,"min":-0.04526382,"count":96,"bins":[-0.04526382,-0.042338602,-0.03941339,-0.03648817,-0.03356296,-0.030637743,-0.027712528,-0.024787312,-0.021862095,-0.01893688,-0.016011665,-0.01308645,-0.010161234,-0.0072360192,-0.0043108035,-0.0013855882,0.0015396272,0.004464843,0.007390058,0.010315274,0.013240489,0.016165704,0.019090919,0.022016136,0.024941351,0.027866567,0.030791782,0.033716995,0.036642212,0.039567426,0.042492643],"mean":5.432715e-10,"std":0.01773518}
{"counts":[2,1,0,2,0,1,1,6,5,3,3,1,2,7,3,2,1,4,8,6,3,3,4,3,7,7,4,3,1,3],"wall_time":1.754172435376e9,"step":14,"max":0.03618216,"min":-0.049504936,"count":96,