{"counts":[1,1,1,2,7,4,9,7,19,30,54,74,153,277,617,343,189,93,67,45,26,14,5,5,1,1,1,0,0,2],"wall_time":1.754172416653e9,"step":1,"max":0.036160566,"min":-0.034004785,"count":2048,"bins":[-0.034004785,-0.03166594,-0.029327095,-0.02698825,-0.024649406,-0.02231056,-0.019971715,-0.01763287,-0.015294025,-0.012955179,-0.010616335,-0.00827749,-0.0059386445,-0.0035997997,-0.0012609547,0.0010778904,0.0034167354,0.0057555805,0.008094425,0.010433271,0.012772116,0.01511096,0.017449806,0.01978865,0.022127496,0.024466341,0.026805187,0.02914403,0.031482875,0.03382172,0.036160566],"mean":0.00028020566,"std":0.006015139}
{"counts":[1,1,4,3,5,5,4,14,18,36,58,83,162,258,531,377,164,125,74,49,26,17,7,8,7,5,2,2,1,1],"wall_time":1.754172417846e9,"step":2,"max":0.03682468,"min":-0.035521142,"count":2048,"bins":[-0.035521142,-0.033109616,-0.030698087,-0.02828656,-0.025875032,-0.023463504,-0.021051977,-0.01864045,-0.016228924,-0.013817395,-0.0114058675,-0.00899434,-0.006582813,-0.0041712853,-0.0017597581,0.00065176934,0.0030632967,0.005474824,0.007886352,0.010297879,0.012709406,0.015120934,0.017532462,0.019943988,0.022355516,0.024767043,0.02717857,0.029590098,0.032001626,0.034413155,0.03682468],"mean":7.9285135e-5,"std":0.0069185956}
{"counts":[2,0,4,2,5,11,15,36,59,92,185,407,529,261,164,101,54,37,22,21,12,11,5,5,2,4,1,0,0,1],"wall_time":1.754172419317e9,"step":3,"max":0.037653543,"min":-0.026629522,"count":2048,"bins":[-0.026629522,-0.024486754,-0.022343984,-0.020201216,-0.018058447,-0.015915679,-0.0137729095,-0.01163014,-0.009487372,-0.0073446026,-0.005201834,-0.0030590652,-0.00091629627,0.0012264726,0.0033692415,0.0055120103,0.007654779,0.009797548,0.011940317,0.014083086,0.016225854,0.018368624,0.020511393,0.02265416,0.02479693,0.0269397,0.029082468,0.031225236,0.033368006,0.035510775,0.037653543],"mean":0.00037260668,"std":0.00590363}
{"counts":[2,0,0,0,0,4,5,4,6,21,24,35,82,118,229,505,515,227,114,66,44,20,8,9,5,2,1,0,0,2],"wall_time":1.754172420799e9,"step":4,"max":0.036434576,"min":-0.040522497,"count":2048,"bins":[-0.040522497,-0.037957262,-0.035392027,-0.03282679,-0.030261554,-0.027696319,-0.025131082,-0.022565847,-0.02000061,-0.017435376,-0.01487014,-0.012304904,-0.009739668,-0.0071744323,-0.0046091964,-0.0020439606,0.00052127516,0.0030865108,0.005651747,0.008216983,0.010782219,0.013347454,0.01591269,0.018477926,0.02104316,0.023608398,0.026173633,0.02873887,0.031304106,0.03386934,0.036434576],"mean":0.00032898743,"std":0.0062571294}
{"counts":[1,0,1,0,4,1,8,8,24,38,73,109,277,654,442,174,76,63,34,19,13,9,7,5,1,2,1,1,0,3],"wall_time":1.754172422234e9,"step":5,"max":0.046185993,"min":-0.039164696,"count":2048,"bins":[-0.039164696,-0.036319673,-0.03347465,-0.030629627,-0.027784605,-0.024939582,-0.022094559,-0.019249536,-0.016404511,-0.0135594895,-0.010714467,-0.007869444,-0.0050244206,-0.0021793975,0.00066562544,0.0035106484,0.006355671,0.009200694,0.012045717,0.014890741,0.017735763,0.020580785,0.023425808,0.026270833,0.029115856,0.03196088,0.0348059,0.037650924,0.040495947,0.04334097,0.046185993],"mean":0.00037664885,"std":0.006780938}
{"counts":[3,1,3,2,3,10,16,31,56,77,167,272,480,375,215,104,84,61,29,26,17,6,3,1,0,3,1,1,0,1],"wall_time":1.75417242375e9,"step":6,"max":0.038283795,"min":-0.027490571,"count":2048,"bins":[-0.027490571,-0.025298093,-0.023105614,-0.020913135,-0.018720655,-0.016528176,-0.0143356975,-0.012143219,-0.00995074,-0.007758261,-0.0055657825,-0.0033733035,-0.0011808246,0.0010116543,0.0032041331,0.005396612,0.007589091,0.00978157,0.011974049,0.014166527,0.016359007,0.018551486,0.020743964,0.022936443,0.025128921,0.0273214,0.029513879,0.03170636,0.033898838,0.036091316,0.038283795],"mean":0.0009020613,"std":0.006038326}
{"counts":[1,4,1,1,1,3,9,6,6,24,37,53,102,178,291,503,355,195,116,61,37,23,13,9,6,4,3,3,2,1],"wall_time":1.754172425235e9,"step":7,"max":0.026616374,"min":-0.02867065,"count":2048,"bins":[-0.02867065,-0.026827749,-0.024984848,-0.023141947,-0.021299047,-0.019456146,-0.017613245,-0.015770344,-0.013927444,-0.012084543,-0.010241642,-0.0083987415,-0.0065558404,-0.0047129397,-0.0028700389,-0.001027138,0.00081576285,0.0026586636,0.0045015644,0.006344465,0.008187366,0.010030267,0.011873168,0.013716068,0.015558969,0.01740187,0.019244771,0.021087673,0.022930572,0.024773473,0.026616374],"mean":8.613305e-5,"std":0.0051426864}
{"counts":[1,1,0,2,1,3,7,8,12,33,45,79,150,293,498,457,200,102,58,36,29,13,8,3,2,3,1,2,0,1],"wall_time":1.754172426625e9,"step":8,"max":0.03028116,"min":-0.030133002,"count":2048,"bins":[-0.030133002,-0.028119195,-0.02610539,-0.024091585,-0.02207778,-0.020063974,-0.01805017,-0.016036363,-0.014022558,-0.012008753,-0.009994947,-0.007981142,-0.0059673367,-0.0039535314,-0.0019397262,7.407926e-5,0.0020878846,0.00410169,0.006115495,0.008129301,0.010143106,0.012156911,0.0141707165,0.016184522,0.018198328,0.020212132,0.022225939,0.024239743,0.02625355,0.028267354,0.03028116],"mean":-0.00033935273,"std":0.005018665}
{"counts":[1,0,0,1,2,8,10,20,21,22,48,93,160,243,418,418,229,113,83,50,31,15,20,12,11,5,8,4,1,1],"wall_time":1.754172428109e9,"step":9,"max":0.026455887,"min":-0.026725836,"count":2048,"bins":[-0.026725836,-0.024953112,-0.023180388,-0.021407664,-0.01963494,-0.017862216,-0.016089492,-0.014316767,-0.012544043,-0.010771319,-0.008998595,-0.007225871,-0.005453147,-0.003680423,-0.0019076988,-0.00013497472,0.0016377494,0.0034104735,0.0051831976,0.0069559216,0.008728646,0.01050137,0.012274094,0.014046818,0.015819542,0.017592266,0.01936499,0.021137714,0.022910438,0.024683163,0.026455887],"mean":-0.00010312864,"std":0.0053636916}
{"counts":[1,1,0,3,4,2,3,10,11,17,26,44,53,68,107,199,303,496,349,153,84,46,27,11,10,8,5,3,1,3],"wall_time":1.754172429569e9,"step":10,"max":0.020874634,"min":-0.028377157,"count":2048,"bins":[-0.028377157,-0.02673543,-0.025093704,-0.023451978,-0.02181025,-0.020168524,-0.018526798,-0.016885072,-0.015243346,-0.01360162,-0.011959893,-0.010318167,-0.00867644,-0.007034714,-0.0053929877,-0.0037512612,-0.0021095348,-0.00046780842,0.0011739179,0.0028156443,0.004457371,0.006099097,0.0077408236,0.00938255,0.011024276,0.012666003,0.014307729,0.015949456,0.017591182,0.019232908,0.020874634],"mean":-0.00043369405,"std":0.0048715705}
{"counts":[2,0,2,8,14,30,42,105,163,266,474,422,235,115,64,28,29,13,11,8,7,1,6,0,1,0,1,0,0,1],"wall_time":1.754172431018e9,"step":11,"max":0.039184183,"min":-0.02214818,"count":2048,"bins":[-0.02214818,-0.02010377,-0.018059356,-0.016014945,-0.013970532,-0.01192612,-0.009881708,-0.0078372955,-0.0057928837,-0.0037484716,-0.0017040595,0.0003403526,0.0023847646,0.004429177,0.0064735888,0.008518001,0.010562413,0.012606826,0.014651237,0.01669565,0.018740062,0.020784473,0.022828886,0.024873298,0.02691771,0.028962122,0.031006534,0.033050947,0.03509536,0.03713977,0.039184183],"mean":0.00017343259,"std":0.0052992655}
{"counts":[3,1,2,3,2,3,7,9,14,21,32,69,123,219,407,556,269,145,71,38,21,9,9,6,2,2,2,1,1,1],"wall_time":1.754172432474e9,"step":12,"max":0.029716339,"min":-0.030272137,"count":2048,"bins":[-0.030272137,-0.02827252,-0.026272906,-0.02427329,-0.022273675,-0.020274058,-0.018274441,-0.016274827,-0.01427521,-0.012275594,-0.010275979,-0.008276363,-0.0062767467,-0.004277131,-0.0022775151,-0.0002778992,0.0017217167,0.0037213326,0.0057209483,0.0077205645,0.00972018,0.011719796,0.013719412,0.015719028,0.017718643,0.01971826,0.021717876,0.023717491,0.025717108,0.027716722,0.029716339],"mean":-0.0001703962,"std":0.0051180115}
{"counts":[1,0,0,1,4,5,8,9,14,45,56,90,137,239,347,417,267,161,91,51,44,16,13,10,7,2,6,3,1,3],"wall_time":1.754172433883e9,"step":13,"max":0.022390915,"min":-0.023255438,"count":2048,