{"counts":[3,0,1,0,1,3,2,5,7,6,4,5,5,4,3,2,2,3,2,1,2,0,1,0,0,1,0,0,0,1],"wall_time":1.75415219972e9,"step":1,"max":0.012639341,"min":-0.0079536475,"count":64,"bins":[-0.0079536475,-0.0072672144,-0.0065807817,-0.0058943485,-0.005207916,-0.0045214826,-0.00383505,-0.003148617,-0.0024621838,-0.001775751,-0.0010893181,-0.00040288508,0.00028354785,0.0009699808,0.0016564138,0.0023428467,0.0030292796,0.0037157126,0.0044021457,0.0050885784,0.0057750116,0.0064614443,0.0071478775,0.007834311,0.008520743,0.009207176,0.009893609,0.010580042,0.011266475,0.011952908,0.012639341],"mean":6.203672e-5,"std":0.0039512943}
{"counts":[1,1,1,0,0,0,0,0,1,1,0,2,1,1,2,0,5,2,3,9,5,7,2,5,2,5,4,0,2,2],"wall_time":1.754152202224e9,"step":2,"max":0.007178212,"min":-0.01488993,"count":64,"bins":[-0.01488993,-0.014154325,-0.013418721,-0.012683116,-0.011947512,-0.011211907,-0.010476301,-0.009740697,-0.009005092,-0.008269488,-0.0075338827,-0.006798278,-0.0060626734,-0.0053270687,-0.004591464,-0.0038558592,-0.0031202545,-0.0023846496,-0.0016490449,-0.0009134402,-0.00017783542,0.0005577693,0.0012933741,0.002028979,0.0027645836,0.0035001882,0.004235793,0.004971398,0.0057070027,0.0064426074,0.007178212],"mean":-0.0003688432,"std":0.0046017813}
{"counts":[1,0,0,0,0,0,0,0,1,0,0,0,1,2,1,3,2,2,8,6,4,6,6,5,2,4,3,3,2,2],"wall_time":1.754152204351e9,"step":3,"max":0.006319207,"min":-0.015341278,"count":64,"bins":[-0.015341278,-0.014619262,-0.013897246,-0.01317523,-0.012453213,-0.011731197,-0.011009181,-0.010287165,-0.0095651485,-0.008843132,-0.008121116,-0.0073991003,-0.006677084,-0.005955068,-0.0052330517,-0.0045110355,-0.0037890193,-0.003067003,-0.002344987,-0.0016229708,-0.00090095465,-0.00017893846,0.0005430777,0.0012650939,0.0019871101,0.0027091263,0.0034311425,0.0041531585,0.0048751747,0.005597191,0.006319207],"mean":-0.00024394444,"std":0.0037163915}
{"counts":[1,0,0,0,0,0,0,0,0,1,1,0,4,6,7,9,6,9,5,6,1,1,2,1,0,1,1,0,0,2],"wall_time":1.75415220637e9,"step":4,"max":0.008231072,"min":-0.010523014,"count":64,"bins":[-0.010523014,-0.009897877,-0.009272741,-0.008647605,-0.0080224695,-0.0073973327,-0.006772197,-0.0061470605,-0.0055219242,-0.004896788,-0.004271652,-0.0036465158,-0.0030213795,-0.0023962434,-0.0017711072,-0.001145971,-0.0005208348,0.00010430136,0.00072943757,0.0013545738,0.0019797098,0.0026048461,0.0032299822,0.0038551185,0.004480255,0.0051053907,0.005730527,0.0063556633,0.0069807996,0.0076059354,0.008231072],"mean":2.3232002e-5,"std":0.0027997561}
{"counts":[1,0,0,0,0,0,0,1,0,0,1,1,3,8,26,13,5,4,0,0,0,0,0,0,0,0,0,0,0,1],"wall_time":1.754152208459e9,"step":5,"max":0.030718574,"min":-0.03009731,"count":64,"bins":[-0.03009731,-0.028070113,-0.026042918,-0.024015721,-0.021988524,-0.01996133,-0.017934132,-0.015906937,-0.013879741,-0.011852545,-0.009825348,-0.007798152,-0.005770956,-0.0037437598,-0.0017165637,0.0003106324,0.0023378285,0.0043650246,0.006392221,0.008419417,0.010446613,0.0124738095,0.014501005,0.016528202,0.018555397,0.020582594,0.022609789,0.024636986,0.026664183,0.028691377,0.030718574],"mean":-0.00044254237,"std":0.006260821}
{"counts":[1,0,1,0,3,1,2,4,4,2,2,3,8,2,4,4,5,5,2,1,2,3,0,1,1,1,1,0,0,1],"wall_time":1.754152210564e9,"step":6,"max":0.0090402635,"min":-0.008642959,"count":64,"bins":[-0.008642959,-0.008053519,-0.007464078,-0.006874637,-0.006285196,-0.0056957556,-0.005106315,-0.004516874,-0.0039274334,-0.0033379926,-0.0027485518,-0.002159111,-0.0015696703,-0.0009802295,-0.00039078871,0.00019865204,0.0007880928,0.0013775335,0.0019669742,0.002556415,0.0031458559,0.0037352967,0.0043247375,0.004914178,0.005503619,0.0060930597,0.0066825002,0.0072719413,0.007861382,0.008450823,0.0090402635],"mean":-0.0005234537,"std":0.003624913}
{"counts":[1,0,1,0,0,1,0,0,1,4,5,5,3,1,8,8,5,2,1,2,9,0,2,0,1,1,0,0,1,2],"wall_time":1.75415221272e9,"step":7,"max":0.008414611,"min":-0.01057406,"count":64,"bins":[-0.01057406,-0.009941104,-0.009308148,-0.0086751925,-0.008042237,-0.007409281,-0.0067763254,-0.0061433697,-0.005510414,-0.0048774583,-0.0042445026,-0.003611547,-0.0029785912,-0.0023456356,-0.0017126799,-0.0010797242,-0.00044676848,0.00018618722,0.0008191429,0.0014520986,0.0020850543,0.00271801,0.0033509657,0.0039839214,0.004616877,0.0052498328,0.0058827884,0.006515744,0.0071487,0.0077816555,0.008414611],"mean":-0.000678924,"std":0.0036314067}
{"counts":[1,0,0,3,2,3,1,0,5,6,6,4,6,6,3,3,4,0,5,3,1,0,0,0,0,0,1,0,0,1],"wall_time":1.754152214831e9,"step":8,"max":0.013669269,"min":-0.0073752864,"count":64,"bins":[-0.0073752864,-0.006673801,-0.005972316,-0.005270831,-0.0045693456,-0.0038678604,-0.0031663752,-0.00246489,-0.0017634049,-0.0010619197,-0.00036043455,0.00034105062,0.0010425358,0.001744021,0.0024455062,0.0031469914,0.0038484766,0.0045499615,0.0052514467,0.005952932,0.006654417,0.0073559023,0.008057388,0.008758873,0.009460358,0.010161843,0.010863328,0.011564814,0.012266299,0.012967784,0.013669269],"mean":0.0012555121,"std":0.0037931018}
{"counts":[1,0,0,0,0,1,0,0,0,0,0,0,4,2,0,3,4,9,13,8,5,5,2,1,1,1,2,1,0,1],"wall_time":1.754152216856e9,"step":9,"max":0.01307006,"min":-0.021285754,"count":64,"bins":[-0.021285754,-0.02014056,-0.018995367,-0.017850172,-0.016704978,-0.015559785,-0.014414591,-0.013269397,-0.012124203,-0.01097901,-0.0098338155,-0.008688622,-0.0075434283,-0.0063982345,-0.0052530407,-0.004107847,-0.002962653,-0.0018174594,-0.00067226554,0.00047292828,0.0016181221,0.0027633158,0.00390851,0.005053703,0.006198897,0.007344091,0.008489285,0.009634479,0.010779672,0.011924867,0.01307006],"mean":-8.573479e-7,"std":0.0052068853}
{"counts":[1,0,2,2,1,1,5,5,5,4,7,8,3,3,4,2,4,2,1,2,0,0,0,0,0,1,0,0,0,1],"wall_time":1.754152218985e9,"step":10,"max":0.012553977,"min":-0.0065372363,"count":64,"bins":[-0.0065372363,-0.0059008626,-0.0052644885,-0.004628115,-0.003991741,-0.0033553673,-0.0027189937,-0.0020826198,-0.001446246,-0.00080987235,-0.00017349857,0.0004628752,0.001099249,0.0017356228,0.0023719964,0.0030083703,0.0036447442,0.004281118,0.0049174917,0.0055538653,0.006190239,0.006826613,0.0074629867,0.00809936,0.008735734,0.009372108,0.010008481,0.010644856,0.01128123,0.011917603,0.012553977],"mean":0.0006196262,"std":0.0033476579}
{"counts":[1,0,0,1,0,1,0,1,0,0,0,0,1,1,1,1,2,4,10,5,3,9,9,4,2,2,2,1,1,2],"wall_time":1.754152221014e9,"step":11,"max":0.0058719153,"min":-0.014462346,"count":64,"bins":[-0.014462346,-0.013784537,-0.013106729,-0.01242892,-0.011751112,-0.0110733025,-0.010395494,-0.009717685,-0.009039876,-0.008362068,-0.007684259,-0.0070064506,-0.0063286414,-0.005650833,-0.004973024,-0.0042952155,-0.0036174068,-0.002939598,-0.0022617893,-0.0015839806,-0.0009061719,-0.00022836318,0.00044944554,0.0011272542,0.001805063,0.0024828718,0.0031606804,0.003838489,0.004516298,0.0051941066,0.0058719153],"mean":-0.0009261749,"std":0.0037183843}
{"counts":[1,0,0,0,0,0,0,1,1,2,3,3,4,5,7,7,7,3,7,3,3,2,2,1,0,1,0,0,0,1],"wall_time":1.754152223097e9,"step":12,"max":0.00986724,"min":-0.011473528,"count":64,"bins":[-0.011473528,-0.010762169,-0.01005081,-0.009339451,-0.008628093,-0.007916734,-0.0072053745,-0.0064940155,-0.005782657,-0.0050712978,-0.0043599387,-0.0036485798,-0.002937221,-0.0022258621,-0.0015145032,-0.0008031442,-9.178525e-5,0.0006195737,0.0013309326,0.0020422915,0.0027536505,0.0034650094,0.0041763685,0.004887727,0.005599086,0.0063104453,0.007021804,0.007733163,0.008444522,0.009155881,0.00986724],"mean":-0.00020185972,"std":0.0032992102}
{"counts":[1,0,1,1,0,1,1,2,0,2,1,3,2,6,5,11,9,9,2,2,2,1,1,0,0,0,0,0,0,1],"wall_time":1.754152225202e9,"step":13,"max":0.012813916,"min":-0.014556357,"count":64,"bins":[-0.014556357,-0.0136440145,-0.012731672,-0.011819329,-0.010906987,-0.009994645,-0.009082302,-0.008169959,-0.007257617,-0.006345275,-0.005432932,-0.00452059,-0.0036082475,-0.002695905,-0.0017835626,-0.00087122014,4.11223e-5,0.0009534647,0.0018658072,0.0027781497,0.0036904921,0.0046028346,0.005515177,0.0064275195,0.0073398617,0.008252204,0.009164547,0.010076889,0.010989232,0.011901574,0.012813916],"mean":-0.0011188446,"std":0.0043467754}
