{"counts":[1,0,0,0,0,2,2,0,1,4,5,4,2,4,5,7,12,3,5,4,8,7,6,3,4,2,0,2,0,3],"wall_time":1.754152199938e9,"step":1,"max":0.040738273,"min":-0.05513699,"count":96,"bins":[-0.05513699,-0.05194115,-0.048745304,-0.045549463,-0.042353623,-0.039157778,-0.035961937,-0.032766096,-0.029570254,-0.02637441,-0.023178568,-0.019982727,-0.016786885,-0.013591043,-0.0103952,-0.007199358,-0.004003516,-0.00080767396,0.0023881681,0.0055840104,0.008779853,0.011975694,0.015171536,0.018367378,0.02156322,0.024759063,0.027954904,0.031150747,0.034346588,0.037542433,0.040738273],"mean":4.171549e-10,"std":0.018421868}
{"counts":[2,1,3,1,0,3,1,1,2,2,5,8,8,4,3,6,9,3,6,3,3,0,6,6,4,0,2,1,1,2],"wall_time":1.754152202251e9,"step":2,"max":0.043955605,"min":-0.04684458,"count":96,"bins":[-0.04684458,-0.043817908,-0.040791232,-0.03776456,-0.03473789,-0.031711217,-0.028684542,-0.02565787,-0.022631196,-0.019604525,-0.016577851,-0.013551178,-0.010524506,-0.0074978326,-0.0044711595,-0.0014444869,0.001582186,0.004608859,0.0076355315,0.010662205,0.013688877,0.01671555,0.019742223,0.022768896,0.025795568,0.028822241,0.031848915,0.034875587,0.03790226,0.040928934,0.043955605],"mean":1.3581787e-10,"std":0.020722892}
{"counts":[1,1,0,0,0,1,1,3,2,2,3,5,3,5,4,4,8,9,9,4,4,8,3,4,4,2,1,1,3,1],"wall_time":1.754152204377e9,"step":3,"max":0.037374772,"min":-0.050421063,"count":96,"bins":[-0.050421063,-0.047494534,-0.044568006,-0.04164148,-0.038714953,-0.035788424,-0.032861896,-0.029935367,-0.02700884,-0.024082312,-0.021155784,-0.018229257,-0.015302729,-0.012376201,-0.009449673,-0.0065231454,-0.0035966176,-0.0006700897,0.0022564381,0.005182966,0.008109494,0.011036022,0.013962549,0.016889077,0.019815605,0.022742134,0.02566866,0.028595189,0.031521715,0.034448244,0.037374772],"mean":2.134281e-10,"std":0.017464058}
{"counts":[1,0,1,1,0,1,3,1,2,4,3,4,3,4,3,3,6,13,6,3,7,4,4,4,2,3,4,2,3,1],"wall_time":1.75415220639e9,"step":4,"max":0.030535216,"min":-0.041559696,"count":96,"bins":[-0.041559696,-0.039156534,-0.036753368,-0.034350205,-0.031947043,-0.029543879,-0.027140714,-0.02473755,-0.022334386,-0.019931223,-0.017528059,-0.015124896,-0.012721731,-0.010318568,-0.007915404,-0.0055122403,-0.0031090765,-0.0007059129,0.0016972509,0.0041004145,0.0065035783,0.008906742,0.011309906,0.013713069,0.016116234,0.018519396,0.02092256,0.023325725,0.025728889,0.028132051,0.030535216],"mean":2.134281e-10,"std":0.015507426}
{"counts":[1,0,0,1,0,0,1,4,4,4,2,3,1,4,3,5,2,6,5,9,11,2,5,3,7,1,4,4,2,2],"wall_time":1.754152208471e9,"step":5,"max":0.037169095,"min":-0.05691677,"count":96,"bins":[-0.05691677,-0.053780574,-0.05064438,-0.047508184,-0.04437199,-0.041235793,-0.0380996,-0.034963403,-0.031827204,-0.02869101,-0.025554815,-0.02241862,-0.019282423,-0.016146228,-0.0130100325,-0.009873837,-0.0067376415,-0.0036014463,-0.00046525075,0.0026709447,0.0058071404,0.008943336,0.012079531,0.015215727,0.018351922,0.021488117,0.024624312,0.02776051,0.030896705,0.0340329,0.037169095],"mean":1.649217e-10,"std":0.020155113}
{"counts":[1,1,0,0,1,4,5,4,5,2,9,3,5,6,5,7,7,7,6,4,3,2,3,1,1,2,0,0,1,1],"wall_time":1.75415221059e9,"step":6,"max":0.047305826,"min":-0.04245835,"count":96,"bins":[-0.04245835,-0.039466213,-0.03647407,-0.033481933,-0.030489795,-0.027497655,-0.024505517,-0.021513376,-0.018521238,-0.015529098,-0.012536959,-0.00954482,-0.0065526804,-0.0035605414,-0.00056840206,0.0024237372,0.0054158764,0.008408016,0.011400155,0.014392294,0.017384434,0.020376572,0.023368713,0.02636085,0.02935299,0.03234513,0.03533727,0.038329408,0.041321546,0.044313688,0.047305826],"mean":-4.0745363e-10,"std":0.017615318}
{"counts":[1,0,0,3,2,3,5,3,7,1,7,2,7,3,1,1,3,6,6,2,3,4,2,3,3,4,5,3,4,2],"wall_time":1.75415221275e9,"step":7,"max":0.03508482,"min":-0.040598642,"count":96,"bins":[-0.040598642,-0.03807586,-0.03555308,-0.033030294,-0.030507514,-0.02798473,-0.02546195,-0.022939168,-0.020416385,-0.017893603,-0.015370821,-0.012848039,-0.010325257,-0.007802475,-0.0052796924,-0.0027569104,-0.00023412828,0.0022886537,0.004811436,0.007334218,0.009857,0.012379782,0.014902565,0.017425347,0.019948129,0.02247091,0.024993693,0.027516475,0.030039256,0.03256204,0.03508482],"mean":5.820766e-11,"std":0.019805063}
{"counts":[1,1,1,1,1,0,2,4,3,3,3,6,1,5,6,2,4,1,3,5,4,7,4,5,5,8,1,7,1,1],"wall_time":1.754152214873e9,"step":8,"max":0.04479999,"min":-0.06336117,"count":96,"bins":[-0.06336117,-0.059755795,-0.056150425,-0.052545052,-0.04893968,-0.04533431,-0.041728936,-0.038123563,-0.034518193,-0.03091282,-0.027307449,-0.023702076,-0.020096704,-0.016491333,-0.012885961,-0.0092805885,-0.0056752167,-0.0020698446,0.0015355274,0.005140899,0.008746271,0.012351643,0.015957015,0.019562388,0.02316776,0.02677313,0.030378504,0.033983875,0.03758925,0.041194618,0.04479999],"mean":5.820766e-11,"std":0.026315045}
{"counts":[1,0,0,1,0,1,4,3,2,5,3,1,2,6,7,8,3,5,2,7,2,8,6,4,2,5,3,1,0,4],"wall_time":1.754152216874e9,"step":9,"max":0.04015915,"min":-0.053821467,"count":96,"bins":[-0.053821467,-0.05068878,-0.04755609,-0.044423405,-0.04129072,-0.03815803,-0.035025343,-0.031892657,-0.02875997,-0.025627282,-0.022494594,-0.019361908,-0.01622922,-0.013096533,-0.009963845,-0.006831158,-0.0036984708,-0.0005657834,0.0025669038,0.0056995912,0.008832279,0.011964966,0.015097653,0.01823034,0.021363027,0.024495715,0.027628401,0.03076109,0.033893775,0.037026465,0.04015915],"mean":1.3581787e-10,"std":0.020700142}
{"counts":[1,0,0,0,0,0,0,0,0,0,1,0,3,1,6,4,6,11,9,8,8,7,9,5,3,6,2,1,1,4],"wall_time":1.754152219018e9,"step":10,"max":0.03679817,"min":-0.07269588,"count":96,"bins":[-0.07269588,-0.06904608,-0.06539628,-0.061746474,-0.058096673,-0.054446872,-0.05079707,-0.04714727,-0.043497466,-0.039847665,-0.036197864,-0.032548063,-0.02889826,-0.025248459,-0.021598656,-0.017948855,-0.014299053,-0.010649251,-0.0069994493,-0.0033496476,0.0003001541,0.003949956,0.0075997575,0.011249559,0.014899361,0.018549163,0.022198964,0.025848767,0.029498568,0.03314837,0.03679817],"mean":3.8805106e-10,"std":0.017103283}
{"counts":[1,1,0,0,1,1,1,2,3,3,1,3,6,3,8,2,4,5,4,11,1,6,3,4,6,3,5,4,3,1],"wall_time":1.754152221049e9,"step":11,"max":0.030112091,"min":-0.0450817,"count":96,"bins":[-0.0450817,-0.04257524,-0.040068783,-0.037562322,-0.03505586,-0.032549404,-0.030042943,-0.027536483,-0.025030022,-0.022523563,-0.020017104,-0.017510643,-0.015004184,-0.012497724,-0.009991265,-0.007484805,-0.0049783452,-0.0024718854,3.457442e-5,0.0025410342,0.005047494,0.0075539537,0.010060414,0.012566873,0.015073333,0.017579792,0.020086253,0.022592712,0.025099171,0.027605632,0.030112091],"mean":-2.5708383e-10,"std":0.016634103}
{"counts":[1,0,1,0,0,2,3,0,2,3,3,5,6,7,4,6,10,4,3,7,5,4,5,5,5,3,0,1,0,1],"wall_time":1.754152223113e9,"step":12,"max":0.037638936,"min":-0.04643024,"count":96,"bins":[-0.04643024,-0.043627936,-0.040825628,-0.038023323,-0.035221018,-0.032418713,-0.029616406,-0.0268141,-0.024011794,-0.021209488,-0.018407183,-0.015604876,-0.01280257,-0.010000264,-0.0071979584,-0.0043956526,-0.0015933466,0.0012089593,0.004011265,0.0068135713,0.009615877,0.012418183,0.015220488,0.018022794,0.020825101,0.023627406,0.026429713,0.029232018,0.032034323,0.03483663,0.037638936],"mean":2.7163574e-10,"std":0.016399352}
{"counts":[1,0,2,1,2,2,3,2,3,4,2,4,2,2,3,3,3,5,7,8,4,5,3,3,6,5,5,4,1,1],"wall_time":1.754152225211e9,"step":13,"max":0.03039429,"min":-0.041635707,"count":96,"bins":[-0.041635707,-0.039234705,-0.036833707,-0.03443271,-0.032031707,-0.029630708,-0.027229708,-0.024828708,-0.022427708,-0.020026708,-0.017625708,-0.015224708,-0.012823708,-0.0104227085,-0.008021709,-0.0056207087,-0.0032197088,-0.0008187089,0.001582291,0.003983291,0.0063842908,0.008785291,0.0111862905,0.01358729,0.01598829,0.01838929,0.02079029,0.02319129,0.02559229,0.02799329,0.03039429],"mean":7.5912493e-10,"std":0.017462563}
