{"counts":[1,0,0,0,0,0,1,1,1,1,8,1,3,5,6,5,2,5,2,3,1,5,3,3,2,1,2,1,0,1],"wall_time":1.754152199915e9,"step":1,"max":0.0069216117,"min":-0.008768114,"count":64,"bins":[-0.008768114,-0.008245124,-0.0077221324,-0.0071991417,-0.006676151,-0.00615316,-0.005630169,-0.0051071784,-0.004584187,-0.0040611965,-0.0035382055,-0.0030152148,-0.0024922239,-0.001969233,-0.0014462421,-0.00092325127,-0.0004002604,0.00012273046,0.00064572133,0.0011687122,0.0016917031,0.002214694,0.0027376849,0.0032606756,0.0037836665,0.0043066572,0.0048296484,0.005352639,0.00587563,0.006398621,0.0069216117],"mean":-7.024591e-5,"std":0.0030580102}
{"counts":[1,0,0,1,0,0,0,1,0,0,1,2,1,2,0,0,4,3,2,6,7,6,5,4,5,5,3,0,3,2],"wall_time":1.75415220223e9,"step":2,"max":0.0063757645,"min":-0.015021706,"count":64,"bins":[-0.015021706,-0.014308457,-0.013595208,-0.012881959,-0.01216871,-0.011455461,-0.010742212,-0.010028963,-0.009315714,-0.008602465,-0.007889216,-0.0071759666,-0.006462718,-0.0057494687,-0.00503622,-0.0043229708,-0.0036097218,-0.0028964728,-0.0021832236,-0.0014699746,-0.00075672567,-4.347665e-5,0.0006697724,0.0013830214,0.0020962704,0.0028095194,0.0035227684,0.0042360174,0.0049492666,0.0056625153,0.0063757645],"mean":-0.0004065053,"std":0.0041486365}
{"counts":[1,0,0,0,0,0,0,1,0,0,0,1,0,1,6,2,5,9,2,4,7,6,5,4,3,1,3,1,1,1],"wall_time":1.754152204355e9,"step":3,"max":0.006577105,"min":-0.012831533,"count":64,"bins":[-0.012831533,-0.012184579,-0.0115376245,-0.010890669,-0.010243715,-0.00959676,-0.008949806,-0.008302851,-0.0076558967,-0.007008942,-0.0063619874,-0.0057150326,-0.005068078,-0.0044211233,-0.003774169,-0.0031272143,-0.0024802596,-0.0018333051,-0.0011863505,-0.00053939584,0.00010755876,0.00075451337,0.001401468,0.0020484226,0.0026953772,0.0033423319,0.0039892863,0.004636241,0.0052831955,0.0059301504,0.006577105],"mean":-0.00016808775,"std":0.0031810182}
{"counts":[1,0,0,1,0,4,1,3,2,3,4,10,6,7,5,4,1,4,1,2,0,2,0,1,0,0,0,0,1,1],"wall_time":1.754152206375e9,"step":4,"max":0.008720047,"min":-0.006629615,"count":64,"bins":[-0.006629615,-0.0061179595,-0.0056063044,-0.005094649,-0.0045829937,-0.004071338,-0.0035596828,-0.0030480274,-0.0025363718,-0.0020247165,-0.0015130611,-0.0010014058,-0.0004897503,2.190508e-5,0.00053356047,0.0010452159,0.0015568712,0.0020685266,0.0025801822,0.0030918375,0.0036034929,0.0041151484,0.0046268036,0.005138459,0.0056501143,0.00616177,0.0066734254,0.0071850806,0.007696736,0.008208391,0.008720047],"mean":-9.347059e-6,"std":0.0026899981}
{"counts":[2,1,0,0,1,1,0,0,5,13,8,10,7,3,2,2,3,3,2,0,0,0,0,0,0,0,0,0,0,1],"wall_time":1.754152208461e9,"step":5,"max":0.014265792,"min":-0.009298812,"count":64,"bins":[-0.009298812,-0.008513325,-0.007727838,-0.0069423513,-0.0061568646,-0.005371378,-0.004585891,-0.003800404,-0.0030149173,-0.0022294305,-0.0014439436,-0.0006584568,0.00012702998,0.0009125168,0.0016980036,0.0024834904,0.0032689772,0.004054464,0.0048399507,0.0056254375,0.0064109243,0.007196411,0.007981898,0.008767385,0.009552872,0.010338359,0.011123845,0.011909332,0.012694819,0.013480306,0.014265792],"mean":-0.0002638919,"std":0.0034313474}
{"counts":[3,0,1,1,1,4,1,2,3,4,5,1,3,4,2,3,3,3,4,3,1,2,2,0,1,2,2,2,0,1],"wall_time":1.754152210569e9,"step":6,"max":0.0064622704,"min":-0.006600402,"count":64,"bins":[-0.006600402,-0.006164979,-0.005729557,-0.005294135,-0.004858712,-0.0044232896,-0.0039878674,-0.003552445,-0.0031170226,-0.0026816002,-0.0022461778,-0.0018107553,-0.0013753329,-0.00093991053,-0.0005044881,-6.906572e-5,0.0003663567,0.0008017791,0.0012372015,0.0016726239,0.0021080463,0.0025434687,0.0029788911,0.0034143135,0.003849736,0.0042851586,0.0047205808,0.005156003,0.0055914256,0.006026848,0.0064622704],"mean":-0.00042444188,"std":0.003204215}
{"counts":[1,0,0,0,2,0,0,1,1,2,7,1,5,0,7,4,10,3,1,3,4,1,1,5,1,0,1,1,0,2],"wall_time":1.754152212724e9,"step":7,"max":0.007776413,"min":-0.010336962,"count":64,"bins":[-0.010336962,-0.009733182,-0.009129403,-0.008525624,-0.007921845,-0.007318066,-0.0067142867,-0.0061105075,-0.0055067283,-0.004902949,-0.00429917,-0.003695391,-0.0030916117,-0.0024878324,-0.0018840533,-0.0012802742,-0.0006764951,-7.271593e-5,0.00053106324,0.0011348424,0.0017386215,0.0023424006,0.0029461798,0.003549959,0.0041537383,0.0047575175,0.0053612967,0.0059650755,0.0065688547,0.007172634,0.007776413],"mean":-0.0006275862,"std":0.0035590008}
{"counts":[2,2,1,1,4,0,1,5,5,5,3,3,5,5,5,3,3,3,1,2,0,0,2,0,0,0,1,0,0,2],"wall_time":1.754152214852e9,"step":8,"max":0.012015374,"min":-0.0058666724,"count":64,"bins":[-0.0058666724,-0.005270604,-0.0046745357,-0.004078468,-0.0034823995,-0.0028863312,-0.002290263,-0.0016941949,-0.0010981265,-0.00050205836,9.4009876e-5,0.0006900781,0.0012861463,0.0018822146,0.0024782827,0.003074351,0.0036704193,0.0042664874,0.004862556,0.005458624,0.006054692,0.0066507603,0.0072468286,0.0078428965,0.008438965,0.009035033,0.009631101,0.01022717,0.010823238,0.0114193065,0.012015374],"mean":0.0012822347,"std":0.0038045337}
{"counts":[1,0,0,0,0,1,0,0,0,1,5,1,0,0,6,2,8,6,8,4,4,4,4,1,3,1,1,1,0,2],"wall_time":1.754152216859e9,"step":9,"max":0.008206209,"min":-0.0123542305,"count":64,"bins":[-0.0123542305,-0.011668882,-0.010983534,-0.010298187,-0.009612839,-0.008927491,-0.008242142,-0.0075567947,-0.0068714465,-0.006186099,-0.0055007506,-0.0048154024,-0.0041300547,-0.0034447066,-0.0027593586,-0.0020740107,-0.0013886627,-0.00070331467,-1.7966702e-5,0.0006673813,0.0013527293,0.0020380772,0.0027234252,0.0034087733,0.004094121,0.004779469,0.0054648174,0.006150165,0.0068355133,0.007520861,0.008206209],"mean":3.754706e-5,"std":0.0036544118}
{"counts":[1,0,1,0,1,0,0,1,1,1,4,3,6,5,3,6,8,3,3,2,6,1,2,0,1,1,2,1,0,1],"wall_time":1.754152218991e9,"step":10,"max":0.007415965,"min":-0.007524268,"count":64,"bins":[-0.007524268,-0.00702626,-0.0065282523,-0.0060302443,-0.005532237,-0.005034229,-0.0045362213,-0.0040382133,-0.0035402055,-0.0030421978,-0.00254419,-0.0020461823,-0.0015481745,-0.0010501668,-0.00055215904,-5.4151285e-5,0.0004438565,0.0009418643,0.001439872,0.0019378798,0.0024358875,0.0029338952,0.003431903,0.0039299107,0.0044279187,0.004925926,0.005423934,0.0059219417,0.0064199497,0.006917957,0.007415965],"mean":0.00040004414,"std":0.0028228574}
{"counts":[1,0,0,0,0,1,0,1,0,1,1,1,1,1,4,5,7,4,3,6,4,5,6,1,2,3,2,0,2,2],"wall_time":1.754152221019e9,"step":11,"max":0.004821576,"min":-0.009580249,"count":64,"bins":[-0.009580249,-0.0091001885,-0.008620127,-0.008140067,-0.0076600057,-0.007179945,-0.006699884,-0.006219823,-0.0057397624,-0.0052597015,-0.0047796406,-0.0042995797,-0.003819519,-0.003339458,-0.0028593973,-0.0023793364,-0.0018992756,-0.0014192148,-0.0009391539,-0.00045909305,2.0967796e-5,0.0005010286,0.0009810894,0.0014611504,0.0019412112,0.002421272,0.002901333,0.0033813936,0.0038614545,0.0043415152,0.004821576],"mean":-0.0005253592,"std":0.002686101}
{"counts":[2,0,2,0,1,1,4,1,0,3,4,8,3,4,6,2,3,4,1,5,3,1,2,1,1,0,0,1,0,1],"wall_time":1.7541522231e9,"step":12,"max":0.0067198533,"min":-0.006198448,"count":64,"bins":[-0.006198448,-0.005767838,-0.005337228,-0.004906618,-0.004476008,-0.004045398,-0.003614788,-0.003184178,-0.0027535676,-0.0023229576,-0.0018923477,-0.0014617377,-0.0010311275,-0.00060051755,-0.00016990748,0.00026070257,0.0006913126,0.0011219226,0.0015525327,0.0019831427,0.0024137527,0.0028443628,0.0032749728,0.003705583,0.004136193,0.004566803,0.004997413,0.005428023,0.005858633,0.006289243,0.0067198533],"mean":-0.00020594943,"std":0.0026833573}
{"counts":[2,0,1,1,2,0,2,1,1,0,1,3,5,1,5,3,8,7,7,9,0,0,0,1,1,1,1,0,0,1],"wall_time":1.754152225203e9,"step":13,"max":0.007745485,"min":-0.010155812,"count":64,"bins":[-0.010155812,-0.009559102,-0.008962392,-0.008365682,-0.0077689723,-0.0071722623,-0.0065755527,-0.0059788427,-0.0053821327,-0.0047854227,-0.004188713,-0.0035920031,-0.0029952931,-0.0023985833,-0.0018018734,-0.0012051635,-0.00060845364,-1.174376e-5,0.00058496615,0.001181676,0.001778386,0.0023750958,0.0029718056,0.0035685156,0.0041652257,0.004761935,0.005358645,0.0059553552,0.0065520653,0.007148775,0.007745485],"mean":-0.0010701664,