{"counts":[1,0,0,0,0,0,0,0,0,0,2,1,1,3,7,3,6,3,1,1,0,0,1,0,0,1,0,0,0,1],"wall_time":1.754152199923e9,"step":1,"max":0.016558267,"min":-0.01816091,"count":32,"bins":[-0.01816091,-0.017003603,-0.015846297,-0.014688992,-0.013531686,-0.01237438,-0.0112170745,-0.010059768,-0.008902462,-0.0077451565,-0.0065878504,-0.0054305447,-0.0042732386,-0.003115933,-0.001958627,-0.0008013211,0.00035598475,0.0015132907,0.0026705966,0.0038279025,0.004985208,0.0061425143,0.00729982,0.008457126,0.009614432,0.010771737,0.011929044,0.01308635,0.014243656,0.015400961,0.016558267],"mean":-2.6151414e-5,"std":0.005602071}
{"counts":[1,1,1,1,0,1,5,5,7,3,1,0,0,0,0,2,0,3,0,0,0,0,0,0,0,0,0,0,0,1],"wall_time":1.754152202239e9,"step":2,"max":0.027140822,"min":-0.011026475,"count":32,"bins":[-0.011026475,-0.009754231,-0.008481988,-0.007209745,-0.005937502,-0.0046652583,-0.0033930154,-0.0021207721,-0.0008485288,0.00042371443,0.0016959576,0.002968201,0.004240444,0.0055126874,0.0067849304,0.008057174,0.009329417,0.01060166,0.011873904,0.013146147,0.01441839,0.015690634,0.016962877,0.018235119,0.019507363,0.020779606,0.022051848,0.023324093,0.024596335,0.02586858,0.027140822],"mean":0.0007750025,"std":0.00728}
{"counts":[2,0,0,1,2,1,2,3,3,2,3,1,1,1,1,3,0,2,0,0,0,0,0,2,0,0,0,0,1,1],"wall_time":1.754152204361e9,"step":3,"max":0.011522348,"min":-0.0056560035,"count":32,"bins":[-0.0056560035,-0.005083392,-0.00451078,-0.0039381683,-0.0033655567,-0.002792945,-0.002220333,-0.0016477215,-0.0010751097,-0.000502498,7.011369e-5,0.0006427254,0.0012153371,0.0017879489,0.0023605605,0.0029331723,0.003505784,0.0040783957,0.0046510072,0.0052236193,0.005796231,0.0063688424,0.0069414545,0.007514066,0.008086678,0.008659289,0.009231901,0.009804513,0.010377125,0.010949736,0.011522348],"mean":0.0009623349,"std":0.0041903355}
{"counts":[1,0,0,0,0,0,0,1,0,0,0,1,1,1,0,0,2,0,3,5,4,1,2,1,1,1,2,3,1,1],"wall_time":1.754152206382e9,"step":4,"max":0.0058277547,"min":-0.0113514215,"count":32,"bins":[-0.0113514215,-0.010778782,-0.010206143,-0.009633504,-0.009060864,-0.008488226,-0.007915586,-0.007342947,-0.0067703077,-0.0061976686,-0.0056250296,-0.00505239,-0.004479751,-0.003907112,-0.0033344727,-0.0027618334,-0.002189194,-0.0016165549,-0.0010439157,-0.00047127655,0.00010136267,0.0006740019,0.001246641,0.0018192803,0.0023919195,0.0029645588,0.0035371978,0.004109837,0.004682476,0.0052551157,0.0058277547],"mean":0.00022220101,"std":0.0036834583}
{"counts":[1,0,0,0,0,0,0,0,4,1,1,1,2,3,5,3,3,1,0,3,2,1,0,0,0,0,0,0,0,1],"wall_time":1.754152208465e9,"step":5,"max":0.019700434,"min":-0.017441828,"count":32,"bins":[-0.017441828,-0.016203752,-0.014965677,-0.013727602,-0.0124895265,-0.0112514505,-0.010013375,-0.0087753,-0.007537225,-0.0062991492,-0.0050610737,-0.0038229984,-0.002584923,-0.0013468476,-0.00010877227,0.0011293031,0.0023673784,0.003605454,0.0048435293,0.006081605,0.00731968,0.0085577555,0.009795831,0.011033907,0.012271982,0.013510057,0.014748133,0.015986208,0.017224284,0.018462358,0.019700434],"mean":0.0006074343,"std":0.0066005383}
{"counts":[1,0,0,2,2,2,0,0,2,2,2,5,2,3,2,0,2,3,0,1,0,0,0,0,0,0,0,0,0,1],"wall_time":1.754152210576e9,"step":6,"max":0.02175605,"min":-0.013577847,"count":32,"bins":[-0.013577847,-0.012400051,-0.011222254,-0.010044457,-0.00886666,-0.007688864,-0.0065110675,-0.005333271,-0.0041554747,-0.002977678,-0.0017998815,-0.00062208495,0.0005557116,0.0017335082,0.0029113046,0.004089101,0.005266898,0.0064446945,0.0076224906,0.008800288,0.009978084,0.01115588,0.012333677,0.013511473,0.01468927,0.015867066,0.017044863,0.01822266,0.019400457,0.020578252,0.02175605],"mean":0.00010921777,"std":0.006863493}
{"counts":[1,0,0,0,0,0,0,0,0,0,0,1,0,0,0,1,1,6,3,2,6,3,3,1,1,1,1,0,0,1],"wall_time":1.754152212735e9,"step":7,"max":0.017912988,"min":-0.03456059,"count":32,"bins":[-0.03456059,-0.03281147,-0.031062352,-0.029313233,-0.027564114,-0.025814995,-0.024065875,-0.022316756,-0.020567637,-0.018818518,-0.017069397,-0.015320279,-0.01357116,-0.01182204,-0.010072921,-0.008323802,-0.0065746824,-0.004825563,-0.003076444,-0.0013273245,0.00042179474,0.002170914,0.003920033,0.005669153,0.007418272,0.009167391,0.010916511,0.012665629,0.014414749,0.016163869,0.017912988],"mean":-0.00019366339,"std":0.008701623}
{"counts":[1,0,0,0,0,0,0,0,0,0,0,0,1,0,0,0,4,5,3,6,1,0,3,3,1,1,0,2,0,1],"wall_time":1.754152214863e9,"step":8,"max":0.019683737,"min":-0.039902017,"count":32,"bins":[-0.039902017,-0.037915826,-0.03592963,-0.03394344,-0.03195725,-0.029971058,-0.027984865,-0.025998674,-0.024012482,-0.022026291,-0.020040099,-0.018053906,-0.016067715,-0.014081523,-0.012095331,-0.01010914,-0.008122948,-0.006136756,-0.0041505643,-0.0021643725,-0.00017818063,0.0018080112,0.003794203,0.0057803947,0.0077665867,0.009752778,0.01173897,0.013725162,0.015711354,0.017697545,0.019683737],"mean":-0.0006446875,"std":0.0105508845}
{"counts":[1,0,0,0,0,0,1,0,1,1,1,1,2,0,2,0,4,1,5,5,0,1,1,0,1,0,0,2,1,1],"wall_time":1.754152216867e9,"step":9,"max":0.012585977,"min":-0.018933449,"count":32,"bins":[-0.018933449,-0.017882802,-0.016832154,-0.015781507,-0.014730859,-0.013680211,-0.012629564,-0.011578917,-0.010528268,-0.009477621,-0.008426974,-0.0073763262,-0.0063256784,-0.005275031,-0.0042243833,-0.003173736,-0.0021230883,-0.0010724409,-2.1793321e-5,0.0010288542,0.0020795017,0.0031301493,0.004180797,0.0052314443,0.006282092,0.0073327394,0.008383387,0.009434034,0.010484682,0.01153533,0.012585977],"mean":-0.0006961366,"std":0.006952702}
{"counts":[1,0,0,0,0,0,0,0,0,0,2,2,1,2,1,3,5,3,5,1,2,1,1,0,1,0,0,0,0,1],"wall_time":1.754152219007e9,"step":10,"max":0.011914233,"min":-0.01614118,"count":32,"bins":[-0.01614118,-0.015206,-0.014270819,-0.013335639,-0.012400459,-0.0114652775,-0.010530097,-0.009594917,-0.008659736,-0.007724556,-0.0067893756,-0.0058541954,-0.004919015,-0.0039838343,-0.003048654,-0.0021134736,-0.0011782931,-0.00024311275,0.00069206767,0.0016272481,0.0025624286,0.003497609,0.0044327895,0.0053679696,0.00630315,0.007238331,0.008173511,0.0091086915,0.010043872,0.010979053,0.011914233],"mean":-0.000634674,"std":0.004742568}
{"counts":[1,1,0,0,1,0,4,2,2,3,3,2,2,1,2,2,2,1,0,0,0,0,0,0,0,1,0,0,1,1],"wall_time":1.754152221027e9,"step":11,"max":0.01346448,"min":-0.006818113,"count":32,"bins":[-0.006818113,-0.0061420263,-0.00546594,-0.0047898535,-0.0041137673,-0.003437681,-0.0027615945,-0.002085508,-0.0014094216,-0.00073333515,-5.7248708e-5,0.0006188377,0.0012949242,0.0019710106,0.002647097,0.0033231834,0.00399927,0.004675356,0.005351443,0.006027529,0.0067036157,0.007379702,0.008055788,0.008731875,0.009407961,0.010084048,0.010760134,0.01143622,0.012112306,0.012788394,0.01346448],"mean":0.0011933708,"std":0.004562763}
{"counts":[1,3,1,0,0,0,1,3,1,3,3,3,0,3,2,2,0,0,0,0,0,0,3,0,0,1,0,0,1,1],"wall_time":1.754152223106e9,"step":12,"max":0.011907654,"min":-0.008115722,"count":32,"bins":[-0.008115722,-0.007448276,-0.00678083,-0.0061133844,-0.0054459386,-0.0047784927,-0.004111047,-0.0034436008,-0.002776155,-0.0021087092,-0.0014412632,-0.0007738174,-0.00010637157,0.0005610743,0.0012285202,0.001895966,0.0025634118,0.0032308577,0.0038983035,0.0045657493,0.005233195,0.005900641,0.006568087,0.007235533,0.007902979,0.008570424,0.009237871,0.009905316,0.010572762,0.011240208,0.011907654],"mean":5.3498377e-5,"std":0.0051559703}
{"counts":[1,0,2,1,2,2,0,0,9,3,4,3,1,0,0,0,0,0,0,0,2,0,0,1,0,0,0,0,0,1],"wall_time":1.754152225207e9,"step":13,"max":0.025449919,"min":-0.01158457,"count":32,"bins":[-0.01158457,-0.010350087,-0.009115604,-0.007881121,-0.006646638,-0.005412155,-0.004177672,-0.002943189,-0.0017087061,-0.00047422323,0.00076025975,0.0019947428,0.0032292255,0.0044637085,0.0056981915,0.0069326744,0.008167157,0.00940164,0.010636123,0.011870606,0.013105089,0.014339572,0.015574055,0.016808538,0.01804302,0.019277504,0.020511987,0.02174647,0.022980953,0.024215436,0.025449919],"mean":0.0006989815,"std":0.007622444}
