{"counts":[1,0,0,0,0,0,0,1,0,0,0,1,0,2,3,3,1,3,3,3,2,4,1,1,0,0,1,0,0,2],"wall_time":1.754152199933e9,"step":1,"max":0.007768873,"min":-0.012683364,"count":32,"bins":[-0.012683364,-0.0120016225,-0.011319881,-0.01063814,-0.009956399,-0.009274658,-0.008592917,-0.0079111755,-0.007229434,-0.0065476927,-0.0058659515,-0.0051842104,-0.0045024687,-0.0038207278,-0.0031389864,-0.0024572453,-0.001775504,-0.0010937628,-0.0004120216,0.00026971966,0.00095146085,0.0016332021,0.0023149434,0.0029966845,0.0036784257,0.004360167,0.005041908,0.0057236496,0.006405391,0.007087132,0.007768873],"mean":-0.0003242856,"std":0.0039735367}
{"counts":[2,1,1,1,2,4,2,2,6,3,0,1,0,1,1,0,1,1,1,0,0,0,0,0,1,0,0,0,0,1],"wall_time":1.754152202248e9,"step":2,"max":0.015930822,"min":-0.0063604307,"count":32,"bins":[-0.0063604307,-0.005617389,-0.0048743472,-0.0041313055,-0.0033882638,-0.002645222,-0.0019021801,-0.0011591384,-0.00041609665,0.00032694513,0.0010699868,0.0018130286,0.0025560705,0.0032991122,0.0040421537,0.0047851955,0.0055282377,0.0062712794,0.007014321,0.007757363,0.008500405,0.009243446,0.009986488,0.01072953,0.011472572,0.012215613,0.012958655,0.013701697,0.014444739,0.01518778,0.015930822],"mean":0.0003858268,"std":0.0048783626}
{"counts":[2,0,0,1,1,2,1,3,2,1,2,2,2,1,0,0,1,2,1,2,0,2,0,1,1,1,0,0,0,1],"wall_time":1.754152204371e9,"step":3,"max":0.006899371,"min":-0.0042795455,"count":32,"bins":[-0.0042795455,-0.003906915,-0.0035342844,-0.0031616539,-0.0027890233,-0.0024163928,-0.0020437622,-0.0016711317,-0.0012985012,-0.0009258706,-0.00055324007,-0.00018060952,0.00019202102,0.00056465156,0.0009372821,0.0013099127,0.0016825432,0.0020551737,0.0024278043,0.0028004348,0.0031730654,0.003545696,0.0039183265,0.004290957,0.0046635875,0.005036218,0.0054088486,0.005781479,0.0061541097,0.0065267403,0.006899371],"mean":0.000541332,"std":0.0028779788}
{"counts":[1,1,0,0,2,0,0,0,1,0,0,0,1,1,0,1,4,4,2,1,1,2,0,1,2,2,2,0,1,2],"wall_time":1.754152206388e9,"step":4,"max":0.004112126,"min":-0.0058725867,"count":32,"bins":[-0.0058725867,-0.005539763,-0.0052069393,-0.0048741153,-0.004541292,-0.004208468,-0.0038756442,-0.0035428205,-0.0032099967,-0.002877173,-0.0025443493,-0.0022115256,-0.0018787017,-0.001545878,-0.0012130542,-0.00088023045,-0.0005474067,-0.00021458295,0.00011824081,0.00045106455,0.00078388833,0.0011167121,0.0014495358,0.0017823596,0.0021151833,0.002448007,0.0027808307,0.0031136547,0.0034464784,0.0037793021,0.004112126],"mean":0.00020133241,"std":0.0026109072}
{"counts":[1,1,1,0,1,2,1,0,1,0,1,2,2,4,3,0,3,3,0,1,2,1,0,0,0,0,1,0,0,1],"wall_time":1.754152208469e9,"step":5,"max":0.010759065,"min":-0.008411331,"count":32,"bins":[-0.008411331,-0.007772318,-0.0071333046,-0.0064942916,-0.005855278,-0.005216265,-0.004577252,-0.0039382386,-0.0032992256,-0.0026602123,-0.002021199,-0.0013821858,-0.0007431727,-0.00010415949,0.0005348537,0.0011738669,0.0018128802,0.0024518934,0.0030909064,0.0037299197,0.004368933,0.005007946,0.0056469594,0.0062859724,0.006924986,0.007563999,0.008203012,0.008842025,0.009481039,0.010120052,0.010759065],"mean":0.00019821087,"std":0.0043955836}
{"counts":[1,1,0,1,0,1,0,1,1,1,2,2,1,4,1,1,3,0,1,2,3,2,0,2,0,0,0,0,0,1],"wall_time":1.754152210585e9,"step":6,"max":0.009796536,"min":-0.0090860985,"count":32,"bins":[-0.0090860985,-0.008456677,-0.007827256,-0.007197835,-0.006568414,-0.005938993,-0.0053095715,-0.0046801507,-0.0040507293,-0.0034213082,-0.0027918871,-0.002162466,-0.0015330449,-0.00090362376,-0.0002742026,0.00035521854,0.0009846396,0.0016140608,0.002243482,0.0028729031,0.0035023242,0.0041317455,0.0047611664,0.0053905877,0.0060200086,0.00664943,0.0072788512,0.007908273,0.008537693,0.009167114,0.009796536],"mean":6.0817198e-5,"std":0.00425999}
{"counts":[1,0,0,0,0,0,0,0,1,0,0,0,0,1,1,1,4,1,2,2,1,3,0,4,1,5,1,0,1,2],"wall_time":1.754152212746e9,"step":7,"max":0.007351297,"min":-0.016444217,"count":32,"bins":[-0.016444217,-0.015651034,-0.01485785,-0.014064666,-0.013271482,-0.0124782985,-0.011685114,-0.010891931,-0.010098747,-0.009305563,-0.00851238,-0.0077191954,-0.0069260118,-0.006132828,-0.005339644,-0.00454646,-0.0037532763,-0.0029600926,-0.0021669087,-0.001373725,-0.00058054115,0.00021264264,0.0010058264,0.0017990103,0.0025921941,0.0033853778,0.0041785617,0.0049717454,0.005764929,0.0065581133,0.007351297],"mean":-0.00016304883,"std":0.0049540903}
{"counts":[1,0,0,0,0,0,0,0,1,2,1,2,4,1,4,4,0,2,1,2,1,0,1,1,1,1,0,1,0,1],"wall_time":1.754152214871e9,"step":8,"max":0.017392596,"min":-0.019845454,"count":32,"bins":[-0.019845454,-0.018604185,-0.017362917,-0.016121648,-0.014880381,-0.013639112,-0.012397844,-0.011156576,-0.009915307,-0.008674039,-0.0074327704,-0.0061915023,-0.0049502337,-0.0037089656,-0.0024676973,-0.0012264289,1.4839446e-5,0.0012561078,0.0024973762,0.0037386445,0.0049799127,0.0062211812,0.0074624494,0.008703718,0.009944987,0.011186254,0.012427523,0.013668791,0.01491006,0.016151328,0.017392596],"mean":-3.3421427e-5,"std":0.0076825414}
{"counts":[1,0,0,0,0,2,0,2,3,0,0,3,1,1,1,1,4,5,1,2,0,0,1,1,0,0,1,0,1,1],"wall_time":1.754152216873e9,"step":9,"max":0.009029463,"min":-0.010100179,"count":32,"bins":[-0.010100179,-0.009462524,-0.00882487,-0.008187215,-0.00754956,-0.0069119055,-0.006274251,-0.005636596,-0.0049989414,-0.0043612868,-0.0037236318,-0.0030859772,-0.0024483225,-0.0018106677,-0.001173013,-0.0005353582,0.00010229654,0.00073995127,0.0013776061,0.0020152607,0.0026529154,0.0032905703,0.003928225,0.0045658797,0.0052035344,0.005841189,0.0064788437,0.007116499,0.0077541536,0.008391808,0.009029463],"mean":-0.00046073293,"std":0.004368107}
{"counts":[1,0,0,0,0,0,0,0,1,1,0,3,3,0,3,2,2,3,1,3,4,0,2,1,1,0,0,0,0,1],"wall_time":1.754152219009e9,"step":10,"max":0.006401767,"min":-0.009001121,"count":32,"bins":[-0.009001121,-0.008487691,-0.007974261,-0.007460832,-0.0069474024,-0.006433973,-0.0059205433,-0.0054071136,-0.0048936843,-0.0043802545,-0.003866825,-0.0033533953,-0.0028399657,-0.0023265362,-0.0018131066,-0.001299677,-0.0007862474,-0.00027281776,0.00024061184,0.0007540414,0.001267471,0.0017809006,0.0022943302,0.00280776,0.0033211894,0.003834619,0.0043480485,0.004861478,0.005374908,0.0058883373,0.006401767],"mean":-0.00047528115,"std":0.0028436412}
{"counts":[1,0,0,1,0,0,0,0,0,0,3,2,2,2,3,1,4,1,1,1,1,3,2,1,0,0,1,0,1,1],"wall_time":1.754152221034e9,"step":11,"max":0.006236441,"min":-0.006382718,"count":32,"bins":[-0.006382718,-0.0059620794,-0.005541441,-0.005120802,-0.004700164,-0.004279525,-0.0038588864,-0.0034382478,-0.003017609,-0.0025969704,-0.0021763318,-0.0017556932,-0.0013350545,-0.0009144159,-0.0004937773,-7.3138624e-5,0.00034750003,0.0007681387,0.0011887773,0.001609416,0.0020300546,0.0024506932,0.0028713318,0.0032919706,0.0037126092,0.004133248,0.0045538866,0.004974525,0.005395164,0.005815802,0.006236441],"mean":0.0005534725,"std":0.0027242552}
{"counts":[1,0,2,1,0,0,2,0,2,3,0,1,4,1,2,0,0,2,2,1,0,2,0,1,1,0,1,1,0,2],"wall_time":1.754152223111e9,"step":12,"max":0.0058100456,"min":-0.006221369,"count":32,"bins":[-0.006221369,-0.005820322,-0.005419275,-0.0050182273,-0.00461718,-0.004216133,-0.003815086,-0.0034140388,-0.0030129917,-0.0026119445,-0.0022108974,-0.0018098502,-0.001408803,-0.001007756,-0.0006067088,-0.00020566164,0.00019538551,0.00059643266,0.0009974798,0.001398527,0.0017995741,0.0022006212,0.0026016685,0.0030027155,0.0034037628,0.0038048099,0.004205857,0.004606904,0.0050079515,0.0054089986,0.0058100456],"mean":-0.0003527204,"std":0.0032529633}
{"counts":[2,0,0,2,2,0,1,2,0,2,2,5,1,0,2,4,1,1,1,0,0,1,0,0,0,0,0,1,0,2],"wall_time":1.754152225209e9,"step":13,"max":0.010011753,"min":-0.006919721,"count":32,"bins":[-0.006919721,-0.0063553387,-0.0057909563,-0.005226574,-0.004662191,-0.0040978086,-0.0035334262,-0.0029690438,-0.0024046614,-0.0018402789,-0.0012758964,-0.0007115139,-0.00014713146,0.00041725102,0.0009816334,0.001546016,0.0021103984,0.002674781,0.0032391634,0.0038035458,0.0043679285,0.004932311,0.0054966933,0.0060610757,0.006625458,0.0071898405,0.007754223,0.008318606,0.008882988,0.009447371,0.010011753],"mean":0.00011873908,