{"counts":[1,1,1,1,1,2,8,2,3,3,5,4,3,4,6,0,3,4,5,2,1,2,0,0,0,0,0,1,0,1],"wall_time":1.754152199907e9,"step":1,"max":0.007622614,"min":-0.0060048853,"count":64,"bins":[-0.0060048853,-0.0055506355,-0.0050963853,-0.0046421355,-0.004187885,-0.0037336354,-0.0032793854,-0.0028251354,-0.0023708856,-0.0019166355,-0.0014623855,-0.0010081355,-0.0005538856,-9.963559e-5,0.0003546144,0.00080886437,0.0012631144,0.0017173643,0.0021716142,0.0026258642,0.0030801143,0.0035343643,0.0039886143,0.004442864,0.0048971144,0.005351364,0.005805614,0.006259864,0.006714114,0.0071683642,0.007622614],"mean":-0.0003920251,"std":0.0027357147}
{"counts":[1,0,0,0,0,0,1,0,0,2,1,0,1,0,2,1,1,6,6,7,8,6,6,3,4,2,2,1,2,1],"wall_time":1.754152202226e9,"step":2,"max":0.007049307,"min":-0.014761599,"count":64,"bins":[-0.014761599,-0.014034568,-0.013307539,-0.012580508,-0.011853478,-0.0111264475,-0.010399418,-0.0096723875,-0.008945357,-0.008218327,-0.0074912966,-0.0067642666,-0.006037236,-0.005310206,-0.0045831758,-0.0038561458,-0.0031291156,-0.0024020853,-0.0016750551,-0.000948025,-0.00022099477,0.0005060354,0.0012330656,0.0019600957,0.002687126,0.0034141561,0.0041411864,0.004868217,0.005595247,0.0063222772,0.007049307],"mean":-0.00026095746,"std":0.00373635}
{"counts":[2,0,0,0,0,0,0,2,0,2,1,2,3,1,2,3,2,8,6,6,6,5,1,1,2,4,1,0,3,1],"wall_time":1.754152204353e9,"step":3,"max":0.006564019,"min":-0.010887373,"count":64,"bins":[-0.010887373,-0.01030566,-0.009723947,-0.009142234,-0.008560521,-0.007978808,-0.0073970947,-0.006815382,-0.006233669,-0.0056519555,-0.0050702426,-0.0044885296,-0.0039068162,-0.0033251033,-0.0027433904,-0.0021616772,-0.0015799642,-0.0009982511,-0.00041653804,0.00016517504,0.0007468881,0.0013286012,0.0019103142,0.0024920274,0.0030737403,0.0036554534,0.0042371666,0.0048188795,0.0054005925,0.005982306,0.006564019],"mean":-0.00030284806,"std":0.0035364414}
{"counts":[1,0,1,0,0,2,2,8,1,4,6,7,10,2,4,1,3,0,3,0,4,1,0,1,1,0,0,1,0,1],"wall_time":1.754152206372e9,"step":4,"max":0.00790508,"min":-0.005643551,"count":64,"bins":[-0.005643551,-0.0051919296,-0.0047403085,-0.004288688,-0.0038370667,-0.0033854456,-0.0029338247,-0.0024822035,-0.0020305826,-0.0015789615,-0.0011273405,-0.0006757195,-0.00022409848,0.00022752256,0.0006791436,0.0011307646,0.0015823856,0.0020340066,0.0024856278,0.0029372487,0.0033888698,0.0038404907,0.004292112,0.004743733,0.0051953536,0.005646975,0.006098596,0.006550217,0.0070018377,0.007453459,0.00790508],"mean":0.00012799042,"std":0.0025560656}
{"counts":[1,1,1,0,1,2,1,2,0,6,11,7,9,9,4,3,2,1,0,2,0,0,0,0,0,0,0,0,0,1],"wall_time":1.754152208459e9,"step":5,"max":0.01397123,"min":-0.009807513,"count":64,"bins":[-0.009807513,-0.009014889,-0.008222263,-0.007429639,-0.006637014,-0.005844389,-0.0050517647,-0.0042591398,-0.0034665149,-0.0026738902,-0.0018812654,-0.0010886407,-0.00029601585,0.0004966089,0.0012892337,0.0020818585,0.0028744831,0.003667108,0.0044597327,0.0052523576,0.0060449825,0.006837607,0.007630232,0.008422856,0.009215482,0.010008106,0.010800731,0.011593356,0.01238598,0.013178606,0.01397123],"mean":-0.0005133171,"std":0.003490208}
{"counts":[1,0,1,1,1,0,3,4,6,2,7,7,2,5,9,5,3,2,2,1,0,1,0,0,0,0,0,0,0,1],"wall_time":1.754152210564e9,"step":6,"max":0.011806158,"min":-0.0081669465,"count":64,"bins":[-0.0081669465,-0.007501176,-0.006835406,-0.006169636,-0.005503866,-0.0048380955,-0.0041723256,-0.0035065555,-0.002840785,-0.002175015,-0.0015092449,-0.0008434747,-0.00017770454,0.00048806562,0.0011538358,0.0018196059,0.002485376,0.0031511462,0.0038169164,0.0044826865,0.005148457,0.005814227,0.006479997,0.007145767,0.0078115375,0.008477308,0.009143078,0.009808848,0.010474618,0.011140388,0.011806158],"mean":-9.536641e-5,"std":0.0031572704}
{"counts":[1,1,0,1,0,1,4,2,3,1,1,3,2,1,5,4,8,4,3,5,2,3,2,2,0,1,2,0,0,2],"wall_time":1.754152212723e9,"step":7,"max":0.0065959953,"min":-0.008224449,"count":64,"bins":[-0.008224449,-0.007730434,-0.0072364197,-0.006742405,-0.00624839,-0.005754375,-0.0052603604,-0.0047663455,-0.0042723306,-0.0037783158,-0.003284301,-0.0027902862,-0.0022962713,-0.0018022566,-0.0013082417,-0.0008142269,-0.0003202121,0.0001738027,0.00066781754,0.0011618324,0.0016558472,0.002149862,0.0026438767,0.0031378916,0.0036319064,0.004125921,0.004619936,0.005113951,0.005607966,0.0061019803,0.0065959953],"mean":-0.00053437776,"std":0.003244246}
{"counts":[1,1,1,4,3,1,2,2,3,5,5,9,4,6,3,5,0,2,0,1,1,2,2,0,0,0,0,0,0,1],"wall_time":1.754152214841e9,"step":8,"max":0.011917504,"min":-0.0061294837,"count":64,"bins":[-0.0061294837,-0.0055279173,-0.0049263514,-0.004324785,-0.0037232188,-0.0031216524,-0.0025200862,-0.00191852,-0.0013169538,-0.0007153875,-0.000113821276,0.00048774495,0.0010893112,0.0016908775,0.0022924438,0.00289401,0.003495576,0.0040971423,0.0046987087,0.005300275,0.005901841,0.0065034074,0.007104974,0.0077065397,0.008308106,0.0089096725,0.009511239,0.010112804,0.010714371,0.011315937,0.011917504],"mean":0.0008461186,"std":0.0033995898}
{"counts":[3,0,0,0,0,0,2,2,4,0,1,5,4,11,6,4,3,2,5,3,1,0,2,2,2,0,0,1,0,1],"wall_time":1.754152216858e9,"step":9,"max":0.00832267,"min":-0.0075084716,"count":64,"bins":[-0.0075084716,-0.006980767,-0.006453062,-0.0059253573,-0.0053976527,-0.004869948,-0.004342243,-0.0038145385,-0.0032868339,-0.002759129,-0.0022314244,-0.0017037196,-0.0011760149,-0.0006483102,-0.000120605466,0.00040709926,0.000934804,0.0014625087,0.0019902135,0.0025179181,0.003045623,0.0035733276,0.0041010324,0.004628737,0.0051564416,0.0056841467,0.0062118513,0.006739556,0.0072672605,0.0077949655,0.00832267],"mean":0.00016791062,"std":0.0031457539}
{"counts":[1,0,0,0,1,0,1,1,3,0,0,1,6,2,8,4,3,7,6,3,3,3,4,1,1,0,2,0,1,2],"wall_time":1.754152218989e9,"step":10,"max":0.0049575875,"min":-0.0056038396,"count":64,"bins":[-0.0056038396,-0.0052517923,-0.0048997444,-0.004547697,-0.004195649,-0.0038436018,-0.0034915542,-0.0031395066,-0.0027874592,-0.0024354116,-0.002083364,-0.0017313163,-0.0013792688,-0.0010272212,-0.00067517365,-0.0003231261,2.8921477e-5,0.00038096905,0.00073301664,0.0010850641,0.0014371118,0.0017891594,0.002141207,0.0024932544,0.002845302,0.0031973496,0.0035493972,0.0039014448,0.004253492,0.00460554,0.0049575875],"mean":0.00032627524,"std":0.0020518492}
{"counts":[1,1,2,2,1,0,2,2,2,3,7,1,2,5,1,3,6,5,2,3,1,3,2,1,1,2,1,1,0,1],"wall_time":1.754152221016e9,"step":11,"max":0.004776963,"min":-0.005492786,"count":64,"bins":[-0.005492786,-0.005150461,-0.004808136,-0.004465811,-0.004123486,-0.003781161,-0.0034388362,-0.0030965111,-0.0027541863,-0.0024118612,-0.0020695364,-0.0017272113,-0.0013848863,-0.0010425614,-0.0007002364,-0.00035791146,-1.5586491e-5,0.0003267385,0.0006690634,0.0010113884,0.0013537133,0.0016960383,0.0020383634,0.0023806882,0.0027230133,0.0030653381,0.0034076632,0.003749988,0.004092313,0.004434638,0.004776963],"mean":-0.00054177,"std":0.002352598}
{"counts":[1,0,0,2,0,0,1,3,5,1,5,4,10,6,6,0,3,6,2,3,0,3,1,1,0,0,0,0,0,1],"wall_time":1.754152223099e9,"step":12,"max":0.008545039,"min":-0.0075859427,"count":64,"bins":[-0.0075859427,-0.007048243,-0.006510544,-0.0059728445,-0.005435145,-0.004897446,-0.0043597464,-0.003822047,-0.0032843475,-0.0027466482,-0.0022089488,-0.0016712494,-0.00113355,-0.0005958506,-5.815116e-5,0.00047954824,0.0010172477,0.001554947,0.0020926464,0.0026303458,0.0031680453,0.0037057446,0.004243444,0.0047811433,0.005318843,0.0058565424,0.0063942415,0.006931941,0.0074696406,0.00800734,0.008545039],"mean":-0.00028460263,"std":0.0027954762}
{"counts":[1,2,0,1,1,1,0,2,0,1,4,1,4,9,3,6,11,2,7,3,0,1,1,0,0,1,1,0,0,1],"wall_time":1.754152225203e9,"step":13,"max":0.008457778,"min":-0.009258788,"count":64,"bins":[-0.009258788,-0.0086682355,-0.008077684,-0.0074871313,-0.006896579,-0.006306027,-0.005715475,-0.005124923,-0.0045343703,-0.003943818,-0.003353266,-0.002762714,-0.0021721616,-0.0015816095,-0.0009910573,-0.00040050503,0.00019004717,0.00078059937,0.0013711515,0.0019617039,0.002552256,0.003142808,0.0037333604,0.004323913,0.004914465,0.005505017,0.006095569,0.006686121,0.007276674,0.007867225,0.008457778],"mean":-0.0006759517,