{"counts":[1,0,0,0,0,3,2,1,5,6,9,5,13,34,41,73,93,82,79,75,42,26,14,14,5,6,2,5,3,1],"wall_time":1.754152199718e9,"step":1,"max":0.01317979,"min":-0.018373426,"count":640,"bins":[-0.018373426,-0.017321652,-0.016269878,-0.015218104,-0.014166331,-0.013114557,-0.012062782,-0.011011009,-0.009959235,-0.008907462,-0.007855687,-0.0068039135,-0.0057521397,-0.0047003655,-0.0036485917,-0.002596818,-0.001545044,-0.00049327017,0.0005585037,0.0016102776,0.0026620515,0.0037138253,0.004765599,0.0058173733,0.006869147,0.007920921,0.008972695,0.010024468,0.011076243,0.012128016,0.01317979],"mean":1.5670019e-5,"std":0.0037085838}
{"counts":[1,2,0,0,0,3,3,3,10,11,17,29,53,49,64,114,74,59,57,27,24,12,12,4,4,1,0,2,4,1],"wall_time":1.754152202222e9,"step":2,"max":0.0124698905,"min":-0.0138809,"count":640,"bins":[-0.0138809,-0.01300254,-0.012124181,-0.011245821,-0.0103674615,-0.009489101,-0.008610742,-0.0077323825,-0.0068540224,-0.0059756627,-0.005097303,-0.0042189434,-0.0033405838,-0.002462224,-0.0015838644,-0.0007055048,0.0001728549,0.0010512146,0.0019295743,0.002807934,0.0036862937,0.004564653,0.005443013,0.006321373,0.0071997326,0.008078092,0.008956452,0.009834811,0.010713171,0.01159153,0.0124698905],"mean":-7.415248e-5,"std":0.003203036}
{"counts":[3,0,0,1,1,0,0,5,1,11,13,16,24,54,73,113,132,65,44,25,17,14,10,6,1,8,0,1,1,1],"wall_time":1.754152204349e9,"step":3,"max":0.016803842,"min":-0.01937711,"count":640,"bins":[-0.01937711,-0.01817108,-0.016965047,-0.015759015,-0.014552983,-0.013346951,-0.01214092,-0.010934888,-0.009728856,-0.008522824,-0.007316793,-0.0061107613,-0.0049047293,-0.0036986978,-0.002492666,-0.0012866342,-8.060249e-5,0.0011254293,0.002331461,0.0035374928,0.0047435244,0.0059495564,0.007155588,0.00836162,0.009567652,0.010773683,0.011979715,0.013185747,0.014391779,0.01559781,0.016803842],"mean":-7.821565e-6,"std":0.003974501}
{"counts":[1,0,0,0,0,0,0,0,0,0,2,2,2,2,2,10,16,41,53,131,159,115,52,25,12,5,5,3,1,1],"wall_time":1.754152206368e9,"step":4,"max":0.012083187,"min":-0.025617618,"count":640,"bins":[-0.025617618,-0.024360925,-0.023104232,-0.021847537,-0.020590844,-0.01933415,-0.018077457,-0.016820764,-0.01556407,-0.014307377,-0.013050683,-0.01179399,-0.0105372965,-0.009280602,-0.008023909,-0.0067672157,-0.005510522,-0.004253829,-0.0029971353,-0.0017404417,-0.00048374818,0.0007729453,0.0020296387,0.0032863324,0.004543026,0.005799719,0.0070564128,0.008313106,0.0095697995,0.010826494,0.012083187],"mean":-0.0001108036,"std":0.002962914}
{"counts":[1,0,1,0,0,2,6,2,5,11,30,64,116,155,119,50,42,19,5,3,4,2,0,1,0,1,0,0,0,1],"wall_time":1.754152208457e9,"step":5,"max":0.023739304,"min":-0.019712122,"count":640,"bins":[-0.019712122,-0.01826374,-0.01681536,-0.01536698,-0.013918598,-0.012470217,-0.011021837,-0.009573456,-0.008125075,-0.0066766944,-0.005228313,-0.0037799324,-0.0023315516,-0.00088317064,0.00056521024,0.0020135911,0.003461972,0.004910353,0.006358734,0.0078071146,0.009255496,0.010703877,0.012152257,0.013600638,0.015049019,0.0164974,0.017945781,0.019394161,0.020842543,0.022290923,0.023739304],"mean":-2.5563044e-5,"std":0.003532438}
{"counts":[1,0,0,0,0,3,1,1,3,2,3,13,20,25,46,68,127,137,85,43,22,18,9,4,4,2,0,2,0,1],"wall_time":1.75415221056e9,"step":6,"max":0.013714191,"min":-0.018265918,"count":640,"bins":[-0.018265918,-0.017199915,-0.01613391,-0.015067907,-0.014001903,-0.0129359,-0.011869896,-0.010803892,-0.009737889,-0.008671885,-0.007605882,-0.006539878,-0.0054738745,-0.004407871,-0.0033418674,-0.0022758637,-0.0012098601,-0.00014385644,0.0009221472,0.0019881509,0.0030541543,0.004120158,0.0051861615,0.0062521654,0.007318169,0.008384173,0.009450176,0.01051618,0.011582184,0.012648187,0.013714191],"mean":-0.00020283065,"std":0.0030545804}
{"counts":[1,1,1,1,0,5,13,10,17,36,43,89,123,97,81,48,30,18,13,5,4,1,2,0,0,0,0,0,0,1],"wall_time":1.754152212717e9,"step":7,"max":0.017158208,"min":-0.013072536,"count":640,"bins":[-0.013072536,-0.012064844,-0.011057153,-0.010049462,-0.00904177,-0.008034078,-0.0070263874,-0.006018696,-0.0050110044,-0.004003313,-0.0029956214,-0.00198793,-0.0009802384,2.7453061e-5,0.0010351446,0.002042836,0.0030505275,0.004058219,0.0050659105,0.006073602,0.0070812935,0.008088985,0.0090966765,0.0101043675,0.0111120595,0.012119751,0.013127442,0.0141351335,0.015142825,0.016150517,0.017158208],"mean":-8.5069834e-5,"std":0.00292915}
{"counts":[1,0,0,0,1,3,1,4,6,9,14,20,42,71,93,109,96,72,32,24,22,10,3,2,2,1,1,0,0,1],"wall_time":1.754152214828e9,"step":8,"max":0.014098734,"min":-0.015114142,"count":640,"bins":[-0.015114142,-0.014140379,-0.013166617,-0.012192854,-0.011219092,-0.010245329,-0.009271567,-0.008297804,-0.0073240413,-0.006350279,-0.0053765164,-0.004402754,-0.0034289914,-0.002455229,-0.0014814665,-0.000507704,0.00046605853,0.0014398211,0.0024135835,0.0033873462,0.0043611084,0.005334871,0.0063086334,0.0072823963,0.008256159,0.009229921,0.010203684,0.011177446,0.012151209,0.013124971,0.014098734],"mean":-4.5910696e-5,"std":0.0029361427}
{"counts":[1,1,5,4,1,3,11,14,16,28,48,77,108,93,66,50,45,18,19,9,3,6,2,4,4,0,0,1,0,3],"wall_time":1.754152216854e9,"step":9,"max":0.013697593,"min":-0.010667435,"count":640,"bins":[-0.010667435,-0.009855268,-0.009043099,-0.008230932,-0.0074187648,-0.006606597,-0.005794429,-0.004982262,-0.004170094,-0.0033579266,-0.002545759,-0.0017335915,-0.0009214239,-0.00010925634,0.00070291123,0.0015150788,0.0023272464,0.003139414,0.0039515817,0.004763749,0.0055759167,0.0063880845,0.007200252,0.00801242,0.008824587,0.009636754,0.010448922,0.01126109,0.012073257,0.012885425,0.013697593],"mean":7.803945e-5,"std":0.0029559324}
{"counts":[4,1,1,0,4,2,4,10,14,19,35,51,72,91,82,86,46,47,20,13,11,4,8,6,3,1,4,0,0,1],"wall_time":1.754152218981e9,"step":10,"max":0.011037123,"min":-0.010032905,"count":640,"bins":[-0.010032905,-0.009330571,-0.008628237,-0.0079259025,-0.007223568,-0.006521234,-0.0058188997,-0.005116565,-0.004414231,-0.0037118967,-0.0030095624,-0.002307228,-0.0016048938,-0.0009025595,-0.00020022523,0.00050210906,0.0012044434,0.0019067776,0.0026091118,0.0033114462,0.0040137805,0.0047161146,0.005418449,0.0061207833,0.006823118,0.007525452,0.008227786,0.008930121,0.009632455,0.010334789,0.011037123],"mean":-3.2822176e-5,"std":0.0026234498}
{"counts":[1,0,0,3,3,10,9,10,10,25,41,56,79,113,106,63,44,20,19,9,5,4,4,2,3,0,0,0,0,1],"wall_time":1.754152221011e9,"step":11,"max":0.013975474,"min":-0.011680074,"count":640,"bins":[-0.011680074,-0.010824889,-0.009969704,-0.009114519,-0.008259335,-0.0074041495,-0.0065489644,-0.0056937793,-0.0048385947,-0.0039834096,-0.0031282248,-0.0022730397,-0.0014178548,-0.0005626699,0.00029251506,0.0011477,0.0020028849,0.00285807,0.0037132548,0.00456844,0.0054236245,0.0062788096,0.0071339947,0.007989179,0.008844364,0.0096995495,0.010554735,0.01140992,0.012265104,0.013120289,0.013975474],"mean":-0.00010324196,"std":0.0028361795}
{"counts":[1,1,0,0,0,1,1,3,5,13,18,24,48,86,117,123,79,45,30,20,5,8,5,2,2,0,1,0,1,1],"wall_time":1.754152223093e9,"step":12,"max":0.014096147,"min":-0.014305538,"count":640,"bins":[-0.014305538,-0.013358815,-0.012412092,-0.011465369,-0.010518646,-0.009571923,-0.008625201,-0.0076784776,-0.006731755,-0.005785032,-0.0048383093,-0.0038915863,-0.0029448636,-0.0019981407,-0.0010514179,-0.00010469509,0.0008420277,0.0017887505,0.0027354734,0.0036821961,0.004628919,0.005575642,0.006522365,0.0074690874,0.008415811,0.009362533,0.010309256,0.011255979,0.0122027015,0.013149424,0.014096147],"mean":-5.2675157e-5,"std":0.0027304916}
{"counts":[1,0,0,0,0,2,4,1,8,7,15,21,41,52,70,107,101,81,59,25,12,14,4,7,2,3,1,1,0,1],"wall_time":1.754152225199e9,"step":13,"max":0.012700498,"min":-0.014270327,"count":640,