{"counts":[2,0,1],"wall_time":1.754152199949e9,"step":1,"max":0.012975029,"min":-0.007439465,"count":3,"bins":[-0.007439465,-0.00063463364,0.0061701974,0.012975029],"mean":1.086543e-9,"std":0.011276955}
{"counts":[1,1,1],"wall_time":1.754152202253e9,"step":2,"max":0.030037127,"min":-0.030003875,"count":3,"bins":[-0.030003875,-0.009990208,0.01002346,0.030037127],"mean":6.2088173e-10,"std":0.030020515}
{"counts":[1,1,1],"wall_time":1.75415220438e9,"step":3,"max":0.012318006,"min":-0.013308823,"count":3,"bins":[-0.013308823,-0.0047665467,0.0037757296,0.012318006],"mean":0.0,"std":0.012842113}
{"counts":[1,0,2],"wall_time":1.754152206405e9,"step":4,"max":0.00942311,"min":-0.017437827,"count":3,"bins":[-0.017437827,-0.008484181,0.0004694642,0.00942311],"mean":0.0,"std":0.01511801}
{"counts":[1,0,2],"wall_time":1.754152208473e9,"step":5,"max":0.025111018,"min":-0.04255734,"count":3,"bins":[-0.04255734,-0.020001221,0.0025548984,0.025111018],"mean":1.8626451e-9,"std":0.037054453}
{"counts":[2,0,1],"wall_time":1.754152210592e9,"step":6,"max":0.029642293,"min":-0.022141015,"count":3,"bins":[-0.022141015,-0.0048799124,0.01238119,0.029642293],"mean":-1.2417635e-9,"std":0.026694188}
{"counts":[1,1,1],"wall_time":1.754152212755e9,"step":7,"max":0.05766166,"min":-0.046384014,"count":3,"bins":[-0.046384014,-0.011702123,0.022979768,0.05766166],"mean":0.0,"std":0.052931696}
{"counts":[1,1,1],"wall_time":1.754152214874e9,"step":8,"max":0.06976582,"min":-0.071027786,"count":3,"bins":[-0.071027786,-0.024096584,0.02283462,0.06976582],"mean":1.8626451e-9,"std":0.07040529}
{"counts":[1,0,2],"wall_time":1.754152216881e9,"step":9,"max":0.031710528,"min":-0.054321438,"count":3,"bins":[-0.054321438,-0.025644116,0.0030332059,0.031710528],"mean":2.483527e-9,"std":0.04726325}
{"counts":[1,0,2],"wall_time":1.754152219023e9,"step":10,"max":0.03246611,"min":-0.043190375,"count":3,"bins":[-0.043190375,-0.017971547,0.0072472817,0.03246611],"mean":0.0,"std":0.03895168}
{"counts":[1,1,1],"wall_time":1.754152221058e9,"step":11,"max":0.018010274,"min":-0.018981932,"count":3,"bins":[-0.018981932,-0.0066511966,0.0056795385,0.018010274],"mean":-6.2088173e-10,"std":0.018515235}
{"counts":[1,1,1],"wall_time":1.754152223117e9,"step":12,"max":0.023538753,"min":-0.027358085,"count":3,"bins":[-0.027358085,-0.010392472,0.0065731406,0.023538753],"mean":1.8626451e-9,"std":0.025662472}
{"counts":[1,0,2],"wall_time":1.754152225212e9,"step":13,"max":0.023263276,"min":-0.041432194,"count":3,"bins":[-0.041432194,-0.019867038,0.001698119,0.023263276],"mean":2.483527e-9,"std":0.035971634}
