{"counts":[1,0,0,1,1,1,1,0,2,2,2,1,2,2,2,1,2,1,1,1,0,2,1,0,2,0,1,0,1,1],"wall_time":1.754152199929e9,"step":1,"max":0.009429451,"min":-0.008403201,"count":32,"bins":[-0.008403201,-0.007808779,-0.007214357,-0.0066199354,-0.0060255136,-0.005431092,-0.00483667,-0.0042422484,-0.0036478268,-0.003053405,-0.0024589833,-0.0018645617,-0.0012701399,-0.00067571824,-8.1296515e-5,0.0005131252,0.001107547,0.0017019686,0.0022963905,0.002890812,0.0034852338,0.0040796557,0.0046740775,0.005268499,0.0058629205,0.0064573423,0.007051764,0.007646186,0.008240608,0.00883503,0.009429451],"mean":0.00040864287,"std":0.0044548516}
{"counts":[1,0,0,0,0,0,1,3,3,1,4,4,2,4,0,1,1,2,0,0,1,0,0,0,1,1,1,0,0,1],"wall_time":1.754152202245e9,"step":2,"max":0.013687074,"min":-0.010498915,"count":32,"bins":[-0.010498915,-0.0096927155,-0.008886515,-0.008080316,-0.0072741164,-0.0064679165,-0.005661717,-0.0048555173,-0.004049318,-0.003243118,-0.0024369184,-0.0016307189,-0.00082451926,-1.8319612e-5,0.00078788004,0.0015940797,0.0024002793,0.003206479,0.0040126787,0.004818878,0.005625078,0.0064312774,0.007237477,0.008043677,0.008849876,0.009656076,0.010462276,0.011268475,0.0120746745,0.012880875,0.013687074],"mean":0.00017515724,"std":0.0051576216}
{"counts":[1,0,0,2,0,1,2,5,4,3,5,0,0,2,2,3,1,0,0,0,0,0,0,0,0,0,0,0,0,1],"wall_time":1.754152204365e9,"step":3,"max":0.017501192,"min":-0.0073337145,"count":32,"bins":[-0.0073337145,-0.006505884,-0.005678054,-0.0048502237,-0.004022394,-0.0031945633,-0.0023667333,-0.001538903,-0.00071107276,0.00011675749,0.0009445877,0.0017724179,0.0026002482,0.0034280785,0.0042559085,0.005083739,0.005911569,0.0067393994,0.0075672297,0.00839506,0.00922289,0.010050721,0.010878551,0.01170638,0.01253421,0.013362041,0.014189871,0.015017701,0.015845532,0.016673362,0.017501192],"mean":0.0010428262,"std":0.004386267}
{"counts":[2,1,2,2,1,1,0,0,0,0,1,2,0,3,3,3,1,1,0,1,1,0,1,1,1,1,1,1,0,1],"wall_time":1.754152206385e9,"step":4,"max":0.0053658546,"min":-0.004930257,"count":32,"bins":[-0.004930257,-0.0045870533,-0.0042438493,-0.0039006458,-0.003557442,-0.0032142382,-0.0028710347,-0.002527831,-0.002184627,-0.0018414235,-0.0014982197,-0.001155016,-0.0008118123,-0.00046860857,-0.00012540485,0.00021779886,0.0005610026,0.0009042063,0.00124741,0.0015906137,0.0019338174,0.002277021,0.0026202248,0.0029634286,0.0033066324,0.003649836,0.00399304,0.0043362435,0.004679447,0.005022651,0.0053658546],"mean":-0.00019565628,"std":0.00296857}
{"counts":[1,0,3,0,0,0,0,2,1,1,0,3,1,2,5,0,0,1,1,1,1,2,1,3,0,0,0,1,1,1],"wall_time":1.754152208467e9,"step":5,"max":0.008008656,"min":-0.008113537,"count":32,"bins":[-0.008113537,-0.0075761303,-0.007038724,-0.0065013175,-0.0059639113,-0.0054265046,-0.0048890985,-0.004351692,-0.0038142854,-0.003276879,-0.0027394725,-0.0022020661,-0.0016646597,-0.0011272533,-0.00058984687,-5.2440446e-5,0.000484966,0.0010223724,0.0015597788,0.0020971852,0.0026345917,0.003171998,0.0037094045,0.004246811,0.0047842176,0.0053216238,0.0058590304,0.0063964366,0.0069338433,0.0074712494,0.008008656],"mean":5.9052516e-5,"std":0.00421817}
{"counts":[4,0,0,0,3,3,1,2,2,4,0,0,2,2,1,1,2,0,1,1,1,0,0,0,0,0,1,0,0,1],"wall_time":1.754152210579e9,"step":6,"max":0.009247336,"min":-0.0053476957,"count":32,"bins":[-0.0053476957,-0.0048611946,-0.0043746936,-0.0038881926,-0.0034016916,-0.0029151905,-0.0024286895,-0.0019421884,-0.0014556873,-0.0009691863,-0.00048268525,3.815799e-6,0.00049031683,0.0009768179,0.001463319,0.00194982,0.002436321,0.002922822,0.003409323,0.003895824,0.0043823253,0.0048688264,0.0053553274,0.0058418284,0.0063283294,0.0068148305,0.0073013315,0.0077878325,0.008274334,0.008760834,0.009247336],"mean":-0.00017294401,"std":0.0035640926}
{"counts":[1,0,1,2,1,3,2,0,3,0,2,1,4,2,2,0,4,2,0,1,0,0,0,0,0,0,0,0,0,1],"wall_time":1.754152212738e9,"step":7,"max":0.010935955,"min":-0.0052849045,"count":32,"bins":[-0.0052849045,-0.0047442093,-0.0042035137,-0.0036628186,-0.0031221232,-0.002581428,-0.0020407327,-0.0015000374,-0.00095934205,-0.00041864673,0.00012204858,0.00066274387,0.0012034392,0.0017441345,0.0022848297,0.0028255251,0.0033662205,0.003906916,0.004447611,0.004988306,0.005529002,0.006069697,0.006610392,0.0071510877,0.007691783,0.008232478,0.008773173,0.009313869,0.009854564,0.01039526,0.010935955],"mean":0.0007614196,"std":0.0033562216}
{"counts":[1,0,0,0,0,0,1,0,1,0,2,0,1,4,4,1,3,2,1,3,2,0,1,0,0,1,1,1,1,1],"wall_time":1.754152214869e9,"step":8,"max":0.013282217,"min":-0.018100932,"count":32,"bins":[-0.018100932,-0.017054828,-0.016008722,-0.014962617,-0.013916512,-0.012870408,-0.011824302,-0.010778197,-0.009732093,-0.008685987,-0.0076398826,-0.0065937773,-0.0055476725,-0.0045015677,-0.0034554626,-0.0024093576,-0.0013632526,-0.0003171476,0.00072895736,0.0017750623,0.0028211672,0.0038672723,0.004913377,0.0059594824,0.007005587,0.0080516925,0.009097797,0.010143902,0.011190007,0.012236112,0.013282217],"mean":-0.0004176606,"std":0.006829694}
{"counts":[1,0,0,1,2,1,1,1,5,4,2,2,2,1,1,3,0,2,1,0,0,0,1,0,0,0,0,0,0,1],"wall_time":1.754152216869e9,"step":9,"max":0.014333487,"min":-0.0070696194,"count":32,"bins":[-0.0070696194,-0.0063561825,-0.0056427456,-0.004929309,-0.004215872,-0.003502435,-0.0027889982,-0.0020755613,-0.0013621245,-0.0006486876,6.474927e-5,0.00077818613,0.001491623,0.0022050599,0.0029184967,0.0036319336,0.0043453705,0.0050588073,0.005772244,0.006485681,0.007199118,0.007912555,0.008625992,0.0093394285,0.010052865,0.010766302,0.011479739,0.012193176,0.012906613,0.01362005,0.014333487],"mean":0.0009890471,"std":0.00422336}
{"counts":[1,0,0,0,0,0,0,0,2,0,0,1,3,1,1,5,0,1,2,3,1,0,5,1,0,2,2,0,0,1],"wall_time":1.754152219009e9,"step":10,"max":0.0057589016,"min":-0.008931759,"count":32,"bins":[-0.008931759,-0.00844207,-0.007952382,-0.007462693,-0.006973004,-0.0064833155,-0.0059936265,-0.005503938,-0.0050142496,-0.0045245606,-0.004034872,-0.0035451832,-0.0030554947,-0.002565806,-0.0020761173,-0.0015864286,-0.0010967399,-0.00060705125,-0.00011736257,0.00037232612,0.0008620148,0.0013517034,0.0018413921,0.0023310808,0.0028207696,0.0033104583,0.003800147,0.0042898357,0.004779524,0.005269213,0.0057589016],"mean":-0.00015665329,"std":0.0031099448}
{"counts":[1,0,0,0,0,0,2,1,0,1,0,1,0,4,2,0,3,1,1,3,3,4,0,1,0,1,0,0,0,3],"wall_time":1.754152221028e9,"step":11,"max":0.006212701,"min":-0.0070155337,"count":32,"bins":[-0.0070155337,-0.0065745926,-0.0061336514,-0.00569271,-0.005251769,-0.004810828,-0.0043698866,-0.0039289454,-0.0034880044,-0.0030470632,-0.002606122,-0.0021651809,-0.0017242398,-0.0012832986,-0.00084235746,-0.00040141633,3.952483e-5,0.000480466,0.00092140713,0.0013623483,0.0018032895,0.0022442306,0.0026851718,0.003126113,0.0035670542,0.004007995,0.0044489363,0.0048898775,0.0053308187,0.00577176,0.006212701],"mean":0.00057367573,"std":0.003049383}
{"counts":[1,0,0,1,1,0,1,1,1,1,3,2,6,1,1,2,1,4,1,1,0,0,0,2,0,0,0,0,0,1],"wall_time":1.754152223108e9,"step":12,"max":0.009165566,"min":-0.007815674,"count":32,"bins":[-0.007815674,-0.0072496324,-0.0066835913,-0.0061175497,-0.0055515086,-0.004985467,-0.004419426,-0.0038533846,-0.003287343,-0.0027213017,-0.0021552604,-0.0015892192,-0.0010231778,-0.00045713646,0.00010890489,0.00067494623,0.0012409876,0.0018070289,0.0023730702,0.0029391116,0.0035051529,0.004071194,0.004637236,0.005203277,0.0057693184,0.0063353595,0.006901401,0.007467442,0.008033483,0.008599525,0.009165566],"mean":-0.00021061933,"std":0.0034567807}
{"counts":[1,0,0,0,1,1,0,3,3,1,1,4,2,0,2,1,1,3,0,1,1,0,0,2,0,0,0,2,1,1],"wall_time":1.754152225209e9,"step":13,"max":0.008145899,"min":-0.0069518406,"count":32,"bins":[-0.0069518406,-0.0064485827,-0.0059453244,-0.0054420666,-0.0049388087,-0.004435551,-0.0039322926,-0.0034290347,-0.0029257769,-0.0024225188,-0.0019192608,-0.0014160029,-0.0009127449,-0.00040948697,9.377102e-5,0.000597029,0.001100287,0.0016035449,0.002106803,0.0026100609,0.003113319,0.0036165768,0.004119835,0.0046230927,0.0051263506,0.005629609,0.0061328667,0.0066361246,0.0071393824,0.0076426407,0.008145899],"mean":0.0003057742,"std":0.0038270836}
