{"counts":[2,3,0,3,4,7,10,8,18,29,45,71,105,202,386,447,272,167,102,76,40,18,17,6,4,2,3,0,0,1],"wall_time":1.754152199919e9,"step":1,"max":0.02824528,"min":-0.0291706,"count":2048,"bins":[-0.0291706,-0.027256738,-0.025342876,-0.023429012,-0.02151515,-0.019601287,-0.017687425,-0.015773563,-0.0138596995,-0.011945836,-0.010031974,-0.008118112,-0.0062042484,-0.004290386,-0.0023765233,-0.00046266057,0.0014512021,0.0033650647,0.0052789273,0.00719279,0.009106653,0.011020515,0.012934378,0.014848241,0.016762104,0.018675966,0.020589828,0.02250369,0.024417555,0.026331417,0.02824528],"mean":4.7250982e-5,"std":0.0055021234}
{"counts":[3,1,1,4,8,3,15,22,23,38,65,132,221,384,417,245,149,98,71,50,26,17,16,17,11,3,2,3,1,2],"wall_time":1.754152202234e9,"step":2,"max":0.02969951,"min":-0.026879786,"count":2048,"bins":[-0.026879786,-0.024993809,-0.023107832,-0.021221856,-0.019335879,-0.017449902,-0.015563927,-0.01367795,-0.011791973,-0.009905997,-0.00802002,-0.006134044,-0.0042480673,-0.0023620909,-0.00047611434,0.0014098622,0.0032958386,0.005181815,0.0070677917,0.008953768,0.0108397445,0.012725721,0.014611698,0.016497673,0.01838365,0.020269627,0.022155603,0.02404158,0.025927557,0.027813533,0.02969951],"mean":0.0003390446,"std":0.0060029253}
{"counts":[1,0,0,0,0,1,2,1,9,8,33,65,140,262,505,444,253,146,75,48,20,12,6,11,1,2,1,1,0,1],"wall_time":1.754152204356e9,"step":3,"max":0.033797607,"min":-0.033585146,"count":2048,"bins":[-0.033585146,-0.031339053,-0.029092962,-0.02684687,-0.02460078,-0.022354687,-0.020108595,-0.017862504,-0.015616412,-0.01337032,-0.011124228,-0.008878137,-0.006632045,-0.0043859533,-0.0021398615,0.00010623038,0.0023523222,0.004598414,0.0068445057,0.009090598,0.011336689,0.013582781,0.015828872,0.018074965,0.020321056,0.022567147,0.02481324,0.027059332,0.029305423,0.031551514,0.033797607],"mean":0.0004817216,"std":0.0051015257}
{"counts":[1,0,0,0,1,4,6,5,6,19,30,52,105,145,253,472,374,231,142,86,48,28,17,8,8,2,3,0,0,2],"wall_time":1.754152206377e9,"step":4,"max":0.023906833,"min":-0.027043188,"count":2048,"bins":[-0.027043188,-0.025344854,-0.02364652,-0.021948187,-0.020249851,-0.018551517,-0.016853184,-0.01515485,-0.013456516,-0.011758182,-0.0100598475,-0.008361514,-0.00666318,-0.0049648457,-0.0032665117,-0.0015681777,0.0001301563,0.0018284903,0.0035268243,0.0052251583,0.0069234925,0.008621827,0.010320161,0.012018494,0.013716828,0.015415163,0.017113496,0.018811831,0.020510165,0.022208499,0.023906833],"mean":-3.7532925e-5,"std":0.0045446046}
{"counts":[1,0,2,1,4,9,11,12,17,25,37,75,104,175,254,395,328,204,152,82,64,27,21,19,13,6,5,2,2,1],"wall_time":1.754152208463e9,"step":5,"max":0.022489341,"min":-0.024283355,"count":2048,"bins":[-0.024283355,-0.022724265,-0.021165175,-0.019606085,-0.018046996,-0.016487906,-0.014928816,-0.013369726,-0.011810636,-0.010251546,-0.008692456,-0.0071333665,-0.0055742767,-0.004015187,-0.002456097,-0.00089700706,0.0006620828,0.0022211727,0.0037802625,0.0053393524,0.0068984423,0.008457532,0.010016622,0.011575712,0.013134802,0.014693892,0.016252981,0.017812071,0.019371161,0.020930251,0.022489341],"mean":0.00029357622,"std":0.0049870643}
{"counts":[1,2,1,1,2,9,7,14,21,26,44,61,96,147,215,344,333,257,142,99,77,42,24,25,14,18,8,7,7,4],"wall_time":1.754152210571e9,"step":6,"max":0.021114945,"min":-0.024496607,"count":2048,"bins":[-0.024496607,-0.022976222,-0.021455837,-0.019935451,-0.018415067,-0.016894681,-0.015374297,-0.013853912,-0.012333526,-0.010813141,-0.009292756,-0.0077723716,-0.006251986,-0.004731601,-0.003211216,-0.001690831,-0.00017044594,0.0013499391,0.0028703243,0.0043907096,0.0059110946,0.0074314796,0.008951864,0.01047225,0.011992635,0.01351302,0.015033405,0.01655379,0.018074175,0.01959456,0.021114945],"mean":8.35089e-5,"std":0.005346471}
{"counts":[3,0,2,2,3,5,6,9,6,8,13,27,39,37,60,119,177,262,345,364,247,127,76,36,32,18,12,8,2,3],"wall_time":1.754152212728e9,"step":7,"max":0.018135387,"min":-0.028850868,"count":2048,"bins":[-0.028850868,-0.02728466,-0.02571845,-0.024152244,-0.022586035,-0.021019826,-0.019453617,-0.017887408,-0.0163212,-0.014754992,-0.013188783,-0.011622574,-0.010056366,-0.008490157,-0.006923949,-0.0053577404,-0.003791532,-0.0022253233,-0.00065911486,0.00090709364,0.0024733022,0.0040395106,0.005605719,0.007171928,0.008738136,0.010304345,0.011870554,0.013436762,0.015002971,0.016569179,0.018135387],"mean":-3.68904e-5,"std":0.00520393}
{"counts":[1,0,1,1,2,3,1,4,8,4,4,5,15,24,54,144,362,507,387,202,125,72,46,29,17,13,4,7,4,2],"wall_time":1.754152214859e9,"step":8,"max":0.026908025,"min":-0.040619694,"count":2048,"bins":[-0.040619694,-0.03836877,-0.036117844,-0.033866923,-0.031616,-0.029365074,-0.02711415,-0.024863226,-0.022612302,-0.020361379,-0.018110454,-0.01585953,-0.0136086065,-0.011357682,-0.009106758,-0.0068558343,-0.0046049105,-0.0023539863,-0.00010306239,0.0021478615,0.0043987855,0.0066497093,0.008900633,0.011151558,0.013402482,0.015653405,0.01790433,0.020155253,0.022406178,0.0246571,0.026908025],"mean":-0.00018395661,"std":0.0058809747}
{"counts":[2,1,3,1,13,9,12,21,29,49,69,79,116,181,234,270,285,181,144,102,83,53,36,32,20,6,7,4,3,3],"wall_time":1.754152216863e9,"step":9,"max":0.016727202,"min":-0.018998165,"count":2048,"bins":[-0.018998165,-0.01780732,-0.016616473,-0.015425628,-0.014234782,-0.013043937,-0.011853091,-0.010662246,-0.009471401,-0.008280555,-0.0070897094,-0.0058988635,-0.004708018,-0.0035171725,-0.0023263271,-0.0011354815,5.5364024e-5,0.0012462096,0.002437055,0.0036279007,0.0048187464,0.0060095917,0.007200437,0.0083912825,0.009582128,0.010772974,0.011963819,0.013154665,0.014345511,0.015536356,0.016727202],"mean":-0.00028166964,"std":0.004596189}
{"counts":[1,2,0,1,3,2,1,10,17,14,28,35,78,107,195,302,379,302,208,117,79,71,34,16,15,20,2,4,2,3],"wall_time":1.754152219002e9,"step":10,"max":0.016765578,"min":-0.021686407,"count":2048,"bins":[-0.021686407,-0.020404674,-0.019122941,-0.017841209,-0.016559476,-0.015277742,-0.01399601,-0.012714277,-0.011432544,-0.010150812,-0.008869079,-0.007587346,-0.006305613,-0.0050238804,-0.0037421475,-0.0024604145,-0.0011786817,0.00010305109,0.0013847839,0.0026665167,0.0039482494,0.0052299825,0.0065117152,0.007793448,0.009075181,0.010356913,0.011638646,0.01292038,0.014202112,0.015483845,0.016765578],"mean":-0.0003101905,"std":0.0040609804}
{"counts":[1,0,0,0,0,1,2,8,3,13,11,41,79,138,282,448,447,220,141,88,41,29,21,12,10,4,4,1,2,1],"wall_time":1.754152221023e9,"step":11,"max":0.025116887,"min":-0.028032063,"count":2048,"bins":[-0.028032063,-0.026260432,-0.0244888,-0.022717167,-0.020945536,-0.019173905,-0.017402273,-0.01563064,-0.013859009,-0.012087378,-0.010315746,-0.008544114,-0.006772483,-0.005000851,-0.0032292195,-0.0014575878,0.00031404383,0.0020856755,0.0038573071,0.005628939,0.0074005704,0.009172202,0.010943834,0.012715465,0.014487097,0.016258728,0.01803036,0.019801993,0.021573624,0.023345254,0.025116887],"mean":0.00053517614,"std":0.0045366813}
{"counts":[1,0,2,1,4,7,10,12,26,36,58,114,194,316,387,322,201,124,94,57,30,20,10,12,2,2,4,0,1,1],"wall_time":1.754152223104e9,"step":12,"max":0.023817739,"min":-0.022945968,"count":2048,"bins":[-0.022945968,-0.021387178,-0.019828388,-0.018269598,-0.016710807,-0.015152018,-0.013593227,-0.012034437,-0.010475647,-0.008916857,-0.0073580663,-0.005799276,-0.004240486,-0.0026816954,-0.0011229052,0.00043588504,0.0019946753,0.0035534655,0.005112256,0.006671046,0.008229836,0.009788627,0.011347417,0.012906207,0.014464997,0.016023787,0.017582577,0.019141369,0.020700159,0.022258949,0.023817739],"mean":-5.131993e-6,"std":0.004587217}
{"counts":[2,0,0,0,0,6,9,15,52,75,156,232,296,360,308,168,120,85,48,44,19,16,11,7,6,7,0,1,1,4],"wall_time":1.754152225205e9,"step":13,"max":0.026460148,"min":-0.021878846,"count":2048,