{"counts":[2,2,1,3,1,1,2,2,2,0,1,2,0,1,1,0,1,1,0,0,1,0,2,0,2,1,0,1,0,2],"wall_time":1.754110638213e9,"step":1,"max":1.0149925,"min":0.9805173,"count":32,"bins":[0.9805173,0.9816665,0.9828157,0.98396486,0.98511404,0.9862632,0.98741233,0.9885615,0.9897107,0.99085987,0.99200904,0.9931582,0.9943074,0.9954566,0.99660575,0.99775493,0.99890405,1.0000533,1.0012025,1.0023516,1.0035008,1.0046499,1.005799,1.0069482,1.0080974,1.0092466,1.0103958,1.011545,1.0126941,1.0138433,1.0149925],"mean":0.9947149,"std":0.010946286}
{"counts":[1,0,2,2,0,2,3,1,2,0,3,0,1,2,1,0,0,1,1,0,0,3,1,0,1,1,1,0,2,1],"wall_time":1.75411063932e9,"step":2,"max":1.0210572,"min":0.96307856,"count":32,"bins":[0.96307856,0.9650112,0.9669438,0.9688764,0.97080904,0.97274166,0.9746743,0.9766069,0.9785395,0.98047215,0.98240477,0.9843374,0.98627,0.98820263,0.99013525,0.99206793,0.99400055,0.9959332,0.9978658,0.9997984,1.001731,1.0036637,1.0055963,1.0075289,1.0094615,1.0113941,1.0133268,1.0152594,1.017192,1.0191246,1.0210572],"mean":0.9896006,"std":0.01722901}
{"counts":[1,1,0,1,1,0,1,3,3,1,2,1,2,1,2,0,0,1,2,0,3,0,1,0,0,2,0,0,2,1],"wall_time":1.754110640358e9,"step":3,"max":1.0229927,"min":0.951619,"count":32,"bins":[0.951619,0.95399815,0.95637727,0.9587564,0.9611355,0.9635146,0.96589375,0.96827286,0.97065204,0.97303116,0.9754103,0.9777894,0.9801685,0.98254764,0.98492676,0.9873059,0.989685,0.9920641,0.99444324,0.99682236,0.9992015,1.0015806,1.0039598,1.0063388,1.008718,1.0110971,1.0134763,1.0158553,1.0182345,1.0206136,1.0229927],"mean":0.9851047,"std":0.019731553}
{"counts":[1,0,1,1,1,0,1,1,2,3,2,2,2,0,1,2,0,1,0,3,0,3,0,0,0,1,0,1,1,2],"wall_time":1.754110641408e9,"step":4,"max":1.0241089,"min":0.9424914,"count":32,"bins":[0.9424914,0.945212,0.9479326,0.95065314,0.95337373,0.9560943,0.9588149,0.9615355,0.96425605,0.96697664,0.96969724,0.97241783,0.9751384,0.97785896,0.98057956,0.98330015,0.98602074,0.98874134,0.9914619,0.99418247,0.99690306,0.99962366,1.0023443,1.0050648,1.0077854,1.010506,1.0132265,1.0159471,1.0186677,1.0213883,1.0241089],"mean":0.98211604,"std":0.022282083}
{"counts":[1,0,1,1,0,1,0,3,1,1,2,3,1,2,0,1,2,1,0,2,1,2,1,0,1,0,0,0,3,1],"wall_time":1.754110642556e9,"step":5,"max":1.0242909,"min":0.9366022,"count":32,"bins":[0.9366022,0.9395251,0.9424481,0.94537103,0.948294,0.951217,0.95413995,0.9570629,0.95998585,0.9629088,0.96583176,0.9687547,0.97167766,0.9746006,0.97752357,0.9804466,0.9833695,0.9862925,0.98921543,0.9921384,0.99506134,0.9979843,1.0009073,1.0038302,1.0067532,1.0096761,1.0125991,1.015522,1.018445,1.0213679,1.0242909],"mean":0.9801303,"std":0.023497408}
{"counts":[2,2,1,3,1,1,2,2,2,0,1,2,0,1,1,0,1,1,0,0,1,0,2,0,2,1,0,1,0,2],"wall_time":1.754110643586e9,"step":6,"max":1.0149925,"min":0.9805173,"count":32,"bins":[0.9805173,0.9816665,0.9828157,0.98396486,0.98511404,0.9862632,0.98741233,0.9885615,0.9897107,0.99085987,0.99200904,0.9931582,0.9943074,0.9954566,0.99660575,0.99775493,0.99890405,1.0000533,1.0012025,1.0023516,1.0035008,1.0046499,1.005799,1.0069482,1.0080974,1.0092466,1.0103958,1.011545,1.0126941,1.0138433,1.0149925],"mean":0.9947149,"std":0.010946286}
