{"counts":[2,0,0,3,3,7,10,22,20,35,28,32,36,42,59,53,51,40,49,46,23,29,15,12,9,6,2,4,0,2],"wall_time":1.754110638052e9,"step":1,"max":0.9587491,"min":-1.0224882,"count":640,"bins":[-1.0224882,-0.956447,-0.8904058,-0.8243645,-0.75832325,-0.692282,-0.6262408,-0.5601995,-0.49415827,-0.42811704,-0.36207578,-0.29603454,-0.2299933,-0.16395205,-0.09791081,-0.03186956,0.034171686,0.10021293,0.16625418,0.23229542,0.29833665,0.36437792,0.43041915,0.4964604,0.56250167,0.6285429,0.69458413,0.76062536,0.82666665,0.8927079,0.9587491],"mean":-0.011451026,"std":0.32248643}
{"counts":[2,0,1,3,2,6,11,21,24,34,28,32,35,41,59,55,51,42,47,48,20,31,12,12,9,6,4,2,0,2],"wall_time":1.754110639284e9,"step":2,"max":0.96334934,"min":-1.0214037,"count":640,"bins":[-1.0214037,-0.95524526,-0.8890868,-0.82292837,-0.75676996,-0.6906115,-0.62445307,-0.55829465,-0.4921362,-0.42597777,-0.35981932,-0.2936609,-0.22750247,-0.16134404,-0.0951856,-0.029027164,0.03713127,0.1032897,0.16944814,0.23560657,0.301765,0.36792344,0.43408188,0.5002403,0.56639874,0.63255715,0.6987156,0.76487404,0.83103245,0.8971909,0.96334934],"mean":-0.011443399,"std":0.32250315}
{"counts":[2,0,1,2,3,6,11,21,23,35,27,34,33,44,58,56,50,41,48,49,20,29,13,12,8,6,4,2,0,2],"wall_time":1.754110640354e9,"step":3,"max":0.96735746,"min":-1.0232654,"count":640,"bins":[-1.0232654,-0.95691127,-0.89055717,-0.8242031,-0.757849,-0.6914949,-0.6251408,-0.5587867,-0.49243262,-0.42607853,-0.35972443,-0.29337034,-0.22701624,-0.16066214,-0.09430805,-0.027953953,0.03840014,0.10475423,0.17110834,0.23746242,0.30381653,0.37017062,0.43652472,0.5028788,0.5692329,0.635587,0.7019411,0.76829517,0.83464926,0.90100336,0.96735746],"mean":-0.011414012,"std":0.32249305}
{"counts":[2,0,1,3,2,7,10,21,23,33,31,32,33,45,58,54,49,42,48,49,19,31,12,13,8,6,4,2,0,2],"wall_time":1.754110641403e9,"step":4,"max":0.9663338,"min":-1.0229675,"count":640,"bins":[-1.0229675,-0.9566574,-0.89034736,-0.8240373,-0.75772727,-0.6914172,-0.6251072,-0.5587972,-0.49248713,-0.42617708,-0.35986704,-0.293557,-0.22724696,-0.1609369,-0.09462687,-0.028316826,0.037993215,0.104303256,0.1706133,0.23692334,0.30323339,0.36954343,0.43585348,0.5021635,0.5684736,0.63478357,0.7010936,0.76740366,0.8337137,0.90002376,0.9663338],"mean":-0.0113967545,"std":0.32254776}
{"counts":[2,0,1,3,1,8,11,19,23,34,31,33,32,45,58,55,50,40,49,49,19,30,13,12,9,5,4,2,0,2],"wall_time":1.754110642533e9,"step":5,"max":0.96918917,"min":-1.0228032,"count":640,"bins":[-1.0228032,-0.95640343,-0.8900037,-0.8236039,-0.75720423,-0.6908045,-0.6244047,-0.558005,-0.49160522,-0.42520547,-0.35880575,-0.292406,-0.22600624,-0.1596065,-0.093206756,-0.02680701,0.039592735,0.10599248,0.17239222,0.23879197,0.30519173,0.37159145,0.4379912,0.50439095,0.5707907,0.63719046,0.7035902,0.7699899,0.83638966,0.9027894,0.96918917],"mean":-0.011270071,"std":0.32255644}
{"counts":[2,0,0,3,3,7,10,22,20,35,28,32,36,42,59,53,51,40,49,46,23,29,15,12,9,6,2,4,0,2],"wall_time":1.754110643559e9,"step":6,"max":0.9587491,"min":-1.0224882,"count":640,"bins":[-1.0224882,-0.956447,-0.8904058,-0.8243645,-0.75832325,-0.692282,-0.6262408,-0.5601995,-0.49415827,-0.42811704,-0.36207578,-0.29603454,-0.2299933,-0.16395205,-0.09791081,-0.03186956,0.034171686,0.10021293,0.16625418,0.23229542,0.29833665,0.36437792,0.43041915,0.4964604,0.56250167,0.6285429,0.69458413,0.76062536,0.82666665,0.8927079,0.9587491],"mean":-0.011451026,"std":0.32248643}
