{"counts":[2,6,10,21,29,33,57,89,103,130,144,183,187,200,178,157,129,114,94,63,59,26,15,7,6,0,3,1,0,2],"wall_time":1.754110638208e9,"step":1,"max":0.48467448,"min":-0.38709804,"count":2048,"bins":[-0.38709804,-0.35803896,-0.32897988,-0.2999208,-0.27086172,-0.24180262,-0.21274354,-0.18368445,-0.15462537,-0.12556629,-0.0965072,-0.06744812,-0.038389035,-0.009329949,0.019729136,0.04878822,0.0778473,0.10690639,0.13596547,0.16502456,0.19408365,0.22314273,0.2522018,0.2812609,0.31032,0.33937907,0.36843815,0.39749724,0.42655632,0.4556154,0.48467448],"mean":-0.005110297,"std":0.12549792}
{"counts":[2,8,7,26,24,37,54,93,100,118,151,161,193,202,184,142,143,111,95,65,60,32,19,9,3,3,1,3,0,2],"wall_time":1.754110639311e9,"step":2,"max":0.47356388,"min":-0.38556355,"count":2048,"bins":[-0.38556355,-0.35692596,-0.32828838,-0.29965082,-0.27101323,-0.24237564,-0.21373807,-0.18510048,-0.15646291,-0.12782532,-0.09918774,-0.07055016,-0.041912578,-0.013274998,0.015362582,0.044000164,0.072637744,0.101275325,0.12991291,0.15855049,0.18718807,0.21582565,0.24446324,0.27310082,0.30173838,0.33037597,0.35901356,0.38765115,0.4162887,0.4449263,0.47356388],"mean":-0.006734705,"std":0.12596914}
{"counts":[3,9,10,24,23,39,58,92,102,121,143,168,190,195,178,149,134,125,83,73,51,41,15,9,3,4,1,3,0,2],"wall_time":1.754110640357e9,"step":3,"max":0.47059715,"min":-0.38457716,"count":2048,"bins":[-0.38457716,-0.35607135,-0.32756552,-0.29905972,-0.27055392,-0.2420481,-0.2135423,-0.18503648,-0.15653068,-0.12802486,-0.09951905,-0.07101324,-0.042507432,-0.014001624,0.014504186,0.043009996,0.071515806,0.100021616,0.12852743,0.15703323,0.18553905,0.21404485,0.24255067,0.27105647,0.29956228,0.3280681,0.3565739,0.3850797,0.4135855,0.44209135,0.47059715],"mean":-0.00810627,"std":0.12634876}
{"counts":[3,8,8,24,24,36,47,93,99,109,149,159,187,202,177,149,145,121,95,66,57,46,19,8,6,5,1,1,2,2],"wall_time":1.754110641406e9,"step":4,"max":0.46289563,"min":-0.38930038,"count":2048,"bins":[-0.38930038,-0.36089385,-0.33248731,-0.30408078,-0.27567425,-0.24726771,-0.21886118,-0.19045465,-0.1620481,-0.13364157,-0.10523504,-0.07682851,-0.04842197,-0.020015439,0.008391094,0.036797628,0.06520416,0.0936107,0.12201723,0.15042377,0.1788303,0.20723683,0.23564336,0.2640499,0.29245642,0.32086298,0.3492695,0.37767604,0.40608257,0.4344891,0.46289563],"mean":-0.008984224,"std":0.12664643}
{"counts":[2,8,10,20,26,33,47,88,97,102,154,157,180,189,193,152,149,118,95,77,54,46,25,5,10,5,1,1,2,2],"wall_time":1.754110642549e9,"step":5,"max":0.45779964,"min":-0.3917139,"count":2048,"bins":[-0.3917139,-0.36339676,-0.33507964,-0.30676255,-0.27844542,-0.2501283,-0.22181118,-0.19349407,-0.16517694,-0.13685983,-0.10854271,-0.080225594,-0.051908474,-0.023591358,0.0047257603,0.033042878,0.061359994,0.08967711,0.117994234,0.14631134,0.17462847,0.20294559,0.2312627,0.2595798,0.28789693,0.31621405,0.34453118,0.3728483,0.4011654,0.42948252,0.45779964],"mean":-0.009617475,"std":0.12682652}
{"counts":[2,6,10,21,29,33,57,89,103,130,144,183,187,200,178,157,129,114,94,63,59,26,15,7,6,0,3,1,0,2],"wall_time":1.754110643564e9,"step":6,"max":0.48467448,"min":-0.38709804,"count":2048,"bins":[-0.38709804,-0.35803896,-0.32897988,-0.2999208,-0.27086172,-0.24180262,-0.21274354,-0.18368445,-0.15462537,-0.12556629,-0.0965072,-0.06744812,-0.038389035,-0.009329949,0.019729136,0.04878822,0.0778473,0.10690639,0.13596547,0.16502456,0.19408365,0.22314273,0.2522018,0.2812609,0.31032,0.33937907,0.36843815,0.39749724,0.42655632,0.4556154,0.48467448],"mean":-0.005110297,"std":0.12549792}
