{"counts":[1,2,1,1,5,1,0,2,2,2,1,1,2,1,3,5,3,3,4,1,2,2,5,2,5,2,1,3,0,1],"wall_time":1.754110638206e9,"step":1,"max":0.021288808,"min":-0.018675804,"count":64,"bins":[-0.018675804,-0.01734365,-0.016011497,-0.0146793425,-0.013347189,-0.012015035,-0.010682882,-0.009350728,-0.008018574,-0.00668642,-0.0053542666,-0.004022113,-0.002689959,-0.0013578053,-2.5651603e-5,0.0013065021,0.002638656,0.0039708097,0.0053029633,0.0066351173,0.007967271,0.0092994245,0.010631578,0.011963733,0.013295886,0.01462804,0.015960194,0.017292347,0.018624501,0.019956654,0.021288808],"mean":0.0026413533,"std":0.010529778}
{"counts":[2,1,1,2,2,2,1,3,3,0,0,4,1,2,3,7,2,1,3,2,6,2,3,2,5,1,0,2,0,1],"wall_time":1.754110639304e9,"step":2,"max":0.036466103,"min":-0.028613757,"count":64,"bins":[-0.028613757,-0.02644443,-0.0242751,-0.022105772,-0.019936442,-0.017767115,-0.015597785,-0.013428456,-0.011259128,-0.0090898,-0.0069204704,-0.0047511416,-0.0025818131,-0.0004124845,0.0017568442,0.003926173,0.0060955016,0.00826483,0.010434159,0.012603488,0.014772817,0.016942145,0.019111473,0.021280803,0.02345013,0.02561946,0.027788788,0.029958118,0.032127447,0.034296773,0.036466103],"mean":0.0046358486,"std":0.016575925}
{"counts":[1,2,0,0,3,2,3,2,2,0,1,3,2,3,2,5,2,3,4,0,4,2,6,4,2,1,3,1,0,1],"wall_time":1.754110640357e9,"step":3,"max":0.047236137,"min":-0.038202163,"count":64,"bins":[-0.038202163,-0.03535422,-0.032506276,-0.029658332,-0.026810389,-0.023962446,-0.021114502,-0.018266559,-0.015418616,-0.012570673,-0.009722729,-0.006874786,-0.004026843,-0.0011788995,0.0016690438,0.004516987,0.0073649306,0.010212874,0.0130608175,0.015908761,0.018756704,0.021604648,0.024452591,0.027300533,0.030148476,0.03299642,0.035844363,0.038692307,0.04154025,0.044388194,0.047236137],"mean":0.007195301,"std":0.021188658}
{"counts":[2,1,0,2,2,1,3,1,3,1,1,1,2,4,0,6,0,5,1,4,3,3,2,3,6,1,0,2,2,2],"wall_time":1.754110641405e9,"step":4,"max":0.049409423,"min":-0.040366504,"count":64,"bins":[-0.040366504,-0.037373975,-0.03438144,-0.031388912,-0.028396381,-0.02540385,-0.022411318,-0.019418787,-0.016426258,-0.0134337265,-0.010441195,-0.0074486644,-0.0044561336,-0.0014636025,0.0015289284,0.0045214593,0.00751399,0.010506521,0.013499052,0.016491583,0.019484114,0.022476645,0.025469176,0.028461706,0.03145424,0.03444677,0.037439298,0.04043183,0.04342436,0.046416894,0.049409423],"mean":0.0087077245,"std":0.023870846}
{"counts":[2,0,2,1,1,2,1,3,2,2,0,2,2,3,3,3,4,2,1,7,0,3,2,4,4,2,0,2,2,2],"wall_time":1.754110642537e9,"step":5,"max":0.054422107,"min":-0.043520838,"count":64,"bins":[-0.043520838,-0.04025607,-0.03699131,-0.033726543,-0.030461779,-0.027197015,-0.023932248,-0.020667484,-0.01740272,-0.014137954,-0.01087319,-0.007608425,-0.00434366,-0.0010788954,0.0021858695,0.0054506343,0.0087154,0.011980164,0.015244929,0.018509693,0.021774458,0.025039224,0.028303988,0.031568754,0.034833517,0.038098283,0.041363046,0.04462781,0.047892578,0.05115734,0.054422107],"mean":0.009956318,"std":0.02549943}
{"counts":[1,2,1,1,5,1,0,2,2,2,1,1,2,1,3,5,3,3,4,1,2,2,5,2,5,2,1,3,0,1],"wall_time":1.754110643561e9,"step":6,"max":0.021288808,"min":-0.018675804,"count":64,"bins":[-0.018675804,-0.01734365,-0.016011497,-0.0146793425,-0.013347189,-0.012015035,-0.010682882,-0.009350728,-0.008018574,-0.00668642,-0.0053542666,-0.004022113,-0.002689959,-0.0013578053,-2.5651603e-5,0.0013065021,0.002638656,0.0039708097,0.0053029633,0.0066351173,0.007967271,0.0092994245,0.010631578,0.011963733,0.013295886,0.01462804,0.015960194,0.017292347,0.018624501,0.019956654,0.021288808],"mean":0.0026413533,"std":0.010529778}
