{"counts":[1,0,0,1,3,1,0,4,0,0,1,4,3,2,2,3,2,3,1,5,4,1,4,0,4,7,2,2,3,1],"wall_time":1.754110638203e9,"step":1,"max":1.0189896,"min":0.980063,"count":64,"bins":[0.980063,0.98136055,0.98265815,0.9839557,0.9852532,0.9865508,0.98784834,0.9891459,0.9904434,0.991741,0.99303854,0.99433607,0.99563366,0.9969312,0.9982287,0.9995263,1.0008239,1.0021214,1.0034189,1.0047165,1.0060141,1.0073116,1.0086092,1.0099066,1.0112042,1.0125018,1.0137993,1.0150969,1.0163945,1.017692,1.0189896],"mean":1.0031655,"std":0.009804458}
{"counts":[1,0,1,1,3,0,0,2,3,1,2,0,3,4,5,3,1,0,5,6,1,2,2,3,5,5,2,2,0,1],"wall_time":1.754110639296e9,"step":2,"max":1.0329518,"min":0.97002053,"count":64,"bins":[0.97002053,0.97211826,0.9742159,0.97631365,0.9784114,0.9805091,0.98260677,0.9847045,0.9868022,0.98889995,0.9909976,0.99309534,0.99519306,0.9972908,0.99938846,1.0014862,1.0035839,1.0056816,1.0077794,1.009877,1.0119747,1.0140724,1.0161701,1.0182679,1.0203656,1.0224633,1.024561,1.0266587,1.0287564,1.0308541,1.0329518],"mean":1.0057963,"std":0.015290496}
{"counts":[1,0,0,1,0,1,3,1,0,3,2,1,3,2,3,4,4,0,3,3,3,3,5,2,3,5,3,1,2,2],"wall_time":1.754110640356e9,"step":3,"max":1.0397506,"min":0.96057594,"count":64,"bins":[0.96057594,0.9632151,0.9658542,0.9684934,0.9711326,0.9737717,0.97641087,0.97905004,0.98168916,0.9843283,0.9869675,0.9896066,0.9922458,0.99488497,0.9975241,1.0001633,1.0028024,1.0054415,1.0080807,1.0107199,1.0133591,1.0159982,1.0186373,1.0212765,1.0239156,1.0265548,1.029194,1.0318332,1.0344722,1.0371114,1.0397506],"mean":1.0081606,"std":0.018893031}
{"counts":[1,1,0,0,2,3,0,1,1,2,1,5,0,5,3,2,1,4,1,5,2,5,3,5,1,3,1,1,3,2],"wall_time":1.754110641404e9,"step":4,"max":1.0462897,"min":0.9610568,"count":64,"bins":[0.9610568,0.96389794,0.966739,0.9695801,0.9724212,0.9752623,0.9781034,0.9809445,0.98378557,0.9866267,0.9894678,0.99230886,0.99514997,0.9979911,1.0008322,1.0036733,1.0065143,1.0093554,1.0121965,1.0150377,1.0178788,1.0207199,1.0235609,1.026402,1.0292431,1.0320842,1.0349253,1.0377665,1.0406075,1.0434486,1.0462897],"mean":1.0100962,"std":0.021101905}
{"counts":[2,0,0,1,3,1,0,1,2,2,1,3,2,4,4,1,3,2,4,3,3,2,6,3,2,2,1,2,3,1],"wall_time":1.754110642535e9,"step":5,"max":1.0511848,"min":0.9596419,"count":64,"bins":[0.9596419,0.96269333,0.96574473,0.96879613,0.9718476,0.97489905,0.97795045,0.98100185,0.9840533,0.9871048,0.9901562,0.9932076,0.99625903,0.9993105,1.0023619,1.0054133,1.0084648,1.0115162,1.0145676,1.017619,1.0206704,1.0237219,1.0267733,1.0298247,1.0328763,1.0359277,1.038979,1.0420305,1.0450819,1.0481334,1.0511848],"mean":1.0114073,"std":0.022726169}
{"counts":[1,0,0,1,3,1,0,4,0,0,1,4,3,2,2,3,2,3,1,5,4,1,4,0,4,7,2,2,3,1],"wall_time":1.75411064356e9,"step":6,"max":1.0189896,"min":0.980063,"count":64,"bins":[0.980063,0.98136055,0.98265815,0.9839557,0.9852532,0.9865508,0.98784834,0.9891459,0.9904434,0.991741,0.99303854,0.99433607,0.99563366,0.9969312,0.9982287,0.9995263,1.0008239,1.0021214,1.0034189,1.0047165,1.0060141,1.0073116,1.0086092,1.0099066,1.0112042,1.0125018,1.0137993,1.0150969,1.0163945,1.017692,1.0189896],"mean":1.0031655,"std":0.009804458}
