{"counts":[2,0,1],"wall_time":1.754110638223e9,"step":1,"max":0.018469602,"min":-0.012426638,"count":3,"bins":[-0.012426638,-0.0021278914,0.008170855,0.018469602],"mean":0.0005195501,"std":0.01604442}
{"counts":[1,1,1],"wall_time":1.754110639331e9,"step":2,"max":0.028052079,"min":-0.022384534,"count":3,"bins":[-0.022384534,-0.0055723297,0.011239874,0.028052079],"mean":0.00069685775,"std":0.025488472}
{"counts":[2,0,1],"wall_time":1.754110640359e9,"step":3,"max":0.031309374,"min":-0.022919174,"count":3,"bins":[-0.022919174,-0.0048429915,0.013233191,0.031309374],"mean":0.00071505085,"std":0.027776178}
{"counts":[2,0,1],"wall_time":1.754110641412e9,"step":4,"max":0.033099454,"min":-0.023656797,"count":3,"bins":[-0.023656797,-0.0047380463,0.014180704,0.033099454],"mean":0.00075324,"std":0.029198548}
{"counts":[2,0,1],"wall_time":1.754110642566e9,"step":5,"max":0.034334317,"min":-0.024830602,"count":3,"bins":[-0.024830602,-0.0051089623,0.0146126775,0.034334317],"mean":0.0007980503,"std":0.030364778}
{"counts":[2,0,1],"wall_time":1.754110643594e9,"step":6,"max":0.018469602,"min":-0.012426638,"count":3,"bins":[-0.012426638,-0.0021278914,0.008170855,0.018469602],"mean":0.0005195501,"std":0.01604442}
