{"counts":[1,3,2,0,3,1,3,1,0,0,1,1,1,2,0,0,2,0,0,0,0,1,1,0,0,3,2,1,1,2],"wall_time":1.754110638216e9,"step":1,"max":0.016214205,"min":-0.019555464,"count":32,"bins":[-0.019555464,-0.018363142,-0.01717082,-0.015978498,-0.014786175,-0.0135938525,-0.0124015305,-0.0112092085,-0.010016886,-0.008824564,-0.007632241,-0.006439919,-0.0052475967,-0.004055274,-0.002862952,-0.0016706297,-0.0004783074,0.0007140149,0.0019063372,0.0030986595,0.0042909817,0.005483304,0.0066756266,0.007867949,0.009060271,0.010252593,0.011444916,0.012637238,0.01382956,0.015021883,0.016214205],"mean":-0.0032102165,"std":0.012121466}
{"counts":[2,0,1,1,3,0,5,0,3,0,0,0,0,3,0,0,0,1,0,1,1,1,2,0,2,0,0,4,1,1],"wall_time":1.754110639323e9,"step":2,"max":0.026034415,"min":-0.034790732,"count":32,"bins":[-0.034790732,-0.032763228,-0.030735722,-0.028708218,-0.026680712,-0.024653208,-0.022625703,-0.020598197,-0.018570693,-0.016543187,-0.014515683,-0.012488178,-0.010460673,-0.008433169,-0.0064056637,-0.0043781586,-0.0023506538,-0.00032314882,0.001704356,0.003731861,0.005759366,0.007786871,0.009814376,0.01184188,0.013869385,0.01589689,0.017924394,0.0199519,0.021979405,0.02400691,0.026034415],"mean":-0.005779431,"std":0.01976441}
{"counts":[1,0,0,1,3,2,0,4,0,3,0,1,0,1,0,1,1,1,2,0,0,1,0,3,1,2,1,1,0,2],"wall_time":1.754110640359e9,"step":3,"max":0.030106356,"min":-0.04556172,"count":32,"bins":[-0.04556172,-0.043039452,-0.04051718,-0.037994914,-0.035472643,-0.032950375,-0.030428104,-0.027905835,-0.025383566,-0.022861296,-0.020339027,-0.017816758,-0.015294489,-0.01277222,-0.010249951,-0.0077276817,-0.0052054124,-0.0026831434,-0.00016087406,0.0023613952,0.004883664,0.0074059335,0.009928203,0.0124504715,0.014972741,0.01749501,0.02001728,0.022539549,0.025061818,0.027584087,0.030106356],"mean":-0.008026914,"std":0.022614198}
{"counts":[1,0,0,1,3,2,1,2,1,1,2,1,1,0,1,0,1,1,1,1,1,0,1,3,3,0,0,1,0,2],"wall_time":1.754110641409e9,"step":4,"max":0.033723738,"min":-0.051088925,"count":32,"bins":[-0.051088925,-0.048261836,-0.045434747,-0.042607658,-0.039780572,-0.036953483,-0.034126393,-0.031299304,-0.028472215,-0.025645126,-0.022818038,-0.019990949,-0.01716386,-0.014336771,-0.011509682,-0.008682594,-0.005855505,-0.003028416,-0.00020132735,0.0026257613,0.0054528504,0.008279939,0.0111070275,0.013934117,0.016761206,0.019588294,0.022415383,0.025242472,0.028069561,0.030896649,0.033723738],"mean":-0.009281342,"std":0.024928797}
{"counts":[1,0,0,3,2,2,0,2,2,0,2,1,0,1,1,0,1,1,1,1,1,0,1,4,2,0,0,1,0,2],"wall_time":1.754110642559e9,"step":5,"max":0.035690706,"min":-0.054069076,"count":32,"bins":[-0.054069076,-0.051077083,-0.04808509,-0.045093097,-0.042101104,-0.03910911,-0.036117118,-0.033125125,-0.030133134,-0.02714114,-0.024149148,-0.021157155,-0.018165164,-0.01517317,-0.012181178,-0.009189185,-0.0061971922,-0.0032051993,-0.00021320656,0.0027787862,0.0057707787,0.008762771,0.011754764,0.014746757,0.01773875,0.020730743,0.023722736,0.026714727,0.02970672,0.032698713,0.035690706],"mean":-0.010056918,"std":0.026567724}
{"counts":[1,3,2,0,3,1,3,1,0,0,1,1,1,2,0,0,2,0,0,0,0,1,1,0,0,3,2,1,1,2],"wall_time":1.75411064359e9,"step":6,"max":0.016214205,"min":-0.019555464,"count":32,"bins":[-0.019555464,-0.018363142,-0.01717082,-0.015978498,-0.014786175,-0.0135938525,-0.0124015305,-0.0112092085,-0.010016886,-0.008824564,-0.007632241,-0.006439919,-0.0052475967,-0.004055274,-0.002862952,-0.0016706297,-0.0004783074,0.0007140149,0.0019063372,0.0030986595,0.0042909817,0.005483304,0.0066756266,0.007867949,0.009060271,0.010252593,0.011444916,0.012637238,0.01382956,0.015021883,0.016214205],"mean":-0.0032102165,"std":0.012121466}
