{"counts":[1,3,0,3,3,0,1,2,2,1,1,2,2,2,5,3,3,3,2,1,2,2,5,2,6,2,1,3,0,1],"wall_time":1.754110638129e9,"step":1,"max":0.020965531,"min":-0.018231811,"count":64,"bins":[-0.018231811,-0.016925232,-0.015618655,-0.014312076,-0.013005499,-0.01169892,-0.010392343,-0.009085764,-0.007779186,-0.006472608,-0.00516603,-0.0038594522,-0.002552874,-0.001246296,6.028215e-5,0.0013668602,0.0026734383,0.0039800163,0.0052865944,0.0065931724,0.007899751,0.009206329,0.010512907,0.011819485,0.013126063,0.014432641,0.01573922,0.017045798,0.018352374,0.019658953,0.020965531],"mean":0.0025859757,"std":0.010474392}
{"counts":[3,0,1,2,3,2,2,2,2,1,1,2,2,3,3,5,3,2,1,1,6,3,3,1,4,2,2,0,1,1],"wall_time":1.75411063929e9,"step":2,"max":0.03553632,"min":-0.027424682,"count":64,"bins":[-0.027424682,-0.025325982,-0.023227282,-0.021128582,-0.019029882,-0.016931182,-0.014832482,-0.012733782,-0.010635082,-0.008536382,-0.0064376816,-0.0043389816,-0.0022402816,-0.00014158152,0.0019571185,0.0040558185,0.0061545186,0.008253219,0.010351919,0.012450619,0.014549319,0.016648019,0.018746719,0.020845419,0.022944119,0.025042819,0.027141519,0.029240219,0.03133892,0.033437617,0.03553632],"mean":0.0044549657,"std":0.016429538}
{"counts":[1,2,0,0,0,4,5,0,3,0,3,2,3,3,2,4,2,2,3,2,3,4,5,3,2,0,3,1,0,2],"wall_time":1.754110640355e9,"step":3,"max":0.046650212,"min":-0.037774462,"count":64,"bins":[-0.037774462,-0.034960307,-0.032146152,-0.029331995,-0.026517838,-0.023703683,-0.020889528,-0.018075371,-0.015261216,-0.01244706,-0.009632904,-0.006818748,-0.0040045925,-0.0011904367,0.0016237192,0.004437875,0.007252031,0.010066187,0.012880342,0.015694499,0.018508654,0.02132281,0.024136966,0.026951121,0.029765278,0.032579433,0.03539359,0.038207743,0.041021902,0.043836057,0.046650212],"mean":0.006889878,"std":0.021073718}
{"counts":[2,1,0,0,3,3,2,2,2,1,1,1,4,2,2,5,2,1,4,4,2,2,3,4,4,1,1,1,1,3],"wall_time":1.754110641403e9,"step":4,"max":0.05003685,"min":-0.040799238,"count":64,"bins":[-0.040799238,-0.037771367,-0.0347435,-0.031715628,-0.028687758,-0.025659889,-0.02263202,-0.01960415,-0.01657628,-0.013548411,-0.010520541,-0.0074926717,-0.0044648023,-0.0014369325,0.0015909371,0.0046188068,0.0076466766,0.0106745465,0.013702416,0.016730286,0.019758156,0.022786025,0.025813894,0.028841764,0.031869635,0.034897503,0.037925374,0.04095324,0.043981113,0.04700898,0.05003685],"mean":0.008280453,"std":0.02369356}
{"counts":[1,1,1,0,2,3,2,2,2,1,1,3,1,3,5,2,2,2,3,5,2,1,3,5,4,1,0,2,0,4],"wall_time":1.754110642533e9,"step":5,"max":0.053624023,"min":-0.044129822,"count":64,"bins":[-0.044129822,-0.04087136,-0.0376129,-0.034354437,-0.031095976,-0.027837515,-0.024579054,-0.021320593,-0.01806213,-0.0148036685,-0.011545207,-0.008286746,-0.005028284,-0.0017698228,0.0014886387,0.0047471,0.008005561,0.011264023,0.0145224845,0.017780947,0.021039408,0.024297869,0.02755633,0.030814793,0.034073252,0.037331715,0.04059018,0.043848637,0.0471071,0.05036556,0.053624023],"mean":0.009493336,"std":0.025193056}
{"counts":[1,3,0,3,3,0,1,2,2,1,1,2,2,2,5,3,3,3,2,1,2,2,5,2,6,2,1,3,0,1],"wall_time":1.75411064356e9,"step":6,"max":0.020965531,"min":-0.018231811,"count":64,"bins":[-0.018231811,-0.016925232,-0.015618655,-0.014312076,-0.013005499,-0.01169892,-0.010392343,-0.009085764,-0.007779186,-0.006472608,-0.00516603,-0.0038594522,-0.002552874,-0.001246296,6.028215e-5,0.0013668602,0.0026734383,0.0039800163,0.0052865944,0.0065931724,0.007899751,0.009206329,0.010512907,0.011819485,0.013126063,0.014432641,0.01573922,0.017045798,0.018352374,0.019658953,0.020965531],"mean":0.0025859757,"std":0.010474392}
