{"counts":[3,0,1,2,2,3,1,2,0,0,0,1,3,0,1,0,2,0,0,0,0,1,1,0,2,1,3,2,0,1],"wall_time":1.754110638211e9,"step":1,"max":0.016682819,"min":-0.019658763,"count":32,"bins":[-0.019658763,-0.018447377,-0.01723599,-0.016024604,-0.014813219,-0.013601833,-0.012390447,-0.011179061,-0.0099676745,-0.008756288,-0.0075449026,-0.0063335164,-0.0051221303,-0.003910744,-0.0026993582,-0.0014879722,-0.00027658616,0.0009347999,0.0021461858,0.003357572,0.004568958,0.005780344,0.00699173,0.008203116,0.009414502,0.010625889,0.011837275,0.01304866,0.014260046,0.015471432,0.016682819],"mean":-0.0031555116,"std":0.012010182}
{"counts":[2,0,0,2,3,1,2,3,0,2,0,0,0,2,1,0,0,1,0,1,1,1,1,2,1,1,3,1,0,1],"wall_time":1.754110639317e9,"step":2,"max":0.026925595,"min":-0.0355189,"count":32,"bins":[-0.0355189,-0.033437416,-0.031355932,-0.02927445,-0.027192967,-0.025111483,-0.02303,-0.020948518,-0.018867034,-0.01678555,-0.014704068,-0.012622585,-0.010541102,-0.008459618,-0.006378135,-0.004296652,-0.002215169,-0.00013368571,0.0019477975,0.0040292805,0.0061107636,0.008192247,0.01027373,0.012355213,0.014436697,0.01651818,0.018599663,0.020681147,0.022762628,0.024844112,0.026925595],"mean":-0.0057193153,"std":0.019642062}
{"counts":[1,0,0,1,1,2,3,1,2,2,1,0,1,1,0,1,1,1,1,1,0,1,1,1,4,1,0,1,1,1],"wall_time":1.754110640358e9,"step":3,"max":0.031233706,"min":-0.04750652,"count":32,"bins":[-0.04750652,-0.044881843,-0.04225717,-0.039632495,-0.037007824,-0.034383148,-0.031758472,-0.0291338,-0.026509125,-0.023884451,-0.021259777,-0.018635103,-0.01601043,-0.013385755,-0.01076108,-0.008136407,-0.0055117323,-0.0028870583,-0.00026238413,0.00236229,0.004986964,0.0076116384,0.010236313,0.012860986,0.015485661,0.018110335,0.020735009,0.023359682,0.025984358,0.028609032,0.031233706],"mean":-0.007965693,"std":0.022800785}
{"counts":[1,0,0,0,2,3,2,1,2,1,1,1,1,0,1,1,1,1,1,0,2,0,2,4,0,1,1,0,0,2],"wall_time":1.754110641408e9,"step":4,"max":0.035178714,"min":-0.054190088,"count":32,"bins":[-0.054190088,-0.051211126,-0.048232168,-0.04525321,-0.042274248,-0.039295286,-0.036316328,-0.03333737,-0.030358408,-0.027379448,-0.024400488,-0.021421527,-0.018442567,-0.015463607,-0.012484647,-0.009505687,-0.006526727,-0.0035477672,-0.0005688071,0.002410153,0.005389113,0.008368073,0.011347033,0.014325993,0.017304953,0.020283913,0.023262873,0.026241833,0.029220793,0.032199755,0.035178714],"mean":-0.009378356,"std":0.025281033}
{"counts":[1,0,0,0,4,1,3,0,2,1,1,2,0,0,1,0,2,1,1,1,1,1,0,5,0,1,1,0,1,1],"wall_time":1.754110642553e9,"step":5,"max":0.037518945,"min":-0.05763009,"count":32,"bins":[-0.05763009,-0.054458454,-0.05128682,-0.048115186,-0.04494355,-0.041771915,-0.03860028,-0.035428647,-0.032257013,-0.02908538,-0.025913743,-0.02274211,-0.019570475,-0.016398842,-0.013227207,-0.010055572,-0.0068839374,-0.003712303,-0.0005406685,0.002630966,0.0058026,0.008974235,0.012145869,0.015317503,0.018489137,0.021660773,0.024832407,0.028004041,0.031175675,0.03434731,0.037518945],"mean":-0.010190706,"std":0.026984999}
{"counts":[3,0,1,2,2,3,1,2,0,0,0,1,3,0,1,0,2,0,0,0,0,1,1,0,2,1,3,2,0,1],"wall_time":1.754110643581e9,"step":6,"max":0.016682819,"min":-0.019658763,"count":32,"bins":[-0.019658763,-0.018447377,-0.01723599,-0.016024604,-0.014813219,-0.013601833,-0.012390447,-0.011179061,-0.0099676745,-0.008756288,-0.0075449026,-0.0063335164,-0.0051221303,-0.003910744,-0.0026993582,-0.0014879722,-0.00027658616,0.0009347999,0.0021461858,0.003357572,0.004568958,0.005780344,0.00699173,0.008203116,0.009414502,0.010625889,0.011837275,0.01304866,0.014260046,0.015471432,0.016682819],"mean":-0.0031555116,"std":0.012010182}
