{"counts":[1,0,1,2,2,1,2,3,4,3,4,4,8,4,2,10,4,8,11,2,4,1,3,6,1,1,2,1,0,1],"wall_time":1.75411063822e9,"step":1,"max":0.3977319,"min":-0.4211719,"count":96,"bins":[-0.4211719,-0.39387512,-0.3665783,-0.33928153,-0.31198472,-0.28468794,-0.25739115,-0.23009434,-0.20279756,-0.17550077,-0.14820397,-0.12090717,-0.09361038,-0.06631359,-0.039016794,-0.011720002,0.015576792,0.042873584,0.07017038,0.09746717,0.124763966,0.15206076,0.17935756,0.20665434,0.23395114,0.26124793,0.2885447,0.31584153,0.3431383,0.37043512,0.3977319],"mean":-0.003580083,"std":0.16659182}
{"counts":[1,0,0,3,1,2,4,1,4,3,4,3,9,2,3,10,4,8,8,6,2,3,1,7,2,1,2,1,0,1],"wall_time":1.754110639327e9,"step":2,"max":0.38122493,"min":-0.41014022,"count":96,"bins":[-0.41014022,-0.38376138,-0.35738254,-0.3310037,-0.30462486,-0.27824602,-0.25186718,-0.22548835,-0.19910951,-0.17273067,-0.14635183,-0.119973,-0.093594156,-0.067215316,-0.04083648,-0.014457643,0.011921195,0.038300034,0.06467887,0.09105771,0.11743655,0.14381538,0.17019422,0.19657306,0.2229519,0.24933074,0.27570957,0.3020884,0.32846725,0.3548461,0.38122493],"mean":-0.0028831589,"std":0.16252466}
{"counts":[1,0,0,3,2,1,5,0,4,3,4,4,8,3,2,11,5,6,8,6,3,2,2,7,1,1,2,1,0,1],"wall_time":1.754110640359e9,"step":3,"max":0.37190363,"min":-0.39514744,"count":96,"bins":[-0.39514744,-0.36957908,-0.3440107,-0.31844234,-0.29287398,-0.2673056,-0.24173723,-0.21616887,-0.19060048,-0.16503212,-0.13946375,-0.11389539,-0.08832701,-0.06275865,-0.037190277,-0.011621907,0.0139464615,0.039514832,0.0650832,0.09065157,0.11621994,0.1417883,0.16735667,0.19292505,0.21849342,0.24406178,0.26963016,0.29519853,0.3207669,0.34633526,0.37190363],"mean":-0.0026255846,"std":0.15911435}
{"counts":[1,0,0,3,1,3,4,0,4,3,4,4,9,1,4,10,6,4,8,6,2,4,2,7,1,1,2,1,0,1],"wall_time":1.754110641411e9,"step":4,"max":0.36449188,"min":-0.38994682,"count":96,"bins":[-0.38994682,-0.36479887,-0.3396509,-0.31450295,-0.28935498,-0.26420704,-0.23905908,-0.21391112,-0.18876317,-0.16361521,-0.13846725,-0.11331929,-0.08817134,-0.06302338,-0.037875425,-0.012727469,0.012420488,0.037568443,0.0627164,0.087864354,0.113012314,0.13816027,0.16330823,0.18845618,0.21360414,0.2387521,0.26390004,0.28904802,0.31419596,0.33934394,0.36449188],"mean":-0.0023959146,"std":0.1567772}
{"counts":[1,0,0,3,2,2,4,0,3,3,5,5,7,2,4,9,7,5,6,5,4,4,3,5,2,1,2,1,0,1],"wall_time":1.754110642564e9,"step":5,"max":0.35906008,"min":-0.38503367,"count":96,"bins":[-0.38503367,-0.36023054,-0.3354274,-0.3106243,-0.28582117,-0.26101804,-0.23621492,-0.21141179,-0.18660867,-0.16180554,-0.13700242,-0.11219929,-0.08739617,-0.06259304,-0.03778992,-0.012986794,0.011816331,0.036619455,0.06142258,0.0862257,0.11102883,0.13583195,0.16063508,0.1854382,0.21024133,0.23504445,0.25984758,0.2846507,0.30945382,0.33425695,0.35906008],"mean":-0.002288787,"std":0.15535584}
{"counts":[1,0,1,2,2,1,2,3,4,3,4,4,8,4,2,10,4,8,11,2,4,1,3,6,1,1,2,1,0,1],"wall_time":1.754110643592e9,"step":6,"max":0.3977319,"min":-0.4211719,"count":96,"bins":[-0.4211719,-0.39387512,-0.3665783,-0.33928153,-0.31198472,-0.28468794,-0.25739115,-0.23009434,-0.20279756,-0.17550077,-0.14820397,-0.12090717,-0.09361038,-0.06631359,-0.039016794,-0.011720002,0.015576792,0.042873584,0.07017038,0.09746717,0.124763966,0.15206076,0.17935756,0.20665434,0.23395114,0.26124793,0.2885447,0.31584153,0.3431383,0.37043512,0.3977319],"mean":-0.003580083,"std":0.16659182}
