{"wall_time":1.754172780632e9,"step":1,"value":1.0}
{"wall_time":1.754172781785e9,"step":2,"value":2.0}
{"wall_time":1.754172783045e9,"step":3,"value":3.0}
{"wall_time":1.754172784185e9,"step":4,"value":4.0}
{"wall_time":1.754172785322e9,"step":5,"value":5.0}
