{"wall_time":1.754172780629e9,"step":1,"value":1.1385361}
{"wall_time":1.754172781783e9,"step":2,"value":1.1004218}
{"wall_time":1.754172783045e9,"step":3,"value":1.126489}
{"wall_time":1.754172784184e9,"step":4,"value":1.1043189}
{"wall_time":1.754172785321e9,"step":5,"value":1.1036503}
