{"wall_time":1.754172780629e9,"step":1,"value":4.493}
{"wall_time":1.754172781783e9,"step":2,"value":0.227}
{"wall_time":1.754172783045e9,"step":3,"value":0.23900008}
{"wall_time":1.754172784183e9,"step":4,"value":0.21300006}
{"wall_time":1.754172785321e9,"step":5,"value":0.21499991}
