{"wall_time":1.754172780629e9,"step":1,"value":0.33875}
{"wall_time":1.754172781783e9,"step":2,"value":0.39375}
{"wall_time":1.754172783045e9,"step":3,"value":0.36625}
{"wall_time":1.754172784184e9,"step":4,"value":0.36}
{"wall_time":1.754172785321e9,"step":5,"value":0.37375}
