{"counts":[1,0,0,0,2,0,1,0,1,2,2,3,4,7,4,4,5,2,3,6,4,2,0,0,2,3,2,1,2,1],"wall_time":1.754172185613e9,"step":1,"max":0.006768656,"min":-0.008170097,"count":64,"bins":[-0.008170097,-0.0076721385,-0.0071741804,-0.0066762217,-0.0061782636,-0.005680305,-0.0051823463,-0.004684388,-0.0041864295,-0.0036884712,-0.0031905128,-0.0026925544,-0.002194596,-0.0016966375,-0.001198679,-0.0007007206,-0.00020276215,0.00029519628,0.0007931547,0.0012911132,0.0017890716,0.00228703,0.0027849884,0.003282947,0.0037809054,0.004278864,0.0047768224,0.0052747806,0.005772739,0.0062706973,0.006768656],"mean":0.00013701848,"std":0.003093886}
{"counts":[1,0,0,0,1,1,3,0,0,0,2,2,5,4,9,2,10,4,3,4,2,4,1,1,1,2,0,1,0,1],"wall_time":1.754172186801e9,"step":2,"max":0.009466204,"min":-0.009728607,"count":64,"bins":[-0.009728607,-0.00908878,-0.008448953,-0.007809126,-0.007169299,-0.006529472,-0.005889645,-0.005249818,-0.0046099904,-0.0039701634,-0.0033303367,-0.0026905097,-0.0020506824,-0.0014108556,-0.0007710285,-0.00013120146,0.0005086256,0.0011484526,0.0017882796,0.0024281067,0.0030679337,0.0037077607,0.0043475875,0.004987415,0.005627242,0.006267069,0.006906896,0.007546723,0.00818655,0.008826377,0.009466204],"mean":0.0005562664,"std":0.0035113946}
{"counts":[1,0,1,2,4,1,3,2,2,4,1,4,2,5,7,2,5,4,3,3,4,0,1,0,1,0,1,0,0,1],"wall_time":1.75417218791e9,"step":3,"max":0.010461815,"min":-0.008502511,"count":64,"bins":[-0.008502511,-0.007870367,-0.0072382228,-0.0066060787,-0.0059739347,-0.00534179,-0.004709646,-0.004077502,-0.0034453578,-0.0028132135,-0.0021810692,-0.0015489251,-0.0009167809,-0.0002846367,0.0003475075,0.0009796517,0.0016117959,0.00224394,0.0028760843,0.0035082286,0.004140373,0.004772517,0.005404661,0.0060368055,0.0066689495,0.0073010935,0.007933238,0.008565382,0.009197527,0.00982967,0.010461815],"mean":-6.029122e-5,"std":0.003907733}
{"counts":[1,1,0,0,2,0,0,3,3,8,3,7,7,7,4,5,4,2,3,0,2,0,0,0,0,1,0,0,0,1],"wall_time":1.754172189071e9,"step":4,"max":0.011174576,"min":-0.007856899,"count":64,"bins":[-0.007856899,-0.0072225165,-0.006588134,-0.0059537515,-0.005319369,-0.0046849865,-0.004050604,-0.0034162214,-0.0027818389,-0.0021474564,-0.0015130738,-0.0008786913,-0.00024430882,0.0003900737,0.0010244562,0.0016588387,0.0022932212,0.0029276037,0.0035619861,0.0041963686,0.004830751,0.0054651336,0.006099516,0.006733899,0.0073682815,0.008002664,0.008637046,0.009271429,0.009905811,0.010540194,0.011174576],"mean":0.00026592385,"std":0.0031211155}
{"counts":[1,0,0,1,0,2,2,2,1,4,0,2,6,2,6,7,9,5,5,2,3,1,1,0,0,0,1,0,0,1],"wall_time":1.754172190306e9,"step":5,"max":0.008331199,"min":-0.008650424,"count":64,"bins":[-0.008650424,-0.00808437,-0.0075183157,-0.0069522616,-0.0063862074,-0.0058201533,-0.005254099,-0.004688045,-0.0041219913,-0.003555937,-0.0029898828,-0.0024238287,-0.0018577747,-0.0012917205,-0.00072566647,-0.00015961239,0.00040644172,0.0009724958,0.0015385499,0.002104604,0.002670658,0.0032367122,0.0038027663,0.00436882,0.0049348744,0.0055009285,0.0060669826,0.006633037,0.007199091,0.007765145,0.008331199],"mean":-0.00033238778,"std":0.0029499328}
{"counts":[1,0,0,0,0,0,0,0,1,0,0,2,2,4,5,2,6,4,5,6,5,5,4,4,0,3,3,1,0,1],"wall_time":1.754172191433e9,"step":6,"max":0.0063535767,"min":-0.010233597,"count":64,"bins":[-0.010233597,-0.009680691,-0.009127785,-0.00857488,-0.008021974,-0.007469068,-0.006916162,-0.0063632564,-0.0058103506,-0.005257445,-0.004704539,-0.0041516335,-0.0035987275,-0.0030458218,-0.0024929158,-0.0019400101,-0.0013871043,-0.00083419855,-0.00028129277,0.00027161304,0.0008245188,0.0013774246,0.0019303304,0.0024832361,0.0030361419,0.0035890478,0.0041419533,0.0046948595,0.005247765,0.005800671,0.0063535767],"mean":0.00015447508,"std":0.002787236}
{"counts":[1,1,0,0,1,1,1,2,3,2,2,5,5,9,4,0,2,7,2,7,1,2,2,1,0,0,0,1,0,2],"wall_time":1.754172192531e9,"step":7,"max":0.0076968763,"min":-0.007253126,"count":64,"bins":[-0.007253126,-0.0067547923,-0.006256459,-0.0057581253,-0.0052597923,-0.004761459,-0.0042631254,-0.0037647919,-0.0032664586,-0.0027681252,-0.0022697917,-0.0017714583,-0.001273125,-0.0007747915,-0.00027645813,0.00022187526,0.0007202087,0.0012185421,0.0017168755,0.002215209,0.0027135422,0.0032118757,0.0037102092,0.0042085424,0.004706876,0.0052052094,0.005703543,0.006201876,0.0067002093,0.007198543,0.0076968763],"mean":0.0001486531,"std":0.0029779323}
{"counts":[1,0,0,0,0,1,0,0,2,0,1,2,4,2,6,2,4,8,4,8,3,5,4,2,1,3,0,0,0,1],"wall_time":1.754172193631e9,"step":8,"max":0.0063283737,"min":-0.01106395,"count":64,"bins":[-0.01106395,-0.010484206,-0.009904462,-0.009324717,-0.008744974,-0.008165229,-0.0075854855,-0.0070057414,-0.0064259972,-0.005846253,-0.005266509,-0.004686765,-0.004107021,-0.0035272765,-0.0029475323,-0.0023677882,-0.0017880441,-0.0012083,-0.00062855583,-4.881172e-5,0.0005309324,0.0011106766,0.0016904207,0.002270165,0.002849909,0.0034296531,0.0040093972,0.0045891413,0.0051688855,0.0057486296,0.0063283737],"mean":-0.000870036,"std":0.0029467084}
{"counts":[1,0,0,0,0,0,0,1,1,2,2,1,3,5,3,9,3,8,7,4,3,3,2,2,0,0,1,1,1,1],"wall_time":1.754172194813e9,"step":9,"max":0.0059005483,"min":-0.0088455165,"count":64,"bins":[-0.0088455165,-0.008353981,-0.007862446,-0.00737091,-0.0068793744,-0.006387839,-0.0058963033,-0.005404768,-0.0049132328,-0.004421697,-0.0039301617,-0.003438626,-0.0029470907,-0.0024555551,-0.0019640196,-0.0014724841,-0.0009809486,-0.0004894131,2.122391e-6,0.0004936579,0.0009851934,0.0014767288,0.0019682643,0.0024597999,0.0029513354,0.003442871,0.003934406,0.004425942,0.0049174773,0.005409013,0.0059005483],"mean":-0.00054838735,"std":0.0024836278}
{"counts":[2,0,1,2,3,0,3,5,1,2,6,2,4,5,4,5,4,1,7,0,0,2,1,2,0,0,0,0,1,1],"wall_time":1.75417219594e9,"step":10,"max":0.0073755328,"min":-0.0059906123,"count":64,"bins":[-0.0059906123,-0.005545074,-0.005099536,-0.0046539977,-0.0042084595,-0.0037629216,-0.0033173834,-0.0028718452,-0.002426307,-0.0019807687,-0.0015352307,-0.0010896925,-0.00064415426,-0.00019861612,0.00024692205,0.0006924602,0.0011379984,0.0015835365,0.0020290748,0.0024746128,0.002920151,0.0033656892,0.0038112274,0.0042567654,0.0047023036,0.0051478418,0.00559338,0.006038918,0.0064844564,0.0069299946,0.0073755328],"mean":-0.00020514513,"std":0.0027952567}
{"counts":[1,1,0,1,1,3,0,1,3,2,5,4,2,1,7,3,5,1,1,5,3,1,0,3,1,2,1,2,2,2],"wall_time":1.754172197079e9,"step":11,"max":0.006213602,"min":-0.0075923884,"count":64,"bins":[-0.0075923884,-0.007132189,-0.006671989,-0.0062117893,-0.00575159,-0.00529139,-0.00483119,-0.0043709907,-0.003910791,-0.0034505913,-0.0029903916,-0.0025301918,-0.0020699922,-0.0016097925,-0.0011495928,-0.00068939314,-0.00022919345,0.00023100623,0.0006912059,0.0011514056,0.0016116053,0.002071805,0.0025320046,0.0029922044,0.003452404,0.0039126035,0.0043728035,0.004833003,0.0052932026,0.0057534026,0.006213602],"mean":-0.00034418306,"std":0.0033655805}
{"counts":[1,1,0,2,2,0,1,2,3,5,1,6,3,5,4,7,3,2,1,7,0,2,0,2,0,0,2,1,0,1],"wall_time":1.754172198308e9,"step":12,"max":0.010988966,"min":-0.008454286,"count":64,"bins":[-0.008454286,-0.0078061773,-0.007158069,-0.0065099606,-0.005861852,-0.0052137435,-0.004565635,-0.003917527,-0.0032694186,-0.0026213103,-0.0019732018,-0.0013250934,-0.0006769851,-2.8876711e-5,0.00061923167,0.00126734,0.0019154485,0.002563557,0.0032116652,0.0038597735,0.004507882,0.0051559904,0.0058040987,0.006452207,0.0071003153,0.0077484236,0.008396532,0.009044641,0.009692749,0.010340857,0.010988966],"mean":0.00068013056,"std":0.004075279}
{"counts":[1,1,0,1,1,1,0,2,0,3,5,1,1,6,2,2,6,2,0,6,3,5,4,4,2,2,0,1,1,1],"wall_time":1.754172199709e9,"step":13,"max":0.006247259,"min":-0.005588061,"count":64,"bins":[-0.005588061,-0.0051935506,-0.00479904,-0.004404529,-0.0040100184,-0.0036155079,-0.003220997,-0.0028264865,-0.0024319757,-0.002037465,-0.0016429544,-0.0012484437,-0.00085393304,-0.00045942233,-6.491166e-5,0.00032959902,0.0007241097,0.0011186204,0.0015131311,0.0019076418,0.0023021523,0.0026966631,0.0030911737,0.0034856845,0.003880195,0.004274706,0.0046692165,0.005063727,0.005458238,0.0058527486,0.006247259],"mean":0.00097534416,