{"counts":[3,0,0,0,1,0,1,1,1,2,0,3,3,4,4,2,0,0,2,1,1,1,0,1,0,0,0,0,0,1],"wall_time":1.754172185615e9,"step":1,"max":0.008200293,"min":-0.0054837447,"count":32,"bins":[-0.0054837447,-0.00502761,-0.0045714756,-0.0041153408,-0.0036592062,-0.0032030717,-0.002746937,-0.0022908025,-0.0018346679,-0.0013785332,-0.00092239864,-0.00046626403,-1.0129437e-5,0.00044600517,0.00090213976,0.0013582744,0.0018144089,0.0022705435,0.0027266783,0.0031828128,0.0036389474,0.004095082,0.0045512165,0.0050073513,0.0054634856,0.0059196204,0.006375755,0.0068318895,0.0072880243,0.0077441586,0.008200293],"mean":0.00044773982,"std":0.0030192353}
{"counts":[2,1,0,1,0,2,1,3,5,1,7,1,1,0,0,0,0,0,1,0,1,2,0,1,0,1,0,0,0,1],"wall_time":1.754172186813e9,"step":2,"max":0.014094078,"min":-0.0052975696,"count":32,"bins":[-0.0052975696,-0.0046511814,-0.0040047932,-0.0033584049,-0.0027120165,-0.0020656283,-0.00141924,-0.0007728518,-0.00012646355,0.0005199247,0.001166313,0.0018127012,0.0024590895,0.0031054777,0.003751866,0.004398254,0.0050446424,0.0056910305,0.006337419,0.0069838073,0.0076301955,0.008276584,0.008922972,0.00956936,0.010215748,0.010862136,0.011508525,0.0121549135,0.012801302,0.01344769,0.014094078],"mean":0.0019089496,"std":0.004681122}
{"counts":[1,0,0,0,2,0,0,1,0,0,3,3,2,6,3,3,3,1,1,1,0,0,1,0,0,0,0,0,0,1],"wall_time":1.754172187911e9,"step":3,"max":0.023500394,"min":-0.017951416,"count":32,"bins":[-0.017951416,-0.016569689,-0.015187962,-0.013806235,-0.012424508,-0.011042781,-0.009661054,-0.008279327,-0.0068976,-0.005515873,-0.004134146,-0.0027524189,-0.0013706919,1.1035117e-5,0.0013927621,0.002774489,0.004156216,0.005537943,0.00691967,0.008301397,0.009683124,0.011064851,0.012446578,0.0138283055,0.015210032,0.01659176,0.017973486,0.019355213,0.02073694,0.022118667,0.023500394],"mean":0.00082652166,"std":0.00741542}
{"counts":[2,1,0,0,0,0,0,0,1,0,0,1,1,0,7,9,2,0,1,3,0,0,0,1,0,0,0,0,1,2],"wall_time":1.75417218908e9,"step":4,"max":0.011451915,"min":-0.012093977,"count":32,"bins":[-0.012093977,-0.011309114,-0.010524251,-0.009739388,-0.008954525,-0.008169662,-0.0073847985,-0.0065999357,-0.0058150725,-0.0050302097,-0.0042453464,-0.0034604834,-0.0026756204,-0.0018907572,-0.0011058941,-0.00032103108,0.000463832,0.0012486951,0.0020335582,0.0028184212,0.0036032842,0.0043881475,0.0051730103,0.0059578735,0.0067427363,0.0075275996,0.008312463,0.009097326,0.009882188,0.010667052,0.011451915],"mean":7.04748e-5,"std":0.005363145}
{"counts":[1,1,2,0,1,1,3,4,3,3,2,1,3,1,0,0,1,0,0,2,1,0,0,0,1,0,0,0,0,1],"wall_time":1.75417219032e9,"step":5,"max":0.011988719,"min":-0.00513773,"count":32,"bins":[-0.00513773,-0.0045668483,-0.0039959666,-0.003425085,-0.0028542033,-0.0022833217,-0.0017124402,-0.0011415585,-0.0005706769,2.0475127e-7,0.00057108636,0.0011419681,0.0017128496,0.0022837312,0.002854613,0.0034254945,0.003996376,0.0045672576,0.0051381392,0.005709021,0.0062799025,0.006850784,0.007421666,0.007992548,0.008563429,0.009134311,0.009705192,0.0102760745,0.010846956,0.011417838,0.011988719],"mean":0.00081359106,"std":0.0038205576}
{"counts":[1,0,1,0,0,2,0,0,0,0,1,1,1,2,0,1,2,3,5,3,1,2,2,1,0,0,1,1,0,1],"wall_time":1.754172191436e9,"step":6,"max":0.0052973237,"min":-0.0075608473,"count":32,"bins":[-0.0075608473,-0.0071322415,-0.006703636,-0.0062750303,-0.0058464245,-0.0054178187,-0.0049892133,-0.0045606075,-0.0041320017,-0.003703396,-0.0032747902,-0.0028461847,-0.0024175788,-0.0019889732,-0.0015603675,-0.0011317618,-0.0007031561,-0.00027455043,0.00015405528,0.00058266096,0.0010112667,0.0014398724,0.0018684781,0.0022970838,0.0027256894,0.0031542953,0.0035829009,0.0040115067,0.0044401125,0.004868718,0.0052973237],"mean":-0.00029714202,"std":0.0029344605}
{"counts":[1,0,0,0,0,0,1,0,1,0,0,1,0,0,2,1,1,8,5,2,3,1,1,1,0,1,0,0,1,1],"wall_time":1.754172192535e9,"step":7,"max":0.012257051,"min":-0.018947281,"count":32,"bins":[-0.018947281,-0.017907137,-0.016866991,-0.015826847,-0.0147867035,-0.013746559,-0.012706415,-0.01166627,-0.010626126,-0.009585981,-0.008545837,-0.0075056925,-0.006465548,-0.005425404,-0.0043852595,-0.003345115,-0.0023049708,-0.0012648263,-0.00022468195,0.00081546244,0.0018556068,0.0028957513,0.0039358954,0.00497604,0.0060161846,0.007056329,0.008096473,0.009136617,0.010176762,0.011216906,0.012257051],"mean":-0.0003711726,"std":0.00600321}
{"counts":[1,1,2,1,2,4,2,2,1,2,4,0,1,2,0,0,1,1,0,1,0,2,0,0,0,0,0,1,0,1],"wall_time":1.754172193631e9,"step":8,"max":0.011461466,"min":-0.004593017,"count":32,"bins":[-0.004593017,-0.0040578675,-0.003522718,-0.0029875687,-0.0024524194,-0.0019172699,-0.0013821205,-0.0008469711,-0.00031182167,0.00022332775,0.0007584772,0.0012936266,0.001828776,0.0023639253,0.002899075,0.0034342243,0.0039693736,0.0045045232,0.0050396724,0.005574822,0.0061099716,0.0066451207,0.0071802703,0.00771542,0.008250569,0.008785718,0.009320868,0.009856017,0.010391166,0.0109263165,0.011461466],"mean":0.0009530551,"std":0.003951702}
{"counts":[1,0,0,0,0,2,1,2,4,2,5,4,4,1,0,2,1,1,0,0,0,0,1,0,0,0,0,0,0,1],"wall_time":1.754172194819e9,"step":9,"max":0.02577943,"min":-0.013148839,"count":32,"bins":[-0.013148839,-0.01185123,-0.010553621,-0.009256012,-0.007958403,-0.006660794,-0.005363185,-0.004065576,-0.002767967,-0.0014703581,-0.00017274916,0.0011248598,0.0024224687,0.0037200777,0.0050176866,0.0063152956,0.0076129045,0.0089105135,0.010208122,0.011505731,0.01280334,0.014100949,0.015398558,0.016696166,0.017993776,0.019291386,0.020588994,0.021886602,0.023184212,0.024481822,0.02577943],"mean":0.0016123217,"std":0.0069574295}
{"counts":[2,0,1,0,0,0,0,0,1,0,0,2,4,1,4,3,4,0,2,1,0,0,1,2,1,0,0,0,2,1],"wall_time":1.75417219595e9,"step":10,"max":0.0060471008,"min":-0.006959694,"count":32,"bins":[-0.006959694,-0.006526134,-0.0060925744,-0.0056590145,-0.0052254545,-0.004791895,-0.004358335,-0.0039247754,-0.0034912154,-0.0030576556,-0.0026240957,-0.002190536,-0.0017569761,-0.0013234162,-0.0008898564,-0.0004562966,-2.2736782e-5,0.00041082304,0.00084438286,0.0012779427,0.0017115026,0.0021450624,0.0025786222,0.003012182,0.0034457417,0.0038793017,0.0043128612,0.0047464212,0.0051799812,0.0056135408,0.0060471008],"mean":-9.7744676e-5,"std":0.003124935}
{"counts":[1,0,0,1,0,1,1,0,0,1,0,2,1,4,2,8,3,0,1,2,1,0,0,0,0,0,0,1,1,1],"wall_time":1.754172197087e9,"step":11,"max":0.011552469,"min":-0.012356238,"count":32,"bins":[-0.012356238,-0.0115592815,-0.010762325,-0.009965368,-0.009168411,-0.008371454,-0.007574497,-0.00677754,-0.0059805834,-0.0051836264,-0.0043866695,-0.0035897123,-0.0027927556,-0.0019957987,-0.0011988417,-0.00040188478,0.00039507213,0.001192029,0.001988986,0.0027859428,0.0035828997,0.004379857,0.005176814,0.0059737703,0.006770727,0.007567684,0.008364641,0.009161598,0.009958555,0.010755512,0.011552469],"mean":-0.00035837677,"std":0.0050665126}
{"counts":[1,1,0,0,0,0,1,0,0,2,1,2,2,5,4,4,1,0,2,1,2,2,0,0,0,0,0,0,0,1],"wall_time":1.754172198315e9,"step":12,"max":0.029517772,"min":-0.02693356,"count":32,"bins":[-0.02693356,-0.025051849,-0.023170138,-0.021288427,-0.019406715,-0.017525004,-0.015643293,-0.013761583,-0.011879872,-0.00999816,-0.008116449,-0.0062347385,-0.0043530273,-0.0024713164,-0.0005896053,0.0012921058,0.0031738167,0.0050555277,0.006937239,0.00881895,0.010700661,0.012582372,0.014464083,0.016345793,0.018227505,0.020109216,0.021990927,0.023872638,0.02575435,0.02763606,0.029517772],"mean":8.590607e-5,"std":0.010728907}
{"counts":[1,0,0,0,0,0,0,0,0,1,0,1,1,0,1,1,4,3,4,2,3,1,3,3,1,0,1,0,0,1],"wall_time":1.75417219971e9,"step":13,"max":0.010265907,"min":-0.019570839,"count":32,"bins":[-0.019570839,-0.018576281,-0.017581722,-0.016587164,-0.015592606,-0.014598047,-0.01360349,-0.012608931,-0.011614373,-0.0106198145,-0.009625257,-0.008630699,-0.00763614,-0.006641582,-0.0056470237,-0.0046524657,-0.0036579075,-0.0026633493,-0.001668791,-0.0006742329,0.00032032529,0.0013148835,0.0023094418,0.0033039998,0.004298558,0.0052931164,0.0062876744,0.007282233,0.008276791,0.009271349,0.010265907],"mean":-0.0010161332,"std":0.0054230215}
{"counts":[1,0,0,0,0,2,0,0,2,2,0,3,6,2,5,1,2,1,2,1,1,0,0,0,0,0,0,0,0,1],