{"counts":[1,1,1,4,7,10,19,47,94,143,144,73,46,12,12,13,4,4,3,1,0,0,0,0,0,0,0,0,0,1],"wall_time":1.754172185514e9,"step":1,"max":0.033614054,"min":-0.016966276,"count":640,"bins":[-0.016966276,-0.015280264,-0.013594254,-0.0119082425,-0.010222232,-0.0085362205,-0.00685021,-0.005164199,-0.0034781878,-0.0017921769,-0.000106165804,0.0015798452,0.0032658563,0.0049518673,0.0066378783,0.008323889,0.010009901,0.011695911,0.013381923,0.015067933,0.016753944,0.018439956,0.020125967,0.021811977,0.023497988,0.025184,0.02687001,0.02855602,0.030242031,0.031928044,0.033614054],"mean":1.7662353e-5,"std":0.004185081}
{"counts":[1,1,0,3,2,2,6,6,22,31,65,141,179,87,48,18,13,5,1,5,0,0,2,1,0,0,0,0,0,1],"wall_time":1.754172186796e9,"step":2,"max":0.03275944,"min":-0.02270371,"count":640,"bins":[-0.02270371,-0.020854937,-0.019006167,-0.017157394,-0.015308622,-0.013459851,-0.01161108,-0.009762308,-0.007913536,-0.0060647647,-0.004215993,-0.0023672213,-0.00051844976,0.0013303219,0.0031790934,0.005027865,0.0068766368,0.008725408,0.01057418,0.012422952,0.014271723,0.016120495,0.017969266,0.019818038,0.02166681,0.023515582,0.025364352,0.027213125,0.029061897,0.030910667,0.03275944],"mean":-0.00016748157,"std":0.00446037}
{"counts":[3,2,2,9,11,14,17,44,62,89,125,106,57,42,22,9,5,9,2,3,2,1,2,0,0,1,0,0,0,1],"wall_time":1.754172187908e9,"step":3,"max":0.028542293,"min":-0.015298326,"count":640,"bins":[-0.015298326,-0.0138369715,-0.012375617,-0.010914263,-0.00945291,-0.007991556,-0.006530202,-0.005068848,-0.0036074938,-0.00214614,-0.00068478595,0.000776568,0.002237922,0.003699276,0.0051606297,0.006621984,0.008083338,0.009544692,0.011006046,0.012467399,0.013928753,0.015390107,0.016851462,0.018312816,0.019774169,0.021235524,0.022696877,0.024158232,0.025619585,0.02708094,0.028542293],"mean":0.00012287668,"std":0.0045635556}
{"counts":[2,0,0,0,0,1,0,2,7,11,23,46,86,165,131,82,35,29,7,3,1,0,2,3,0,2,0,0,1,1],"wall_time":1.754172189053e9,"step":4,"max":0.023844201,"min":-0.020708699,"count":640,"bins":[-0.020708699,-0.019223602,-0.017738506,-0.016253408,-0.014768312,-0.013283215,-0.011798119,-0.010313022,-0.008827926,-0.007342829,-0.005857732,-0.0043726354,-0.0028875389,-0.0014024421,8.265451e-5,0.0015677512,0.003052848,0.0045379447,0.006023041,0.0075081377,0.0089932345,0.010478331,0.011963428,0.013448524,0.0149336215,0.016418718,0.017903814,0.01938891,0.020874009,0.022359105,0.023844201],"mean":5.6846195e-5,"std":0.0037051772}
{"counts":[2,2,5,1,2,5,12,5,15,43,54,84,100,94,73,59,34,14,10,9,3,4,4,2,0,0,0,3,0,1],"wall_time":1.754172190291e9,"step":5,"max":0.01830923,"min":-0.013836409,"count":640,"bins":[-0.013836409,-0.012764888,-0.011693367,-0.010621845,-0.009550324,-0.008478803,-0.007407281,-0.00633576,-0.0052642385,-0.0041927174,-0.003121196,-0.0020496747,-0.0009781534,9.336791e-5,0.0011648892,0.0022364105,0.0033079318,0.004379453,0.005450974,0.0065224958,0.007594017,0.008665538,0.0097370595,0.010808581,0.011880103,0.012951624,0.014023145,0.015094666,0.016166188,0.017237708,0.01830923],"mean":5.9455622e-5,"std":0.0036782755}
{"counts":[1,0,0,2,0,1,1,1,1,4,4,2,7,19,33,37,59,73,96,102,65,48,37,19,12,6,4,1,1,4],"wall_time":1.754172191432e9,"step":6,"max":0.010119354,"min":-0.016864875,"count":640,"bins":[-0.016864875,-0.0159654,-0.015065927,-0.014166452,-0.013266978,-0.012367504,-0.01146803,-0.010568555,-0.00966908,-0.008769606,-0.007870132,-0.006970658,-0.0060711834,-0.005171709,-0.0042722346,-0.0033727605,-0.0024732861,-0.0015738119,-0.0006743375,0.0002251368,0.0011246111,0.0020240855,0.0029235599,0.003823034,0.0047225086,0.0056219827,0.006521457,0.0074209315,0.008320406,0.00921988,0.010119354],"mean":-0.00010457738,"std":0.0030493708}
{"counts":[1,0,0,2,1,2,3,2,7,16,23,30,46,82,110,103,87,51,34,15,11,3,4,3,1,1,0,1,0,1],"wall_time":1.754172192515e9,"step":7,"max":0.015918786,"min":-0.016157731,"count":640,"bins":[-0.016157731,-0.015088514,-0.0140192965,-0.0129500795,-0.0118808625,-0.010811646,-0.009742428,-0.008673211,-0.0076039936,-0.006534776,-0.005465559,-0.0043963417,-0.0033271245,-0.0022579073,-0.0011886901,-0.000119472854,0.00094974437,0.0020189616,0.0030881788,0.004157396,0.0052266135,0.0062958305,0.007365048,0.008434265,0.009503482,0.0105727,0.011641917,0.012711134,0.013780351,0.014849569,0.015918786],"mean":-0.00022718357,"std":0.003261298}
{"counts":[2,0,2,7,5,8,11,20,25,43,36,72,96,98,79,52,28,27,10,7,3,3,1,3,0,1,0,0,0,1],"wall_time":1.754172193623e9,"step":8,"max":0.0146815535,"min":-0.011631135,"count":640,"bins":[-0.011631135,-0.010754045,-0.009876955,-0.008999866,-0.008122777,-0.007245687,-0.006368597,-0.0054915077,-0.004614418,-0.0037373283,-0.0028602388,-0.0019831492,-0.0011060595,-0.00022896993,0.00064811966,0.0015252093,0.0024022989,0.0032793884,0.004156478,0.0050335675,0.0059106573,0.006787747,0.0076648365,0.008541926,0.009419016,0.010296105,0.011173195,0.012050285,0.012927374,0.013804464,0.0146815535],"mean":-0.0004552487,"std":0.0030390702}
{"counts":[1,1,2,1,5,6,4,9,19,30,38,60,96,101,96,64,37,23,13,13,7,1,6,4,0,1,0,0,1,1],"wall_time":1.754172194808e9,"step":9,"max":0.013926775,"min":-0.011224734,"count":640,"bins":[-0.011224734,-0.01038635,-0.0095479665,-0.0087095825,-0.007871199,-0.0070328154,-0.006194432,-0.0053560482,-0.0045176647,-0.003679281,-0.0028408973,-0.0020025137,-0.0011641302,-0.00032574649,0.00051263714,0.0013510208,0.0021894043,0.0030277881,0.0038661717,0.0047045555,0.005542939,0.0063813226,0.007219706,0.00805809,0.008896474,0.009734857,0.010573241,0.011411624,0.012250008,0.013088391,0.013926775],"mean":7.330789e-5,"std":0.002843066}
{"counts":[2,1,1,1,5,1,2,13,20,14,38,57,65,66,77,79,60,48,38,20,13,10,2,1,2,1,1,1,0,1],"wall_time":1.754172195923e9,"step":10,"max":0.011462804,"min":-0.010566816,"count":640,"bins":[-0.010566816,-0.009832495,-0.009098174,-0.008363854,-0.0076295333,-0.0068952125,-0.0061608916,-0.0054265712,-0.0046922504,-0.00395793,-0.0032236092,-0.0024892886,-0.0017549678,-0.0010206472,-0.00028632657,0.0004479941,0.0011823147,0.0019166354,0.0026509562,0.0033852768,0.0041195974,0.004853918,0.0055882386,0.0063225594,0.00705688,0.0077912007,0.0085255215,0.009259842,0.009994162,0.010728483,0.011462804],"mean":-3.104221e-5,"std":0.002672346}
{"counts":[1,0,1,0,0,5,5,3,13,16,30,51,94,119,110,76,39,24,14,12,11,8,2,1,0,1,1,1,0,2],"wall_time":1.754172197071e9,"step":11,"max":0.018084373,"min":-0.015798856,"count":640,"bins":[-0.015798856,-0.014669415,-0.013539974,-0.012410533,-0.011281092,-0.010151651,-0.00902221,-0.007892769,-0.006763328,-0.005633887,-0.004504446,-0.003375005,-0.002245564,-0.001116123,1.3317913e-5,0.0011427589,0.0022721998,0.0034016408,0.0045310818,0.0056605227,0.0067899637,0.007919405,0.009048846,0.010178287,0.011307728,0.0124371685,0.0135666095,0.01469605,0.015825491,0.016954932,0.018084373],"mean":2.5620884e-5,"std":0.0035242597}
{"counts":[1,0,1,0,1,2,1,3,7,11,26,53,130,175,116,53,26,18,8,2,2,1,1,0,0,1,0,0,0,1],"wall_time":1.754172198303e9,"step":12,"max":0.025594983,"min":-0.020711467,"count":640,"bins":[-0.020711467,-0.019167919,-0.01762437,-0.016080821,-0.014537273,-0.012993725,-0.011450177,-0.009906628,-0.00836308,-0.006819532,-0.0052759834,-0.003732435,-0.0021888867,-0.0006453384,0.00089821,0.0024417583,0.0039853067,0.005528855,0.007072403,0.008615952,0.0101595,0.011703048,0.013246597,0.014790145,0.016333694,0.017877242,0.01942079,0.020964338,0.022507887,0.024051435,0.025594983],"mean":0.0001670793,"std":0.003512317}
{"counts":[1,0,0,1,0,0,1,1,3,4,7,14,31,53,87,105,115,88,45,41,19,10,7,0,1,2,1,2,0,1],"wall_time":1.754172199707e9,"step":13,"max":0.013496594,"min":-0.015826859,"count":640,"bins":[-0.015826859,-0.01484941,-0.013871962,-0.012894513,-0.011917065,-0.010939617,-0.0099621685,-0.008984719,-0.008007271,-0.007029823,-0.0060523744,-0.005074926,-0.0040974775,-0.0031200293,-0.002142581,-0.0011651325,-0.0001876841,0.0007897643,0.0017672128,0.0027446612,0.0037221096,0.004699558,0.005677006,0.006654455,0.007631903,0.008609352,0.0095868,0.010564248,0.011541697,0.012519145,0.013496594],"mean":-4.406361e-5,