{"counts":[3,4,0,4,5,3,8,25,28,54,122,148,344,576,298,188,98,50,42,19,11,9,6,1,0,0,0,0,0,2],"wall_time":1.754172185615e9,"step":1,"max":0.030758044,"min":-0.024790196,"count":2048,"bins":[-0.024790196,-0.022938589,-0.02108698,-0.019235373,-0.017383764,-0.0155321555,-0.0136805475,-0.011828939,-0.009977332,-0.008125724,-0.0062741158,-0.0044225077,-0.0025709,-0.000719292,0.0011323161,0.002983924,0.004835532,0.00668714,0.008538748,0.010390356,0.012241964,0.014093572,0.01594518,0.017796788,0.019648395,0.021500004,0.023351612,0.02520322,0.027054828,0.028906437,0.030758044],"mean":0.00017964115,"std":0.0047628167}
{"counts":[2,1,1,3,4,8,12,21,38,69,134,206,434,487,238,161,88,56,28,14,13,12,3,8,2,3,0,1,0,1],"wall_time":1.754172186806e9,"step":2,"max":0.03344355,"min":-0.025210839,"count":2048,"bins":[-0.025210839,-0.023255693,-0.021300547,-0.019345399,-0.017390253,-0.015435107,-0.013479961,-0.011524814,-0.009569668,-0.007614522,-0.0056593753,-0.003704229,-0.0017490827,0.00020606369,0.00216121,0.0041163564,0.006071503,0.008026649,0.009981795,0.011936942,0.013892088,0.015847234,0.01780238,0.019757528,0.021712674,0.02366782,0.025622966,0.027578112,0.02953326,0.031488404,0.03344355],"mean":0.0007418508,"std":0.005232005}
{"counts":[1,0,1,1,1,4,2,1,1,2,6,7,8,35,43,126,191,409,600,282,139,77,33,27,25,16,5,3,0,2],"wall_time":1.75417218791e9,"step":3,"max":0.029107612,"min":-0.04461903,"count":2048,"bins":[-0.04461903,-0.042161476,-0.03970392,-0.037246365,-0.034788813,-0.032331258,-0.029873703,-0.027416147,-0.024958594,-0.022501038,-0.020043483,-0.01758593,-0.015128374,-0.01267082,-0.010213264,-0.00775571,-0.005298155,-0.0028406002,-0.00038304552,0.0020745092,0.004532064,0.0069896188,0.009447173,0.011904729,0.014362283,0.016819838,0.019277392,0.021734947,0.024192503,0.026650056,0.029107612],"mean":0.00030322358,"std":0.0059911725}
{"counts":[1,1,0,2,5,6,10,16,18,40,47,68,135,172,293,475,301,169,110,57,44,28,16,11,7,4,5,3,1,3],"wall_time":1.754172189075e9,"step":4,"max":0.022199478,"min":-0.023437105,"count":2048,"bins":[-0.023437105,-0.021915887,-0.020394666,-0.018873448,-0.017352227,-0.015831009,-0.014309788,-0.012788569,-0.01126735,-0.009746131,-0.008224911,-0.006703691,-0.005182472,-0.0036612523,-0.002140033,-0.00061881356,0.0009024059,0.0024236252,0.003944845,0.005466064,0.0069872835,0.008508503,0.010029723,0.0115509415,0.013072161,0.0145933805,0.0161146,0.01763582,0.019157039,0.02067826,0.022199478],"mean":-5.243771e-5,"std":0.004707208}
{"counts":[2,0,0,2,2,7,17,33,59,131,234,448,518,261,156,74,37,30,16,4,5,3,4,3,1,0,0,0,0,1],"wall_time":1.754172190315e9,"step":5,"max":0.036045052,"min":-0.02412118,"count":2048,"bins":[-0.02412118,-0.022115638,-0.020110099,-0.018104557,-0.016099015,-0.0140934745,-0.012087934,-0.010082393,-0.008076851,-0.0060713105,-0.0040657693,-0.0020602283,-5.468726e-5,0.0019508539,0.0039563947,0.005961936,0.007967477,0.009973018,0.011978559,0.0139841,0.01598964,0.017995182,0.020000724,0.022006264,0.024011806,0.026017347,0.028022887,0.030028429,0.03203397,0.034039512,0.036045052],"mean":0.00042481016,"std":0.0046400186}
{"counts":[2,0,2,2,2,8,10,14,25,29,49,88,123,165,226,310,382,201,133,94,64,31,27,21,20,6,8,3,2,1],"wall_time":1.754172191434e9,"step":6,"max":0.016872987,"min":-0.018954087,"count":2048,"bins":[-0.018954087,-0.017759852,-0.016565615,-0.015371379,-0.014177144,-0.012982908,-0.011788672,-0.010594436,-0.009400201,-0.008205965,-0.007011729,-0.005817493,-0.0046232576,-0.0034290215,-0.0022347858,-0.00104055,0.00015368586,0.0013479217,0.0025421574,0.0037363933,0.004930629,0.006124865,0.0073191007,0.008513336,0.009707572,0.010901808,0.012096044,0.01329028,0.014484515,0.015678752,0.016872987],"mean":-0.00011431465,"std":0.004077443}
{"counts":[1,0,1,2,0,0,5,10,13,21,35,47,77,165,254,537,394,239,115,63,32,15,14,4,2,0,1,0,0,1],"wall_time":1.754172192533e9,"step":7,"max":0.028105795,"min":-0.030837463,"count":2048,"bins":[-0.030837463,-0.028872687,-0.026907913,-0.024943138,-0.022978362,-0.021013586,-0.019048812,-0.017084036,-0.015119261,-0.013154485,-0.01118971,-0.009224935,-0.0072601596,-0.0052953847,-0.0033306093,-0.0013658339,0.00059894135,0.0025637166,0.0045284918,0.006493267,0.0084580425,0.010422817,0.012387593,0.014352368,0.016317144,0.01828192,0.020246694,0.02221147,0.024176246,0.02614102,0.028105795],"mean":-6.363659e-5,"std":0.004830933}
{"counts":[1,0,0,1,2,0,5,4,3,9,10,21,62,152,251,457,471,230,149,89,67,26,16,11,4,5,0,1,0,1],"wall_time":1.754172193631e9,"step":8,"max":0.026112469,"min":-0.029719576,"count":2048,"bins":[-0.029719576,-0.027858509,-0.02599744,-0.024136372,-0.022275304,-0.020414235,-0.018553168,-0.016692098,-0.014831031,-0.012969962,-0.011108895,-0.009247826,-0.007386758,-0.00552569,-0.0036646219,-0.0018035537,5.751451e-5,0.0019185827,0.003779651,0.005640719,0.007501787,0.009362855,0.011223923,0.013084992,0.01494606,0.016807128,0.018668197,0.020529265,0.022390332,0.024251401,0.026112469],"mean":0.000440542,"std":0.0045185164}
{"counts":[3,2,4,8,7,14,22,66,123,295,542,411,226,121,68,50,36,17,11,7,7,3,1,1,1,0,1,0,0,1],"wall_time":1.754172194816e9,"step":9,"max":0.036413338,"min":-0.020343151,"count":2048,"bins":[-0.020343151,-0.018451268,-0.016559385,-0.014667502,-0.0127756195,-0.010883736,-0.008991853,-0.0070999702,-0.005208087,-0.0033162043,-0.0014243213,0.00046756168,0.0023594447,0.004251328,0.0061432105,0.008035094,0.009926977,0.01181886,0.013710743,0.015602625,0.017494509,0.019386392,0.021278275,0.023170156,0.02506204,0.026953923,0.028845806,0.030737689,0.03262957,0.034521457,0.036413338],"mean":0.000757491,"std":0.004710102}
{"counts":[4,2,7,2,11,14,20,32,59,95,154,265,365,343,248,162,110,60,36,29,10,6,5,3,1,0,3,1,0,1],"wall_time":1.754172195944e9,"step":10,"max":0.02367217,"min":-0.018225344,"count":2048,"bins":[-0.018225344,-0.01682876,-0.015432176,-0.014035593,-0.012639008,-0.011242425,-0.009845842,-0.008449257,-0.007052674,-0.00565609,-0.0042595062,-0.0028629224,-0.0014663388,-6.975494e-5,0.0013268288,0.0027234126,0.0041199964,0.0055165803,0.0069131637,0.008309748,0.009706331,0.011102915,0.012499499,0.0138960825,0.015292667,0.01668925,0.018085834,0.019482417,0.020879002,0.022275586,0.02367217],"mean":-5.8666028e-5,"std":0.004207374}
{"counts":[2,0,0,2,3,5,7,15,17,30,65,128,233,386,540,303,141,81,46,12,9,4,8,2,5,3,0,0,0,1],"wall_time":1.754172197083e9,"step":11,"max":0.03070769,"min":-0.027754828,"count":2048,"bins":[-0.027754828,-0.025806077,-0.023857327,-0.021908576,-0.019959826,-0.018011075,-0.016062325,-0.014113574,-0.012164823,-0.010216072,-0.008267322,-0.0063185715,-0.0043698205,-0.0024210701,-0.00047231937,0.0014764313,0.0034251818,0.0053739324,0.007322683,0.009271434,0.011220184,0.013168935,0.015117685,0.017066436,0.019015187,0.020963937,0.022912689,0.024861438,0.02681019,0.02875894,0.03070769],"mean":-0.00018295305,"std":0.0046979208}
{"counts":[2,0,1,3,9,18,19,30,42,52,59,80,126,232,423,277,212,164,107,71,42,29,15,8,7,4,5,3,4,4],"wall_time":1.754172198312e9,"step":12,"max":0.026002422,"min":-0.025350308,"count":2048,"bins":[-0.025350308,-0.02363855,-0.021926792,-0.020215034,-0.018503277,-0.016791519,-0.015079762,-0.013368004,-0.011656247,-0.009944489,-0.008232731,-0.0065209735,-0.004809216,-0.0030974583,-0.0013857007,0.00032605696,0.0020378146,0.0037495722,0.00546133,0.0071730874,0.008884845,0.010596603,0.012308361,0.014020118,0.015731877,0.017443633,0.01915539,0.020867148,0.022578906,0.024290664,0.026002422],"mean":0.00014350686,"std":0.00601909}
{"counts":[2,1,3,4,2,8,14,20,35,45,79,146,233,449,412,221,162,84,55,23,17,8,10,8,2,3,1,0,0,1],"wall_time":1.75417219971e9,"step":13,"max":0.023275904,"min":-0.020906318,"count":2048,