{"counts":[1,0,0,0,0,0,0,0,1,0,0,0,3,4,2,2,4,8,5,7,5,6,5,1,1,2,3,1,1,2],"wall_time":1.754172185611e9,"step":1,"max":0.0064426754,"min":-0.011219086,"count":64,"bins":[-0.011219086,-0.010630361,-0.0100416355,-0.00945291,-0.008864185,-0.0082754595,-0.0076867337,-0.0070980084,-0.006509283,-0.005920558,-0.0053318324,-0.004743107,-0.0041543813,-0.0035656563,-0.0029769307,-0.0023882054,-0.00179948,-0.0012107546,-0.00062202924,-3.3303848e-5,0.0005554215,0.0011441469,0.0017328723,0.0023215977,0.002910323,0.0034990485,0.0040877736,0.0046764994,0.0052652247,0.00585395,0.0064426754],"mean":9.948019e-5,"std":0.0029988058}
{"counts":[1,0,0,0,0,0,0,0,0,0,3,1,1,9,4,3,7,8,5,5,4,0,4,2,2,0,1,1,1,2],"wall_time":1.754172186796e9,"step":2,"max":0.009112994,"min":-0.013682032,"count":64,"bins":[-0.013682032,-0.012922198,-0.012162363,-0.01140253,-0.010642695,-0.009882861,-0.009123026,-0.008363193,-0.0076033585,-0.006843524,-0.00608369,-0.0053238557,-0.0045640217,-0.0038041873,-0.003044353,-0.002284519,-0.0015246847,-0.00076485047,-5.01629e-6,0.0007548179,0.0015146522,0.0022744862,0.0030343204,0.0037941549,0.004553989,0.005313823,0.0060736574,0.0068334914,0.007593326,0.00835316,0.009112994],"mean":-0.00018385153,"std":0.0038971468}
{"counts":[2,1,0,0,1,4,3,0,1,4,4,8,2,5,5,6,6,1,4,1,2,1,0,0,1,0,1,0,0,1],"wall_time":1.754172187909e9,"step":3,"max":0.01141233,"min":-0.008988084,"count":64,"bins":[-0.008988084,-0.008308071,-0.0076280567,-0.0069480427,-0.006268029,-0.005588015,-0.0049080015,-0.0042279875,-0.0035479737,-0.00286796,-0.002187946,-0.0015079324,-0.0008279186,-0.00014790476,0.00053210906,0.0012121229,0.0018921366,0.0025721504,0.0032521642,0.003932178,0.004612192,0.0052922056,0.0059722196,0.006652233,0.007332247,0.008012261,0.008692275,0.009372288,0.010052302,0.010732316,0.01141233],"mean":-4.447047e-5,"std":0.003905198}
{"counts":[1,0,0,0,0,0,0,0,0,3,1,3,1,0,2,5,8,8,6,2,10,4,1,1,1,2,1,2,1,1],"wall_time":1.75417218906e9,"step":4,"max":0.0062371017,"min":-0.009874993,"count":64,"bins":[-0.009874993,-0.0093379235,-0.008800853,-0.0082637835,-0.0077267135,-0.007189644,-0.006652574,-0.006115504,-0.0055784346,-0.0050413646,-0.0045042946,-0.003967225,-0.003430155,-0.0028930854,-0.0023560154,-0.0018189456,-0.0012818758,-0.00074480596,-0.00020773616,0.00032933368,0.0008664035,0.0014034733,0.0019405432,0.002477613,0.0030146828,0.0035517525,0.0040888223,0.0046258923,0.0051629622,0.0057000318,0.0062371017],"mean":-5.135718e-5,"std":0.0027483029}
{"counts":[2,1,0,0,0,0,0,3,4,2,5,3,5,5,6,2,5,6,3,2,1,5,2,0,1,0,0,0,0,1],"wall_time":1.754172190303e9,"step":5,"max":0.0077620298,"min":-0.007582278,"count":64,"bins":[-0.007582278,-0.007070801,-0.006559324,-0.006047847,-0.0055363704,-0.005024893,-0.0045134164,-0.0040019397,-0.0034904627,-0.0029789857,-0.0024675087,-0.001956032,-0.0014445549,-0.00093307794,-0.00042160103,8.987589e-5,0.00060135283,0.0011128298,0.0016243067,0.0021357837,0.0026472604,0.0031587374,0.0036702144,0.0041816914,0.004693168,0.005204645,0.005716122,0.006227599,0.0067390758,0.007250553,0.0077620298],"mean":-0.0002065746,"std":0.0028661806}
{"counts":[1,0,0,0,1,0,0,1,2,5,2,1,5,5,3,7,4,4,4,5,3,4,2,0,3,0,1,0,0,1],"wall_time":1.754172191433e9,"step":6,"max":0.0068773166,"min":-0.0075778533,"count":64,"bins":[-0.0075778533,-0.0070960145,-0.006614175,-0.0061323363,-0.0056504975,-0.005168658,-0.0046868194,-0.00420498,-0.0037231413,-0.0032413022,-0.0027594634,-0.0022776243,-0.0017957853,-0.0013139463,-0.0008321073,-0.00035026832,0.00013157068,0.0006134097,0.0010952486,0.0015770877,0.0020589267,0.0025407656,0.0030226046,0.0035044437,0.0039862827,0.0044681216,0.004949961,0.0054317997,0.0059136385,0.006395478,0.0068773166],"mean":9.66182e-5,"std":0.0026275252}
{"counts":[1,0,1,0,4,0,3,2,2,2,4,1,5,4,5,5,3,3,1,4,7,2,1,0,0,0,2,1,0,1],"wall_time":1.754172192525e9,"step":7,"max":0.0074987565,"min":-0.006961976,"count":64,"bins":[-0.006961976,-0.0064799516,-0.0059979274,-0.005515903,-0.0050338786,-0.004551854,-0.00406983,-0.0035878052,-0.0031057808,-0.0026237564,-0.002141732,-0.0016597075,-0.0011776831,-0.0006956587,-0.00021363425,0.00026839017,0.0007504146,0.0012324391,0.0017144635,0.002196488,0.0026785124,0.0031605368,0.0036425611,0.0041245855,0.00460661,0.0050886343,0.005570659,0.006052683,0.0065347077,0.007016732,0.0074987565],"mean":-1.2928213e-6,"std":0.003068693}
{"counts":[1,0,0,1,2,1,3,2,1,4,1,3,6,6,5,5,4,3,3,4,0,1,1,1,0,2,1,2,0,1],"wall_time":1.754172193629e9,"step":8,"max":0.0058937604,"min":-0.0063852547,"count":64,"bins":[-0.0063852547,-0.0059759542,-0.005566654,-0.0051573534,-0.0047480525,-0.004338752,-0.0039294516,-0.0035201511,-0.0031108507,-0.0027015503,-0.0022922496,-0.0018829491,-0.0014736487,-0.0010643482,-0.00065504765,-0.00024574716,0.00016355334,0.00057285384,0.0009821544,0.0013914548,0.0018007554,0.002210056,0.0026193564,0.0030286568,0.0034379573,0.003847258,0.004256558,0.004665859,0.0050751595,0.00548446,0.0058937604],"mean":-0.0004161989,"std":0.0025509153}
{"counts":[1,0,0,0,0,0,2,1,0,0,1,3,4,3,2,7,5,3,4,4,3,5,3,4,2,0,3,0,2,2],"wall_time":1.754172194808e9,"step":9,"max":0.0042426526,"min":-0.0078663435,"count":64,"bins":[-0.0078663435,-0.00746271,-0.0070590773,-0.006655444,-0.0062518106,-0.0058481772,-0.0054445444,-0.005040911,-0.0046372777,-0.004233645,-0.0038300115,-0.0034263784,-0.003022745,-0.002619112,-0.0022154786,-0.0018118455,-0.0014082122,-0.001004579,-0.00060094584,-0.00019731265,0.00020632055,0.0006099538,0.001013587,0.0014172201,0.0018208533,0.0022244866,0.0026281197,0.003031753,0.003435386,0.0038390195,0.0042426526],"mean":-0.0005822587,"std":0.0023960664}
{"counts":[3,1,1,3,2,3,0,4,5,4,7,5,3,3,4,4,3,4,1,0,1,1,0,0,1,0,0,0,0,1],"wall_time":1.754172195936e9,"step":10,"max":0.0095490245,"min":-0.00587778,"count":64,"bins":[-0.00587778,-0.005363553,-0.0048493263,-0.0043350994,-0.0038208726,-0.0033066457,-0.002792419,-0.0022781922,-0.0017639654,-0.0012497385,-0.0007355117,-0.00022128488,0.00029294193,0.0008071687,0.0013213955,0.0018356224,0.002349849,0.002864076,0.0033783028,0.0038925295,0.0044067563,0.004920983,0.00543521,0.0059494367,0.0064636637,0.0069778906,0.007492117,0.008006344,0.008520571,0.009034798,0.0095490245],"mean":-0.0001296715,"std":0.0030101864}
{"counts":[3,2,1,1,3,3,3,2,4,6,6,4,5,0,5,0,2,2,2,5,0,2,0,1,0,1,0,0,0,1],"wall_time":1.754172197075e9,"step":11,"max":0.00889789,"min":-0.0056712944,"count":64,"bins":[-0.0056712944,-0.005185655,-0.0047000153,-0.0042143757,-0.0037287364,-0.0032430969,-0.0027574576,-0.002271818,-0.0017861784,-0.001300539,-0.0008148995,-0.00032926,0.0001563795,0.000642019,0.0011276585,0.001613298,0.0020989375,0.0025845768,0.0030702164,0.003555856,0.0040414953,0.004527135,0.0050127744,0.005498414,0.0059840535,0.006469693,0.0069553326,0.0074409717,0.007926611,0.008412251,0.00889789],"mean":-0.00010623102,"std":0.003116916}
{"counts":[2,1,0,0,2,0,0,4,1,0,1,3,4,6,4,4,6,6,4,3,1,3,2,1,1,2,0,1,1,1],"wall_time":1.754172198307e9,"step":12,"max":0.008721122,"min":-0.00844516,"count":64,"bins":[-0.00844516,-0.007872951,-0.0073007415,-0.0067285323,-0.006156323,-0.0055841133,-0.005011904,-0.004439695,-0.0038674853,-0.0032952758,-0.0027230664,-0.0021508571,-0.0015786476,-0.0010064383,-0.00043422883,0.00013798056,0.00071019,0.0012823994,0.0018546088,0.0024268182,0.0029990275,0.003571237,0.004143446,0.004715656,0.005287865,0.0058600744,0.006432284,0.0070044934,0.0075767026,0.008148912,0.008721122],"mean":0.0004497895,"std":0.0036488457}
{"counts":[1,0,0,0,0,1,0,0,0,1,2,4,1,4,1,5,5,2,6,6,4,5,4,3,2,3,2,0,0,2],"wall_time":1.754172199708e9,"step":13,"max":0.005169532,"min":-0.006349605,"count":64,"bins":[-0.006349605,-0.005965634,-0.0055816625,-0.0051976913,-0.00481372,-0.0044297487,-0.0040457775,-0.0036618065,-0.0032778352,-0.002893864,-0.0025098927,-0.0021259214,-0.0017419503,-0.001357979,-0.0009740078,-0.0005900366,-0.0002060654,0.00017790584,0.00056187704,0.0009458483,0.0013298196,0.0017137907,0.002097762,0.0024817332,0.0028657045,0.0032496757,0.003633647,0.004017618,0.0044015893,0.0047855605,0.005169532],"mean":0.00071264646,