{"counts":[1,0,1,0,1,1,1,4,3,6,4,1,1,1,1,1,0,1,0,0,0,0,1,2,0,0,0,0,0,1],"wall_time":1.754172185619e9,"step":1,"max":0.01413919,"min":-0.0069808485,"count":32,"bins":[-0.0069808485,-0.0062768473,-0.0055728457,-0.0048688445,-0.0041648434,-0.003460842,-0.0027568408,-0.0020528394,-0.0013488381,-0.00064483687,5.916444e-5,0.0007631657,0.001467167,0.0021711683,0.0028751695,0.003579171,0.004283172,0.0049871737,0.005691175,0.006395176,0.007099177,0.007803179,0.00850718,0.009211182,0.009915182,0.010619184,0.011323185,0.012027186,0.012731188,0.013435189,0.01413919],"mean":0.00088845304,"std":0.0044522253}
{"counts":[1,1,1,0,0,0,2,1,0,1,2,3,2,4,0,1,3,1,1,2,0,1,0,1,0,1,1,0,0,2],"wall_time":1.754172186819e9,"step":2,"max":0.010271558,"min":-0.0072703697,"count":32,"bins":[-0.0072703697,-0.006685639,-0.006100908,-0.005516177,-0.004931446,-0.0043467153,-0.0037619842,-0.0031772533,-0.0025925224,-0.0020077915,-0.0014230605,-0.00083832967,-0.00025359876,0.00033113215,0.000915863,0.001500594,0.0020853248,0.0026700557,0.0032547866,0.0038395177,0.0044242484,0.0050089792,0.00559371,0.0061784415,0.0067631723,0.007347903,0.007932634,0.008517365,0.009102096,0.009686827,0.010271558],"mean":0.0012254624,"std":0.0043589454}
{"counts":[1,1,0,0,0,1,2,2,1,1,1,3,3,3,2,2,1,1,1,0,3,0,0,1,0,0,0,0,0,2],"wall_time":1.754172187912e9,"step":3,"max":0.012032176,"min":-0.008150307,"count":32,"bins":[-0.008150307,-0.007477558,-0.0068048085,-0.0061320593,-0.0054593096,-0.0047865603,-0.0041138106,-0.0034410611,-0.0027683119,-0.0020955624,-0.0014228128,-0.0007500634,-7.731393e-5,0.00059543556,0.001268185,0.0019409345,0.002613684,0.0032864334,0.0039591826,0.0046319324,0.0053046816,0.0059774313,0.0066501806,0.0073229303,0.00799568,0.008668429,0.009341178,0.010013928,0.010686678,0.011359427,0.012032176],"mean":0.0009328465,"std":0.004555422}
{"counts":[1,0,0,0,0,0,1,0,1,1,2,2,0,5,6,3,0,3,1,1,2,0,0,2,0,0,0,0,0,1],"wall_time":1.754172189086e9,"step":4,"max":0.011534236,"min":-0.010226324,"count":32,"bins":[-0.010226324,-0.009500972,-0.00877562,-0.0080502685,-0.0073249163,-0.006599564,-0.005874212,-0.00514886,-0.004423508,-0.003698156,-0.002972804,-0.002247452,-0.0015221,-0.000796748,-7.139593e-5,0.0006539561,0.001379308,0.00210466,0.0028300122,0.0035553642,0.004280716,0.0050060684,0.00573142,0.0064567723,0.007182124,0.007907476,0.0086328285,0.009358181,0.010083532,0.010808884,0.011534236],"mean":0.0006269736,"std":0.0039628507}
{"counts":[2,0,0,1,0,0,1,0,1,0,2,1,0,5,5,1,1,1,3,1,0,0,2,0,0,0,2,1,0,2],"wall_time":1.754172190324e9,"step":5,"max":0.008841471,"min":-0.00795836,"count":32,"bins":[-0.00795836,-0.0073983655,-0.0068383715,-0.006278377,-0.0057183825,-0.005158388,-0.004598394,-0.0040383996,-0.003478405,-0.0029184108,-0.0023584163,-0.0017984221,-0.0012384277,-0.00067843334,-0.00011843896,0.0004415554,0.0010015498,0.0015615441,0.0021215384,0.0026815329,0.0032415271,0.0038015216,0.004361516,0.0049215103,0.005481505,0.006041499,0.0066014933,0.007161488,0.0077214823,0.008281477,0.008841471],"mean":0.0008497926,"std":0.004242783}
{"counts":[1,1,0,0,2,0,1,1,0,2,3,3,1,5,3,1,2,0,3,0,1,0,1,0,0,0,0,0,0,1],"wall_time":1.754172191436e9,"step":6,"max":0.0077195326,"min":-0.0060197413,"count":32,"bins":[-0.0060197413,-0.0055617653,-0.0051037897,-0.0046458137,-0.004187838,-0.0037298624,-0.0032718866,-0.0028139108,-0.0023559348,-0.0018979592,-0.0014399834,-0.0009820076,-0.00052403176,-6.6055945e-5,0.00039191984,0.00084989564,0.0013078714,0.0017658472,0.002223823,0.0026817988,0.0031397745,0.0035977503,0.0040557263,0.004513702,0.004971678,0.0054296535,0.0058876295,0.006345605,0.006803581,0.0072615566,0.0077195326],"mean":-0.00014308645,"std":0.0027601698}
{"counts":[1,0,0,0,0,0,2,1,1,0,0,2,1,1,0,0,5,4,5,0,0,0,1,0,1,2,2,1,0,2],"wall_time":1.754172192541e9,"step":7,"max":0.0071573146,"min":-0.009630557,"count":32,"bins":[-0.009630557,-0.009070962,-0.008511365,-0.00795177,-0.007392174,-0.0068325787,-0.006272983,-0.005713387,-0.0051537915,-0.0045941956,-0.0040345998,-0.003475004,-0.0029154085,-0.0023558128,-0.001796217,-0.0012366213,-0.0006770256,-0.000117429845,0.00044216588,0.0010017616,0.0015613573,0.002120953,0.0026805487,0.0032401446,0.0037997402,0.004359336,0.0049189315,0.0054785274,0.0060381233,0.0065977187,0.0071573146],"mean":0.00016801443,"std":0.0040379055}
{"counts":[1,1,0,0,2,3,2,3,3,2,2,2,1,1,0,2,1,1,1,2,1,0,0,0,0,0,0,0,0,1],"wall_time":1.754172193631e9,"step":8,"max":0.009783958,"min":-0.005198536,"count":32,"bins":[-0.005198536,-0.0046991194,-0.004199703,-0.0037002866,-0.00320087,-0.0027014536,-0.0022020373,-0.0017026206,-0.0012032043,-0.0007037878,-0.00020437129,0.00029504517,0.00079446164,0.0012938781,0.0017932946,0.002292711,0.0027921274,0.003291544,0.0037909604,0.004290377,0.0047897934,0.00528921,0.005788626,0.0062880428,0.0067874594,0.0072868755,0.007786292,0.008285709,0.008785125,0.009284542,0.009783958],"mean":0.00026469695,"std":0.0031832263}
{"counts":[1,0,1,2,1,0,0,1,2,2,1,2,0,2,1,2,6,0,2,1,1,1,1,0,0,0,1,0,0,1],"wall_time":1.754172194824e9,"step":9,"max":0.011484558,"min":-0.008968267,"count":32,"bins":[-0.008968267,-0.008286506,-0.007604745,-0.006922984,-0.0062412233,-0.0055594626,-0.004877702,-0.004195941,-0.0035141802,-0.0028324192,-0.0021506585,-0.0014688977,-0.0007871369,-0.00010537608,0.0005763847,0.0012581456,0.0019399064,0.0026216672,0.003303428,0.003985189,0.0046669496,0.0053487103,0.006030471,0.0067122323,0.007393993,0.008075753,0.008757515,0.009439276,0.010121036,0.010802797,0.011484558],"mean":0.00044688128,"std":0.004728543}
{"counts":[1,0,0,0,3,1,0,0,0,0,2,3,1,3,2,1,6,4,0,1,1,0,0,1,0,0,1,0,0,1],"wall_time":1.754172195952e9,"step":10,"max":0.007913725,"min":-0.006756347,"count":32,"bins":[-0.006756347,-0.0062673446,-0.0057783425,-0.00528934,-0.0048003374,-0.004311335,-0.0038223327,-0.0033333302,-0.0028443278,-0.0023553253,-0.001866323,-0.0013773205,-0.0008883181,-0.00039931567,8.9686735e-5,0.00057868916,0.0010676916,0.001556694,0.0020456964,0.002534699,0.0030237013,0.0035127036,0.004001706,0.0044907085,0.004979711,0.0054687136,0.0059577157,0.0064467182,0.006935721,0.007424723,0.007913725],"mean":0.00024541782,"std":0.003116999}
{"counts":[1,0,0,0,0,3,1,2,0,2,0,0,3,1,3,2,4,3,2,0,0,0,3,0,0,1,0,0,0,1],"wall_time":1.75417219709e9,"step":11,"max":0.009816999,"min":-0.009908162,"count":32,"bins":[-0.009908162,-0.009250657,-0.008593151,-0.007935646,-0.0072781406,-0.0066206353,-0.00596313,-0.0053056246,-0.004648119,-0.003990614,-0.0033331085,-0.0026756031,-0.0020180978,-0.0013605924,-0.0007030871,-4.558172e-5,0.00061192364,0.001269429,0.0019269343,0.0025844397,0.003241945,0.0038994504,0.004556956,0.005214461,0.0058719665,0.006529472,0.007186977,0.007844483,0.008501988,0.009159493,0.009816999],"mean":-0.00045376012,"std":0.0042490005}
{"counts":[1,1,1,3,3,2,3,3,3,2,1,2,0,1,2,3,0,0,0,0,0,0,0,0,0,0,0,0,0,1],"wall_time":1.754172198317e9,"step":12,"max":0.025216052,"min":-0.008313504,"count":32,"bins":[-0.008313504,-0.007195852,-0.0060782004,-0.0049605486,-0.0038428965,-0.0027252447,-0.0016075928,-0.0004899409,0.000627711,0.0017453629,0.0028630148,0.0039806664,0.0050983187,0.0062159705,0.0073336223,0.008451274,0.009568926,0.010686578,0.01180423,0.012921882,0.014039533,0.0151571855,0.016274838,0.01739249,0.01851014,0.019627793,0.020745445,0.021863097,0.022980748,0.0240984,0.025216052],"mean":0.0013672822,"std":0.0064702216}
{"counts":[2,0,0,0,0,1,3,1,1,2,3,1,3,2,3,1,0,1,1,1,1,0,1,2,0,0,0,0,1,1],"wall_time":1.75417219971e9,"step":13,"max":0.010404317,"min":-0.0072343936,"count":32,"bins":[-0.0072343936,-0.0066464366,-0.0060584797,-0.0054705227,-0.0048825657,-0.0042946087,-0.0037066515,-0.0031186945,-0.0025307375,-0.0019427806,-0.0013548235,-0.0007668665,-0.00017890948,0.00040904753,0.0009970046,0.0015849615,0.0021729185,0.0027608755,0.0033488325,0.0039367895,0.0045247464,0.0051127034,0.0057006604,0.006288618,0.006876575,0.007464532,0.008052489,0.008640446,0.009228403,0.00981636,0.010404317],"mean":0.0007171521,