{"counts":[1,1,1],"wall_time":1.754172185634e9,"step":1,"max":0.035245482,"min":-0.030669736,"count":3,"bins":[-0.030669736,-0.008697997,0.013273743,0.035245482],"mean":6.2088173e-10,"std":0.033194985}
{"counts":[1,1,1],"wall_time":1.754172186836e9,"step":2,"max":0.020714907,"min":-0.024894645,"count":3,"bins":[-0.024894645,-0.009691461,0.005511723,0.020714907],"mean":-9.313226e-10,"std":0.023090268}
{"counts":[2,0,1],"wall_time":1.754172187916e9,"step":3,"max":0.0609794,"min":-0.031518437,"count":3,"bins":[-0.031518437,-0.0006858247,0.030146787,0.0609794],"mean":1.2417635e-9,"std":0.05281973}
{"counts":[1,1,1],"wall_time":1.754172189103e9,"step":4,"max":0.029476844,"min":-0.026084775,"count":3,"bins":[-0.026084775,-0.0075642355,0.010956304,0.029476844],"mean":2.7939677e-9,"std":0.027935693}
{"counts":[1,1,1],"wall_time":1.754172190341e9,"step":5,"max":0.010728885,"min":-0.01251585,"count":3,"bins":[-0.01251585,-0.004767605,0.0029806402,0.010728885],"mean":0.0,"std":0.011724946}
{"counts":[2,0,1],"wall_time":1.754172191437e9,"step":6,"max":0.014622194,"min":-0.0087125385,"count":3,"bins":[-0.0087125385,-0.0009342944,0.0068439497,0.014622194],"mean":-3.1044087e-10,"std":0.012740505}
{"counts":[2,0,1],"wall_time":1.754172192563e9,"step":7,"max":0.035963703,"min":-0.021748865,"count":3,"bins":[-0.021748865,-0.0025113423,0.01672618,0.035963703],"mean":1.8626451e-9,"std":0.031372458}
{"counts":[1,1,1],"wall_time":1.754172193636e9,"step":8,"max":0.038533427,"min":-0.043076545,"count":3,"bins":[-0.043076545,-0.015873222,0.011330103,0.038533427],"mean":0.0,"std":0.04099423}
{"counts":[2,0,1],"wall_time":1.754172194831e9,"step":9,"max":0.05929616,"min":-0.04559505,"count":3,"bins":[-0.04559505,-0.010631313,0.024332425,0.05929616],"mean":1.2417635e-9,"std":0.05377111}
{"counts":[2,0,1],"wall_time":1.754172195961e9,"step":10,"max":0.0048743,"min":-0.002624853,"count":3,"bins":[-0.002624853,-0.0001251353,0.0023745825,0.0048743],"mean":4.656613e-10,"std":0.0042254385}
{"counts":[1,0,2],"wall_time":1.754172197104e9,"step":11,"max":0.011908453,"min":-0.018137239,"count":3,"bins":[-0.018137239,-0.008122008,0.0018932223,0.011908453],"mean":6.2088173e-10,"std":0.015961962}
{"counts":[1,0,2],"wall_time":1.754172198323e9,"step":12,"max":0.038187288,"min":-0.064595684,"count":3,"bins":[-0.064595684,-0.030334694,0.003926297,0.038187288],"mean":0.0,"std":0.05625067}
{"counts":[2,0,1],"wall_time":1.754172199715e9,"step":13,"max":0.041813955,"min":-0.03146402,"count":3,"bins":[-0.03146402,-0.0070380294,0.017387962,0.041813955],"mean":-6.2088173e-10,"std":0.037719443}
{"counts":[1,1,1],"wall_time":1.754172201542e9,"step":14,"max":0.04311266,"min":-0.053760756,"count":3,"bins":[-0.053760756,-0.021469617,0.010821522,0.04311266],"mean":0.0,"std":0.049306706}
