{"counts":[2,1,1,3,1,2,2,2,2,3,2,3,7,2,10,6,7,5,6,6,1,2,6,0,2,5,2,1,1,3],"wall_time":1.75417218563e9,"step":1,"max":0.033087377,"min":-0.036862902,"count":96,"bins":[-0.036862902,-0.03453123,-0.03219955,-0.029867874,-0.027536198,-0.025204523,-0.022872847,-0.02054117,-0.018209495,-0.015877819,-0.013546143,-0.011214467,-0.008882791,-0.006551115,-0.004219439,-0.0018877629,0.00044391304,0.002775589,0.005107265,0.007438941,0.009770617,0.012102293,0.014433969,0.016765645,0.01909732,0.021428997,0.023760673,0.026092349,0.028424025,0.0307557,0.033087377],"mean":1.6007107e-10,"std":0.016308839}
{"counts":[1,0,0,0,0,1,1,2,2,0,7,6,5,2,6,6,8,5,8,7,4,5,7,2,4,2,2,1,1,1],"wall_time":1.754172186831e9,"step":2,"max":0.03557168,"min":-0.047328517,"count":96,"bins":[-0.047328517,-0.04456518,-0.041801836,-0.039038498,-0.036275156,-0.033511817,-0.030748477,-0.027985137,-0.025221799,-0.022458458,-0.019695118,-0.016931778,-0.0141684385,-0.011405098,-0.008641759,-0.0058784187,-0.003115079,-0.00035173894,0.002411601,0.005174941,0.007938281,0.010701621,0.01346496,0.0162283,0.01899164,0.02175498,0.02451832,0.02728166,0.030044999,0.03280834,0.03557168],"mean":-2.764864e-10,"std":0.015517641}
{"counts":[1,0,1,1,3,0,2,2,6,2,3,4,5,9,5,5,6,4,5,3,3,5,6,2,2,3,3,3,0,2],"wall_time":1.754172187916e9,"step":3,"max":0.04674311,"min":-0.05430533,"count":96,"bins":[-0.05430533,-0.05093705,-0.04756877,-0.044200487,-0.040832203,-0.037463922,-0.03409564,-0.03072736,-0.02735908,-0.023990799,-0.020622516,-0.017254235,-0.013885954,-0.010517673,-0.0071493913,-0.00378111,-0.00041282873,0.0029554525,0.006323734,0.009692015,0.013060297,0.016428579,0.01979686,0.02316514,0.026533421,0.029901704,0.033269983,0.036638267,0.04000655,0.04337483,0.04674311],"mean":1.9402554e-11,"std":0.022336911}
{"counts":[1,0,2,3,1,2,7,5,1,2,3,6,2,4,5,4,7,6,2,4,6,4,2,3,3,5,2,2,0,2],"wall_time":1.754172189097e9,"step":4,"max":0.031156067,"min":-0.033189498,"count":96,"bins":[-0.033189498,-0.031044645,-0.028899794,-0.026754942,-0.02461009,-0.022465236,-0.020320386,-0.018175533,-0.01603068,-0.013885829,-0.011740976,-0.009596124,-0.007451272,-0.00530642,-0.0031615677,-0.0010167155,0.0011281366,0.0032729888,0.005417841,0.007562693,0.009707545,0.011852398,0.013997249,0.016142102,0.018286955,0.020431805,0.022576658,0.02472151,0.026866363,0.029011214,0.031156067],"mean":4.850638e-10,"std":0.015376843}
{"counts":[2,0,0,0,0,0,2,4,5,2,3,2,4,5,6,3,6,4,8,5,7,5,3,10,4,1,2,0,1,2],"wall_time":1.754172190331e9,"step":5,"max":0.035079613,"min":-0.046585083,"count":96,"bins":[-0.046585083,-0.043862928,-0.04114077,-0.038418613,-0.035696458,-0.0329743,-0.030252144,-0.027529987,-0.024807831,-0.022085674,-0.019363517,-0.016641362,-0.0139192045,-0.011197048,-0.008474891,-0.005752735,-0.0030305784,-0.00030842176,0.0024137348,0.0051358915,0.007858048,0.010580204,0.013302361,0.016024517,0.018746674,0.021468831,0.024190987,0.026913144,0.0296353,0.032357458,0.035079613],"mean":3.3954468e-11,"std":0.016961198}
{"counts":[2,1,2,1,2,2,2,0,0,9,3,9,5,1,5,9,7,8,5,4,3,4,3,5,2,0,0,1,0,1],"wall_time":1.754172191437e9,"step":6,"max":0.03348247,"min":-0.032392573,"count":96,"bins":[-0.032392573,-0.030196737,-0.028000902,-0.02580507,-0.023609234,-0.021413399,-0.019217564,-0.017021729,-0.0148258945,-0.01263006,-0.010434225,-0.00823839,-0.006042556,-0.003846721,-0.0016508863,0.0005449485,0.0027407832,0.004936618,0.007132453,0.009328287,0.011524122,0.013719957,0.015915792,0.018111626,0.02030746,0.022503296,0.024699131,0.026894966,0.0290908,0.031286635,0.03348247],"mean":-2.4738256e-10,"std":0.013568067}
{"counts":[2,0,1,1,2,1,0,3,3,3,3,2,3,6,6,4,6,8,4,0,3,8,3,6,3,7,3,2,2,1],"wall_time":1.754172192559e9,"step":7,"max":0.03966187,"min":-0.052882344,"count":96,"bins":[-0.052882344,-0.049797535,-0.04671273,-0.04362792,-0.040543117,-0.037458308,-0.0343735,-0.031288695,-0.028203886,-0.02511908,-0.022034273,-0.018949466,-0.01586466,-0.012779851,-0.009695044,-0.006610237,-0.0035254299,-0.00044062285,0.0026441843,0.0057289912,0.008813798,0.011898605,0.014983413,0.01806822,0.021153027,0.024237834,0.02732264,0.030407447,0.033492256,0.03657706,0.03966187],"mean":4.753626e-10,"std":0.02137257}
{"counts":[2,2,1,2,1,1,2,3,3,10,3,5,6,8,4,5,9,2,4,6,0,5,3,1,5,1,1,0,0,1],"wall_time":1.754172193634e9,"step":8,"max":0.04558254,"min":-0.041214712,"count":96,"bins":[-0.041214712,-0.03832147,-0.03542823,-0.032534987,-0.029641746,-0.026748503,-0.023855262,-0.02096202,-0.018068777,-0.015175536,-0.012282294,-0.009389053,-0.006495811,-0.0036025692,-0.0007093276,0.0021839142,0.005077156,0.007970397,0.010863639,0.0137568815,0.016650124,0.019543365,0.022436606,0.025329849,0.02822309,0.031116331,0.034009572,0.036902815,0.039796058,0.042689297,0.04558254],"mean":-2.134281e-10,"std":0.01836397}
{"counts":[2,1,1,1,1,2,4,4,7,6,6,5,5,5,4,3,3,3,4,1,1,3,1,5,4,3,4,4,1,2],"wall_time":1.754172194829e9,"step":9,"max":0.047724582,"min":-0.048660025,"count":96,"bins":[-0.048660025,-0.045447204,-0.042234384,-0.039021563,-0.035808746,-0.032595925,-0.029383104,-0.026170284,-0.022957463,-0.019744642,-0.016531823,-0.013319002,-0.010106182,-0.006893362,-0.0036805416,-0.00046772137,0.002745099,0.005957919,0.009170739,0.01238356,0.0155963795,0.0188092,0.02202202,0.02523484,0.028447662,0.031660482,0.034873303,0.03808612,0.04129894,0.04451176,0.047724582],"mean":-1.9402553e-10,"std":0.024448244}
{"counts":[1,0,0,2,1,1,1,2,4,4,4,4,4,5,7,4,10,6,9,8,5,4,3,3,1,0,1,1,0,1],"wall_time":1.754172195956e9,"step":10,"max":0.04002064,"min":-0.043813825,"count":96,"bins":[-0.043813825,-0.041019343,-0.03822486,-0.03543038,-0.032635897,-0.029841414,-0.027046932,-0.02425245,-0.021457966,-0.018663485,-0.015869003,-0.013074521,-0.010280038,-0.0074855564,-0.004691074,-0.0018965919,0.0008978903,0.0036923725,0.0064868545,0.009281337,0.012075819,0.014870301,0.017664783,0.020459266,0.023253748,0.02604823,0.028842712,0.031637195,0.034431677,0.03722616,0.04002064],"mean":-1.649217e-10,"std":0.015590053}
{"counts":[1,0,0,1,2,1,1,0,2,5,2,6,5,8,2,6,7,4,3,5,6,2,2,5,7,1,3,4,2,3],"wall_time":1.754172197095e9,"step":11,"max":0.03148098,"min":-0.043485854,"count":96,"bins":[-0.043485854,-0.04098696,-0.038488064,-0.03598917,-0.033490278,-0.030991381,-0.028492488,-0.025993593,-0.023494698,-0.020995803,-0.01849691,-0.015998015,-0.01349912,-0.011000226,-0.008501331,-0.0060024373,-0.0035035429,-0.0010046485,0.001494246,0.0039931405,0.006492035,0.008990929,0.011489823,0.013988718,0.016487613,0.018986506,0.021485401,0.023984296,0.026483191,0.028982084,0.03148098],"mean":-9.701277e-12,"std":0.016781935}
{"counts":[1,1,0,1,1,2,3,1,0,3,2,3,4,3,4,5,6,6,6,6,3,5,2,5,9,4,3,3,1,3],"wall_time":1.754172198323e9,"step":12,"max":0.039522834,"min":-0.05898023,"count":96,"bins":[-0.05898023,-0.055696793,-0.05241336,-0.049129926,-0.04584649,-0.04256305,-0.039279617,-0.035996184,-0.032712746,-0.029429311,-0.026145875,-0.02286244,-0.019579004,-0.016295569,-0.013012134,-0.009728698,-0.0064452626,-0.003161827,0.00012160838,0.0034050439,0.0066884793,0.009971915,0.01325535,0.016538786,0.019822221,0.023105657,0.026389092,0.029672528,0.032955963,0.0362394,0.039522834],"mean":9.313226e-10,"std":0.022403171}
{"counts":[2,0,1,1,0,3,1,3,1,3,4,2,3,3,5,8,6,2,6,12,6,3,8,4,2,3,2,0,0,2],"wall_time":1.754172199713e9,"step":13,"max":0.04063566,"min":-0.051009517,"count":96,"bins":[-0.051009517,-0.04795468,-0.04489984,-0.041844998,-0.03879016,-0.03573532,-0.03268048,-0.029625643,-0.026570803,-0.023515964,-0.020461125,-0.017406285,-0.014351446,-0.011296607,-0.008241768,-0.0051869284,-0.002132089,0.00092275004,0.0039775893,0.0070324284,0.0100872675,0.013142107,0.016196946,0.019251786,0.022306625,0.025361463,0.028416304,0.031471144,0.034525983,0.03758082,0.04063566],"mean":-9.701277e-12,"std":0.019263126}
{"counts":[2,1,0,3,1,1,5,3,3,2,1,2,0,6,5,5,5,6,9,6,7,2,5,2,3,2,4,2,2,1],"wall_time":1.754172201541e9,"step":14,"max":0.03885242,"min":-0.046857733,"count":96,