{"counts":[1,0,1,0,0,0,0,1,1,3,2,0,6,7,5,7,4,4,9,1,2,0,2,0,1,2,1,1,0,3],"wall_time":1.754172185517e9,"step":1,"max":0.009953979,"min":-0.011240445,"count":64,"bins":[-0.011240445,-0.010533964,-0.009827483,-0.009121003,-0.008414522,-0.007708041,-0.00700156,-0.0062950794,-0.0055885985,-0.0048821177,-0.004175637,-0.003469156,-0.0027626753,-0.0020561945,-0.0013497137,-0.00064323284,6.324798e-5,0.0007697288,0.0014762096,0.0021826904,0.0028891712,0.003595652,0.004302133,0.0050086137,0.0057150945,0.0064215753,0.007128056,0.007834537,0.008541018,0.009247499,0.009953979],"mean":0.0003073002,"std":0.004090137}
{"counts":[1,0,2,0,1,0,2,0,1,0,4,6,8,6,10,5,5,2,1,4,1,0,2,1,0,1,0,0,0,1],"wall_time":1.754172186796e9,"step":2,"max":0.013767982,"min":-0.011006654,"count":64,"bins":[-0.011006654,-0.010180833,-0.009355011,-0.008529191,-0.0077033695,-0.006877548,-0.006051727,-0.0052259057,-0.0044000847,-0.0035742633,-0.002748442,-0.001922621,-0.0010967997,-0.00027097858,0.00055484264,0.0013806638,0.002206485,0.0030323062,0.0038581274,0.0046839486,0.00550977,0.006335591,0.0071614124,0.007987234,0.008813054,0.009638876,0.010464697,0.011290519,0.012116339,0.0129421605,0.013767982],"mean":0.000644528,"std":0.004223348}
{"counts":[1,0,1,0,1,0,0,3,0,1,3,0,5,6,4,4,13,7,5,3,0,0,2,2,1,0,1,0,0,1],"wall_time":1.754172187908e9,"step":3,"max":0.0138858035,"min":-0.015535462,"count":64,"bins":[-0.015535462,-0.014554753,-0.013574044,-0.0125933355,-0.011612627,-0.010631917,-0.009651208,-0.0086705,-0.007689791,-0.006709082,-0.0057283733,-0.0047476646,-0.0037669556,-0.0027862468,-0.001805538,-0.0008248291,0.00015587974,0.0011365886,0.0021172974,0.0030980064,0.004078715,0.005059424,0.0060401326,0.007020842,0.00800155,0.00898226,0.0099629685,0.010943677,0.011924386,0.012905095,0.0138858035],"mean":-0.00027659765,"std":0.0050469125}
{"counts":[1,0,0,0,0,0,0,0,0,1,0,1,1,2,2,2,6,10,12,3,11,3,1,4,0,1,0,2,0,1],"wall_time":1.754172189056e9,"step":4,"max":0.010282168,"min":-0.01682572,"count":64,"bins":[-0.01682572,-0.015922124,-0.015018528,-0.014114932,-0.013211335,-0.012307739,-0.011404143,-0.010500547,-0.00959695,-0.008693354,-0.0077897576,-0.0068861614,-0.005982565,-0.005078969,-0.0041753724,-0.0032717763,-0.0023681798,-0.0014645837,-0.0005609874,0.00034260892,0.0012462052,0.0021498015,0.0030533979,0.003956994,0.00486059,0.005764187,0.006667783,0.007571379,0.008474976,0.009378572,0.010282168],"mean":3.588887e-5,"std":0.0038938862}
{"counts":[1,0,0,1,0,2,0,1,1,1,1,1,1,6,2,5,0,6,5,13,4,4,0,3,1,1,1,1,0,2],"wall_time":1.754172190295e9,"step":5,"max":0.0068496857,"min":-0.010526581,"count":64,"bins":[-0.010526581,-0.009947372,-0.009368163,-0.0087889545,-0.008209745,-0.0076305363,-0.0070513273,-0.0064721187,-0.0058929096,-0.005313701,-0.004734492,-0.004155283,-0.0035760743,-0.0029968652,-0.0024176564,-0.0018384475,-0.0012592387,-0.00068002974,-0.000100820886,0.00047838798,0.0010575969,0.0016368057,0.0022160145,0.0027952236,0.0033744324,0.0039536413,0.0045328503,0.005112059,0.005691268,0.0062704766,0.0068496857],"mean":-0.00045740948,"std":0.0033632086}
{"counts":[1,0,0,0,0,0,0,0,1,1,1,0,3,4,3,4,6,8,6,4,5,6,2,5,1,0,1,0,1,1],"wall_time":1.754172191433e9,"step":6,"max":0.00892708,"min":-0.013132056,"count":64,"bins":[-0.013132056,-0.012396752,-0.011661448,-0.010926142,-0.010190838,-0.009455534,-0.008720229,-0.007984924,-0.00724962,-0.0065143155,-0.0057790107,-0.0050437064,-0.0043084016,-0.0035730973,-0.0028377927,-0.0021024882,-0.0013671836,-0.00063187914,0.000103425424,0.00083872996,0.0015740345,0.0023093391,0.0030446437,0.003779948,0.0045152525,0.0052505573,0.0059858616,0.0067211664,0.0074564707,0.0081917755,0.00892708],"mean":0.00015046528,"std":0.003565148}
{"counts":[2,2,0,1,4,5,0,10,9,4,2,7,7,4,2,0,3,0,0,1,0,0,0,0,0,0,0,0,0,1],"wall_time":1.754172192518e9,"step":7,"max":0.014965067,"min":-0.0065310705,"count":64,"bins":[-0.0065310705,-0.0058145327,-0.0050979946,-0.004381457,-0.003664919,-0.002948381,-0.002231843,-0.0015153051,-0.0007987672,-8.222931e-5,0.0006343086,0.0013508465,0.0020673843,0.0027839222,0.0035004602,0.004216998,0.004933536,0.0056500738,0.006366612,0.0070831496,0.007799688,0.008516226,0.009232763,0.009949301,0.01066584,0.011382377,0.012098915,0.012815453,0.013531991,0.0142485285,0.014965067],"mean":0.00025146033,"std":0.003456773}
{"counts":[1,0,0,0,0,0,0,0,0,1,1,0,2,0,0,4,3,8,1,9,6,9,3,7,3,0,1,2,2,1],"wall_time":1.754172193627e9,"step":8,"max":0.0053064525,"min":-0.013102868,"count":64,"bins":[-0.013102868,-0.012489224,-0.01187558,-0.011261935,-0.010648292,-0.010034648,-0.009421004,-0.008807359,-0.0081937155,-0.0075800717,-0.0069664274,-0.0063527836,-0.0057391394,-0.0051254956,-0.0045118514,-0.0038982076,-0.0032845635,-0.0026709195,-0.0020572755,-0.0014436316,-0.0008299875,-0.00021634353,0.00039730046,0.0010109445,0.0016245885,0.0022382324,0.0028518764,0.0034655205,0.0040791645,0.0046928087,0.0053064525],"mean":-0.0008322792,"std":0.0029556826}
{"counts":[1,1,0,0,0,0,1,2,1,2,0,3,7,9,3,9,9,2,4,3,2,0,1,0,0,2,0,1,0,1],"wall_time":1.754172194808e9,"step":9,"max":0.008146003,"min":-0.009243492,"count":64,"bins":[-0.009243492,-0.008663842,-0.008084192,-0.0075045424,-0.006924893,-0.0063452427,-0.005765593,-0.005185943,-0.0046062935,-0.0040266435,-0.0034469937,-0.0028673438,-0.002287694,-0.0017080442,-0.0011283944,-0.0005487446,3.0905256e-5,0.0006105551,0.0011902049,0.0017698548,0.0023495045,0.0029291543,0.0035088041,0.004088454,0.004668104,0.0052477536,0.0058274036,0.006407053,0.0069867033,0.007566353,0.008146003],"mean":-0.00052925135,"std":0.0029421507}
{"counts":[3,0,1,1,1,1,0,2,5,5,0,1,5,3,5,5,5,3,6,3,1,1,1,0,3,0,0,1,0,2],"wall_time":1.754172195929e9,"step":10,"max":0.0074843746,"min":-0.0073624416,"count":64,"bins":[-0.0073624416,-0.0068675475,-0.006372654,-0.0058777602,-0.005382866,-0.004887972,-0.0043930784,-0.0038981845,-0.0034032906,-0.0029083968,-0.002413503,-0.001918609,-0.0014237151,-0.0009288213,-0.0004339274,6.096647e-5,0.00055586034,0.0010507542,0.0015456481,0.002040542,0.0025354358,0.0030303297,0.0035252236,0.004020117,0.0045150113,0.0050099054,0.005504799,0.0059996927,0.006494587,0.006989481,0.0074843746],"mean":-0.0002813256,"std":0.003270794}
{"counts":[1,0,0,0,0,0,0,1,0,0,1,2,1,3,1,7,6,6,8,4,4,5,3,1,3,2,0,1,1,3],"wall_time":1.754172197072e9,"step":11,"max":0.00880521,"min":-0.015495006,"count":64,"bins":[-0.015495006,-0.014684998,-0.013874992,-0.013064984,-0.012254978,-0.01144497,-0.0106349625,-0.009824956,-0.009014948,-0.008204942,-0.007394934,-0.006584927,-0.00577492,-0.0049649123,-0.004154905,-0.003344898,-0.002534891,-0.0017248837,-0.0009148765,-0.000104869345,0.00070513785,0.0015151451,0.0023251523,0.0031351594,0.0039451667,0.004755174,0.005565181,0.006375188,0.0071851956,0.007995202,0.00880521],"mean":-0.00030019216,"std":0.00426177}
{"counts":[1,0,0,0,0,0,0,0,0,1,0,1,4,1,5,3,7,9,9,4,3,8,1,2,0,1,0,2,0,2],"wall_time":1.754172198305e9,"step":12,"max":0.013107521,"min":-0.018386642,"count":64,"bins":[-0.018386642,-0.017336836,-0.01628703,-0.015237225,-0.01418742,-0.013137614,-0.012087809,-0.0110380035,-0.009988198,-0.008938393,-0.007888587,-0.0068387818,-0.0057889763,-0.004739171,-0.0036893655,-0.00263956,-0.0015897546,-0.00053994916,0.00050985627,0.0015596617,0.0026094671,0.0036592726,0.004709078,0.0057588834,0.006808689,0.007858494,0.0089083,0.009958105,0.011007911,0.012057716,0.013107521],"mean":0.0007357925,"std":0.004949381}
{"counts":[1,1,0,0,0,2,0,0,0,1,1,3,1,3,4,3,5,2,6,3,4,7,3,2,2,3,3,1,2,1],"wall_time":1.754172199708e9,"step":13,"max":0.006581783,"min":-0.008100771,"count":64,"bins":[-0.008100771,-0.007611353,-0.0071219346,-0.0066325157,-0.0061430973,-0.005653679,-0.0051642605,-0.004674842,-0.0041854237,-0.003696005,-0.0032065867,-0.002717168,-0.0022277497,-0.0017383312,-0.0012489128,-0.00075949426,-0.00027007578,0.00021934269,0.00070876116,0.0011981797,0.0016875981,0.0021770166,0.002666435,0.0031558536,0.003645272,0.0041346904,0.004624109,0.0051135276,0.005602946,0.0060923644,0.006581783],"mean":0.00093911745,