{"counts":[1,1,1,0,2,2,1,0,1,3,4,6,1,0,1,2,0,0,2,0,1,0,0,1,0,0,0,0,1,1],"wall_time":1.754172185621e9,"step":1,"max":0.011179017,"min":-0.0054877554,"count":32,"bins":[-0.0054877554,-0.0049321963,-0.0043766373,-0.0038210782,-0.0032655192,-0.00270996,-0.002154401,-0.0015988419,-0.0010432828,-0.0004877237,6.783536e-5,0.00062339444,0.0011789536,0.0017345126,0.0022900717,0.0028456307,0.0034011898,0.003956749,0.004512308,0.005067867,0.0056234263,0.0061789853,0.0067345444,0.0072901035,0.0078456625,0.008401222,0.008956781,0.00951234,0.010067899,0.010623458,0.011179017],"mean":0.0010139523,"std":0.0038939137}
{"counts":[1,3,0,0,2,3,2,4,4,0,4,3,1,0,0,2,0,0,0,1,0,0,0,0,0,1,0,0,0,1],"wall_time":1.754172186824e9,"step":2,"max":0.015568513,"min":-0.0043969266,"count":32,"bins":[-0.0043969266,-0.0037314119,-0.0030658974,-0.0024003827,-0.0017348679,-0.0010693533,-0.0004038386,0.00026167606,0.0009271907,0.0015927054,0.00225822,0.0029237347,0.0035892494,0.004254764,0.0049202787,0.0055857934,0.006251308,0.006916823,0.0075823376,0.008247852,0.008913367,0.009578882,0.0102443965,0.01090991,0.011575425,0.01224094,0.0129064545,0.013571969,0.014237484,0.014902999,0.015568513],"mean":0.0018416925,"std":0.0042825053}
{"counts":[1,0,0,1,1,1,0,1,0,1,2,4,1,2,3,1,2,2,4,2,0,1,1,0,0,0,0,0,0,1],"wall_time":1.754172187914e9,"step":3,"max":0.015380754,"min":-0.012760287,"count":32,"bins":[-0.012760287,-0.0118222525,-0.010884218,-0.009946183,-0.009008149,-0.008070113,-0.007132079,-0.0061940444,-0.0052560093,-0.0043179747,-0.00337994,-0.0024419054,-0.0015038706,-0.0005658359,0.0003721988,0.0013102335,0.002248268,0.003186303,0.004124338,0.0050623724,0.006000407,0.0069384417,0.007876476,0.008814511,0.0097525455,0.010690581,0.011628616,0.01256665,0.013504685,0.0144427195,0.015380754],"mean":0.00049407576,"std":0.005710531}
{"counts":[1,0,0,0,0,0,0,0,0,0,0,1,2,0,0,0,2,0,2,13,3,2,1,2,0,0,1,0,1,1],"wall_time":1.75417218909e9,"step":4,"max":0.011530148,"min":-0.022503344,"count":32,"bins":[-0.022503344,-0.021368895,-0.020234445,-0.019099995,-0.017965546,-0.016831096,-0.015696647,-0.014562196,-0.0134277465,-0.012293297,-0.011158847,-0.010024398,-0.008889947,-0.007755498,-0.006621048,-0.0054865982,-0.0043521486,-0.0032176988,-0.002083249,-0.00094879925,0.00018565047,0.0013201002,0.00245455,0.0035889996,0.0047234492,0.0058578993,0.006992349,0.008126799,0.009261249,0.010395698,0.011530148],"mean":-0.0005422062,"std":0.005932897}
{"counts":[1,0,2,0,2,1,2,2,4,2,4,1,3,0,2,2,0,0,0,0,1,1,0,0,0,1,0,0,0,1],"wall_time":1.754172190326e9,"step":5,"max":0.010390509,"min":-0.0051985877,"count":32,"bins":[-0.0051985877,-0.004678951,-0.0041593146,-0.003639678,-0.0031200415,-0.002600405,-0.0020807683,-0.0015611318,-0.0010414952,-0.0005218587,-2.2221357e-6,0.0005174144,0.001037051,0.0015566875,0.002076324,0.0025959606,0.0031155972,0.0036352337,0.0041548703,0.004674507,0.0051941434,0.00571378,0.0062334165,0.006753053,0.0072726896,0.007792326,0.008311963,0.0088316,0.009351236,0.009870872,0.010390509],"mean":0.00046438165,"std":0.0033963819}
{"counts":[1,0,0,1,1,2,1,0,2,2,1,0,0,2,1,3,3,4,2,2,0,0,0,0,2,0,1,0,0,1],"wall_time":1.754172191437e9,"step":6,"max":0.00568978,"min":-0.0052053775,"count":32,"bins":[-0.0052053775,-0.0048422054,-0.0044790334,-0.004115862,-0.0037526898,-0.0033895178,-0.003026346,-0.002663174,-0.0023000021,-0.0019368301,-0.0015736582,-0.0012104863,-0.00084731437,-0.00048414248,-0.000120970544,0.00024220138,0.0006053733,0.0009685452,0.0013317171,0.001694889,0.002058061,0.0024212329,0.002784405,0.0031475767,0.0035107487,0.0038739205,0.0042370926,0.0046002646,0.004963436,0.005326608,0.00568978],"mean":3.869091e-5,"std":0.002543949}
{"counts":[1,0,0,1,0,0,1,0,0,2,0,2,1,1,4,3,3,1,3,3,0,1,1,1,1,1,0,0,0,1],"wall_time":1.754172192545e9,"step":7,"max":0.009406593,"min":-0.01095488,"count":32,"bins":[-0.01095488,-0.010276165,-0.009597449,-0.008918732,-0.008240017,-0.0075613013,-0.0068825856,-0.00620387,-0.005525154,-0.0048464383,-0.0041677225,-0.0034890068,-0.002810291,-0.0021315753,-0.0014528595,-0.00077414373,-9.542797e-5,0.0005832878,0.0012620036,0.0019407193,0.002619435,0.0032981508,0.0039768666,0.0046555824,0.005334298,0.006013014,0.0066917296,0.0073704454,0.008049161,0.0087278765,0.009406593],"mean":-0.00013601863,"std":0.0041683563}
{"counts":[1,0,0,0,0,1,1,0,3,0,4,3,2,0,0,3,1,3,0,0,1,1,2,0,2,0,0,0,3,1],"wall_time":1.754172193633e9,"step":8,"max":0.0062391097,"min":-0.006366309,"count":32,"bins":[-0.006366309,-0.005946128,-0.0055259475,-0.005105767,-0.0046855863,-0.0042654057,-0.003845225,-0.0034250445,-0.0030048639,-0.0025846832,-0.0021645026,-0.001744322,-0.0013241414,-0.0009039608,-0.00048378017,-6.359955e-5,0.00035658106,0.0007767617,0.0011969423,0.0016171229,0.0020373035,0.0024574841,0.0028776648,0.0032978454,0.003718026,0.0041382066,0.004558387,0.004978568,0.0053987484,0.005818929,0.0062391097],"mean":0.00026954175,"std":0.0031931761}
{"counts":[1,0,0,0,0,1,1,0,0,1,4,1,0,3,1,1,4,2,1,2,3,0,2,0,0,2,0,1,0,1],"wall_time":1.754172194827e9,"step":9,"max":0.012152577,"min":-0.012664655,"count":32,"bins":[-0.012664655,-0.0118374145,-0.011010173,-0.010182932,-0.009355691,-0.00852845,-0.007701209,-0.0068739676,-0.006046727,-0.0052194856,-0.0043922444,-0.0035650034,-0.0027377624,-0.0019105213,-0.0010832803,-0.0002560392,0.00057120185,0.0013984429,0.002225684,0.003052925,0.0038801662,0.004707407,0.0055346484,0.006361889,0.0071891304,0.008016371,0.008843613,0.009670854,0.010498094,0.011325336,0.012152577],"mean":0.0007405996,"std":0.0054455255}
{"counts":[3,1,0,1,1,1,1,0,0,1,2,2,6,1,1,0,1,1,1,1,1,2,1,1,0,0,0,0,0,2],"wall_time":1.754172195956e9,"step":10,"max":0.0059761247,"min":-0.004757788,"count":32,"bins":[-0.004757788,-0.004399991,-0.0040421938,-0.0036843969,-0.0033265997,-0.0029688026,-0.0026110054,-0.0022532083,-0.0018954113,-0.0015376143,-0.0011798171,-0.00082202005,-0.00046422295,-0.00010642586,0.00025137124,0.0006091683,0.0009669654,0.0013247625,0.0016825596,0.0020403566,0.0023981538,0.002755951,0.003113748,0.003471545,0.003829342,0.004187139,0.004544936,0.0049027335,0.0052605304,0.0056183278,0.0059761247],"mean":-0.00010959597,"std":0.0028291754}
{"counts":[1,1,0,1,2,1,0,1,3,0,2,2,4,2,3,2,1,1,1,0,0,1,0,0,0,0,2,0,0,1],"wall_time":1.754172197092e9,"step":11,"max":0.008847699,"min":-0.006478472,"count":32,"bins":[-0.006478472,-0.0059676,-0.0054567275,-0.004945855,-0.004434983,-0.0039241104,-0.003413238,-0.0029023658,-0.0023914932,-0.001880621,-0.0013697486,-0.0008588762,-0.00034800387,0.0001628685,0.00067374087,0.0011846132,0.0016954856,0.002206358,0.0027172302,0.0032281026,0.003738975,0.0042498475,0.00476072,0.005271592,0.0057824645,0.006293337,0.006804209,0.0073150815,0.007825954,0.008336826,0.008847699],"mean":-6.558495e-5,"std":0.0035344434}
{"counts":[2,0,1,0,1,1,1,1,0,5,2,3,0,3,1,2,1,2,2,0,1,0,2,0,0,0,0,0,0,1],"wall_time":1.754172198323e9,"step":12,"max":0.019114701,"min":-0.012732239,"count":32,"bins":[-0.012732239,-0.011670675,-0.01060911,-0.009547546,-0.00848598,-0.007424416,-0.0063628512,-0.0053012865,-0.004239722,-0.0031781574,-0.0021165926,-0.0010550279,6.5367667e-6,0.0010681015,0.002129666,0.0031912308,0.0042527956,0.0053143604,0.0063759247,0.0074374895,0.008499054,0.009560619,0.010622184,0.011683748,0.012745313,0.013806878,0.014868442,0.015930006,0.016991572,0.018053137,0.019114701],"mean":0.0005094418,"std":0.0070279697}
{"counts":[1,0,0,0,1,0,1,2,2,1,0,2,3,4,1,3,1,2,0,1,1,1,1,1,1,1,0,0,0,1],"wall_time":1.754172199713e9,"step":13,"max":0.009747691,"min":-0.009951858,"count":32,"bins":[-0.009951858,-0.0092952065,-0.008638554,-0.007981903,-0.007325251,-0.0066686,-0.006011948,-0.005355296,-0.004698645,-0.004041993,-0.0033853415,-0.0027286897,-0.0020720381,-0.0014153864,-0.0007587348,-0.0001020832,0.0005545684,0.00121122,0.0018678717,0.0025245233,0.003181175,0.0038378267,0.0044944785,0.00515113,0.0058077816,0.0064644334,0.0071210847,0.0077777365,0.008434388,0.00909104,0.009747691],"mean":-0.00035537325,