{"wall_time":1.754109585546e9,"step":1,"value":1.0}
{"wall_time":1.754109587287e9,"step":2,"value":2.0}
{"wall_time":1.754109588388e9,"step":3,"value":3.0}
{"wall_time":1.754109589499e9,"step":4,"value":4.0}
{"wall_time":1.754109590572e9,"step":5,"value":5.0}
{"wall_time":1.754109591805e9,"step":6,"value":6.0}
{"wall_time":1.754109592921e9,"step":7,"value":7.0}
{"wall_time":1.754109593999e9,"step":8,"value":8.0}
{"wall_time":1.754109595079e9,"step":9,"value":9.0}
{"wall_time":1.754109596188e9,"step":10,"value":10.0}
{"wall_time":1.754109597271e9,"step":11,"value":11.0}
{"wall_time":1.754109598384e9,"step":12,"value":12.0}
{"wall_time":1.754109599523e9,"step":13,"value":13.0}
{"wall_time":1.754109600601e9,"step":14,"value":14.0}
{"wall_time":1.754109601781e9,"step":15,"value":15.0}
{"wall_time":1.75410960291e9,"step":16,"value":16.0}
{"wall_time":1.754109604024e9,"step":17,"value":17.0}
{"wall_time":1.754109605161e9,"step":18,"value":18.0}
{"wall_time":1.754109606793e9,"step":19,"value":19.0}
