{"wall_time":1.754109585543e9,"step":1,"value":1.3429961}
{"wall_time":1.754109587286e9,"step":2,"value":1.2326108}
{"wall_time":1.754109588386e9,"step":3,"value":1.1805149}
{"wall_time":1.754109589498e9,"step":4,"value":1.1569769}
{"wall_time":1.75410959057e9,"step":5,"value":1.1491386}
{"wall_time":1.754109591804e9,"step":6,"value":1.11076}
{"wall_time":1.754109592919e9,"step":7,"value":1.1372206}
{"wall_time":1.754109593999e9,"step":8,"value":1.1076095}
{"wall_time":1.754109595078e9,"step":9,"value":1.1007558}
{"wall_time":1.754109596187e9,"step":10,"value":1.1139468}
{"wall_time":1.75410959727e9,"step":11,"value":1.1175586}
{"wall_time":1.754109598384e9,"step":12,"value":1.0969553}
{"wall_time":1.754109599521e9,"step":13,"value":1.0999309}
{"wall_time":1.7541096006e9,"step":14,"value":1.09438}
{"wall_time":1.754109601778e9,"step":15,"value":1.105362}
{"wall_time":1.754109602909e9,"step":16,"value":1.099206}
{"wall_time":1.754109604023e9,"step":17,"value":1.0944432}
{"wall_time":1.75410960516e9,"step":18,"value":1.0854821}
{"wall_time":1.75410960679e9,"step":19,"value":1.0913272}
