{"wall_time":1.754109585476e9,"step":1,"value":0.4100001}
{"wall_time":1.754109587285e9,"step":2,"value":0.32700014}
{"wall_time":1.754109588386e9,"step":3,"value":0.29999995}
{"wall_time":1.754109589498e9,"step":4,"value":0.28199983}
{"wall_time":1.75410959057e9,"step":5,"value":0.24699998}
{"wall_time":1.754109591803e9,"step":6,"value":0.3310001}
{"wall_time":1.754109592919e9,"step":7,"value":0.30500007}
{"wall_time":1.754109593998e9,"step":8,"value":0.25600004}
{"wall_time":1.754109595077e9,"step":9,"value":0.26899981}
{"wall_time":1.754109596187e9,"step":10,"value":0.283}
{"wall_time":1.754109597269e9,"step":11,"value":0.273}
{"wall_time":1.754109598383e9,"step":12,"value":0.28400016}
{"wall_time":1.754109599521e9,"step":13,"value":0.32400012}
{"wall_time":1.754109600599e9,"step":14,"value":0.24499989}
{"wall_time":1.754109601776e9,"step":15,"value":0.33299994}
{"wall_time":1.754109602909e9,"step":16,"value":0.30900002}
{"wall_time":1.754109604022e9,"step":17,"value":0.26800013}
{"wall_time":1.754109605159e9,"step":18,"value":0.30500007}
{"wall_time":1.754109606789e9,"step":19,"value":0.34000015}
