{"wall_time":1.754109585545e9,"step":1,"value":0.3275}
{"wall_time":1.754109587287e9,"step":2,"value":0.34625}
{"wall_time":1.754109588387e9,"step":3,"value":0.31875}
{"wall_time":1.754109589499e9,"step":4,"value":0.35625}
{"wall_time":1.754109590572e9,"step":5,"value":0.3325}
{"wall_time":1.754109591805e9,"step":6,"value":0.35875}
{"wall_time":1.75410959292e9,"step":7,"value":0.34875}
{"wall_time":1.754109593999e9,"step":8,"value":0.38375}
{"wall_time":1.754109595078e9,"step":9,"value":0.38125}
{"wall_time":1.754109596187e9,"step":10,"value":0.355}
{"wall_time":1.754109597271e9,"step":11,"value":0.3575}
{"wall_time":1.754109598384e9,"step":12,"value":0.4075}
{"wall_time":1.754109599523e9,"step":13,"value":0.36}
{"wall_time":1.7541096006e9,"step":14,"value":0.395}
{"wall_time":1.75410960178e9,"step":15,"value":0.38875}
{"wall_time":1.75410960291e9,"step":16,"value":0.38}
{"wall_time":1.754109604024e9,"step":17,"value":0.36375}
{"wall_time":1.754109605161e9,"step":18,"value":0.38875}
{"wall_time":1.754109606791e9,"step":19,"value":0.36875}
