{"counts":[2,0,1,3,3,1,1,0,1,0,1,0,1,1,2,3,0,0,3,0,0,0,1,4,1,1,0,1,0,1],"wall_time":1.754151430628e9,"step":1,"max":0.009225358,"min":-0.016556622,"count":32,"bins":[-0.016556622,-0.015697222,-0.014837824,-0.0139784245,-0.013119025,-0.012259626,-0.0114002265,-0.010540827,-0.009681428,-0.0088220285,-0.007962629,-0.0071032294,-0.00624383,-0.0053844308,-0.0045250314,-0.003665632,-0.0028062328,-0.0019468333,-0.001087434,-0.00022803467,0.0006313647,0.0014907641,0.0023501634,0.0032095627,0.0040689623,0.0049283616,0.005787761,0.0066471603,0.0075065596,0.008365959,0.009225358],"mean":-0.004745813,"std":0.007596605}
{"counts":[4,0,0,0,3,1,0,1,0,1,2,1,1,2,2,0,1,0,1,1,1,1,2,0,2,1,0,2,1,1],"wall_time":1.75415143295e9,"step":2,"max":0.011000145,"min":-0.023094414,"count":32,"bins":[-0.023094414,-0.021957928,-0.020821443,-0.019684957,-0.018548472,-0.017411986,-0.016275503,-0.015139016,-0.014002532,-0.012866046,-0.011729561,-0.010593075,-0.00945659,-0.008320105,-0.00718362,-0.0060471343,-0.004910649,-0.0037741638,-0.0026376783,-0.001501193,-0.00036470778,0.00077177753,0.0019082628,0.0030447482,0.0041812332,0.0053177187,0.006454204,0.007590689,0.008727174,0.00986366,0.011000145],"mean":-0.0064651445,"std":0.01058894}
{"counts":[2,3,0,0,1,0,1,0,2,0,3,1,1,4,0,1,0,1,0,0,2,0,1,3,0,2,2,0,0,2],"wall_time":1.7541514352e9,"step":3,"max":0.013745336,"min":-0.030796679,"count":32,"bins":[-0.030796679,-0.029311946,-0.02782721,-0.026342478,-0.024857743,-0.02337301,-0.021888277,-0.020403542,-0.018918809,-0.017434074,-0.01594934,-0.0144646065,-0.0129798725,-0.011495139,-0.010010405,-0.008525671,-0.0070409374,-0.005556204,-0.00407147,-0.002586736,-0.0011020023,0.0003827315,0.0018674653,0.0033521992,0.0048369328,0.0063216668,0.007806401,0.009291135,0.010775868,0.012260602,0.013745336],"mean":-0.008740699,"std":0.013575029}
{"counts":[3,0,2,0,0,1,0,1,1,0,4,1,0,2,4,1,0,1,0,0,0,2,3,2,0,1,1,0,1,1],"wall_time":1.754151437538e9,"step":4,"max":0.015602645,"min":-0.035965335,"count":32,"bins":[-0.035965335,-0.034246404,-0.03252747,-0.030808536,-0.029089604,-0.02737067,-0.025651738,-0.023932805,-0.022213873,-0.02049494,-0.018776009,-0.017057076,-0.015338142,-0.01361921,-0.011900277,-0.010181345,-0.008462412,-0.006743479,-0.0050245468,-0.003305614,-0.0015866812,0.00013225144,0.0018511841,0.0035701168,0.0052890494,0.007007982,0.008726914,0.010445847,0.01216478,0.013883713,0.015602645],"mean":-0.01092086,"std":0.014762222}
{"counts":[2,1,1,1,0,0,1,1,1,2,2,2,0,4,0,2,1,0,0,1,0,1,3,1,1,1,0,0,2,1],"wall_time":1.754151439523e9,"step":5,"max":0.016409902,"min":-0.037768204,"count":32,"bins":[-0.037768204,-0.03596227,-0.03415633,-0.032350395,-0.030544456,-0.02873852,-0.026932582,-0.025126645,-0.023320708,-0.021514772,-0.019708835,-0.017902898,-0.01609696,-0.014291025,-0.012485088,-0.010679151,-0.008873214,-0.007067277,-0.00526134,-0.0034554035,-0.0016494667,0.0001564702,0.001962407,0.003768344,0.005574281,0.007380218,0.009186154,0.010992091,0.012798028,0.014603965,0.016409902],"mean":-0.011500555,"std":0.015516497}
{"counts":[2,1,0,2,0,0,2,1,1,0,1,2,3,2,2,0,2,0,0,0,0,2,2,2,0,1,1,0,0,3],"wall_time":1.754151441742e9,"step":6,"max":0.014907907,"min":-0.038640056,"count":32,"bins":[-0.038640056,-0.036855124,-0.035070192,-0.03328526,-0.03150033,-0.029715395,-0.027930463,-0.02614553,-0.024360599,-0.022575667,-0.020790735,-0.019005803,-0.017220872,-0.015435939,-0.013651007,-0.011866075,-0.010081142,-0.00829621,-0.0065112785,-0.004726346,-0.002941414,-0.001156482,0.00062845007,0.002413382,0.004198314,0.0059832465,0.0077681784,0.00955311,0.011338043,0.013122975,0.014907907],"mean":-0.012180464,"std":0.015664477}
{"counts":[2,0,0,1,1,1,0,2,0,2,1,2,3,1,3,0,0,2,0,1,0,3,1,1,1,1,0,0,1,2],"wall_time":1.754151444039e9,"step":7,"max":0.015404053,"min":-0.041571863,"count":32,"bins":[-0.041571863,-0.039672665,-0.037773468,-0.03587427,-0.033975076,-0.03207588,-0.03017668,-0.028277483,-0.026378285,-0.024479087,-0.022579892,-0.020680694,-0.018781496,-0.016882299,-0.014983102,-0.013083905,-0.011184708,-0.0092855105,-0.0073863133,-0.005487116,-0.003587919,-0.0016887218,0.00021047542,0.0021096726,0.0040088696,0.005908067,0.007807264,0.009706462,0.011605659,0.013504856,0.015404053],"mean":-0.013074027,"std":0.01571435}
{"counts":[1,1,0,0,1,1,1,1,2,0,3,1,1,3,0,3,0,0,2,1,1,1,2,1,1,1,0,1,1,1],"wall_time":1.754151446597e9,"step":8,"max":0.015025576,"min":-0.04397764,"count":32,"bins":[-0.04397764,-0.042010866,-0.04004409,-0.038077317,-0.036110546,-0.034143772,-0.032176998,-0.030210223,-0.02824345,-0.026276676,-0.024309902,-0.022343127,-0.020376354,-0.01840958,-0.016442806,-0.014476032,-0.012509258,-0.010542485,-0.0085757105,-0.006608937,-0.004642163,-0.0026753892,-0.00070861535,0.0012581585,0.0032249324,0.005191706,0.00715848,0.009125254,0.011092028,0.013058802,0.015025576],"mean":-0.013849053,"std":0.01585641}
{"counts":[1,1,0,1,0,1,2,2,0,2,0,2,2,2,1,2,0,1,0,2,0,1,2,1,2,0,1,1,1,1],"wall_time":1.75415144904e9,"step":9,"max":0.016145634,"min":-0.04453191,"count":32,"bins":[-0.04453191,-0.04250933,-0.04048674,-0.03846416,-0.036441572,-0.03441899,-0.032396402,-0.030373817,-0.028351232,-0.026328648,-0.024306063,-0.022283478,-0.020260893,-0.018238308,-0.016215723,-0.014193139,-0.012170554,-0.010147969,-0.008125384,-0.0061028,-0.004080215,-0.00205763,-3.504517e-5,0.0019875397,0.0040101246,0.0060327095,0.008055294,0.010077879,0.012100464,0.014123049,0.016145634],"mean":-0.013912597,"std":0.01677004}
{"counts":[2,0,0,1,0,1,3,1,0,2,1,2,1,1,3,1,0,0,1,2,1,0,2,1,2,0,1,1,1,1],"wall_time":1.754151451289e9,"step":10,"max":0.016604858,"min":-0.045523763,"count":32,"bins":[-0.045523763,-0.04345281,-0.041381855,-0.039310902,-0.037239946,-0.035168994,-0.03309804,-0.031027084,-0.02895613,-0.026885176,-0.024814222,-0.022743268,-0.020672314,-0.01860136,-0.016530406,-0.014459453,-0.0123884985,-0.010317544,-0.00824659,-0.006175637,-0.0041046827,-0.0020337286,3.722546e-5,0.0021081795,0.0041791336,0.0062500876,0.008321041,0.010391995,0.012462949,0.014533903,0.016604858],"mean":-0.014388099,"std":0.017178312}
{"counts":[2,0,0,1,0,2,2,1,0,3,0,1,2,2,3,0,0,0,0,3,1,1,1,2,1,0,1,1,1,1],"wall_time":1.754151453764e9,"step":11,"max":0.017850667,"min":-0.047307603,"count":32,"bins":[-0.047307603,-0.045135662,-0.042963717,-0.040791776,-0.038619835,-0.03644789,-0.03427595,-0.032104008,-0.029932065,-0.027760122,-0.025588179,-0.023416238,-0.021244295,-0.019072352,-0.01690041,-0.014728468,-0.012556526,-0.010384583,-0.008212641,-0.0060406984,-0.0038687561,-0.0016968139,0.0004751285,0.002647071,0.004819013,0.0069909557,0.009162898,0.01133484,0.013506782,0.015678724,0.017850667],"mean":-0.014921728,"std":0.018240621}
{"counts":[2,0,0,1,0,2,1,1,2,1,1,2,1,4,1,0,0,0,2,1,1,1,2,1,1,0,2,1,0,1],"wall_time":1.754151456284e9,"step":12,"max":0.019093283,"min":-0.048562303,"count":32,"bins":[-0.048562303,-0.046307117,-0.04405193,-0.041796744,-0.039541557,-0.03728637,-0.035031185,-0.032775998,-0.030520814,-0.028265627,-0.02601044,-0.023755254,-0.02150007,-0.019244883,-0.016989697,-0.01473451,-0.012479324,-0.010224138,-0.007968952,-0.0057137655,-0.0034585793,-0.0012033932,0.001051793,0.003306979,0.0055621653,0.007817351,0.010072538,0.012327724,0.014582911,0.016838096,0.019093283],"mean":-0.015457597,"std":0.01848955}
{"counts":[1,1,0,0,1,1,1,1,2,0,3,1,1,3,0,3,0,0,2,1,1,1,2,1,1,1,0,1,1,1],"wall_time":1.754151459711e9,"step":13,"max":0.015025576,"min":-0.04397764,"count":32,"bins":[-0.04397764,-0.042010866,-0.04004409,-0.038077317,-0.036110546,-0.034143772,-0.032176998,-0.030210223,-0.02824345,-0.026276676,-0.024309902,-0.022343127,-0.020376354,-0.01840958,-0.016442806,-0.014476032,-0.012509258,-0.010542485,-0.0085757105,-0.006608937,-0.004642163,-0.0026753892,-0.00070861535,0.0012581585,0.0032249324,0.005191706,0.00715848,0.009125254,0.011092028,0.013058802,0.015025576],"mean":-0.013849053,"std":0.01585641}
