{"counts":[2,1,1,0,1,1,2,1,1,3,2,3,5,0,4,4,3,2,5,4,4,2,1,2,2,2,1,2,1,2],"wall_time":1.754151430607e9,"step":1,"max":0.015195239,"min":-0.01622631,"count":64,"bins":[-0.01622631,-0.015178925,-0.01413154,-0.0130841555,-0.012036771,-0.010989386,-0.009942001,-0.008894616,-0.00784723,-0.0067998455,-0.0057524606,-0.0047050756,-0.0036576905,-0.0026103056,-0.0015629205,-0.0005155355,0.0005318495,0.0015792345,0.0026266195,0.0036740045,0.0047213896,0.0057687745,0.0068161595,0.007863545,0.00891093,0.009958315,0.0110057,0.012053085,0.0131004695,0.014147854,0.015195239],"mean":0.0006385657,"std":0.007665343}
{"counts":[2,1,1,0,2,2,0,0,2,2,4,1,7,2,5,3,4,3,4,1,1,1,6,3,2,3,0,1,0,1],"wall_time":1.754151432938e9,"step":2,"max":0.02344578,"min":-0.022817137,"count":64,"bins":[-0.022817137,-0.02127504,-0.019732943,-0.018190846,-0.016648747,-0.015106651,-0.013564553,-0.012022456,-0.010480359,-0.008938262,-0.007396165,-0.0058540674,-0.0043119704,-0.002769873,-0.0012277758,0.00031432137,0.0018564186,0.0033985157,0.004940613,0.00648271,0.008024807,0.009566905,0.011109002,0.012651099,0.014193196,0.015735293,0.01727739,0.018819489,0.020361586,0.021903683,0.02344578],"mean":0.0011109167,"std":0.010672461}
{"counts":[1,1,1,0,0,1,3,2,2,2,4,4,1,7,3,1,3,2,1,5,4,5,2,2,0,3,2,0,1,1],"wall_time":1.754151435186e9,"step":3,"max":0.030655662,"min":-0.029819246,"count":64,"bins":[-0.029819246,-0.027803415,-0.025787586,-0.023771755,-0.021755924,-0.019740095,-0.017724264,-0.015708435,-0.013692604,-0.011676774,-0.009660943,-0.0076451134,-0.0056292834,-0.003613453,-0.0015976226,0.0004182076,0.0024340379,0.004449868,0.0064656986,0.008481529,0.010497359,0.01251319,0.01452902,0.01654485,0.01856068,0.02057651,0.02259234,0.02460817,0.026624002,0.02863983,0.030655662],"mean":0.0020379121,"std":0.013870052}
{"counts":[2,1,0,0,1,0,1,1,3,2,4,4,2,2,4,3,2,4,2,2,2,6,4,5,0,1,2,1,2,1],"wall_time":1.754151437529e9,"step":4,"max":0.032236252,"min":-0.033352528,"count":64,"bins":[-0.033352528,-0.031166235,-0.028979942,-0.02679365,-0.024607357,-0.022421064,-0.020234771,-0.018048478,-0.015862187,-0.013675894,-0.011489601,-0.009303308,-0.007117016,-0.004930723,-0.0027444304,-0.0005581379,0.0016281548,0.0038144474,0.00600074,0.008187032,0.010373325,0.012559618,0.014745911,0.016932203,0.019118495,0.021304788,0.02349108,0.025677374,0.027863666,0.03004996,0.032236252],"mean":0.0028822524,"std":0.015468283}
{"counts":[2,1,0,0,1,1,0,2,2,4,3,2,2,4,4,2,4,3,3,2,1,6,3,4,1,0,1,3,1,2],"wall_time":1.754151439518e9,"step":5,"max":0.0333558,"min":-0.03314976,"count":64,"bins":[-0.03314976,-0.030932909,-0.028716056,-0.026499204,-0.024282353,-0.0220655,-0.019848648,-0.017631797,-0.015414945,-0.013198093,-0.01098124,-0.008764389,-0.0065475367,-0.004330685,-0.0021138329,0.00010301918,0.0023198712,0.0045367233,0.006753575,0.008970427,0.011187279,0.013404131,0.015620983,0.017837835,0.020054687,0.022271538,0.024488391,0.026705243,0.028922094,0.031138947,0.0333558],"mean":0.0031695038,"std":0.015900724}
{"counts":[3,0,0,0,1,1,2,1,0,7,2,1,3,4,1,4,6,1,5,2,1,4,2,3,3,0,1,3,1,2],"wall_time":1.754151441733e9,"step":6,"max":0.034447912,"min":-0.033471573,"count":64,"bins":[-0.033471573,-0.03120759,-0.028943608,-0.026679624,-0.024415642,-0.022151658,-0.019887676,-0.017623693,-0.01535971,-0.013095727,-0.010831744,-0.008567762,-0.006303779,-0.004039796,-0.0017758134,0.0004881695,0.0027521523,0.005016135,0.007280118,0.009544101,0.011808083,0.014072066,0.01633605,0.018600032,0.020864015,0.023127997,0.025391981,0.027655963,0.029919947,0.03218393,0.034447912],"mean":0.003241462,"std":0.01665653}
{"counts":[2,1,0,0,1,0,1,3,0,2,5,2,2,4,3,3,4,5,2,4,1,4,2,2,4,0,2,2,2,1],"wall_time":1.75415144403e9,"step":7,"max":0.036794737,"min":-0.037578326,"count":64,"bins":[-0.037578326,-0.035099223,-0.03262012,-0.03014102,-0.027661918,-0.025182815,-0.022703713,-0.02022461,-0.01774551,-0.015266407,-0.012787305,-0.010308202,-0.007829101,-0.0053499984,-0.0028708964,-0.00039179437,0.0020873076,0.0045664096,0.007045512,0.009524614,0.012003716,0.014482819,0.016961921,0.019441022,0.021920124,0.024399227,0.026878329,0.029357431,0.031836532,0.034315635,0.036794737],"mean":0.003610771,"std":0.017506598}
{"counts":[2,0,1,0,0,2,2,1,1,1,4,1,4,6,3,2,5,5,2,1,3,5,2,1,1,3,2,2,0,2],"wall_time":1.754151446586e9,"step":8,"max":0.038698755,"min":-0.037717015,"count":64,"bins":[-0.037717015,-0.03516982,-0.03262263,-0.030075438,-0.027528245,-0.024981054,-0.02243386,-0.019886669,-0.017339475,-0.014792284,-0.012245092,-0.009697899,-0.007150707,-0.0046035144,-0.002056322,0.0004908703,0.0030380627,0.005585255,0.0081324475,0.01067964,0.013226832,0.015774025,0.018321216,0.02086841,0.0234156,0.025962794,0.028509986,0.031057179,0.033604372,0.036151562,0.038698755],"mean":0.0037844689,"std":0.017654141}
{"counts":[2,0,1,0,1,1,2,2,1,1,2,4,5,4,2,3,4,3,5,0,5,2,2,2,0,4,3,0,1,2],"wall_time":1.754151449033e9,"step":9,"max":0.03925212,"min":-0.03753846,"count":64,"bins":[-0.03753846,-0.034978777,-0.03241909,-0.029859403,-0.027299717,-0.024740031,-0.022180345,-0.019620659,-0.017060973,-0.014501287,-0.011941601,-0.0093819145,-0.0068222284,-0.0042625424,-0.0017028563,0.0008568298,0.003416516,0.005976202,0.008535888,0.011095574,0.01365526,0.016214946,0.018774632,0.021334318,0.023894005,0.02645369,0.029013377,0.031573065,0.03413275,0.036692433,0.03925212],"mean":0.003848037,"std":0.01810514}
{"counts":[2,0,0,1,1,0,1,3,2,0,1,6,5,2,4,2,3,4,3,3,3,5,1,1,1,3,4,1,1,1],"wall_time":1.754151451277e9,"step":10,"max":0.04064502,"min":-0.040290963,"count":64,"bins":[-0.040290963,-0.037593096,-0.03489523,-0.032197364,-0.0294995,-0.026801633,-0.024103766,-0.0214059,-0.018708035,-0.016010169,-0.0133123025,-0.010614436,-0.007916571,-0.005218704,-0.0025208383,0.00017702766,0.0028748936,0.0055727595,0.008270626,0.010968491,0.013666358,0.016364224,0.01906209,0.021759955,0.024457822,0.027155688,0.029853554,0.03255142,0.035249285,0.03794715,0.04064502],"mean":0.0040078126,"std":0.018849108}
{"counts":[1,1,0,1,0,1,2,2,0,2,3,1,7,4,1,4,2,3,6,1,3,4,3,2,0,3,3,3,0,1],"wall_time":1.754151453749e9,"step":11,"max":0.042537726,"min":-0.042963255,"count":64,"bins":[-0.042963255,-0.04011322,-0.03726319,-0.03441316,-0.031563126,-0.028713092,-0.025863059,-0.023013026,-0.020162994,-0.01731296,-0.014462928,-0.011612895,-0.0087628625,-0.0059128297,-0.003062797,-0.00021276437,0.0026372683,0.005487301,0.008337334,0.011187366,0.0140374,0.016887432,0.019737465,0.022587497,0.02543753,0.028287563,0.031137595,0.03398763,0.03683766,0.039687693,0.042537726],"mean":0.0044302093,"std":0.019770203}
{"counts":[2,0,0,1,1,0,2,2,1,1,3,3,4,5,1,3,3,5,2,4,2,3,3,2,1,1,4,2,2,1],"wall_time":1.754151456266e9,"step":12,"max":0.04189817,"min":-0.042302005,"count":64,"bins":[-0.042302005,-0.039495334,-0.03668866,-0.03388199,-0.031075316,-0.028268643,-0.02546197,-0.022655297,-0.019848626,-0.017041953,-0.01423528,-0.011428608,-0.008621936,-0.005815263,-0.0030085905,-0.00020191818,0.0026047542,0.0054114265,0.008218099,0.011024771,0.013831444,0.016638117,0.01944479,0.02225146,0.025058134,0.027864806,0.03067148,0.033478152,0.036284823,0.039091498,0.04189817],"mean":0.0046047308,"std":0.019996399}
{"counts":[2,0,1,0,0,2,2,1,1,1,4,1,4,6,3,2,5,5,2,1,3,5,2,1,1,3,2,2,0,2],"wall_time":1.754151459696e9,"step":13,"max":0.038698755,"min":-0.037717015,"count":64,"bins":[-0.037717015,-0.03516982,-0.03262263,-0.030075438,-0.027528245,-0.024981054,-0.02243386,-0.019886669,-0.017339475,-0.014792284,-0.012245092,-0.009697899,-0.007150707,-0.0046035144,-0.002056322,0.0004908703,0.0030380627,0.005585255,0.0081324475,0.01067964,0.013226832,0.015774025,0.018321216,0.02086841,0.0234156,0.025962794,0.028509986,0.031057179,0.033604372,0.036151562,0.038698755],"mean":0.0037844689,"std":0.017654141}
