{"counts":[1,0,2],"wall_time":1.754151430656e9,"step":1,"max":0.0110177975,"min":-0.011789508,"count":3,"bins":[-0.011789508,-0.004187073,0.0034153622,0.0110177975],"mean":0.0021388535,"std":0.012213344}
{"counts":[1,0,2],"wall_time":1.754151432973e9,"step":2,"max":0.0133435475,"min":-0.014632046,"count":3,"bins":[-0.014632046,-0.0053068483,0.0040183496,0.0133435475],"mean":0.0017068047,"std":0.014568488}
{"counts":[1,0,2],"wall_time":1.754151435226e9,"step":3,"max":0.014143065,"min":-0.019071328,"count":3,"bins":[-0.019071328,-0.0079998635,0.0030716006,0.014143065],"mean":0.0017561248,"std":0.018144714}
{"counts":[1,0,2],"wall_time":1.754151437557e9,"step":4,"max":0.015102495,"min":-0.020239856,"count":3,"bins":[-0.020239856,-0.008459073,0.0033217117,0.015102495],"mean":0.0017636372,"std":0.01919837}
{"counts":[1,0,2],"wall_time":1.754151439533e9,"step":5,"max":0.014884973,"min":-0.021875061,"count":3,"bins":[-0.021875061,-0.009621716,0.0026316282,0.014884973],"mean":0.0018177262,"std":0.020554844}
{"counts":[1,0,2],"wall_time":1.754151441756e9,"step":6,"max":0.01509577,"min":-0.021713423,"count":3,"bins":[-0.021713423,-0.009443692,0.0028260394,0.01509577],"mean":0.0017939191,"std":0.020416738}
{"counts":[1,0,2],"wall_time":1.754151444103e9,"step":7,"max":0.014448451,"min":-0.021204488,"count":3,"bins":[-0.021204488,-0.009320175,0.0025641378,0.014448451],"mean":0.0018150838,"std":0.019967172}
{"counts":[1,0,2],"wall_time":1.754151446612e9,"step":8,"max":0.01504075,"min":-0.021149736,"count":3,"bins":[-0.021149736,-0.009086241,0.0029772546,0.01504075],"mean":0.001973096,"std":0.020081528}
{"counts":[1,0,2],"wall_time":1.754151449055e9,"step":9,"max":0.015076265,"min":-0.022856249,"count":3,"bins":[-0.022856249,-0.010212078,0.0024320937,0.015076265],"mean":0.0019361153,"std":0.021483703}
{"counts":[1,0,2],"wall_time":1.754151451325e9,"step":10,"max":0.016469605,"min":-0.023554513,"count":3,"bins":[-0.023554513,-0.01021314,0.0031282324,0.016469605],"mean":0.0019980234,"std":0.02219399}
{"counts":[1,0,2],"wall_time":1.75415145377e9,"step":11,"max":0.017771332,"min":-0.024953913,"count":3,"bins":[-0.024953913,-0.010712164,0.0035295833,0.017771332],"mean":0.0020331107,"std":0.023478996}
{"counts":[1,0,2],"wall_time":1.754151456303e9,"step":12,"max":0.018873585,"min":-0.025318401,"count":3,"bins":[-0.025318401,-0.010587739,0.0041429233,0.018873585],"mean":0.002077966,"std":0.02392728}
{"counts":[1,0,2],"wall_time":1.754151459723e9,"step":13,"max":0.01504075,"min":-0.021149736,"count":3,"bins":[-0.021149736,-0.009086241,0.0029772546,0.01504075],"mean":0.001973096,"std":0.020081528}
