{"counts":[1,1,0,3,2,2,2,0,0,1,1,1,1,1,1,2,0,2,1,0,0,1,1,3,3,0,0,0,1,1],"wall_time":1.75415143064e9,"step":1,"max":0.009172917,"min":-0.016774332,"count":32,"bins":[-0.016774332,-0.015909424,-0.015044516,-0.014179607,-0.013314699,-0.012449791,-0.011584883,-0.010719974,-0.0098550655,-0.008990157,-0.008125249,-0.0072603407,-0.006395432,-0.005530524,-0.0046656155,-0.0038007074,-0.002935799,-0.0020708907,-0.0012059824,-0.00034107413,0.0005238342,0.0013887425,0.002253651,0.003118559,0.0039834674,0.004848376,0.005713284,0.0065781926,0.0074431007,0.008308009,0.009172917],"mean":-0.004706,"std":0.007621461}
{"counts":[2,2,0,0,0,3,2,0,0,1,2,2,1,1,1,0,2,2,0,0,3,0,1,2,2,1,0,1,0,1],"wall_time":1.754151432963e9,"step":2,"max":0.012497887,"min":-0.023755785,"count":32,"bins":[-0.023755785,-0.022547329,-0.021338874,-0.020130418,-0.018921962,-0.017713506,-0.016505051,-0.015296595,-0.014088139,-0.012879684,-0.011671227,-0.010462772,-0.009254316,-0.008045861,-0.006837405,-0.005628949,-0.0044204933,-0.0032120375,-0.0020035817,-0.0007951261,0.00041332966,0.0016217853,0.002830241,0.0040386966,0.0052471524,0.006455608,0.007664064,0.00887252,0.0100809755,0.011289432,0.012497887],"mean":-0.0064573935,"std":0.0103917215}
{"counts":[3,1,1,0,0,1,1,2,1,0,3,2,2,0,1,0,1,1,2,0,2,1,1,1,2,1,0,1,0,1],"wall_time":1.754151435217e9,"step":3,"max":0.016430184,"min":-0.030228678,"count":32,"bins":[-0.030228678,-0.028673382,-0.027118087,-0.025562791,-0.024007497,-0.022452202,-0.020896906,-0.01934161,-0.017786315,-0.016231019,-0.014675724,-0.013120429,-0.011565133,-0.010009837,-0.008454543,-0.006899247,-0.0053439518,-0.003788656,-0.0022333607,-0.0006780653,0.00087723014,0.0024325256,0.003987821,0.0055431165,0.0070984117,0.008653707,0.0102090025,0.011764298,0.013319594,0.014874889,0.016430184],"mean":-0.008596232,"std":0.013426059}
{"counts":[3,1,1,0,0,0,1,2,2,0,3,1,0,3,1,1,2,0,0,1,0,2,2,2,1,0,0,1,0,2],"wall_time":1.754151437549e9,"step":4,"max":0.015665952,"min":-0.034605492,"count":32,"bins":[-0.034605492,-0.032929778,-0.03125406,-0.029578347,-0.027902633,-0.026226917,-0.024551203,-0.022875488,-0.021199774,-0.019524058,-0.017848345,-0.016172629,-0.014496914,-0.012821199,-0.011145485,-0.00946977,-0.007794055,-0.0061183404,-0.0044426257,-0.0027669107,-0.0010911959,0.0005845189,0.0022602337,0.0039359485,0.005611663,0.007287378,0.008963093,0.010638808,0.012314523,0.013990237,0.015665952],"mean":-0.01066755,"std":0.014624966}
{"counts":[3,1,0,1,0,0,2,3,0,2,2,0,3,0,2,1,0,2,0,0,1,2,1,2,1,0,0,0,0,3],"wall_time":1.754151439529e9,"step":5,"max":0.016627617,"min":-0.03550731,"count":32,"bins":[-0.03550731,-0.03376948,-0.032031648,-0.030293817,-0.028555987,-0.026818156,-0.025080325,-0.023342494,-0.021604663,-0.019866832,-0.018129,-0.01639117,-0.014653339,-0.012915508,-0.011177678,-0.0094398465,-0.007702016,-0.0059641846,-0.004226354,-0.0024885228,-0.0007506919,0.000987139,0.00272497,0.004462801,0.0062006316,0.007938462,0.0096762935,0.011414125,0.013151956,0.014889786,0.016627617],"mean":-0.011297028,"std":0.01545381}
{"counts":[3,1,1,0,1,0,3,1,0,2,2,2,2,0,1,2,0,0,1,0,4,0,2,1,0,0,0,0,2,1],"wall_time":1.75415144175e9,"step":6,"max":0.018093597,"min":-0.035795536,"count":32,"bins":[-0.035795536,-0.03399923,-0.032202926,-0.030406622,-0.028610319,-0.026814014,-0.025017709,-0.023221405,-0.0214251,-0.019628797,-0.017832492,-0.016036186,-0.014239883,-0.012443578,-0.010647274,-0.008850969,-0.007054665,-0.0052583604,-0.0034620562,-0.0016657517,0.0001305528,0.0019268573,0.0037231618,0.005519466,0.0073157707,0.009112075,0.010908379,0.0127046835,0.014500989,0.016297292,0.018093597],"mean":-0.011947219,"std":0.015668368}
{"counts":[1,1,2,1,0,1,1,1,2,0,3,1,3,1,1,2,0,0,1,2,2,1,1,1,0,0,0,1,1,1],"wall_time":1.75415144409e9,"step":7,"max":0.018577743,"min":-0.03923479,"count":32,"bins":[-0.03923479,-0.037307706,-0.03538062,-0.03345354,-0.031526454,-0.029599369,-0.027672283,-0.0257452,-0.023818115,-0.021891031,-0.019963946,-0.018036861,-0.016109778,-0.014182692,-0.012255608,-0.010328524,-0.0084014395,-0.006474355,-0.0045472705,-0.002620186,-0.00069310144,0.0012339831,0.0031610676,0.005088152,0.0070152367,0.008942321,0.010869405,0.0127964895,0.014723575,0.016650658,0.018577743],"mean":-0.0127758635,"std":0.01573423}
{"counts":[1,0,2,0,1,3,0,1,1,1,2,1,3,1,0,1,1,2,1,0,2,1,3,0,1,0,0,0,1,2],"wall_time":1.754151446605e9,"step":8,"max":0.016390862,"min":-0.041522108,"count":32,"bins":[-0.041522108,-0.039591677,-0.037661243,-0.035730813,-0.03380038,-0.031869948,-0.029939514,-0.028009081,-0.026078649,-0.024148216,-0.022217784,-0.020287352,-0.01835692,-0.016426487,-0.014496055,-0.012565623,-0.010635191,-0.008704758,-0.006774326,-0.004843894,-0.0029134613,-0.000983029,0.0009474033,0.0028778356,0.004808268,0.0067387004,0.008669132,0.010599565,0.012529997,0.01446043,0.016390862],"mean":-0.0135373995,"std":0.015870402}
{"counts":[1,0,2,1,0,3,0,2,0,1,2,3,0,2,1,0,0,4,0,0,2,1,2,1,0,1,0,1,0,2],"wall_time":1.754151449048e9,"step":9,"max":0.01791048,"min":-0.042390663,"count":32,"bins":[-0.042390663,-0.040380627,-0.038370587,-0.036360547,-0.03435051,-0.032340474,-0.030330434,-0.028320396,-0.026310358,-0.02430032,-0.022290282,-0.020280244,-0.018270206,-0.016260168,-0.014250129,-0.012240091,-0.010230053,-0.008220015,-0.006209977,-0.004199939,-0.0021899007,-0.0001798626,0.0018301755,0.0038402136,0.0058502518,0.00786029,0.009870328,0.011880366,0.013890404,0.015900442,0.01791048],"mean":-0.013550393,"std":0.016826455}
{"counts":[1,1,0,2,1,2,0,1,1,1,2,2,2,1,1,0,0,2,2,0,2,1,2,0,1,0,1,0,1,2],"wall_time":1.754151451296e9,"step":10,"max":0.017323542,"min":-0.04339085,"count":32,"bins":[-0.04339085,-0.04136704,-0.039343227,-0.03731941,-0.0352956,-0.033271786,-0.031247973,-0.02922416,-0.027200347,-0.025176533,-0.02315272,-0.021128908,-0.019105094,-0.017081281,-0.015057468,-0.013033655,-0.011009841,-0.008986028,-0.006962215,-0.004938402,-0.002914589,-0.00089077576,0.0011330374,0.0031568506,0.0051806634,0.0072044767,0.00922829,0.011252103,0.013275916,0.015299729,0.017323542],"mean":-0.014004098,"std":0.017254673}
{"counts":[2,0,2,0,2,0,2,1,1,1,1,2,2,2,0,0,1,2,1,1,2,0,1,1,1,0,1,0,1,2],"wall_time":1.754151453768e9,"step":11,"max":0.018654622,"min":-0.04436263,"count":32,"bins":[-0.04436263,-0.042262055,-0.04016148,-0.038060904,-0.03596033,-0.033859756,-0.03175918,-0.029658604,-0.02755803,-0.025457455,-0.02335688,-0.021256305,-0.01915573,-0.017055154,-0.014954579,-0.012854004,-0.0107534295,-0.008652854,-0.006552279,-0.0044517037,-0.0023511287,-0.0002505537,0.0018500214,0.0039505963,0.0060511716,0.008151746,0.010252322,0.012352897,0.014453472,0.016554046,0.018654622],"mean":-0.014515587,"std":0.018282054}
{"counts":[1,1,2,0,2,0,2,0,1,2,1,2,2,2,0,1,0,1,2,2,1,0,1,1,1,0,1,0,1,2],"wall_time":1.754151456297e9,"step":12,"max":0.019038709,"min":-0.04594516,"count":32,"bins":[-0.04594516,-0.04377903,-0.0416129,-0.039446775,-0.037280645,-0.035114516,-0.032948386,-0.030782258,-0.028616128,-0.026449999,-0.024283871,-0.022117741,-0.019951612,-0.017785484,-0.015619354,-0.013453226,-0.011287097,-0.009120967,-0.0069548385,-0.00478871,-0.0026225809,-0.00045645182,0.0017096772,0.0038758062,0.006041935,0.008208064,0.010374193,0.012540322,0.0147064505,0.01687258,0.019038709],"mean":-0.014958057,"std":0.018550955}
{"counts":[1,0,2,0,1,3,0,1,1,1,2,1,3,1,0,1,1,2,1,0,2,1,3,0,1,0,0,0,1,2],"wall_time":1.75415145972e9,"step":13,"max":0.016390862,"min":-0.041522108,"count":32,"bins":[-0.041522108,-0.039591677,-0.037661243,-0.035730813,-0.03380038,-0.031869948,-0.029939514,-0.028009081,-0.026078649,-0.024148216,-0.022217784,-0.020287352,-0.01835692,-0.016426487,-0.014496055,-0.012565623,-0.010635191,-0.008704758,-0.006774326,-0.004843894,-0.0029134613,-0.000983029,0.0009474033,0.0028778356,0.004808268,0.0067387004,0.008669132,0.010599565,0.012529997,0.01446043,0.016390862],"mean":-0.0135373995,"std":0.015870402}
