{"counts":[1,0,1,0,0,5,7,7,11,16,19,29,44,40,42,45,61,59,59,46,40,40,27,17,9,8,2,3,1,1],"wall_time":1.754151430144e9,"step":1,"max":0.9293887,"min":-1.1480664,"count":640,"bins":[-1.1480664,-1.0788178,-1.0095694,-0.9403209,-0.8710724,-0.8018239,-0.73257536,-0.66332686,-0.59407836,-0.52482986,-0.45558137,-0.38633287,-0.31708437,-0.24783586,-0.17858735,-0.10933885,-0.040090345,0.029158156,0.09840666,0.16765517,0.23690367,0.30615216,0.37540066,0.4446492,0.51389766,0.58314615,0.6523947,0.7216432,0.7908917,0.8601402,0.9293887],"mean":0.002309693,"std":0.30872086}
{"counts":[1,0,1,0,0,5,6,7,11,16,20,26,41,42,42,46,62,59,57,47,43,37,28,17,11,8,2,3,1,1],"wall_time":1.754151432926e9,"step":2,"max":0.92416775,"min":-1.1518236,"count":640,"bins":[-1.1518236,-1.082624,-1.0134242,-0.9442245,-0.8750248,-0.80582505,-0.7366254,-0.66742563,-0.59822595,-0.5290262,-0.4598265,-0.3906268,-0.32142708,-0.25222737,-0.18302765,-0.113827944,-0.04462823,0.024571482,0.0937712,0.16297092,0.23217063,0.30137032,0.37057003,0.43976977,0.5089695,0.57816917,0.6473689,0.7165686,0.78576833,0.854968,0.92416775],"mean":0.002206501,"std":0.30874664}
{"counts":[1,0,1,0,0,5,6,7,10,15,21,27,41,40,44,45,61,60,55,45,47,38,27,16,13,7,3,3,1,1],"wall_time":1.754151435167e9,"step":3,"max":0.92015576,"min":-1.1525786,"count":640,"bins":[-1.1525786,-1.0834874,-1.0143963,-0.94530517,-0.876214,-0.8071229,-0.73803174,-0.6689406,-0.5998494,-0.53075826,-0.46166715,-0.392576,-0.32348484,-0.2543937,-0.18530256,-0.116211414,-0.04712027,0.021970876,0.091062024,0.16015317,0.2292443,0.29833546,0.3674266,0.43651775,0.5056089,0.57470006,0.6437912,0.71288234,0.7819735,0.8510646,0.92015576],"mean":0.0022770567,"std":0.3088187}
{"counts":[1,0,1,0,0,5,7,6,9,17,19,28,43,38,44,47,57,62,54,48,44,39,28,16,12,7,3,3,1,1],"wall_time":1.754151437513e9,"step":4,"max":0.91802704,"min":-1.1497786,"count":640,"bins":[-1.1497786,-1.0808518,-1.0119249,-0.94299805,-0.8740712,-0.8051443,-0.7362175,-0.6672906,-0.59836376,-0.5294369,-0.46051005,-0.3915832,-0.32265633,-0.2537295,-0.18480264,-0.11587578,-0.046948925,0.02197793,0.09090479,0.15983164,0.2287585,0.29768535,0.3666122,0.43553907,0.50446594,0.57339275,0.6423196,0.7112465,0.78017336,0.8491002,0.91802704],"mean":0.0024332916,"std":0.3088468}
{"counts":[1,0,1,0,0,5,7,6,10,17,19,29,43,38,43,47,56,62,54,48,45,39,27,16,12,7,3,3,1,1],"wall_time":1.754151439514e9,"step":5,"max":0.91965353,"min":-1.1490473,"count":640,"bins":[-1.1490473,-1.0800905,-1.0111339,-0.9421772,-0.8732205,-0.8042638,-0.7353071,-0.6663504,-0.5973937,-0.528437,-0.45948032,-0.39052364,-0.32156694,-0.25261024,-0.18365355,-0.11469686,-0.04574017,0.023216525,0.09217322,0.1611299,0.23008661,0.2990433,0.368,0.43695667,0.5059134,0.57487005,0.6438268,0.71278346,0.7817401,0.85069686,0.91965353],"mean":0.0024126198,"std":0.30884516}
{"counts":[1,0,1,0,0,5,7,5,10,18,19,28,44,36,45,46,57,61,55,47,46,38,28,16,12,7,3,3,1,1],"wall_time":1.754151441726e9,"step":6,"max":0.91859615,"min":-1.1494015,"count":640,"bins":[-1.1494015,-1.0804683,-1.011535,-0.9426018,-0.8736685,-0.80473524,-0.735802,-0.66686875,-0.5979355,-0.52900225,-0.46006897,-0.39113572,-0.32220247,-0.25326923,-0.18433596,-0.1154027,-0.046469443,0.022463815,0.09139707,0.16033033,0.22926359,0.29819685,0.3671301,0.43606335,0.5049966,0.57392985,0.6428631,0.7117964,0.78072965,0.8496629,0.91859615],"mean":0.002462222,"std":0.30886656}
{"counts":[1,0,1,0,0,5,7,6,9,19,18,30,42,37,45,46,56,61,56,50,42,40,26,16,12,7,3,3,1,1],"wall_time":1.754151444023e9,"step":7,"max":0.9182768,"min":-1.1459287,"count":640,"bins":[-1.1459287,-1.0771219,-1.0083151,-0.9395082,-0.8707013,-0.8018945,-0.73308766,-0.6642808,-0.59547395,-0.52666706,-0.45786023,-0.38905337,-0.32024652,-0.2514397,-0.18263283,-0.11382598,-0.045019127,0.023787726,0.09259458,0.16140142,0.23020828,0.29901513,0.367822,0.43662882,0.5054357,0.57424253,0.64304936,0.71185625,0.7806631,0.84946996,0.9182768],"mean":0.002529505,"std":0.30886853}
{"counts":[1,0,1,0,1,4,7,7,11,16,20,30,41,38,43,48,57,58,56,52,40,40,26,16,12,7,3,3,1,1],"wall_time":1.754151446576e9,"step":8,"max":0.92037714,"min":-1.1437143,"count":640,"bins":[-1.1437143,-1.0749112,-1.0061082,-0.93730515,-0.86850214,-0.79969907,-0.730896,-0.662093,-0.5932899,-0.5244869,-0.45568383,-0.3868808,-0.31807774,-0.24927469,-0.18047163,-0.11166859,-0.042865537,0.025937509,0.094740555,0.16354361,0.23234665,0.3011497,0.36995274,0.4387558,0.5075588,0.5763619,0.64516497,0.713968,0.78277105,0.85157406,0.92037714],"mean":0.0025751777,"std":0.30887505}
{"counts":[1,0,1,0,1,4,7,8,10,15,21,30,41,36,46,47,58,58,54,52,41,40,25,17,12,7,3,3,1,1],"wall_time":1.754151449019e9,"step":9,"max":0.9206655,"min":-1.1426775,"count":640,"bins":[-1.1426775,-1.0738994,-1.0051214,-0.93634325,-0.86756516,-0.79878706,-0.73000896,-0.66123086,-0.5924527,-0.5236746,-0.45489654,-0.38611844,-0.3173403,-0.24856223,-0.17978412,-0.11100602,-0.04222792,0.026550181,0.09532829,0.16410638,0.23288448,0.3016626,0.3704407,0.4392188,0.5079969,0.576775,0.6455531,0.7143312,0.7831093,0.8518874,0.9206655],"mean":0.0026410758,"std":0.3089057}
{"counts":[1,0,1,0,1,4,7,8,10,15,21,30,41,39,42,46,61,59,55,49,41,40,25,17,12,7,3,3,1,1],"wall_time":1.754151451267e9,"step":10,"max":0.920251,"min":-1.1411941,"count":640,"bins":[-1.1411941,-1.0724792,-1.0037644,-0.9350496,-0.86633474,-0.79761994,-0.7289051,-0.6601902,-0.5914754,-0.52276057,-0.45404574,-0.3853309,-0.31661606,-0.24790122,-0.17918639,-0.11047155,-0.04175671,0.026958128,0.095672965,0.1643878,0.23310263,0.30181748,0.3705323,0.43924716,0.507962,0.57667685,0.64539164,0.7141065,0.78282136,0.85153615,0.920251],"mean":0.0026184008,"std":0.3089464}
{"counts":[1,0,1,0,1,4,7,8,10,15,21,30,43,37,43,46,60,61,54,48,41,41,24,18,11,7,3,3,1,1],"wall_time":1.754151453726e9,"step":11,"max":0.9216788,"min":-1.1388935,"count":640,"bins":[-1.1388935,-1.0702077,-1.001522,-0.93283623,-0.8641505,-0.79546475,-0.72677904,-0.6580933,-0.58940756,-0.5207218,-0.45203605,-0.3833503,-0.31466457,-0.24597883,-0.17729309,-0.10860735,-0.039921608,0.028764132,0.09744988,0.16613562,0.23482136,0.3035071,0.37219283,0.4408786,0.50956434,0.57825005,0.6469358,0.71562153,0.7843073,0.852993,0.9216788],"mean":0.0025831093,"std":0.30897352}
{"counts":[1,0,1,0,1,4,7,7,11,15,21,30,43,36,44,47,59,61,54,48,41,40,25,18,11,7,3,3,1,1],"wall_time":1.754151456255e9,"step":12,"max":0.92270565,"min":-1.1403114,"count":640,"bins":[-1.1403114,-1.0715442,-1.0027769,-0.9340097,-0.8652424,-0.7964752,-0.727708,-0.65894073,-0.5901735,-0.52140623,-0.452639,-0.3838718,-0.31510454,-0.24633732,-0.17757009,-0.108802855,-0.04003562,0.028731612,0.09749885,0.16626608,0.23503332,0.30380055,0.37256777,0.44133502,0.5101023,0.57886946,0.6476367,0.71640396,0.7851712,0.8539384,0.92270565],"mean":0.0025820106,"std":0.30898935}
{"counts":[1,0,1,0,1,4,7,7,11,16,20,30,41,38,43,48,57,58,56,52,40,40,26,16,12,7,3,3,1,1],"wall_time":1.754151459689e9,"step":13,"max":0.92037714,"min":-1.1437143,"count":640,"bins":[-1.1437143,-1.0749112,-1.0061082,-0.93730515,-0.86850214,-0.79969907,-0.730896,-0.662093,-0.5932899,-0.5244869,-0.45568383,-0.3868808,-0.31807774,-0.24927469,-0.18047163,-0.11166859,-0.042865537,0.025937509,0.094740555,0.16354361,0.23234665,0.3011497,0.36995274,0.4387558,0.5075588,0.5763619,0.64516497,0.713968,0.78277105,0.85157406,0.92037714],"mean":0.0025751777,"std":0.30887505}
