{"counts":[1,0,0,0,0,1,1,2,0,3,5,3,6,3,3,9,7,5,10,1,4,7,4,0,7,4,4,3,0,3],"wall_time":1.754151430645e9,"step":1,"max":0.31609315,"min":-0.5041905,"count":96,"bins":[-0.5041905,-0.4768477,-0.44950494,-0.42216215,-0.39481935,-0.36747655,-0.3401338,-0.312791,-0.2854482,-0.2581054,-0.23076262,-0.20341983,-0.17607704,-0.14873426,-0.12139147,-0.09404868,-0.06670589,-0.0393631,-0.012020314,0.015322475,0.04266526,0.070008054,0.09735084,0.124693625,0.15203641,0.17937921,0.20672199,0.23406479,0.26140758,0.28875035,0.31609315],"mean":-0.014469185,"std":0.16587314}
{"counts":[1,0,0,0,0,1,1,2,0,2,6,2,7,2,3,10,4,8,10,1,3,7,5,0,6,5,2,5,0,3],"wall_time":1.754151432969e9,"step":2,"max":0.30437517,"min":-0.4970683,"count":96,"bins":[-0.4970683,-0.4703535,-0.4436387,-0.41692394,-0.39020917,-0.36349437,-0.3367796,-0.31006482,-0.28335002,-0.25663525,-0.22992046,-0.20320569,-0.1764909,-0.14977612,-0.12306134,-0.09634656,-0.06963178,-0.042916995,-0.016202211,0.010512571,0.03722735,0.063942134,0.090656914,0.1173717,0.14408648,0.17080127,0.19751604,0.22423083,0.2509456,0.2776604,0.30437517],"mean":-0.014431514,"std":0.16297396}
{"counts":[1,0,0,0,0,1,1,2,0,1,4,6,7,1,3,10,5,6,11,3,2,6,5,0,7,5,1,5,0,3],"wall_time":1.75415143522e9,"step":3,"max":0.30604756,"min":-0.49497923,"count":96,"bins":[-0.49497923,-0.46827835,-0.44157743,-0.41487655,-0.38817567,-0.36147478,-0.33477387,-0.30807298,-0.2813721,-0.2546712,-0.2279703,-0.2012694,-0.17456852,-0.14786762,-0.12116673,-0.09446584,-0.067764945,-0.04106405,-0.014363158,0.012337735,0.03903863,0.06573952,0.09244041,0.11914131,0.1458422,0.1725431,0.199244,0.22594488,0.25264576,0.27934667,0.30604756],"mean":-0.014225167,"std":0.16027844}
{"counts":[1,0,0,0,0,1,1,2,0,1,4,7,5,2,5,7,6,7,10,3,2,7,4,0,8,4,2,4,0,3],"wall_time":1.754151437553e9,"step":4,"max":0.303277,"min":-0.49150696,"count":96,"bins":[-0.49150696,-0.46501416,-0.43852136,-0.41202858,-0.38553578,-0.35904297,-0.33255017,-0.30605736,-0.2795646,-0.25307178,-0.22657898,-0.20008618,-0.17359339,-0.14710058,-0.120607786,-0.09411499,-0.06762219,-0.04112939,-0.014636594,0.011856204,0.038349003,0.0648418,0.0913346,0.1178274,0.14432019,0.170813,0.1973058,0.22379859,0.25029138,0.27678418,0.303277],"mean":-0.014102947,"std":0.15821137}
{"counts":[1,0,0,0,0,1,1,2,0,1,4,7,5,2,5,7,7,5,11,3,2,6,5,0,8,4,1,5,0,3],"wall_time":1.754151439531e9,"step":5,"max":0.30041495,"min":-0.48924637,"count":96,"bins":[-0.48924637,-0.46292433,-0.4366023,-0.41028023,-0.3839582,-0.35763615,-0.33131412,-0.30499205,-0.27867,-0.25234798,-0.22602592,-0.19970389,-0.17338184,-0.1470598,-0.120737754,-0.09441571,-0.068093665,-0.04177162,-0.015449578,0.0108724665,0.03719451,0.06351656,0.0898386,0.11616064,0.14248268,0.16880473,0.19512677,0.22144882,0.24777086,0.2740929,0.30041495],"mean":-0.014042716,"std":0.15732187}
{"counts":[1,0,0,0,0,1,1,2,0,1,4,7,5,2,3,9,6,6,11,3,2,6,5,1,7,4,1,5,0,3],"wall_time":1.754151441753e9,"step":6,"max":0.29891557,"min":-0.4869521,"count":96,"bins":[-0.4869521,-0.4607565,-0.43456092,-0.40836534,-0.38216975,-0.35597417,-0.32977855,-0.30358297,-0.27738738,-0.2511918,-0.22499621,-0.19880062,-0.17260504,-0.14640944,-0.12021385,-0.094018266,-0.06782268,-0.041627087,-0.015431499,0.010764089,0.036959678,0.06315526,0.08935086,0.11554644,0.14174204,0.16793762,0.1941332,0.2203288,0.2465244,0.27271998,0.29891557],"mean":-0.013989821,"std":0.15648012}
{"counts":[1,0,0,0,0,1,1,2,0,2,4,7,5,1,4,8,7,5,10,5,2,5,5,1,7,4,1,5,0,3],"wall_time":1.754151444096e9,"step":7,"max":0.2975638,"min":-0.48303217,"count":96,"bins":[-0.48303217,-0.4570123,-0.43099242,-0.40497258,-0.3789527,-0.35293284,-0.32691297,-0.3008931,-0.27487326,-0.24885339,-0.22283351,-0.19681364,-0.17079379,-0.14477392,-0.11875405,-0.09273419,-0.066714324,-0.040694457,-0.014674592,0.011345273,0.03736514,0.063385,0.089404866,0.11542474,0.1414446,0.16746446,0.19348434,0.21950419,0.24552406,0.27154392,0.2975638],"mean":-0.013926075,"std":0.15564068}
{"counts":[1,0,0,0,0,1,1,1,1,2,4,7,4,2,5,6,8,5,9,6,2,4,6,1,7,3,2,4,1,3],"wall_time":1.754151446609e9,"step":8,"max":0.29695544,"min":-0.48152956,"count":96,"bins":[-0.48152956,-0.45558006,-0.42963058,-0.40368107,-0.37773156,-0.35178205,-0.32583258,-0.29988307,-0.27393356,-0.24798407,-0.22203456,-0.19608507,-0.17013556,-0.14418606,-0.118236564,-0.09228706,-0.06633756,-0.040388063,-0.014438564,0.011510937,0.037460435,0.06340994,0.08935944,0.11530893,0.14125843,0.16720794,0.19315743,0.21910694,0.24505644,0.27100593,0.29695544],"mean":-0.013821398,"std":0.15475643}
{"counts":[1,0,0,0,0,1,1,1,1,2,4,6,5,2,4,7,8,5,8,6,3,4,5,2,7,3,2,4,1,3],"wall_time":1.754151449053e9,"step":9,"max":0.29366705,"min":-0.47960222,"count":96,"bins":[-0.47960222,-0.45382658,-0.42805094,-0.4022753,-0.37649965,-0.350724,-0.32494837,-0.29917273,-0.2733971,-0.24762143,-0.22184579,-0.19607015,-0.17029451,-0.14451887,-0.118743226,-0.092967585,-0.06719194,-0.0414163,-0.015640657,0.010134984,0.035910625,0.06168627,0.08746191,0.11323755,0.1390132,0.16478884,0.19056448,0.21634012,0.24211577,0.2678914,0.29366705],"mean":-0.0138402395,"std":0.15418825}
{"counts":[1,0,0,0,0,1,1,1,1,3,3,6,5,2,5,6,8,5,8,7,2,5,4,2,7,2,3,4,1,3],"wall_time":1.754151451317e9,"step":10,"max":0.29239008,"min":-0.4758175,"count":96,"bins":[-0.4758175,-0.45021057,-0.42460367,-0.39899674,-0.3733898,-0.3477829,-0.32217598,-0.29656908,-0.27096215,-0.24535523,-0.2197483,-0.19414139,-0.16853447,-0.14292756,-0.117320634,-0.09171371,-0.06610679,-0.040499873,-0.014892953,0.010713966,0.036320884,0.061927803,0.087534726,0.11314164,0.13874856,0.16435549,0.1899624,0.21556932,0.24117623,0.26678315,0.29239008],"mean":-0.013773355,"std":0.15339664}
{"counts":[1,0,0,0,0,1,1,0,2,3,3,5,6,2,5,6,8,5,7,8,1,6,4,2,7,2,3,4,1,3],"wall_time":1.754151453768e9,"step":11,"max":0.29115894,"min":-0.47360507,"count":96,"bins":[-0.47360507,-0.44811293,-0.4226208,-0.39712867,-0.37163654,-0.3461444,-0.32065228,-0.29516014,-0.26966798,-0.24417587,-0.21868373,-0.1931916,-0.16769946,-0.14220732,-0.11671519,-0.09122306,-0.06573093,-0.040238794,-0.01474666,0.010745474,0.03623761,0.06172974,0.087221876,0.11271401,0.13820614,0.16369827,0.1891904,0.21468255,0.24017468,0.2656668,0.29115894],"mean":-0.013708048,"std":0.15260746}
{"counts":[1,0,0,0,0,1,1,0,2,3,3,5,6,2,5,6,8,5,7,8,1,6,4,2,7,3,2,4,1,3],"wall_time":1.754151456301e9,"step":12,"max":0.2908531,"min":-0.47261775,"count":96,"bins":[-0.47261775,-0.4471687,-0.4217197,-0.39627066,-0.37082162,-0.3453726,-0.31992358,-0.29447454,-0.2690255,-0.24357648,-0.21812746,-0.19267844,-0.1672294,-0.14178038,-0.11633135,-0.090882316,-0.065433286,-0.03998426,-0.014535231,0.010913799,0.036362827,0.061811857,0.08726089,0.11270991,0.13815895,0.16360797,0.18905699,0.21450603,0.23995505,0.26540408,0.2908531],"mean":-0.013669749,"std":0.15224299}
{"counts":[1,0,0,0,0,1,1,1,1,2,4,7,4,2,5,6,8,5,9,6,2,4,6,1,7,3,2,4,1,3],"wall_time":1.754151459721e9,"step":13,"max":0.29695544,"min":-0.48152956,"count":96,"bins":[-0.48152956,-0.45558006,-0.42963058,-0.40368107,-0.37773156,-0.35178205,-0.32583258,-0.29988307,-0.27393356,-0.24798407,-0.22203456,-0.19608507,-0.17013556,-0.14418606,-0.118236564,-0.09228706,-0.06633756,-0.040388063,-0.014438564,0.011510937,0.037460435,0.06340994,0.08935944,0.11530893,0.14125843,0.16720794,0.19315743,0.21910694,0.24505644,0.27100593,0.29695544],"mean":-0.013821398,"std":0.15475643}
