{"counts":[2,2,0,0,1,2,0,1,5,1,0,6,4,1,2,4,3,1,4,6,5,0,1,3,2,0,1,4,0,3],"wall_time":1.754151430409e9,"step":1,"max":0.014754858,"min":-0.01590611,"count":64,"bins":[-0.01590611,-0.014884078,-0.0138620455,-0.012840014,-0.0118179815,-0.010795949,-0.009773917,-0.008751884,-0.007729852,-0.00670782,-0.0056857876,-0.004663755,-0.0036417232,-0.0026196907,-0.0015976585,-0.00057562627,0.00044640602,0.0014684383,0.0024904707,0.0035125029,0.004534535,0.0055565676,0.0065785996,0.007600632,0.008622664,0.0096446965,0.010666729,0.011688761,0.012710793,0.013732825,0.014754858],"mean":0.0005423515,"std":0.007691072}
{"counts":[2,1,0,1,0,3,1,0,1,3,4,1,4,4,1,5,2,7,4,2,0,2,2,5,2,2,3,0,0,2],"wall_time":1.75415143293e9,"step":2,"max":0.022078495,"min":-0.023182662,"count":64,"bins":[-0.023182662,-0.021673957,-0.020165252,-0.018656546,-0.017147841,-0.015639136,-0.01413043,-0.012621725,-0.011113021,-0.009604315,-0.00809561,-0.006586904,-0.0050781993,-0.0035694938,-0.0020607887,-0.00055208337,0.0009566219,0.002465327,0.0039740326,0.0054827374,0.0069914428,0.008500149,0.010008854,0.011517558,0.013026264,0.014534969,0.016043674,0.01755238,0.019061085,0.02056979,0.022078495],"mean":0.0010158368,"std":0.010833326}
{"counts":[1,2,0,0,0,2,3,1,2,1,4,3,3,5,1,3,4,2,2,2,4,4,3,4,1,1,3,1,0,2],"wall_time":1.754151435176e9,"step":3,"max":0.028771035,"min":-0.029334659,"count":64,"bins":[-0.029334659,-0.027397802,-0.025460945,-0.023524089,-0.021587232,-0.019650375,-0.01771352,-0.015776664,-0.013839807,-0.011902951,-0.009966094,-0.008029237,-0.006092381,-0.0041555245,-0.002218668,-0.0002818117,0.0016550447,0.0035919012,0.005528758,0.007465614,0.009402471,0.011339327,0.013276184,0.01521304,0.017149897,0.019086752,0.021023609,0.022960465,0.024897322,0.026834179,0.028771035],"mean":0.0018915797,"std":0.013880398}
{"counts":[1,2,0,0,1,0,0,1,4,2,5,3,2,4,1,2,3,5,2,3,0,5,5,4,3,0,1,2,2,1],"wall_time":1.754151437522e9,"step":4,"max":0.031323895,"min":-0.033155177,"count":64,"bins":[-0.033155177,-0.031005874,-0.028856572,-0.02670727,-0.024557967,-0.022408664,-0.020259362,-0.01811006,-0.015960759,-0.013811455,-0.011662153,-0.00951285,-0.007363548,-0.0052142455,-0.0030649432,-0.00091564097,0.0012336614,0.0033829638,0.005532266,0.0076815686,0.009830871,0.011980173,0.014129476,0.016278777,0.01842808,0.020577382,0.022726685,0.024875987,0.02702529,0.029174592,0.031323895],"mean":0.0026887034,"std":0.015267664}
{"counts":[3,0,0,1,0,0,2,1,2,6,2,1,4,2,3,3,5,1,4,1,4,4,2,5,1,1,1,3,0,2],"wall_time":1.754151439515e9,"step":5,"max":0.032491233,"min":-0.031963862,"count":64,"bins":[-0.031963862,-0.029815359,-0.027666856,-0.025518352,-0.02336985,-0.021221347,-0.019072844,-0.01692434,-0.014775837,-0.012627333,-0.010478831,-0.008330327,-0.006181824,-0.004033321,-0.0018848178,0.00026368536,0.0024121886,0.004560692,0.0067091947,0.008857698,0.011006202,0.013154704,0.015303208,0.017451711,0.019600214,0.021748718,0.023897221,0.026045723,0.028194226,0.03034273,0.032491233],"mean":0.0029917194,"std":0.015583654}
{"counts":[2,1,0,0,1,1,1,1,2,5,3,0,4,3,4,3,3,2,5,1,4,4,1,4,2,0,2,3,1,1],"wall_time":1.754151441728e9,"step":6,"max":0.03435303,"min":-0.03435811,"count":64,"bins":[-0.03435811,-0.03206774,-0.029777369,-0.027486997,-0.025196625,-0.022906253,-0.020615883,-0.018325511,-0.01603514,-0.013744769,-0.011454397,-0.009164026,-0.0068736547,-0.0045832833,-0.002292912,-2.540648e-6,0.0022878307,0.004578202,0.0068685734,0.009158945,0.011449316,0.013739687,0.016030058,0.01832043,0.020610802,0.022901172,0.025191544,0.027481915,0.029772287,0.032062657,0.03435303],"mean":0.002946566,"std":0.016341304}
{"counts":[2,0,0,1,0,1,1,2,2,2,2,4,2,4,3,4,3,4,2,4,4,3,1,3,3,1,2,3,0,1],"wall_time":1.754151444026e9,"step":7,"max":0.03707673,"min":-0.038114686,"count":64,"bins":[-0.038114686,-0.035608307,-0.033101924,-0.030595545,-0.028089164,-0.025582783,-0.023076402,-0.020570021,-0.018063642,-0.015557261,-0.01305088,-0.010544499,-0.008038119,-0.0055317385,-0.003025358,-0.00051897764,0.0019874028,0.004493783,0.007000164,0.009506544,0.012012925,0.014519306,0.017025687,0.019532066,0.022038447,0.024544828,0.027051209,0.02955759,0.03206397,0.03457035,0.03707673],"mean":0.0032401946,"std":0.017249253}
{"counts":[2,0,0,0,2,1,1,2,1,2,2,3,3,5,3,3,6,3,3,2,3,5,2,0,2,3,1,2,1,1],"wall_time":1.75415144658e9,"step":8,"max":0.03882911,"min":-0.03859269,"count":64,"bins":[-0.03859269,-0.03601196,-0.033431236,-0.03085051,-0.028269783,-0.025689056,-0.02310833,-0.020527603,-0.017946875,-0.015366149,-0.012785423,-0.010204696,-0.007623969,-0.0050432426,-0.0024625158,0.00011821091,0.0026989377,0.0052796644,0.0078603905,0.010441118,0.013021844,0.015602571,0.018183297,0.020764025,0.023344751,0.025925478,0.028506204,0.031086931,0.033667658,0.036248382,0.03882911],"mean":0.0033546528,"std":0.017506773}
{"counts":[2,0,0,0,2,1,2,1,2,1,2,5,4,3,4,1,6,4,3,1,2,6,2,0,3,3,1,1,1,1],"wall_time":1.754151449025e9,"step":9,"max":0.039612833,"min":-0.038522214,"count":64,"bins":[-0.038522214,-0.03591771,-0.03331321,-0.03070871,-0.028104207,-0.025499705,-0.022895204,-0.020290703,-0.017686201,-0.0150817,-0.012477198,-0.009872696,-0.007268195,-0.0046636933,-0.0020591917,0.00054530986,0.0031498114,0.005754313,0.008358815,0.010963316,0.013567817,0.01617232,0.018776821,0.021381322,0.023985824,0.026590325,0.029194826,0.031799328,0.03440383,0.03700833,0.039612833],"mean":0.0033097377,"std":0.017946241}
{"counts":[2,0,0,1,1,2,1,0,2,2,0,7,3,5,1,3,4,3,5,2,4,4,2,0,2,4,3,0,0,1],"wall_time":1.75415145127e9,"step":10,"max":0.041310534,"min":-0.04076416,"count":64,"bins":[-0.04076416,-0.038028337,-0.035292514,-0.03255669,-0.029820869,-0.027085045,-0.024349222,-0.021613399,-0.018877575,-0.016141752,-0.013405929,-0.010670106,-0.0079342825,-0.0051984596,-0.0024626364,0.0002731867,0.0030090099,0.005744833,0.008480656,0.011216479,0.013952303,0.016688125,0.019423949,0.022159772,0.024895595,0.027631419,0.030367242,0.033103064,0.035838887,0.03857471,0.041310534],"mean":0.0033095498,"std":0.018557439}
{"counts":[1,1,0,0,2,2,0,1,1,3,2,4,5,4,1,4,1,6,4,2,3,5,1,1,1,4,3,1,0,1],"wall_time":1.75415145373e9,"step":11,"max":0.04282741,"min":-0.043166872,"count":64,"bins":[-0.043166872,-0.040300395,-0.03743392,-0.034567446,-0.03170097,-0.028834492,-0.025968015,-0.02310154,-0.020235064,-0.017368589,-0.014502112,-0.011635636,-0.00876916,-0.005902684,-0.0030362078,-0.00016973168,0.0026967444,0.0055632205,0.008429697,0.011296173,0.0141626485,0.017029125,0.0198956,0.022762077,0.025628552,0.028495029,0.031361505,0.034227982,0.037094455,0.039960932,0.04282741],"mean":0.0035772077,"std":0.019499281}
{"counts":[2,0,0,1,2,1,1,0,2,2,2,4,5,2,4,2,2,5,4,3,3,3,3,0,2,2,2,3,1,1],"wall_time":1.754151456258e9,"step":12,"max":0.042128358,"min":-0.042561304,"count":64,"bins":[-0.042561304,-0.039738316,-0.036915325,-0.034092337,-0.03126935,-0.02844636,-0.025623372,-0.022800382,-0.019977394,-0.017154405,-0.014331416,-0.011508428,-0.008685439,-0.00586245,-0.0030394616,-0.0002164729,0.0026065158,0.0054295044,0.008252493,0.011075482,0.01389847,0.01672146,0.019544449,0.022367436,0.025190426,0.028013414,0.030836403,0.03365939,0.03648238,0.03930537,0.042128358],"mean":0.0037023218,"std":0.01971355}
{"counts":[2,0,0,0,2,1,1,2,1,2,2,3,3,5,3,3,6,3,3,2,3,5,2,0,2,3,1,2,1,1],"wall_time":1.754151459693e9,"step":13,"max":0.03882911,"min":-0.03859269,"count":64,"bins":[-0.03859269,-0.03601196,-0.033431236,-0.03085051,-0.028269783,-0.025689056,-0.02310833,-0.020527603,-0.017946875,-0.015366149,-0.012785423,-0.010204696,-0.007623969,-0.0050432426,-0.0024625158,0.00011821091,0.0026989377,0.0052796644,0.0078603905,0.010441118,0.013021844,0.015602571,0.018183297,0.020764025,0.023344751,0.025925478,0.028506204,0.031086931,0.033667658,0.036248382,0.03882911],"mean":0.0033546528,"std":0.017506773}
