{"counts":[2,1,0,1,1,1,0,3,3,4,6,2,6,0,3,4,1,2,3,4,4,1,3,0,2,1,1,0,4,1],"wall_time":1.754151430607e9,"step":1,"max":1.0170346,"min":0.98495287,"count":64,"bins":[0.98495287,0.98602223,0.98709166,0.988161,0.98923045,0.9902998,0.99136925,0.9924386,0.993508,0.9945774,0.9956468,0.9967162,0.99778557,0.998855,0.99992436,1.0009937,1.0020632,1.0031326,1.0042019,1.0052713,1.0063407,1.0074102,1.0084795,1.0095489,1.0106183,1.0116876,1.0127571,1.0138265,1.0148959,1.0159652,1.0170346],"mean":1.0011036,"std":0.0077743065}
{"counts":[2,1,1,0,1,1,2,3,7,3,1,4,3,5,0,0,5,2,4,1,4,4,2,2,0,1,1,2,0,2],"wall_time":1.754151432934e9,"step":2,"max":1.0253687,"min":0.9799106,"count":64,"bins":[0.9799106,0.9814259,0.98294115,0.9844564,0.9859717,0.98748696,0.9890022,0.9905175,0.99203277,0.99354804,0.9950633,0.9965786,0.99809384,0.9996091,1.0011244,1.0026397,1.0041549,1.0056702,1.0071855,1.0087007,1.010216,1.0117313,1.0132465,1.0147618,1.0162771,1.0177923,1.0193076,1.0208229,1.0223382,1.0238534,1.0253687],"mean":1.002135,"std":0.011190775}
{"counts":[2,0,2,0,2,3,1,3,3,5,3,1,3,4,0,1,4,3,4,6,3,1,0,2,3,2,1,1,0,1],"wall_time":1.75415143518e9,"step":3,"max":1.0335003,"min":0.9749652,"count":64,"bins":[0.9749652,0.9769164,0.97886753,0.98081875,0.9827699,0.98472106,0.9866722,0.9886234,0.9905746,0.99252576,0.9944769,0.9964281,0.99837923,1.0003304,1.0022815,1.0042328,1.006184,1.0081351,1.0100863,1.0120374,1.0139886,1.0159398,1.0178909,1.0198421,1.0217932,1.0237445,1.0256957,1.0276468,1.029598,1.0315491,1.0335003],"mean":1.0033268,"std":0.014233337}
{"counts":[1,3,0,2,2,1,2,2,3,2,3,3,1,1,4,3,0,3,5,5,6,1,1,2,3,0,0,1,1,3],"wall_time":1.754151437527e9,"step":4,"max":1.0343757,"min":0.97393703,"count":64,"bins":[0.97393703,0.9759517,0.97796625,0.9799809,0.9819955,0.98401016,0.98602474,0.9880394,0.990054,0.99206865,0.9940832,0.99609786,0.9981125,1.0001271,1.0021417,1.0041564,1.006171,1.0081856,1.0102003,1.0122148,1.0142294,1.016244,1.0182587,1.0202733,1.022288,1.0243026,1.0263172,1.0283318,1.0303464,1.032361,1.0343757],"mean":1.0044516,"std":0.015582144}
{"counts":[4,1,1,2,0,1,4,1,3,2,2,3,5,0,1,3,4,4,5,4,2,1,3,2,1,0,1,2,1,1],"wall_time":1.754151439516e9,"step":5,"max":1.0375259,"min":0.9747004,"count":64,"bins":[0.9747004,0.9767946,0.97888875,0.98098296,0.9830771,0.9851713,0.98726547,0.9893597,0.9914539,0.99354804,0.99564224,0.9977364,0.9998306,1.0019248,1.0040189,1.0061132,1.0082073,1.0103015,1.0123957,1.0144899,1.016584,1.0186782,1.0207725,1.0228666,1.0249608,1.027055,1.0291492,1.0312433,1.0333375,1.0354317,1.0375259],"mean":1.0048475,"std":0.016110867}
{"counts":[2,3,1,0,1,3,1,4,3,2,1,2,3,4,1,2,6,5,3,1,4,3,1,3,0,1,1,1,1,1],"wall_time":1.75415144173e9,"step":6,"max":1.0407215,"min":0.9723104,"count":64,"bins":[0.9723104,0.9745908,0.9768712,0.97915155,0.9814319,0.98371226,0.98599267,0.988273,0.9905534,0.99283373,0.99511415,0.9973945,0.99967486,1.0019553,1.0042356,1.006516,1.0087963,1.0110767,1.013357,1.0156375,1.0179179,1.0201982,1.0224786,1.0247589,1.0270393,1.0293196,1.0316,1.0338805,1.0361608,1.0384412,1.0407215],"mean":1.0050669,"std":0.017093254}
{"counts":[3,2,0,1,2,2,3,1,2,4,1,3,2,1,5,1,10,1,2,1,3,5,1,2,1,1,1,2,0,1],"wall_time":1.75415144403e9,"step":7,"max":1.0436441,"min":0.97025794,"count":64,"bins":[0.97025794,0.9727042,0.97515035,0.9775965,0.98004276,0.982489,0.98493516,0.98738134,0.9898276,0.9922738,0.99472,0.99716616,0.9996124,1.0020586,1.0045048,1.006951,1.0093973,1.0118434,1.0142896,1.0167358,1.019182,1.0216283,1.0240744,1.0265206,1.0289669,1.0314131,1.0338593,1.0363054,1.0387516,1.0411979,1.0436441],"mean":1.005489,"std":0.018236384}
{"counts":[2,2,0,1,1,3,2,3,2,1,4,2,2,0,3,4,7,6,1,4,0,5,2,1,1,2,0,2,0,1],"wall_time":1.754151446583e9,"step":8,"max":1.0453473,"min":0.9682498,"count":64,"bins":[0.9682498,0.9708197,0.9733896,0.97595954,0.97852945,0.98109937,0.9836693,0.9862392,0.98880917,0.9913791,0.993949,0.9965189,0.9990888,1.0016587,1.0042286,1.0067986,1.0093685,1.0119385,1.0145084,1.0170783,1.0196482,1.0222181,1.024788,1.0273579,1.0299278,1.0324978,1.0350677,1.0376376,1.0402075,1.0427774,1.0453473],"mean":1.0059102,"std":0.018504266}
{"counts":[1,1,2,1,0,3,1,2,3,2,4,2,2,1,2,3,4,7,3,5,1,3,1,3,0,1,3,0,2,1],"wall_time":1.754151449028e9,"step":9,"max":1.0436726,"min":0.9669433,"count":64,"bins":[0.9669433,0.96950096,0.9720586,0.9746162,0.97717386,0.97973156,0.9822892,0.98484683,0.98740447,0.9899621,0.99251974,0.9950774,0.997635,1.0001926,1.0027503,1.0053079,1.0078655,1.0104232,1.0129808,1.0155385,1.0180962,1.0206538,1.0232115,1.0257691,1.0283267,1.0308844,1.033442,1.0359997,1.0385573,1.0411149,1.0436726],"mean":1.006017,"std":0.01885564}
{"counts":[1,1,2,1,1,1,2,1,4,2,0,6,1,2,2,1,6,3,6,3,4,1,2,2,3,0,2,0,3,1],"wall_time":1.754151451273e9,"step":10,"max":1.0437119,"min":0.9649928,"count":64,"bins":[0.9649928,0.9676168,0.9702408,0.97286475,0.9754887,0.9781127,0.9807366,0.9833606,0.98598456,0.98860854,0.9912325,0.9938565,0.99648046,0.99910444,1.0017284,1.0043523,1.0069764,1.0096003,1.0122243,1.0148482,1.0174723,1.0200962,1.0227201,1.0253441,1.027968,1.0305921,1.033216,1.03584,1.038464,1.041088,1.0437119],"mean":1.0062042,"std":0.019427514}
{"counts":[2,0,2,1,1,1,1,2,3,3,2,4,2,1,1,3,6,2,1,6,4,3,2,2,3,0,2,1,2,1],"wall_time":1.754151453733e9,"step":11,"max":1.0459348,"min":0.9638974,"count":64,"bins":[0.9638974,0.966632,0.96936655,0.97210115,0.97483575,0.9775703,0.9803049,0.98303944,0.98577404,0.98850864,0.9912432,0.9939778,0.9967124,0.9994469,1.0021815,1.0049161,1.0076507,1.0103853,1.0131198,1.0158545,1.018589,1.0213236,1.0240581,1.0267928,1.0295273,1.0322618,1.0349965,1.037731,1.0404656,1.0432003,1.0459348],"mean":1.0067976,"std":0.020290062}
{"counts":[1,1,2,1,1,1,0,3,1,5,2,4,2,1,1,2,7,2,1,5,6,2,1,2,3,1,2,1,2,1],"wall_time":1.754151456262e9,"step":12,"max":1.0458229,"min":0.9632397,"count":64,"bins":[0.9632397,0.9659925,0.9687453,0.9714981,0.9742508,0.9770036,0.97975636,0.98250914,0.9852619,0.9880147,0.9907674,0.9935202,0.996273,0.99902576,1.0017785,1.0045313,1.007284,1.0100368,1.0127896,1.0155424,1.0182952,1.021048,1.0238007,1.0265535,1.0293063,1.032059,1.0348117,1.0375645,1.0403173,1.0430701,1.0458229],"mean":1.0070426,"std":0.020388138}
{"counts":[2,2,0,1,1,3,2,3,2,1,4,2,2,0,3,4,7,6,1,4,0,5,2,1,1,2,0,2,0,1],"wall_time":1.754151459696e9,"step":13,"max":1.0453473,"min":0.9682498,"count":64,"bins":[0.9682498,0.9708197,0.9733896,0.97595954,0.97852945,0.98109937,0.9836693,0.9862392,0.98880917,0.9913791,0.993949,0.9965189,0.9990888,1.0016587,1.0042286,1.0067986,1.0093685,1.0119385,1.0145084,1.0170783,1.0196482,1.0222181,1.024788,1.0273579,1.0299278,1.0324978,1.0350677,1.0376376,1.0402075,1.0427774,1.0453473],"mean":1.0059102,"std":0.018504266}
