{"counts":[1,1,0,1,4,0,0,0,1,0,2,2,0,1,2,3,0,0,2,0,1,3,0,0,1,0,2,2,1,2],"wall_time":1.754151430634e9,"step":1,"max":1.0039198,"min":0.9831366,"count":32,"bins":[0.9831366,0.9838294,0.98452216,0.98521495,0.9859077,0.98660046,0.98729324,0.987986,0.9886788,0.9893716,0.9900643,0.9907571,0.9914499,0.9921427,0.99283546,0.99352825,0.994221,0.99491376,0.99560654,0.9962993,0.9969921,0.9976849,0.9983776,0.9990704,0.9997632,1.000456,1.0011487,1.0018415,1.0025343,1.0032271,1.0039198],"mean":0.9940907,"std":0.0062565836}
{"counts":[2,1,0,0,1,0,0,0,3,2,1,3,2,2,2,1,1,0,2,0,2,1,0,0,0,0,2,1,1,2],"wall_time":1.754151432957e9,"step":2,"max":1.0092772,"min":0.97155005,"count":32,"bins":[0.97155005,0.97280765,0.9740652,0.9753228,0.9765803,0.9778379,0.97909546,0.98035306,0.98161066,0.9828682,0.9841258,0.98538333,0.98664093,0.98789847,0.98915607,0.99041367,0.9916712,0.9929288,0.99418634,0.99544394,0.9967015,0.9979591,0.9992166,1.0004742,1.0017318,1.0029894,1.004247,1.0055045,1.006762,1.0080197,1.0092772],"mean":0.9902523,"std":0.010586527}
{"counts":[3,1,0,0,1,1,0,2,2,3,2,2,0,3,1,1,0,1,0,2,1,0,0,0,0,3,2,0,0,1],"wall_time":1.754151435207e9,"step":3,"max":1.0126432,"min":0.96469206,"count":32,"bins":[0.96469206,0.9662904,0.9678888,0.9694872,0.97108555,0.9726839,0.97428226,0.9758807,0.97747904,0.9790774,0.98067576,0.9822742,0.98387253,0.9854709,0.98706925,0.98866767,0.990266,0.9918644,0.99346274,0.9950611,0.9966595,0.9982579,0.99985623,1.0014546,1.003053,1.0046513,1.0062498,1.0078481,1.0094465,1.0110449,1.0126432],"mean":0.9859555,"std":0.013424934}
{"counts":[2,2,0,1,1,0,2,1,2,1,0,6,1,2,0,0,1,0,0,3,0,1,0,0,1,1,1,1,0,2],"wall_time":1.754151437547e9,"step":4,"max":1.012777,"min":0.9583961,"count":32,"bins":[0.9583961,0.9602088,0.96202147,0.96383417,0.96564686,0.96745956,0.96927226,0.97108495,0.97289765,0.97471035,0.97652304,0.97833574,0.98014843,0.98196113,0.9837738,0.9855865,0.9873992,0.9892119,0.9910246,0.9928373,0.99465,0.9964627,0.9982754,1.0000881,1.0019008,1.0037135,1.0055262,1.0073389,1.0091516,1.0109643,1.012777],"mean":0.98261535,"std":0.015841078}
{"counts":[3,0,1,1,1,0,2,3,1,2,1,2,3,0,0,1,1,0,0,0,1,2,0,2,1,0,0,0,0,4],"wall_time":1.754151439525e9,"step":5,"max":1.0104972,"min":0.9571727,"count":32,"bins":[0.9571727,0.95895016,0.96072763,0.96250516,0.96428263,0.9660601,0.9678376,0.9696151,0.9713926,0.97317004,0.9749475,0.97672504,0.9785025,0.98028,0.98205745,0.983835,0.98561245,0.9873899,0.9891674,0.99094486,0.9927224,0.99449986,0.99627733,0.9980548,0.99983233,1.0016098,1.0033873,1.0051647,1.0069423,1.0087197,1.0104972],"mean":0.9811141,"std":0.016539168}
{"counts":[3,0,1,2,0,1,2,4,0,0,2,2,2,1,1,0,0,1,0,1,2,0,0,1,2,0,0,0,0,4],"wall_time":1.754151441745e9,"step":6,"max":1.0102452,"min":0.9552591,"count":32,"bins":[0.9552591,0.9570919,0.95892483,0.9607577,0.9625906,0.9644234,0.9662563,0.96808916,0.96992207,0.9717549,0.9735878,0.97542065,0.97725356,0.9790864,0.9809193,0.98275214,0.984585,0.9864179,0.98825073,0.99008363,0.9919165,0.9937494,0.9955822,0.9974151,0.99924797,1.0010809,1.0029137,1.0047466,1.0065795,1.0084124,1.0102452],"mean":0.97973675,"std":0.017098455}
{"counts":[1,2,0,1,1,2,2,1,2,1,3,1,1,2,0,1,0,1,0,1,0,2,0,1,1,1,0,0,1,3],"wall_time":1.754151444041e9,"step":7,"max":1.0101,"min":0.9516749,"count":32,"bins":[0.9516749,0.9536224,0.95556986,0.9575174,0.9594649,0.96141243,0.9633599,0.9653074,0.96725494,0.9692024,0.9711499,0.97309744,0.9750449,0.9769924,0.97893995,0.9808875,0.98283494,0.98478246,0.98673,0.98867744,0.99062496,0.9925725,0.99451995,0.9964675,0.998415,1.0003625,1.00231,1.0042574,1.006205,1.0081525,1.0101],"mean":0.97837645,"std":0.01763206}
{"counts":[1,0,2,0,3,2,0,2,1,1,4,1,1,1,1,0,1,1,0,2,0,0,2,1,1,0,0,1,2,1],"wall_time":1.754151446603e9,"step":8,"max":1.0105562,"min":0.94850904,"count":32,"bins":[0.94850904,0.95057726,0.95264554,0.95471376,0.956782,0.95885026,0.9609185,0.9629867,0.9650549,0.9671232,0.96919143,0.97125965,0.97332793,0.97539616,0.9774644,0.97953266,0.9816009,0.9836691,0.9857373,0.9878056,0.9898738,0.99194205,0.9940103,0.99607855,0.9981468,1.000215,1.0022832,1.0043515,1.0064198,1.0084879,1.0105562],"mean":0.97678447,"std":0.017934686}
{"counts":[1,1,0,1,3,2,0,2,0,2,3,2,1,1,1,0,1,0,2,1,0,0,2,2,0,0,1,1,1,1],"wall_time":1.754151449044e9,"step":9,"max":1.0131575,"min":0.94556534,"count":32,"bins":[0.94556534,0.9478184,0.9500715,0.95232457,0.9545776,0.9568307,0.9590838,0.96133685,0.9635899,0.96584296,0.9680961,0.97034913,0.9726022,0.97485524,0.97710836,0.9793614,0.9816145,0.9838676,0.98612064,0.9883737,0.99062675,0.99287987,0.9951329,0.997386,0.99963903,1.0018921,1.0041451,1.0063983,1.0086514,1.0109044,1.0131575],"mean":0.9761684,"std":0.01898321}
{"counts":[1,1,0,2,1,3,1,1,0,2,3,0,2,2,1,0,1,0,2,0,1,0,1,2,1,0,2,0,1,1],"wall_time":1.754151451293e9,"step":10,"max":1.0117998,"min":0.9438296,"count":32,"bins":[0.9438296,0.9460953,0.9483609,0.9506266,0.9528923,0.955158,0.9574236,0.9596893,0.961955,0.96422064,0.96648633,0.968752,0.97101766,0.97328335,0.97554904,0.97781473,0.98008037,0.98234606,0.98461175,0.9868774,0.9891431,0.99140877,0.9936744,0.9959401,0.9982058,1.0004715,1.0027372,1.0050027,1.0072684,1.0095341,1.0117998],"mean":0.9750717,"std":0.019464951}
{"counts":[2,0,2,0,2,3,0,1,1,2,1,2,2,1,1,1,0,0,2,0,0,1,1,1,1,1,2,0,1,1],"wall_time":1.754151453767e9,"step":11,"max":1.0120815,"min":0.9428568,"count":32,"bins":[0.9428568,0.94516426,0.9474718,0.9497793,0.95208675,0.9543942,0.95670176,0.95900923,0.9613167,0.9636242,0.9659317,0.9682392,0.97054666,0.97285414,0.9751617,0.97746915,0.9797766,0.98208416,0.9843916,0.9866991,0.9890066,0.9913141,0.9936216,0.99592906,0.99823654,1.0005441,1.0028515,1.005159,1.0074666,1.009774,1.0120815],"mean":0.97401965,"std":0.020559324}
{"counts":[1,1,2,0,3,2,0,1,2,2,0,2,1,2,2,0,0,1,1,0,0,2,0,1,1,1,2,1,0,1],"wall_time":1.754151456286e9,"step":12,"max":1.0130408,"min":0.9415497,"count":32,"bins":[0.9415497,0.9439328,0.94631577,0.9486988,0.9510819,0.9534649,0.9558479,0.958231,0.960614,0.962997,0.9653801,0.9677631,0.9701461,0.9725292,0.9749122,0.9772953,0.9796783,0.9820613,0.9844444,0.9868274,0.9892104,0.9915935,0.9939765,0.9963595,0.9987426,1.0011256,1.0035087,1.0058917,1.0082747,1.0106578,1.0130408],"mean":0.97350353,"std":0.021099504}
{"counts":[1,0,2,0,3,2,0,2,1,1,4,1,1,1,1,0,1,1,0,2,0,0,2,1,1,0,0,1,2,1],"wall_time":1.754151459717e9,"step":13,"max":1.0105562,"min":0.94850904,"count":32,"bins":[0.94850904,0.95057726,0.95264554,0.95471376,0.956782,0.95885026,0.9609185,0.9629867,0.9650549,0.9671232,0.96919143,0.97125965,0.97332793,0.97539616,0.9774644,0.97953266,0.9816009,0.9836691,0.9857373,0.9878056,0.9898738,0.99194205,0.9940103,0.99607855,0.9981468,1.000215,1.0022832,1.0043515,1.0064198,1.0084879,1.0105562],"mean":0.97678447,"std":0.017934686}
