{"counts":[1,1,1,2,8,11,16,39,47,48,83,115,139,178,179,203,187,168,148,136,116,74,52,38,24,22,4,3,4,1],"wall_time":1.754151430619e9,"step":1,"max":0.40740806,"min":-0.46816018,"count":2048,"bins":[-0.46816018,-0.43897456,-0.40978897,-0.38060337,-0.35141775,-0.32223213,-0.29304653,-0.26386094,-0.23467532,-0.20548971,-0.1763041,-0.1471185,-0.117932886,-0.08874728,-0.05956167,-0.030376062,-0.0011904538,0.027995154,0.057180762,0.08636637,0.11555198,0.14473759,0.1739232,0.2031088,0.23229441,0.26148003,0.29066563,0.31985122,0.34903684,0.37822247,0.40740806],"mean":-0.0069888323,"std":0.124730706}
{"counts":[1,1,1,2,8,11,15,36,47,54,74,114,130,165,188,199,181,180,154,132,124,77,45,48,26,21,5,2,5,2],"wall_time":1.754151432947e9,"step":2,"max":0.40078014,"min":-0.4702161,"count":2048,"bins":[-0.4702161,-0.44118288,-0.41214967,-0.38311648,-0.35408327,-0.32505006,-0.29601684,-0.26698363,-0.23795043,-0.20891723,-0.17988402,-0.1508508,-0.1218176,-0.09278439,-0.06375118,-0.034717977,-0.0056847692,0.02334844,0.052381646,0.081414856,0.11044806,0.13948128,0.16851448,0.19754769,0.22658089,0.2556141,0.28464732,0.31368053,0.3427137,0.37174693,0.40078014],"mean":-0.007858107,"std":0.124993175}
{"counts":[1,0,2,2,8,10,20,30,48,53,68,112,125,162,176,201,192,172,159,137,121,84,47,50,26,20,12,3,5,2],"wall_time":1.754151435191e9,"step":3,"max":0.39390364,"min":-0.4726809,"count":2048,"bins":[-0.4726809,-0.44379476,-0.4149086,-0.38602245,-0.35713628,-0.32825014,-0.299364,-0.27047783,-0.24159169,-0.21270554,-0.18381938,-0.15493323,-0.12604707,-0.09716093,-0.06827478,-0.039388627,-0.010502475,0.018383676,0.04726983,0.076155975,0.10504213,0.13392828,0.16281444,0.19170058,0.22058673,0.24947289,0.27835903,0.3072452,0.33613133,0.3650175,0.39390364],"mean":-0.0091613345,"std":0.12529328}
{"counts":[1,0,2,2,8,8,22,29,45,55,72,106,129,155,178,200,185,176,162,136,117,89,52,47,28,21,13,2,6,2],"wall_time":1.754151437533e9,"step":4,"max":0.39146242,"min":-0.47441083,"count":2048,"bins":[-0.47441083,-0.4455484,-0.41668594,-0.38782352,-0.35896108,-0.33009863,-0.30123618,-0.27237374,-0.2435113,-0.21464886,-0.18578641,-0.15692398,-0.12806153,-0.099199094,-0.07033665,-0.04147421,-0.012611766,0.016250676,0.045113117,0.073975556,0.102838,0.13170044,0.16056289,0.18942532,0.21828777,0.24715021,0.27601266,0.30487508,0.33373752,0.36259997,0.39146242],"mean":-0.010380948,"std":0.12555084}
{"counts":[1,0,2,2,8,8,23,28,46,57,70,107,126,160,179,191,183,178,165,134,116,87,56,48,28,22,12,3,6,2],"wall_time":1.754151439518e9,"step":5,"max":0.39038682,"min":-0.473794,"count":2048,"bins":[-0.473794,-0.44498798,-0.41618195,-0.38737592,-0.3585699,-0.3297639,-0.30095786,-0.27215183,-0.2433458,-0.21453977,-0.18573374,-0.1569277,-0.12812167,-0.09931565,-0.07050963,-0.041703597,-0.012897569,0.01590846,0.044714488,0.07352051,0.10232654,0.13113257,0.1599386,0.18874462,0.21755065,0.24635668,0.2751627,0.30396873,0.33277476,0.3615808,0.39038682],"mean":-0.010727016,"std":0.12562646}
{"counts":[1,0,3,1,8,8,23,31,45,63,63,109,130,156,190,187,186,170,162,139,111,88,56,46,28,21,12,4,5,2],"wall_time":1.754151441735e9,"step":6,"max":0.39081487,"min":-0.47262037,"count":2048,"bins":[-0.47262037,-0.4438392,-0.41505802,-0.38627684,-0.35749567,-0.3287145,-0.2999333,-0.27115214,-0.24237098,-0.2135898,-0.18480863,-0.15602745,-0.12724628,-0.0984651,-0.069683924,-0.04090275,-0.012121574,0.0166596,0.045440774,0.07422195,0.10300312,0.1317843,0.16056548,0.18934664,0.21812782,0.24690899,0.27569017,0.30447134,0.33325252,0.3620337,0.39081487],"mean":-0.011064361,"std":0.12566787}
{"counts":[1,0,3,1,8,12,21,30,45,65,67,111,129,158,186,189,179,181,156,134,118,81,55,47,29,20,11,3,5,3],"wall_time":1.754151444034e9,"step":7,"max":0.39081383,"min":-0.47101024,"count":2048,"bins":[-0.47101024,-0.44228277,-0.4135553,-0.38482782,-0.35610035,-0.3273729,-0.29864544,-0.26991796,-0.2411905,-0.21246302,-0.18373555,-0.15500808,-0.1262806,-0.09755314,-0.06882568,-0.040098205,-0.011370736,0.017356733,0.046084203,0.07481167,0.10353914,0.13226661,0.16099408,0.18972154,0.21844901,0.24717648,0.27590394,0.3046314,0.33335888,0.36208636,0.39081383],"mean":-0.011523119,"std":0.125743}
{"counts":[1,0,3,1,8,13,19,33,46,60,66,117,124,156,190,185,181,185,152,136,114,86,54,50,24,22,11,3,5,3],"wall_time":1.75415144659e9,"step":8,"max":0.3893097,"min":-0.47090617,"count":2048,"bins":[-0.47090617,-0.4422323,-0.41355845,-0.3848846,-0.3562107,-0.32753685,-0.298863,-0.27018914,-0.24151526,-0.2128414,-0.18416755,-0.15549368,-0.12681982,-0.098145954,-0.0694721,-0.040798232,-0.01212437,0.016549492,0.045223355,0.07389722,0.10257108,0.13124494,0.1599188,0.18859267,0.21726653,0.24594039,0.27461424,0.3032881,0.331962,0.36063585,0.3893097],"mean":-0.012011353,"std":0.1258071}
{"counts":[1,0,3,2,7,13,19,32,48,61,65,118,125,153,193,187,185,184,150,133,118,83,50,50,27,19,11,4,4,3],"wall_time":1.754151449039e9,"step":9,"max":0.39087364,"min":-0.47129554,"count":2048,"bins":[-0.47129554,-0.44255656,-0.41381758,-0.3850786,-0.35633963,-0.3276007,-0.2988617,-0.27012274,-0.24138376,-0.21264479,-0.18390581,-0.15516683,-0.12642786,-0.09768889,-0.06894992,-0.040210947,-0.011471975,0.017266998,0.04600597,0.07474494,0.103483915,0.13222289,0.16096187,0.18970083,0.2184398,0.24717878,0.27591774,0.3046567,0.3333957,0.36213467,0.39087364],"mean":-0.012074102,"std":0.12583596}
{"counts":[1,0,3,2,7,14,21,31,48,62,66,119,130,151,190,197,176,186,150,135,114,79,54,46,28,17,11,3,4,3],"wall_time":1.754151451283e9,"step":10,"max":0.39234456,"min":-0.4703052,"count":2048,"bins":[-0.4703052,-0.44155023,-0.41279522,-0.38404024,-0.35528523,-0.32653025,-0.29777524,-0.26902026,-0.24026527,-0.21151027,-0.18275528,-0.15400028,-0.1252453,-0.0964903,-0.067735314,-0.03898032,-0.010225328,0.018529665,0.047284655,0.07603965,0.104794644,0.13354963,0.16230462,0.19105962,0.21981461,0.24856961,0.2773246,0.3060796,0.33483458,0.36358958,0.39234456],"mean":-0.012315318,"std":0.12586878}
{"counts":[1,0,3,2,8,15,20,33,46,63,65,115,135,152,188,195,176,184,151,133,115,78,57,46,29,17,10,3,5,3],"wall_time":1.754151453759e9,"step":11,"max":0.39019924,"min":-0.46866763,"count":2048,"bins":[-0.46866763,-0.44003874,-0.41140983,-0.38278094,-0.35415205,-0.32552314,-0.29689425,-0.26826537,-0.23963647,-0.21100757,-0.18237866,-0.15374978,-0.12512088,-0.096491985,-0.067863084,-0.03923419,-0.010605295,0.0180236,0.046652496,0.07528139,0.10391029,0.13253918,0.16116808,0.18979697,0.21842587,0.24705477,0.27568367,0.30431256,0.33294144,0.36157036,0.39019924],"mean":-0.012653049,"std":0.12592776}
{"counts":[1,0,3,2,8,15,20,33,44,65,66,115,137,149,192,195,175,185,150,134,112,78,57,45,29,17,10,4,4,3],"wall_time":1.754151456268e9,"step":12,"max":0.39071366,"min":-0.46867204,"count":2048,"bins":[-0.46867204,-0.44002584,-0.41137967,-0.38273346,-0.35408726,-0.3254411,-0.2967949,-0.26814872,-0.23950252,-0.21085633,-0.18221013,-0.15356395,-0.12491776,-0.09627157,-0.06762538,-0.038979188,-0.010332998,0.018313192,0.04695938,0.07560557,0.104251765,0.13289796,0.16154414,0.19019033,0.21883652,0.24748272,0.2761289,0.3047751,0.3334213,0.36206746,0.39071366],"mean":-0.012898885,"std":0.125968}
{"counts":[1,0,3,1,8,13,19,33,46,60,66,117,124,156,190,185,181,185,152,136,114,86,54,50,24,22,11,3,5,3],"wall_time":1.754151459705e9,"step":13,"max":0.3893097,"min":-0.47090617,"count":2048,"bins":[-0.47090617,-0.4422323,-0.41355845,-0.3848846,-0.3562107,-0.32753685,-0.298863,-0.27018914,-0.24151526,-0.2128414,-0.18416755,-0.15549368,-0.12681982,-0.098145954,-0.0694721,-0.040798232,-0.01212437,0.016549492,0.045223355,0.07389722,0.10257108,0.13124494,0.1599188,0.18859267,0.21726653,0.24594039,0.27461424,0.3032881,0.331962,0.36063585,0.3893097],"mean":-0.012011353,"std":0.1258071}
