{"counts":[1,1,1],"wall_time":1.754172826408e9,"step":1,"max":0.03248069,"min":-0.0316965,"count":3,"bins":[-0.0316965,-0.010304102,0.011088294,0.03248069],"mean":0.0033339884,"std":0.03249065}
{"counts":[1,1,1],"wall_time":1.754172827576e9,"step":2,"max":0.032858986,"min":-0.03182878,"count":3,"bins":[-0.03182878,-0.010266191,0.011296398,0.032858986],"mean":0.0033362806,"std":0.032710914}
{"counts":[1,1,1],"wall_time":1.75417282865e9,"step":3,"max":0.03311986,"min":-0.031842113,"count":3,"bins":[-0.031842113,-0.010188121,0.01146587,0.03311986],"mean":0.0033372801,"std":0.032815527}
{"counts":[1,1,1],"wall_time":1.754172829735e9,"step":4,"max":0.033522062,"min":-0.032283857,"count":3,"bins":[-0.032283857,-0.010348551,0.0115867555,0.033522062],"mean":0.0033468318,"std":0.03324043}
{"counts":[1,1,1],"wall_time":1.754172830834e9,"step":5,"max":0.033986185,"min":-0.03246451,"count":3,"bins":[-0.03246451,-0.010314279,0.011835952,0.033986185],"mean":0.003360279,"std":0.033529017}
