{"counts":[1,0,0,1,0,3,4,12,19,10,23,28,39,47,49,53,41,50,65,49,35,25,19,24,15,9,11,4,1,3],"wall_time":1.754172826384e9,"step":1,"max":0.89922595,"min":-1.1205884,"count":640,"bins":[-1.1205884,-1.0532613,-0.98593414,-0.918607,-0.85127985,-0.7839527,-0.7166256,-0.6492984,-0.5819712,-0.5146441,-0.44731697,-0.37998983,-0.31266266,-0.24533553,-0.17800838,-0.110681236,-0.04335409,0.023973055,0.091300204,0.15862735,0.22595449,0.29328164,0.3606088,0.42793593,0.49526307,0.56259024,0.6299174,0.6972445,0.76457167,0.8318988,0.89922595],"mean":0.002591426,"std":0.31853986}
{"counts":[1,0,0,1,0,3,4,12,19,10,23,29,38,47,49,53,41,50,65,49,36,24,19,24,15,9,11,4,1,3],"wall_time":1.75417282756e9,"step":2,"max":0.89905137,"min":-1.120692,"count":640,"bins":[-1.120692,-1.0533673,-0.98604244,-0.9187177,-0.8513929,-0.7840681,-0.71674335,-0.64941853,-0.5820938,-0.514769,-0.44744423,-0.38011944,-0.31279466,-0.24546988,-0.1781451,-0.11082032,-0.043495543,0.023829235,0.09115402,0.1584788,0.22580357,0.29312834,0.36045313,0.42777792,0.4951027,0.56242746,0.6297523,0.69707704,0.7644018,0.8317266,0.89905137],"mean":0.0025983583,"std":0.31854072}
{"counts":[1,0,0,1,0,3,4,12,19,10,23,29,38,47,49,53,41,50,65,49,36,24,19,24,15,9,11,4,1,3],"wall_time":1.754172828645e9,"step":3,"max":0.8984796,"min":-1.1208501,"count":640,"bins":[-1.1208501,-1.053539,-0.9862281,-0.9189171,-0.85160613,-0.78429514,-0.71698415,-0.64967316,-0.5823622,-0.5150512,-0.4477402,-0.3804292,-0.31311822,-0.24580723,-0.17849624,-0.11118525,-0.043874264,0.023436725,0.090747714,0.1580587,0.22536969,0.29268068,0.35999167,0.42730266,0.49461365,0.56192464,0.6292356,0.6965466,0.7638576,0.8311686,0.8984796],"mean":0.0025840462,"std":0.31853613}
{"counts":[1,0,0,1,0,3,4,12,19,10,22,30,37,48,49,53,41,49,65,49,36,25,19,23,16,9,11,4,1,3],"wall_time":1.754172829729e9,"step":4,"max":0.8978548,"min":-1.1211785,"count":640,"bins":[-1.1211785,-1.0538774,-0.98657626,-0.91927516,-0.85197407,-0.784673,-0.7173718,-0.6500707,-0.58276963,-0.51546854,-0.4481674,-0.3808663,-0.3135652,-0.24626407,-0.17896296,-0.11166185,-0.044360742,0.02294037,0.09024148,0.15754259,0.2248437,0.2921448,0.35944593,0.42674702,0.49404815,0.5613493,0.62865037,0.69595146,0.76325256,0.8305537,0.8978548],"mean":0.0025894034,"std":0.3185379}
{"counts":[1,0,0,1,0,3,4,12,19,10,22,30,36,49,49,53,41,46,68,48,36,26,19,23,16,9,11,4,1,3],"wall_time":1.754172830826e9,"step":5,"max":0.8974662,"min":-1.1216199,"count":640,"bins":[-1.1216199,-1.0543171,-0.9870142,-0.91971135,-0.85240847,-0.7851056,-0.7178027,-0.6504998,-0.583197,-0.5158941,-0.44859123,-0.38128835,-0.3139855,-0.24668261,-0.17937975,-0.11207688,-0.044774007,0.022528863,0.08983173,0.1571346,0.22443748,0.29174036,0.3590432,0.4263461,0.49364895,0.5609518,0.6282547,0.6955576,0.7628604,0.8301633,0.8974662],"mean":0.0025973397,"std":0.31853947}
