{"counts":[3,1,0,1,0,2,3,3,1,1,3,4,5,0,1,1,2,4,2,1,5,4,2,5,2,3,1,2,1,1],"wall_time":1.754172826389e9,"step":1,"max":0.0414035,"min":-0.03447715,"count":64,"bins":[-0.03447715,-0.03194779,-0.029418439,-0.026889084,-0.02435973,-0.021830374,-0.01930102,-0.016771665,-0.014242309,-0.011712954,-0.0091836,-0.0066542444,-0.0041248896,-0.0015955346,0.00093382027,0.0034631751,0.00599253,0.008521885,0.011051239,0.013580595,0.016109949,0.018639304,0.021168659,0.023698015,0.02622737,0.028756725,0.03128608,0.033815432,0.03634479,0.038874142,0.0414035],"mean":0.005990304,"std":0.019969193}
{"counts":[2,2,0,1,0,2,2,3,1,2,3,3,5,1,1,0,3,4,2,0,5,5,2,5,2,3,1,2,0,2],"wall_time":1.754172827564e9,"step":2,"max":0.041723065,"min":-0.035276037,"count":64,"bins":[-0.035276037,-0.0327094,-0.030142764,-0.027576126,-0.02500949,-0.022442853,-0.019876216,-0.01730958,-0.0147429425,-0.012176306,-0.009609669,-0.007043033,-0.004476396,-0.0019097592,0.00065687747,0.0032235142,0.0057901507,0.008356787,0.010923425,0.013490061,0.016056698,0.018623335,0.02118997,0.023756608,0.026323244,0.028889881,0.03145652,0.034023155,0.03658979,0.03915643,0.041723065],"mean":0.0061334865,"std":0.020197824}
{"counts":[2,2,0,1,0,2,2,3,1,2,4,2,5,1,1,1,2,4,2,0,6,4,2,5,3,2,1,2,0,2],"wall_time":1.754172828648e9,"step":3,"max":0.042472053,"min":-0.03555944,"count":64,"bins":[-0.03555944,-0.03295839,-0.030357338,-0.027756289,-0.025155239,-0.022554189,-0.01995314,-0.01735209,-0.01475104,-0.012149991,-0.009548941,-0.0069478913,-0.0043468415,-0.0017457919,0.00085525785,0.0034563076,0.0060573574,0.008658407,0.011259457,0.013860506,0.016461557,0.019062607,0.021663656,0.024264704,0.026865754,0.029466804,0.032067854,0.034668904,0.037269954,0.039871003,0.042472053],"mean":0.0062958077,"std":0.020376021}
{"counts":[2,2,0,1,0,3,2,2,2,2,4,1,5,1,1,3,1,3,1,1,6,4,2,5,3,1,2,2,0,2],"wall_time":1.754172829733e9,"step":4,"max":0.043016933,"min":-0.035302002,"count":64,"bins":[-0.035302002,-0.03269137,-0.03008074,-0.027470108,-0.024859477,-0.022248846,-0.019638214,-0.017027583,-0.014416953,-0.011806321,-0.00919569,-0.006585059,-0.003974428,-0.0013637969,0.0012468343,0.0038574655,0.0064680967,0.009078728,0.011689359,0.01429999,0.016910622,0.019521253,0.022131884,0.024742514,0.027353145,0.029963776,0.032574408,0.03518504,0.03779567,0.0404063,0.043016933],"mean":0.0064482307,"std":0.020618629}
{"counts":[2,2,0,1,0,3,2,2,3,1,5,1,5,0,1,3,1,3,1,3,6,2,2,5,3,2,1,2,0,2],"wall_time":1.754172830831e9,"step":5,"max":0.04407736,"min":-0.035356514,"count":64,"bins":[-0.035356514,-0.03270872,-0.030060923,-0.027413126,-0.024765331,-0.022117535,-0.01946974,-0.016821943,-0.0141741475,-0.011526352,-0.008878556,-0.006230761,-0.003582965,-0.00093516905,0.0017126267,0.0043604225,0.007008218,0.009656014,0.01230381,0.014951605,0.017599402,0.020247197,0.022894993,0.025542788,0.028190585,0.03083838,0.033486176,0.03613397,0.038781766,0.041429564,0.04407736],"mean":0.0065606083,"std":0.020802129}
