{"counts":[1,0,1,0,1,1,2,1,1,4,0,0,1,2,4,2,2,3,3,5,1,2,1,4,3,6,3,6,1,3],"wall_time":1.754172826386e9,"step":1,"max":1.0350758,"min":0.9584671,"count":64,"bins":[0.9584671,0.96102077,0.96357435,0.966128,0.96868163,0.9712352,0.97378886,0.9763425,0.9788961,0.9814497,0.98400337,0.98655695,0.9891106,0.99166423,0.9942178,0.99677145,0.9993251,1.0018787,1.0044323,1.0069859,1.0095396,1.0120932,1.0146468,1.0172005,1.019754,1.0223076,1.0248613,1.0274149,1.0299685,1.0325222,1.0350758],"mean":1.0069045,"std":0.01942018}
{"counts":[1,0,1,0,1,0,3,1,1,4,0,0,1,3,3,2,2,4,3,4,1,2,3,4,1,6,6,4,0,3],"wall_time":1.754172827563e9,"step":2,"max":1.0363693,"min":0.95793366,"count":64,"bins":[0.95793366,0.96054816,0.9631627,0.9657772,0.9683918,0.9710063,0.9736208,0.97623533,0.9788498,0.9814644,0.9840789,0.9866934,0.98930794,0.99192244,0.994537,0.9971515,0.999766,1.0023805,1.0049951,1.0076096,1.0102241,1.0128386,1.0154531,1.0180677,1.0206822,1.0232967,1.0259112,1.0285257,1.0311403,1.0337548,1.0363693],"mean":1.0070617,"std":0.019600915}
{"counts":[1,1,0,0,1,0,3,0,2,4,0,1,0,3,3,2,3,3,3,4,2,1,3,5,1,5,6,4,0,3],"wall_time":1.754172828648e9,"step":3,"max":1.0371336,"min":0.95763856,"count":64,"bins":[0.95763856,0.9602884,0.96293825,0.9655881,0.9682379,0.9708877,0.97353756,0.9761874,0.97883725,0.9814871,0.9841369,0.9867867,0.98943657,0.9920864,0.99473625,0.9973861,1.0000359,1.0026858,1.0053356,1.0079854,1.0106353,1.013285,1.015935,1.0185847,1.0212346,1.0238844,1.0265342,1.0291841,1.0318339,1.0344838,1.0371336],"mean":1.0072207,"std":0.019766401}
{"counts":[1,1,0,0,1,1,2,1,3,2,0,1,0,3,4,1,3,3,4,3,2,1,4,4,3,5,6,2,1,2],"wall_time":1.754172829733e9,"step":4,"max":1.0380747,"min":0.9578612,"count":64,"bins":[0.9578612,0.960535,0.96320873,0.96588254,0.96855634,0.9712301,0.9739039,0.9765777,0.97925144,0.98192525,0.98459905,0.9872728,0.9899466,0.9926204,0.99529415,0.99796796,1.0006417,1.0033156,1.0059893,1.008663,1.0113369,1.0140107,1.0166844,1.0193583,1.022032,1.0247058,1.0273796,1.0300534,1.0327271,1.035401,1.0380747],"mean":1.0073881,"std":0.0199613}
{"counts":[1,1,0,0,1,1,2,0,4,2,0,1,0,3,4,1,3,4,6,0,2,2,2,5,3,5,6,2,1,2],"wall_time":1.754172830831e9,"step":5,"max":1.0386136,"min":0.9575565,"count":64,"bins":[0.9575565,0.96025836,0.9629603,0.9656622,0.9683641,0.971066,0.9737679,0.9764698,0.9791717,0.98187363,0.9845755,0.9872774,0.9899793,0.9926812,0.99538314,0.998085,1.0007869,1.0034888,1.0061908,1.0088927,1.0115945,1.0142964,1.0169983,1.0197003,1.0224022,1.025104,1.0278059,1.0305078,1.0332098,1.0359117,1.0386136],"mean":1.0075006,"std":0.02016221}
