{"counts":[1,1,1,2,3,10,14,24,46,68,91,110,149,191,174,198,187,200,138,121,103,82,48,37,20,16,6,3,2,2],"wall_time":1.754172826392e9,"step":1,"max":0.42609906,"min":-0.48009828,"count":2048,"bins":[-0.48009828,-0.4498917,-0.41968513,-0.38947853,-0.35927197,-0.32906538,-0.29885882,-0.26865223,-0.23844565,-0.20823908,-0.1780325,-0.14782593,-0.11761934,-0.08741277,-0.057206187,-0.026999608,0.0032069704,0.033413548,0.06362013,0.093826704,0.12403328,0.15423986,0.18444644,0.21465302,0.24485959,0.27506617,0.30527276,0.33547932,0.3656859,0.39589247,0.42609906],"mean":-0.004651606,"std":0.12534773}
{"counts":[1,1,1,2,3,10,15,23,44,70,91,111,146,193,174,196,188,201,140,122,99,81,50,37,21,16,5,3,2,2],"wall_time":1.754172827565e9,"step":2,"max":0.42631736,"min":-0.48046,"count":2048,"bins":[-0.48046,-0.4502341,-0.42000815,-0.38978225,-0.35955635,-0.32933044,-0.2991045,-0.2688786,-0.23865269,-0.20842679,-0.17820087,-0.14797495,-0.11774905,-0.08752313,-0.057297222,-0.027071312,0.0031545996,0.033380512,0.063606426,0.09383234,0.12405825,0.15428416,0.18451007,0.21473598,0.24496189,0.2751878,0.30541372,0.33563963,0.36586553,0.39609146,0.42631736],"mean":-0.0047484087,"std":0.12536687}
{"counts":[1,1,1,2,3,10,15,23,46,69,91,113,145,192,173,199,192,196,138,124,99,81,49,36,21,16,5,3,2,2],"wall_time":1.754172828648e9,"step":3,"max":0.4268675,"min":-0.48035547,"count":2048,"bins":[-0.48035547,-0.4501147,-0.41987395,-0.38963318,-0.3593924,-0.32915163,-0.2989109,-0.2686701,-0.23842934,-0.20818858,-0.1779478,-0.14770705,-0.11746628,-0.08722551,-0.056984745,-0.026743978,0.003496788,0.033737555,0.06397832,0.09421909,0.124459855,0.15470062,0.18494138,0.21518216,0.24542291,0.27566367,0.30590445,0.33614522,0.366386,0.39662674,0.4268675],"mean":-0.004824751,"std":0.12538631}
{"counts":[1,1,1,3,2,10,15,23,46,68,92,112,145,194,173,200,191,197,138,123,99,81,51,33,21,16,5,3,2,2],"wall_time":1.754172829733e9,"step":4,"max":0.4274402,"min":-0.4807089,"count":2048,"bins":[-0.4807089,-0.45043725,-0.42016563,-0.38989398,-0.35962236,-0.3293507,-0.2990791,-0.26880744,-0.2385358,-0.20826417,-0.17799254,-0.1477209,-0.11744926,-0.08717763,-0.05690599,-0.02663435,0.0036372861,0.033908922,0.06418056,0.094452195,0.12472383,0.15499547,0.1852671,0.21553874,0.24581037,0.276082,0.30635366,0.33662528,0.36689693,0.39716855,0.4274402],"mean":-0.0048970645,"std":0.1254095}
{"counts":[1,1,1,2,3,10,15,21,46,69,92,112,147,192,174,199,189,198,139,122,99,82,52,33,21,16,5,3,2,2],"wall_time":1.754172830831e9,"step":5,"max":0.42740333,"min":-0.48117262,"count":2048,"bins":[-0.48117262,-0.45088676,-0.4206009,-0.39031503,-0.36002916,-0.3297433,-0.29945743,-0.26917157,-0.2388857,-0.20859984,-0.17831397,-0.1480281,-0.11774224,-0.087456375,-0.05717051,-0.026884645,0.0034012198,0.033687085,0.06397295,0.094258815,0.12454468,0.15483055,0.18511641,0.21540228,0.24568814,0.275974,0.30625987,0.33654574,0.3668316,0.39711747,0.42740333],"mean":-0.0049414975,"std":0.1254256}
