{"counts":[1,1,1,2,0,0,0,2,2,1,1,1,3,3,0,0,2,3,2,2,1,1,0,1,1,0,0,0,0,1],"wall_time":1.754172826399e9,"step":1,"max":1.0320249,"min":0.9497607,"count":32,"bins":[0.9497607,0.9525028,0.95524496,0.95798707,0.96072924,0.96347135,0.9662135,0.96895564,0.9716978,0.9744399,0.9771821,0.9799242,0.9826664,0.9854085,0.98815066,0.99089277,0.9936349,0.99637705,0.99911916,1.0018613,1.0046035,1.0073456,1.0100877,1.0128299,1.0155721,1.0183141,1.0210563,1.0237985,1.0265406,1.0292827,1.0320249],"mean":0.9867478,"std":0.019709531}
{"counts":[1,1,1,2,0,0,0,2,2,1,1,1,1,5,0,1,1,4,1,3,0,1,0,1,1,0,0,0,0,1],"wall_time":1.754172827569e9,"step":2,"max":1.0318242,"min":0.94935375,"count":32,"bins":[0.94935375,0.9521028,0.9548518,0.95760083,0.9603498,0.9630988,0.96584785,0.9685969,0.9713459,0.9740949,0.9768439,0.9795929,0.98234195,0.985091,0.98784,0.990589,0.993338,0.996087,0.99883604,1.001585,1.0043341,1.007083,1.0098321,1.0125811,1.0153302,1.0180792,1.0208281,1.0235772,1.0263262,1.0290753,1.0318242],"mean":0.98643523,"std":0.019667637}
{"counts":[2,0,1,2,0,0,0,2,2,0,2,1,3,3,0,2,2,2,1,3,0,1,0,1,1,0,0,0,0,1],"wall_time":1.75417282865e9,"step":3,"max":1.0315648,"min":0.9492456,"count":32,"bins":[0.9492456,0.95198953,0.95473355,0.9574775,0.96022147,0.9629654,0.96570945,0.9684534,0.97119737,0.9739413,0.97668535,0.9794293,0.98217326,0.9849172,0.98766124,0.9904052,0.99314916,0.9958932,0.99863714,1.0013812,1.0041251,1.0068691,1.009613,1.012357,1.015101,1.0178449,1.0205889,1.023333,1.0260769,1.0288209,1.0315648],"mean":0.9861333,"std":0.019648824}
{"counts":[2,0,2,1,0,0,0,3,1,0,2,1,3,3,0,2,3,1,1,2,1,1,0,0,2,0,0,0,0,1],"wall_time":1.754172829733e9,"step":4,"max":1.0314976,"min":0.9492711,"count":32,"bins":[0.9492711,0.95201194,0.95475286,0.9574937,0.96023464,0.9629755,0.96571636,0.9684573,0.97119814,0.97393906,0.9766799,0.9794208,0.9821617,0.98490256,0.9876435,0.99038434,0.9931252,0.9958661,0.998607,1.0013479,1.0040888,1.0068296,1.0095705,1.0123115,1.0150523,1.0177932,1.020534,1.0232749,1.0260159,1.0287567,1.0314976],"mean":0.9858558,"std":0.019808495}
{"counts":[2,0,1,2,0,0,0,4,0,0,2,1,3,3,0,2,3,1,1,2,2,0,0,1,1,0,0,0,0,1],"wall_time":1.754172830831e9,"step":5,"max":1.0317057,"min":0.94890696,"count":32,"bins":[0.94890696,0.9516669,0.9544269,0.9571868,0.9599468,0.96270674,0.96546674,0.9682267,0.9709866,0.9737466,0.97650653,0.9792665,0.98202646,0.98478645,0.9875464,0.9903064,0.9930663,0.99582624,0.99858624,1.0013462,1.0041062,1.0068661,1.009626,1.012386,1.015146,1.017906,1.0206659,1.0234258,1.0261859,1.0289458,1.0317057],"mean":0.9856246,"std":0.019905249}
