{"counts":[1,1,2,1,1,1,2,0,1,3,0,1,0,1,1,0,0,3,1,2,0,0,2,0,2,1,0,1,0,4],"wall_time":1.754172826396e9,"step":1,"max":0.02848118,"min":-0.047301505,"count":32,"bins":[-0.047301505,-0.044775415,-0.042249326,-0.039723236,-0.037197147,-0.034671057,-0.032144967,-0.029618878,-0.027092788,-0.024566699,-0.02204061,-0.01951452,-0.01698843,-0.014462342,-0.011936252,-0.009410162,-0.006884073,-0.0043579834,-0.001831894,0.0006941955,0.003220285,0.0057463744,0.008272464,0.010798553,0.013324643,0.015850732,0.018376822,0.020902911,0.023429,0.02595509,0.02848118],"mean":-0.009145065,"std":0.024357423}
{"counts":[1,1,2,1,0,2,2,0,1,3,0,1,0,1,1,0,2,1,1,2,0,0,2,0,2,1,0,1,0,4],"wall_time":1.754172827567e9,"step":2,"max":0.028848058,"min":-0.048080087,"count":32,"bins":[-0.048080087,-0.045515817,-0.042951543,-0.040387273,-0.037823,-0.03525873,-0.03269446,-0.030130187,-0.027565915,-0.025001643,-0.022437371,-0.019873101,-0.01730883,-0.014744557,-0.012180286,-0.009616015,-0.007051743,-0.0044874717,-0.0019232001,0.00064107135,0.003205343,0.005769614,0.008333886,0.010898157,0.013462429,0.0160267,0.018590972,0.021155244,0.023719514,0.026283786,0.028848058],"mean":-0.009313666,"std":0.024494674}
{"counts":[1,1,2,1,0,2,2,0,1,3,0,1,0,1,0,1,2,1,1,2,0,0,1,1,2,1,0,1,0,4],"wall_time":1.754172828648e9,"step":3,"max":0.028705765,"min":-0.048748247,"count":32,"bins":[-0.048748247,-0.046166446,-0.043584645,-0.041002847,-0.038421046,-0.035839245,-0.033257443,-0.030675644,-0.028093845,-0.025512043,-0.022930244,-0.020348443,-0.017766643,-0.015184842,-0.012603042,-0.010021241,-0.007439441,-0.0048576407,-0.0022758401,0.00030596022,0.0028877605,0.005469561,0.008051361,0.010633162,0.013214963,0.015796762,0.018378563,0.020960363,0.023542164,0.026123963,0.028705765],"mean":-0.009444223,"std":0.024518454}
{"counts":[1,0,2,2,0,2,2,0,1,3,0,0,1,1,0,1,1,2,2,1,0,0,1,1,2,1,0,1,0,4],"wall_time":1.754172829733e9,"step":4,"max":0.029308286,"min":-0.049575325,"count":32,"bins":[-0.049575325,-0.04694587,-0.04431642,-0.041686963,-0.03905751,-0.036428057,-0.0337986,-0.03116915,-0.028539695,-0.025910242,-0.023280788,-0.020651335,-0.018021882,-0.015392427,-0.012762973,-0.01013352,-0.007504066,-0.004874612,-0.0022451587,0.00038429498,0.0030137487,0.0056432025,0.008272656,0.01090211,0.013531564,0.016161017,0.01879047,0.021419924,0.024049379,0.026678832,0.029308286],"mean":-0.009560749,"std":0.024715}
{"counts":[1,0,2,2,0,2,2,0,1,2,1,0,1,1,0,1,2,1,3,0,0,0,1,1,2,1,0,1,1,3],"wall_time":1.754172830831e9,"step":5,"max":0.030036688,"min":-0.050055917,"count":32,"bins":[-0.050055917,-0.047386162,-0.04471641,-0.04204666,-0.039376903,-0.036707148,-0.034037396,-0.031367645,-0.02869789,-0.026028136,-0.023358382,-0.020688629,-0.018018875,-0.015349122,-0.012679368,-0.010009615,-0.0073398612,-0.0046701077,-0.0020003542,0.0006693993,0.0033391528,0.0060089063,0.00867866,0.011348413,0.014018167,0.01668792,0.019357674,0.022027427,0.02469718,0.027366934,0.030036688],"mean":-0.009622202,"std":0.02488329}
