{"counts":[2,2,0,1,0,2,3,2,3,2,1,4,2,2,1,2,2,1,5,1,5,5,2,2,3,2,4,1,0,2],"wall_time":1.754172826385e9,"step":1,"max":0.041022874,"min":-0.034802906,"count":64,"bins":[-0.034802906,-0.03227538,-0.029747855,-0.027220327,-0.024692802,-0.022165276,-0.01963775,-0.017110225,-0.014582698,-0.012055172,-0.009527646,-0.00700012,-0.004472594,-0.0019450679,0.0005824581,0.003109984,0.00563751,0.008165036,0.010692562,0.013220089,0.015747614,0.01827514,0.020802666,0.023330193,0.025857719,0.028385244,0.03091277,0.033440296,0.035967823,0.038495347,0.041022874],"mean":0.0059752893,"std":0.019967753}
{"counts":[1,3,0,1,0,2,3,2,0,5,1,4,2,2,1,3,1,1,5,0,4,6,3,2,3,2,4,1,0,2],"wall_time":1.754172827562e9,"step":2,"max":0.041399777,"min":-0.035710286,"count":64,"bins":[-0.035710286,-0.03313995,-0.030569615,-0.02799928,-0.025428945,-0.022858609,-0.020288274,-0.017717939,-0.015147603,-0.012577267,-0.010006932,-0.0074365963,-0.004866261,-0.0022959255,0.00027440986,0.0028447453,0.0054150806,0.007985416,0.010555752,0.013126087,0.015696423,0.018266758,0.020837093,0.02340743,0.025977764,0.0285481,0.031118436,0.03368877,0.036259107,0.038829442,0.041399777],"mean":0.0061093317,"std":0.020205319}
{"counts":[1,3,0,1,0,2,3,1,1,5,1,3,4,1,0,4,1,2,4,0,5,5,3,2,4,2,3,1,0,2],"wall_time":1.754172828646e9,"step":3,"max":0.042228267,"min":-0.036067594,"count":64,"bins":[-0.036067594,-0.033457734,-0.03084787,-0.028238008,-0.025628146,-0.023018284,-0.020408422,-0.01779856,-0.015188698,-0.012578836,-0.009968974,-0.0073591117,-0.0047492497,-0.0021393877,0.00047047436,0.0030803364,0.0056901984,0.00830006,0.010909922,0.013519784,0.016129646,0.018739508,0.02134937,0.023959232,0.026569095,0.029178957,0.03178882,0.034398682,0.037008543,0.039618403,0.042228267],"mean":0.0062747216,"std":0.020386321}
{"counts":[1,3,0,1,0,1,4,1,3,3,1,4,3,1,0,4,1,3,3,0,6,4,4,1,4,2,3,1,0,2],"wall_time":1.754172829729e9,"step":4,"max":0.0427205,"min":-0.03579601,"count":64,"bins":[-0.03579601,-0.03317879,-0.030561576,-0.027944358,-0.02532714,-0.022709925,-0.020092707,-0.01747549,-0.014858273,-0.012241056,-0.0096238395,-0.0070066224,-0.0043894053,-0.0017721882,0.0008450287,0.0034622457,0.006079463,0.00869668,0.011313897,0.013931113,0.01654833,0.019165548,0.021782765,0.02439998,0.027017199,0.029634416,0.032251634,0.03486885,0.037486065,0.040103283,0.0427205],"mean":0.006420216,"std":0.020633407}
{"counts":[1,3,0,1,0,2,3,1,3,3,3,3,2,1,1,3,1,3,3,2,5,3,4,1,4,2,3,1,0,2],"wall_time":1.754172830831e9,"step":5,"max":0.043658588,"min":-0.035897546,"count":64,"bins":[-0.035897546,-0.033245675,-0.030593803,-0.027941933,-0.02529006,-0.02263819,-0.019986318,-0.017334448,-0.014682577,-0.012030706,-0.009378835,-0.006726963,-0.0040750923,-0.001423221,0.0012286502,0.0038805213,0.0065323925,0.009184264,0.011836135,0.014488006,0.017139876,0.019791748,0.022443619,0.02509549,0.027747361,0.030399233,0.033051103,0.035702974,0.038354848,0.041006718,0.043658588],"mean":0.006532312,"std":0.020820396}
