{"counts":[1,0,0,2,2,1,1,3,1,5,3,7,2,4,6,13,5,3,6,9,7,1,3,2,5,1,2,0,0,1],"wall_time":1.754172826405e9,"step":1,"max":0.372769,"min":-0.40523985,"count":96,"bins":[-0.40523985,-0.37930623,-0.3533726,-0.32743895,-0.30150533,-0.2755717,-0.24963808,-0.22370446,-0.19777082,-0.1718372,-0.14590357,-0.11996994,-0.09403631,-0.06810268,-0.042169053,-0.016235426,0.009698202,0.03563183,0.06156546,0.08749909,0.11343271,0.13936634,0.16529997,0.1912336,0.21716723,0.24310085,0.26903448,0.29496813,0.32090175,0.34683537,0.372769],"mean":0.003990485,"std":0.15117772}
{"counts":[1,0,0,2,2,1,1,3,1,5,3,7,2,4,6,13,5,3,5,10,7,1,3,2,5,1,2,0,0,1],"wall_time":1.754172827574e9,"step":2,"max":0.37258694,"min":-0.4049029,"count":96,"bins":[-0.4049029,-0.37898657,-0.35307026,-0.32715392,-0.30123758,-0.27532127,-0.24940494,-0.22348861,-0.19757228,-0.17165595,-0.14573963,-0.1198233,-0.09390697,-0.06799064,-0.04207431,-0.016157985,0.009758343,0.035674673,0.061591,0.08750733,0.11342365,0.13933998,0.1652563,0.19117264,0.21708897,0.24300529,0.2689216,0.29483795,0.3207543,0.3466706,0.37258694],"mean":0.0039962847,"std":0.15102997}
{"counts":[1,0,0,2,2,1,1,3,1,5,3,7,3,3,6,12,6,3,6,9,7,1,3,2,5,1,2,0,0,1],"wall_time":1.75417282865e9,"step":3,"max":0.37270778,"min":-0.40462446,"count":96,"bins":[-0.40462446,-0.3787134,-0.3528023,-0.32689124,-0.30098015,-0.2750691,-0.24915801,-0.22324693,-0.19733587,-0.17142479,-0.14551371,-0.119602636,-0.093691565,-0.06778049,-0.041869413,-0.015958339,0.009952736,0.03586381,0.061774887,0.08768596,0.113597035,0.13950811,0.16541919,0.19133025,0.21724133,0.24315241,0.26906347,0.29497457,0.32088563,0.34679672,0.37270778],"mean":0.004007007,"std":0.15088141}
{"counts":[1,0,0,2,2,1,1,3,1,5,3,7,3,3,6,12,6,3,5,10,7,1,3,2,5,1,2,0,0,1],"wall_time":1.754172829733e9,"step":4,"max":0.37237254,"min":-0.40466446,"count":96,"bins":[-0.40466446,-0.37876323,-0.352862,-0.32696077,-0.3010595,-0.2751583,-0.24925706,-0.22335583,-0.19745459,-0.17155336,-0.14565213,-0.119750895,-0.09384966,-0.06794842,-0.04204719,-0.01614596,0.009755273,0.035656508,0.06155774,0.087458976,0.113360204,0.13926144,0.16516267,0.19106391,0.21696514,0.24286637,0.2687676,0.29466882,0.32057008,0.3464713,0.37237254],"mean":0.00401902,"std":0.15070537}
{"counts":[1,0,0,2,2,1,1,3,1,5,3,8,2,4,5,12,6,3,5,10,7,1,3,2,5,1,2,0,0,1],"wall_time":1.754172830834e9,"step":5,"max":0.3721253,"min":-0.40442413,"count":96,"bins":[-0.40442413,-0.37853914,-0.35265416,-0.32676917,-0.30088422,-0.27499923,-0.24911425,-0.22322926,-0.19734429,-0.1714593,-0.14557432,-0.11968934,-0.09380436,-0.06791938,-0.0420344,-0.016149417,0.009735565,0.035620544,0.061505526,0.087390505,0.11327549,0.13916047,0.16504546,0.19093043,0.21681541,0.2427004,0.26858538,0.29447037,0.32035533,0.3462403,0.3721253],"mean":0.004028099,"std":0.1505691}
