{"counts":[1,1,2,1,1,3,0,0,4,0,0,1,0,1,0,2,3,1,1,0,0,1,1,2,1,0,1,0,1,3],"wall_time":1.754172826401e9,"step":1,"max":0.031622615,"min":-0.046524357,"count":32,"bins":[-0.046524357,-0.04391946,-0.041314557,-0.03870966,-0.03610476,-0.033499863,-0.030894963,-0.028290063,-0.025685165,-0.023080265,-0.020475367,-0.017870467,-0.015265568,-0.012660669,-0.01005577,-0.007450871,-0.004845972,-0.002241073,0.000363826,0.002968725,0.0055736243,0.008178523,0.010783422,0.013388322,0.01599322,0.018598119,0.021203019,0.023807917,0.026412817,0.029017715,0.031622615],"mean":-0.008542152,"std":0.024405036}
{"counts":[1,1,2,1,1,2,1,0,4,0,0,0,1,1,0,2,3,1,1,0,0,1,1,2,1,0,1,0,1,3],"wall_time":1.754172827572e9,"step":2,"max":0.031706978,"min":-0.04725486,"count":32,"bins":[-0.04725486,-0.044622798,-0.04199074,-0.039358675,-0.036726616,-0.034094553,-0.031462494,-0.028830431,-0.02619837,-0.02356631,-0.020934248,-0.018302187,-0.015670124,-0.013038064,-0.010406002,-0.0077739414,-0.00514188,-0.0025098189,0.00012224242,0.0027543036,0.005386365,0.008018427,0.010650488,0.013282549,0.01591461,0.01854667,0.021178732,0.023810795,0.026442856,0.029074917,0.031706978],"mean":-0.00869527,"std":0.02455721}
{"counts":[1,1,1,2,0,2,2,0,4,0,0,0,1,1,0,2,3,1,1,0,0,1,1,1,2,0,1,0,1,3],"wall_time":1.75417282865e9,"step":3,"max":0.03163034,"min":-0.047930054,"count":32,"bins":[-0.047930054,-0.045278043,-0.042626027,-0.039974015,-0.037322003,-0.034669988,-0.032017976,-0.029365962,-0.026713949,-0.024061935,-0.021409923,-0.01875791,-0.016105896,-0.013453883,-0.010801869,-0.008149857,-0.0054978435,-0.0028458303,-0.00019381716,0.002458196,0.0051102093,0.0077622226,0.010414235,0.013066249,0.015718263,0.018370274,0.021022288,0.023674302,0.026326315,0.028978327,0.03163034],"mean":-0.008823546,"std":0.024598533}
{"counts":[1,1,1,2,0,2,2,0,4,0,0,0,1,1,0,2,3,1,0,1,0,1,1,1,2,0,1,0,1,3],"wall_time":1.754172829733e9,"step":4,"max":0.031559296,"min":-0.048765704,"count":32,"bins":[-0.048765704,-0.046088204,-0.043410704,-0.040733203,-0.038055703,-0.035378203,-0.032700703,-0.030023204,-0.027345704,-0.024668204,-0.021990703,-0.019313203,-0.016635705,-0.013958204,-0.011280704,-0.008603204,-0.0059257043,-0.003248204,-0.00057070405,0.002106796,0.004784296,0.007461796,0.010139296,0.012816796,0.015494296,0.018171797,0.020849297,0.023526795,0.026204295,0.028881796,0.031559296],"mean":-0.008945327,"std":0.024808625}
{"counts":[1,1,1,2,0,2,2,0,3,1,0,0,1,0,1,1,4,1,0,1,0,1,1,1,2,0,1,0,1,3],"wall_time":1.754172830833e9,"step":5,"max":0.031469576,"min":-0.04929316,"count":32,"bins":[-0.04929316,-0.04660107,-0.04390898,-0.041216888,-0.038524795,-0.035832703,-0.033140615,-0.030448522,-0.02775643,-0.02506434,-0.022372248,-0.019680157,-0.016988065,-0.014295975,-0.0116038835,-0.008911792,-0.006219701,-0.0035276099,-0.0008355185,0.0018565727,0.0045486637,0.007240755,0.009932847,0.012624937,0.015317028,0.01800912,0.020701211,0.023393303,0.026085394,0.028777486,0.031469576],"mean":-0.009008143,"std":0.024999928}
