{"counts":[1,0,1,0,0,1,0,1,4,4,4,10,7,8,11,9,7,8,5,1,1,1,2,4,3,0,1,1,0,1],"wall_time":1.754172185626e9,"step":1,"max":0.48473307,"min":-0.49963143,"count":96,"bins":[-0.49963143,-0.4668193,-0.43400714,-0.401195,-0.36838284,-0.3355707,-0.30275854,-0.2699464,-0.23713423,-0.20432208,-0.17150994,-0.13869779,-0.10588563,-0.073073484,-0.040261332,-0.00744918,0.02536297,0.05817512,0.09098727,0.12379942,0.15661158,0.18942373,0.22223587,0.25504804,0.28786018,0.32067233,0.35348448,0.38629663,0.41910878,0.45192093,0.48473307],"mean":-0.0042713885,"std":0.16932468}
{"counts":[1,0,1,0,0,1,0,1,4,3,7,8,8,9,10,8,7,8,5,1,1,1,2,5,2,0,1,1,0,1],"wall_time":1.754172186826e9,"step":2,"max":0.4830128,"min":-0.48875588,"count":96,"bins":[-0.48875588,-0.4563636,-0.4239713,-0.391579,-0.35918674,-0.32679445,-0.29440215,-0.26200986,-0.22961757,-0.19722527,-0.164833,-0.1324407,-0.10004841,-0.06765612,-0.035263833,-0.0028715432,0.029520746,0.061913036,0.09430532,0.12669761,0.15908991,0.19148219,0.22387448,0.25626677,0.28865907,0.32105136,0.35344365,0.38583592,0.4182282,0.4506205,0.4830128],"mean":-0.0040202267,"std":0.16629393}
{"counts":[1,0,1,0,0,1,0,1,4,3,7,7,10,10,7,10,6,8,6,0,1,1,2,5,2,0,2,0,0,1],"wall_time":1.754172187914e9,"step":3,"max":0.47945917,"min":-0.48243287,"count":96,"bins":[-0.48243287,-0.4503698,-0.41830674,-0.38624367,-0.3541806,-0.32211754,-0.29005447,-0.2579914,-0.22592832,-0.19386525,-0.16180219,-0.12973912,-0.09767605,-0.06561299,-0.03354992,-0.0014868528,0.030576216,0.06263928,0.09470235,0.12676542,0.15882848,0.19089155,0.22295462,0.2550177,0.28708076,0.31914383,0.3512069,0.38326997,0.41533303,0.4473961,0.47945917],"mean":-0.0038342308,"std":0.16416393}
{"counts":[1,0,1,0,0,1,0,3,2,6,6,8,8,11,5,11,5,8,6,0,2,0,3,5,1,0,1,1,0,1],"wall_time":1.754172189092e9,"step":4,"max":0.47392088,"min":-0.4709769,"count":96,"bins":[-0.4709769,-0.4394803,-0.4079837,-0.3764871,-0.34499052,-0.31349394,-0.28199732,-0.25050074,-0.21900415,-0.18750755,-0.15601097,-0.12451437,-0.09301778,-0.061521187,-0.030024596,0.0014719963,0.03296859,0.06446518,0.09596177,0.12745836,0.15895496,0.19045155,0.22194815,0.25344473,0.28494132,0.31643793,0.3479345,0.3794311,0.41092768,0.4424243,0.47392088],"mean":-0.003680762,"std":0.16219226}
{"counts":[1,0,1,0,1,0,0,3,3,6,5,8,9,12,5,9,8,6,5,0,2,0,4,3,2,0,2,0,0,1],"wall_time":1.75417219033e9,"step":5,"max":0.47025266,"min":-0.45638433,"count":96,"bins":[-0.45638433,-0.42549643,-0.39460853,-0.36372063,-0.33283272,-0.30194482,-0.27105692,-0.24016903,-0.20928113,-0.17839323,-0.14750533,-0.116617434,-0.08572953,-0.054841634,-0.023953736,0.0069341627,0.03782206,0.06870996,0.09959786,0.13048576,0.16137366,0.19226156,0.22314946,0.25403735,0.28492525,0.31581315,0.34670106,0.37758896,0.40847686,0.43936476,0.47025266],"mean":-0.003514488,"std":0.15998733}
{"counts":[1,0,1,0,1,0,0,4,2,6,6,8,10,10,5,10,7,6,5,0,2,0,4,3,2,0,2,0,0,1],"wall_time":1.754172191437e9,"step":6,"max":0.4680306,"min":-0.45128742,"count":96,"bins":[-0.45128742,-0.42064348,-0.38999954,-0.35935563,-0.3287117,-0.29806775,-0.2674238,-0.23677988,-0.20613594,-0.17549202,-0.14484808,-0.114204146,-0.08356021,-0.052916277,-0.022272343,0.008371592,0.039015524,0.06965946,0.1003034,0.13094732,0.16159126,0.1922352,0.22287913,0.25352305,0.284167,0.31481093,0.34545487,0.3760988,0.40674272,0.43738666,0.4680306],"mean":-0.0034186922,"std":0.15873033}
{"counts":[1,0,1,0,1,0,1,3,4,5,5,9,10,9,8,7,8,6,4,1,1,0,4,3,2,0,1,1,0,1],"wall_time":1.754172192546e9,"step":7,"max":0.4658247,"min":-0.4414774,"count":96,"bins":[-0.4414774,-0.411234,-0.3809906,-0.35074717,-0.32050377,-0.29026037,-0.26001698,-0.22977357,-0.19953017,-0.16928676,-0.13904336,-0.10879996,-0.07855655,-0.048313152,-0.01806975,0.012173653,0.042417057,0.07266046,0.10290386,0.13314727,0.16339067,0.19363406,0.22387747,0.2541209,0.28436428,0.31460768,0.34485108,0.37509447,0.4053379,0.4355813,0.4658247],"mean":-0.0033144269,"std":0.15735608}
{"counts":[1,0,1,0,1,0,0,4,4,5,6,10,9,9,8,7,7,6,4,2,0,0,4,4,1,0,1,1,0,1],"wall_time":1.754172193633e9,"step":8,"max":0.46371266,"min":-0.43694913,"count":96,"bins":[-0.43694913,-0.40692708,-0.37690502,-0.34688294,-0.31686088,-0.28683883,-0.25681677,-0.22679472,-0.19677265,-0.1667506,-0.13672854,-0.10670648,-0.076684415,-0.046662357,-0.016640296,0.013381764,0.043403823,0.07342588,0.103447944,0.13347,0.16349207,0.19351412,0.22353618,0.25355825,0.2835803,0.31360236,0.3436244,0.37364647,0.40366855,0.4336906,0.46371266],"mean":-0.0032305003,"std":0.15618178}
{"counts":[1,0,1,0,1,0,0,3,5,5,6,10,9,8,9,7,7,6,4,2,0,0,4,4,1,0,1,1,0,1],"wall_time":1.754172194828e9,"step":9,"max":0.45900914,"min":-0.43232468,"count":96,"bins":[-0.43232468,-0.40261355,-0.37290242,-0.3431913,-0.31348017,-0.28376904,-0.2540579,-0.22434679,-0.19463566,-0.16492453,-0.1352134,-0.10550228,-0.07579115,-0.046080023,-0.016368896,0.0133422315,0.04305336,0.072764486,0.10247561,0.13218674,0.16189787,0.191609,0.22132012,0.25103125,0.28074238,0.3104535,0.34016463,0.36987576,0.3995869,0.429298,0.45900914],"mean":-0.0031397026,"std":0.15486847}
{"counts":[1,0,1,0,1,0,0,3,6,4,8,9,8,9,9,6,7,8,2,2,0,0,5,4,0,0,1,1,0,1],"wall_time":1.754172195956e9,"step":10,"max":0.46114188,"min":-0.42744094,"count":96,"bins":[-0.42744094,-0.39782152,-0.3682021,-0.33858266,-0.30896324,-0.2793438,-0.24972437,-0.22010495,-0.19048552,-0.1608661,-0.13124667,-0.10162724,-0.07200781,-0.042388383,-0.012768956,0.016850471,0.0464699,0.07608933,0.105708756,0.13532819,0.16494761,0.19456704,0.22418647,0.2538059,0.28342533,0.31304476,0.34266418,0.3722836,0.40190303,0.43152246,0.46114188],"mean":-0.0031064197,"std":0.1542476}
{"counts":[1,0,1,0,1,0,1,3,6,3,9,10,7,8,9,7,6,8,2,2,0,1,3,5,0,0,1,1,0,1],"wall_time":1.754172197092e9,"step":11,"max":0.46071744,"min":-0.4225963,"count":96,"bins":[-0.4225963,-0.3931525,-0.36370873,-0.33426493,-0.30482113,-0.27537733,-0.24593356,-0.21648976,-0.18704598,-0.15760218,-0.12815839,-0.0987146,-0.069270805,-0.039827015,-0.010383224,0.019060567,0.04850436,0.07794815,0.10739194,0.13683574,0.16627952,0.19572331,0.22516711,0.2546109,0.2840547,0.3134985,0.34294227,0.37238607,0.40182987,0.43127364,0.46071744],"mean":-0.0030671845,"std":0.15356271}
{"counts":[1,0,0,1,1,0,0,3,5,5,8,10,7,9,9,5,8,7,3,2,0,0,4,4,1,0,1,1,0,1],"wall_time":1.754172198323e9,"step":12,"max":0.45532173,"min":-0.4222695,"count":96,"bins":[-0.4222695,-0.39301646,-0.36376342,-0.3345104,-0.30525732,-0.27600428,-0.24675125,-0.21749821,-0.18824516,-0.15899213,-0.12973909,-0.10048605,-0.071233004,-0.041979965,-0.0127269225,0.016526118,0.045779157,0.0750322,0.10428524,0.13353828,0.16279133,0.19204436,0.2212974,0.25055045,0.27980348,0.30905652,0.33830956,0.3675626,0.39681566,0.4260687,0.45532173],"mean":-0.0030289597,"std":0.15280648}
{"counts":[1,0,0,1,1,0,0,3,4,6,8,9,9,7,11,3,9,6,4,1,1,1,3,4,1,0,1,1,0,1],"wall_time":1.754172199713e9,"step":13,"max":0.4534036,"min":-0.4216219,"count":96,"bins":[-0.4216219,-0.3924544,-0.36328685,-0.33411935,-0.30495182,-0.2757843,-0.2466168,-0.21744928,-0.18828176,-0.15911424,-0.12994672,-0.10077921,-0.071611695,-0.04244418,-0.013276665,0.015890852,0.045058366,0.07422588,0.1033934,0.13256091,0.16172843,0.19089594,0.22006346,0.24923098,0.27839848,0.30756602,0.33673352,0.36590105,0.39506856,0.4242361,0.4534036],"mean":-0.0030059025,"std":0.1523272}
{"counts":[1,0,1,0,1,0,0,3,5,5,6,10,9,8,9,7,7,6,4,2,0,0,4,4,1,0,1,1,0,1],"wall_time":1.754172201541e9,"step":14,"max":0.45900914,"min":-0.43232468,"count":96,"bins":[-0.43232468,-0.40261355,-0.37290242,-0.3431913,-0.31348017,-0.28376904,-0.2540579,-0.22434679,-0.19463566,-0.16492453,-0.1352134,-0.10550228,-0.07579115,-0.046080023,-0.016368896,0.0133422315,0.04305336,0.072764486,0.10247561,0.13218674,0.16189787,0.191609,0.22132012,0.25103125,0.28074238,0.3104535,0.34016463,0.36987576,0.3995869,0.429298,0.45900914],"mean":-0.0031397026,"std":0.15486847}
