{"counts":[1,2,0,0,2,2,1,3,5,2,4,4,3,3,5,1,2,1,2,1,2,3,5,1,2,1,2,2,0,2],"wall_time":1.754172185611e9,"step":1,"max":0.0149304345,"min":-0.012760111,"count":64,"bins":[-0.012760111,-0.011837093,-0.010914075,-0.009991056,-0.009068038,-0.00814502,-0.007222002,-0.006298984,-0.0053759655,-0.0044529475,-0.0035299293,-0.0026069111,-0.0016838929,-0.00076087465,0.00016214351,0.0010851617,0.00200818,0.002931198,0.0038542163,0.0047772345,0.0057002525,0.006623271,0.007546289,0.008469307,0.009392326,0.010315344,0.011238362,0.01216138,0.013084399,0.014007417,0.0149304345],"mean":0.0010994041,"std":0.006885513}
{"counts":[1,0,0,0,1,2,0,3,2,2,4,4,5,7,5,0,3,5,2,1,2,3,0,3,2,5,1,0,0,1],"wall_time":1.754172186796e9,"step":2,"max":0.027542774,"min":-0.022819528,"count":64,"bins":[-0.022819528,-0.021140784,-0.019462042,-0.0177833,-0.016104555,-0.014425811,-0.012747068,-0.011068325,-0.009389581,-0.0077108378,-0.0060320944,-0.004353351,-0.0026746076,-0.0009958642,0.00068287924,0.0023616226,0.004040366,0.0057191094,0.007397853,0.009076596,0.01075534,0.012434083,0.014112826,0.015791569,0.017470313,0.019149058,0.0208278,0.022506543,0.024185287,0.025864031,0.027542774],"mean":0.003254274,"std":0.010633761}
{"counts":[1,0,0,0,1,2,0,1,1,0,6,3,7,6,5,3,3,5,2,4,0,1,2,3,2,1,1,2,1,1],"wall_time":1.754172187909e9,"step":3,"max":0.032954756,"min":-0.029404989,"count":64,"bins":[-0.029404989,-0.02732633,-0.025247673,-0.023169015,-0.021090357,-0.019011699,-0.016933039,-0.014854382,-0.012775723,-0.010697065,-0.008618407,-0.006539749,-0.0044610905,-0.0023824326,-0.00030377432,0.0017748838,0.003853542,0.0059322002,0.008010859,0.010089517,0.012168175,0.014246833,0.01632549,0.018404149,0.020482806,0.022561464,0.024640124,0.026718782,0.02879744,0.030876098,0.032954756],"mean":0.0038455212,"std":0.012949729}
{"counts":[1,0,0,1,0,0,2,0,2,0,3,5,3,8,5,7,3,3,3,3,3,3,1,2,0,2,2,0,0,2],"wall_time":1.754172189066e9,"step":4,"max":0.043159284,"min":-0.0388025,"count":64,"bins":[-0.0388025,-0.03607044,-0.033338383,-0.030606322,-0.027874263,-0.025142204,-0.022410143,-0.019678084,-0.016946025,-0.014213965,-0.011481906,-0.008749846,-0.006017787,-0.0032857275,-0.00055366807,0.0021783914,0.004910451,0.0076425103,0.01037457,0.013106629,0.015838688,0.01857075,0.021302808,0.024034867,0.026766926,0.029498987,0.032231044,0.034963105,0.037695166,0.040427223,0.043159284],"mean":0.0050386325,"std":0.01613718}
{"counts":[1,0,0,1,0,0,1,0,5,0,4,2,4,6,4,7,6,3,2,3,3,2,1,2,1,1,3,0,0,2],"wall_time":1.754172190304e9,"step":5,"max":0.051552203,"min":-0.04567468,"count":64,"bins":[-0.04567468,-0.042433787,-0.03919289,-0.035951994,-0.032711096,-0.029470202,-0.026229305,-0.022988409,-0.019747512,-0.016506616,-0.013265721,-0.010024824,-0.006783928,-0.0035430319,-0.00030213568,0.0029387604,0.0061796564,0.009420552,0.012661449,0.015902344,0.01914324,0.022384137,0.025625033,0.02886593,0.032106824,0.035347722,0.038588617,0.041829515,0.04507041,0.048311308,0.051552203],"mean":0.0061613885,"std":0.019334266}
{"counts":[1,0,0,1,0,0,1,3,4,0,3,3,3,5,9,3,3,4,6,0,2,3,2,0,0,4,2,0,0,2],"wall_time":1.754172191433e9,"step":6,"max":0.05483813,"min":-0.04678846,"count":64,"bins":[-0.04678846,-0.04340091,-0.040013354,-0.036625803,-0.03323825,-0.029850697,-0.026463144,-0.02307559,-0.019688038,-0.016300485,-0.012912932,-0.009525378,-0.0061378255,-0.0027502726,0.00063728046,0.0040248334,0.0074123866,0.01079994,0.014187492,0.017575046,0.020962598,0.024350151,0.027737705,0.031125257,0.03451281,0.037900362,0.041287918,0.04467547,0.04806302,0.051450577,0.05483813],"mean":0.0068120053,"std":0.021144014}
{"counts":[1,0,0,1,0,0,2,2,3,2,0,5,3,2,7,5,5,3,4,2,3,2,1,1,2,2,1,4,0,1],"wall_time":1.754172192528e9,"step":7,"max":0.057039965,"min":-0.050337248,"count":64,"bins":[-0.050337248,-0.046758007,-0.043178767,-0.039599527,-0.036020286,-0.032441046,-0.028861806,-0.025282566,-0.021703323,-0.018124083,-0.014544844,-0.010965603,-0.0073863626,-0.0038071221,-0.00022788173,0.0033513587,0.006930599,0.010509839,0.01408908,0.01766832,0.02124756,0.0248268,0.02840604,0.031985283,0.035564523,0.039143763,0.042723004,0.046302244,0.049881484,0.053460725,0.057039965],"mean":0.007834525,"std":0.022837682}
{"counts":[1,0,0,1,0,0,1,2,0,3,3,2,3,5,3,2,11,2,5,2,4,0,1,3,1,1,3,1,2,2],"wall_time":1.754172193631e9,"step":8,"max":0.057462916,"min":-0.054504182,"count":64,"bins":[-0.054504182,-0.050771944,-0.04703971,-0.043307472,-0.039575234,-0.035843,-0.03211076,-0.028378526,-0.02464629,-0.020914054,-0.017181816,-0.0134495795,-0.009717343,-0.0059851063,-0.0022528698,0.0014793668,0.0052116034,0.00894384,0.012676077,0.016408313,0.02014055,0.023872787,0.027605023,0.03133726,0.035069495,0.038801733,0.042533968,0.046266206,0.049998444,0.053730678,0.057462916],"mean":0.008557645,"std":0.02402959}
{"counts":[1,0,0,0,1,0,0,2,1,2,3,3,3,4,3,7,5,5,4,2,3,1,3,0,2,1,2,5,0,1],"wall_time":1.754172194808e9,"step":9,"max":0.06026551,"min":-0.057944722,"count":64,"bins":[-0.057944722,-0.054004382,-0.05006404,-0.0461237,-0.04218336,-0.038243018,-0.034302674,-0.030362334,-0.026421994,-0.022481652,-0.018541312,-0.01460097,-0.010660629,-0.0067202877,-0.0027799467,0.0011603944,0.0051007355,0.0090410765,0.012981418,0.016921759,0.0208621,0.02480244,0.028742783,0.032683123,0.036623463,0.040563807,0.044504147,0.048444487,0.052384827,0.05632517,0.06026551],"mean":0.009072864,"std":0.024422094}
{"counts":[1,0,0,1,0,0,0,1,3,2,2,3,6,3,3,3,7,4,3,2,4,3,2,0,1,1,1,3,4,1],"wall_time":1.754172195937e9,"step":10,"max":0.061028447,"min":-0.05916622,"count":64,"bins":[-0.05916622,-0.05515973,-0.051153243,-0.047146752,-0.043140262,-0.039133776,-0.035127286,-0.031120798,-0.027114308,-0.02310782,-0.019101331,-0.015094842,-0.011088353,-0.007081864,-0.003075375,0.00093111396,0.0049376027,0.008944091,0.012950581,0.016957069,0.020963559,0.024970047,0.028976535,0.032983024,0.036989514,0.040996004,0.04500249,0.04900898,0.05301547,0.057021957,0.061028447],"mean":0.00937792,"std":0.02632674}
{"counts":[1,0,0,1,0,0,3,1,2,2,3,5,2,2,5,5,4,4,3,2,3,3,2,1,1,0,2,2,2,3],"wall_time":1.754172197077e9,"step":11,"max":0.06333427,"min":-0.05677148,"count":64,"bins":[-0.05677148,-0.052767955,-0.04876443,-0.044760905,-0.04075738,-0.036753856,-0.03275033,-0.028746804,-0.02474328,-0.020739755,-0.01673623,-0.012732704,-0.008729179,-0.004725654,-0.00072212913,0.0032813959,0.007284921,0.011288446,0.015291971,0.019295497,0.023299022,0.027302546,0.03130607,0.035309598,0.039313123,0.043316647,0.047320172,0.051323697,0.05532722,0.059330747,0.06333427],"mean":0.00948512,"std":0.02730871}
{"counts":[1,0,0,0,1,2,0,2,2,2,4,6,0,3,5,7,2,4,3,1,4,2,3,0,1,2,1,2,2,2],"wall_time":1.754172198308e9,"step":12,"max":0.06771819,"min":-0.060529813,"count":64,"bins":[-0.060529813,-0.05625488,-0.051979948,-0.047705013,-0.04343008,-0.039155144,-0.034880213,-0.030605279,-0.026330344,-0.022055412,-0.017780477,-0.0135055445,-0.009230611,-0.0049556773,-0.00068074366,0.0035941899,0.0078691235,0.012144057,0.01641899,0.020693924,0.024968857,0.029243791,0.033518724,0.03779366,0.042068593,0.046343524,0.05061846,0.054893393,0.059168328,0.06344326,0.06771819],"mean":0.009174581,"std":0.028755344}
{"counts":[1,0,0,0,1,1,1,1,3,2,4,5,2,1,7,6,3,2,3,2,4,4,0,1,1,2,3,0,2,2],"wall_time":1.754172199709e9,"step":13,"max":0.070501335,"min":-0.063599035,"count":64,"bins":[-0.063599035,-0.059129022,-0.05465901,-0.050189,-0.045718987,-0.041248973,-0.03677896,-0.032308947,-0.027838936,-0.023368925,-0.018898912,-0.0144289,-0.0099588875,-0.005488875,-0.0010188625,0.00345115,0.007921162,0.012391174,0.016861187,0.021331199,0.025801212,0.030271225,0.034741238,0.039211247,0.04368126,0.048151273,0.052621286,0.0570913,0.06156131,0.06603132,0.070501335],"mean":0.009146267,"std":0.029527895}
{"counts":[1,0,0,0,1,0,0,2,1,2,3,3,3,4,3,7,5,5,4,2,3,1,3,0,2,1,2,5,0,1],"wall_time":1.754172201538e9,"step":14,"max":0.06026551,"min":-0.057944722,"count":64,