{"counts":[1,0,3,2,9,14,21,41,49,79,106,134,169,169,184,166,148,175,163,119,91,71,51,34,23,8,8,6,3,1],"wall_time":1.754172185613e9,"step":1,"max":0.42213118,"min":-0.44170535,"count":2048,"bins":[-0.44170535,-0.4129108,-0.38411623,-0.3553217,-0.32652715,-0.2977326,-0.26893803,-0.2401435,-0.21134894,-0.1825544,-0.15375984,-0.12496529,-0.09617074,-0.06737618,-0.038581632,-0.009787083,0.019007469,0.04780202,0.07659657,0.10539112,0.13418567,0.16298023,0.19177477,0.22056933,0.24936387,0.27815843,0.30695298,0.33574754,0.36454207,0.39333662,0.42213118],"mean":0.0010864869,"std":0.12553528}
{"counts":[1,0,4,1,8,17,20,35,55,62,111,123,164,164,180,172,136,178,171,130,96,68,64,26,30,14,4,10,3,1],"wall_time":1.754172186804e9,"step":2,"max":0.41197485,"min":-0.44517964,"count":2048,"bins":[-0.44517964,-0.41660783,-0.388036,-0.3594642,-0.33089238,-0.30232057,-0.27374876,-0.24517693,-0.21660511,-0.1880333,-0.15946148,-0.13088967,-0.10231785,-0.07374603,-0.045174215,-0.016602397,0.011969419,0.040541235,0.06911305,0.09768487,0.12625669,0.1548285,0.18340032,0.21197213,0.24054395,0.26911578,0.2976876,0.3262594,0.35483122,0.38340303,0.41197485],"mean":-0.0007767839,"std":0.12600724}
{"counts":[1,0,4,1,8,16,19,31,62,61,107,116,166,155,185,161,148,172,165,135,104,69,60,33,33,17,4,11,1,3],"wall_time":1.75417218791e9,"step":3,"max":0.40538317,"min":-0.44605902,"count":2048,"bins":[-0.44605902,-0.4176776,-0.3892962,-0.3609148,-0.3325334,-0.30415198,-0.27577057,-0.24738917,-0.21900778,-0.19062637,-0.16224496,-0.13386355,-0.105482146,-0.07710074,-0.04871933,-0.020337924,0.008043482,0.036424886,0.0648063,0.0931877,0.121569104,0.14995052,0.17833193,0.20671332,0.23509473,0.26347613,0.29185754,0.32023895,0.34862036,0.37700176,0.40538317],"mean":-0.001858294,"std":0.12627806}
{"counts":[1,0,4,1,9,17,18,35,57,65,109,113,169,159,187,162,142,181,159,132,101,71,58,30,35,14,5,11,1,2],"wall_time":1.754172189073e9,"step":4,"max":0.40682352,"min":-0.44608536,"count":2048,"bins":[-0.44608536,-0.41765508,-0.38922477,-0.36079448,-0.33236417,-0.3039339,-0.27550358,-0.2470733,-0.218643,-0.1902127,-0.1617824,-0.1333521,-0.10492181,-0.07649151,-0.048061218,-0.019630924,0.008799372,0.03722967,0.06565996,0.09409026,0.12252056,0.15095085,0.17938115,0.20781144,0.23624174,0.26467204,0.29310232,0.32153264,0.34996292,0.37839323,0.40682352],"mean":-0.0029442576,"std":0.12656541}
{"counts":[1,0,3,2,11,17,17,34,58,72,103,108,167,160,188,157,147,173,161,137,105,69,59,32,35,13,5,9,3,2],"wall_time":1.754172190311e9,"step":5,"max":0.4038737,"min":-0.4463338,"count":2048,"bins":[-0.4463338,-0.41799355,-0.3896533,-0.36131305,-0.3329728,-0.30463254,-0.2762923,-0.24795204,-0.2196118,-0.19127154,-0.1629313,-0.13459104,-0.10625079,-0.07791054,-0.049570292,-0.021230042,0.0071102083,0.03545046,0.06379071,0.09213096,0.12047121,0.14881146,0.17715171,0.20549196,0.23383221,0.26217246,0.2905127,0.31885296,0.3471932,0.37553346,0.4038737],"mean":-0.004015957,"std":0.1268267}
{"counts":[1,1,2,2,10,16,21,34,61,73,103,115,168,156,188,154,151,174,164,133,93,71,59,34,31,14,6,10,1,2],"wall_time":1.754172191434e9,"step":6,"max":0.40588313,"min":-0.44583884,"count":2048,"bins":[-0.44583884,-0.4174481,-0.38905737,-0.36066663,-0.3322759,-0.3038852,-0.27549446,-0.2471037,-0.21871299,-0.19032225,-0.16193151,-0.13354078,-0.10515005,-0.076759316,-0.048368584,-0.019977853,0.00841288,0.03680361,0.065194346,0.093585074,0.12197581,0.15036654,0.17875728,0.207148,0.23553874,0.26392946,0.2923202,0.32071093,0.34910166,0.3774924,0.40588313],"mean":-0.0044112075,"std":0.12698221}
{"counts":[1,1,3,1,10,17,19,37,63,72,108,113,180,152,188,150,161,172,174,118,92,69,55,33,29,12,5,10,1,2],"wall_time":1.754172192532e9,"step":7,"max":0.4108237,"min":-0.44723636,"count":2048,"bins":[-0.44723636,-0.41863436,-0.39003235,-0.36143035,-0.33282834,-0.30422634,-0.27562433,-0.24702235,-0.21842034,-0.18981834,-0.16121633,-0.13261433,-0.10401233,-0.07541033,-0.04680833,-0.018206328,0.010395674,0.038997676,0.06759968,0.09620168,0.124803685,0.15340568,0.18200769,0.21060969,0.2392117,0.26781368,0.2964157,0.3250177,0.3536197,0.3822217,0.4108237],"mean":-0.0051722517,"std":0.12716015}
{"counts":[1,1,3,2,10,19,24,39,65,76,108,131,166,172,169,155,161,173,165,122,77,76,45,33,29,8,8,7,1,2],"wall_time":1.754172193631e9,"step":8,"max":0.41402483,"min":-0.4421615,"count":2048,"bins":[-0.4421615,-0.41362196,-0.38508242,-0.35654286,-0.32800332,-0.29946378,-0.27092424,-0.24238469,-0.21384515,-0.1853056,-0.15676606,-0.12822652,-0.099686965,-0.07114743,-0.04260788,-0.014068335,0.014471209,0.043010753,0.071550295,0.10008984,0.12862939,0.15716892,0.18570848,0.21424802,0.24278757,0.2713271,0.29986665,0.32840618,0.35694575,0.3854853,0.41402483],"mean":-0.005860805,"std":0.12730789}
{"counts":[1,2,2,3,10,18,26,40,66,83,113,129,158,172,172,151,171,167,165,120,82,66,47,33,26,8,8,6,1,2],"wall_time":1.754172194813e9,"step":9,"max":0.41655445,"min":-0.4413114,"count":2048,"bins":[-0.4413114,-0.41271585,-0.38412035,-0.3555248,-0.32692927,-0.29833373,-0.26973823,-0.24114269,-0.21254717,-0.18395163,-0.15535611,-0.12676059,-0.09816505,-0.06956953,-0.040974,-0.012378469,0.016217059,0.044812586,0.07340811,0.10200364,0.13059917,0.1591947,0.18779023,0.21638575,0.24498129,0.2735768,0.30217233,0.33076787,0.3593634,0.3879589,0.41655445],"mean":-0.006332564,"std":0.12746781}
{"counts":[1,3,2,6,10,18,29,55,67,85,112,140,160,175,170,152,166,171,150,110,83,61,46,30,23,8,7,5,1,2],"wall_time":1.754172195941e9,"step":10,"max":0.42148158,"min":-0.4338287,"count":2048,"bins":[-0.4338287,-0.40531838,-0.37680802,-0.3482977,-0.31978735,-0.291277,-0.26276666,-0.23425631,-0.20574597,-0.17723562,-0.14872529,-0.12021494,-0.09170459,-0.06319425,-0.03468391,-0.006173566,0.022336777,0.05084712,0.07935746,0.10786781,0.13637815,0.16488849,0.19339883,0.22190918,0.25041953,0.27892986,0.30744022,0.33595055,0.3644609,0.39297125,0.42148158],"mean":-0.006373435,"std":0.12754041}
{"counts":[1,3,2,5,11,20,25,60,66,82,111,141,165,174,172,151,166,173,150,104,89,56,46,30,23,7,7,6,0,2],"wall_time":1.754172197081e9,"step":11,"max":0.4241211,"min":-0.43551937,"count":2048,"bins":[-0.43551937,-0.40686467,-0.37821,-0.3495553,-0.32090065,-0.29224595,-0.26359126,-0.2349366,-0.2062819,-0.17762722,-0.14897254,-0.12031786,-0.091663174,-0.063008495,-0.03435381,-0.005699128,0.022955555,0.05161024,0.08026492,0.108919606,0.13757429,0.16622896,0.19488364,0.22353834,0.252193,0.2808477,0.3095024,0.33815706,0.36681175,0.39546642,0.4241211],"mean":-0.0066343257,"std":0.12763399}
{"counts":[2,2,2,6,11,21,26,56,71,81,117,137,163,168,173,152,169,166,150,105,86,58,48,31,24,8,7,5,1,2],"wall_time":1.754172198311e9,"step":12,"max":0.41887832,"min":-0.43173155,"count":2048,"bins":[-0.43173155,-0.4033779,-0.37502423,-0.34667057,-0.3183169,-0.28996325,-0.26160958,-0.23325592,-0.20490225,-0.17654859,-0.14819492,-0.11984127,-0.0914876,-0.06313394,-0.03478028,-0.0064266175,0.021927046,0.05028071,0.07863437,0.106988035,0.13534169,0.16369535,0.19204901,0.22040269,0.24875635,0.27711,0.30546367,0.33381733,0.362171,0.39052466,0.41887832],"mean":-0.006749587,"std":0.1277256}
{"counts":[2,2,2,7,10,22,27,55,71,80,116,141,161,168,173,153,168,167,147,107,88,57,45,32,23,9,7,5,1,2],"wall_time":1.754172199709e9,"step":13,"max":0.41854972,"min":-0.4311697,"count":2048,"bins":[-0.4311697,-0.4028457,-0.37452173,-0.34619775,-0.31787378,-0.2895498,-0.26122582,-0.23290183,-0.20457785,-0.17625387,-0.14792989,-0.11960591,-0.09128193,-0.06295795,-0.034633968,-0.006309986,0.022013994,0.050337974,0.078661956,0.106985934,0.13530992,0.1636339,0.19195788,0.22028185,0.24860583,0.27692983,0.3052538,0.33357778,0.36190176,0.39022574,0.41854972],"mean":-0.0070210444,"std":0.12776032}
{"counts":[1,2,2,3,10,18,26,40,66,83,113,129,158,172,172,151,171,167,165,120,82,66,47,33,26,8,8,6,1,2],"wall_time":1.754172201539e9,"step":14,"max":0.41655445,"min":-0.4413114,"count":2048,