{"counts":[1,0,2],"wall_time":1.754172185632e9,"step":1,"max":0.011707818,"min":-0.017307699,"count":3,"bins":[-0.017307699,-0.00763586,0.0020359792,0.011707818],"mean":0.0010024706,"std":0.015932672}
{"counts":[1,0,2],"wall_time":1.754172186834e9,"step":2,"max":0.016613545,"min":-0.027835736,"count":3,"bins":[-0.027835736,-0.013019309,0.0017971179,0.016613545],"mean":0.0009244671,"std":0.024941439}
{"counts":[1,0,2],"wall_time":1.754172187916e9,"step":3,"max":0.01938113,"min":-0.03400333,"count":3,"bins":[-0.03400333,-0.016208509,0.0015863106,0.01938113],"mean":0.00094740215,"std":0.030283388}
{"counts":[1,0,2],"wall_time":1.7541721891e9,"step":4,"max":0.023679217,"min":-0.03589053,"count":3,"bins":[-0.03589053,-0.016033947,0.0038226347,0.023679217],"mean":0.001014905,"std":0.03223734}
{"counts":[1,0,2],"wall_time":1.754172190337e9,"step":5,"max":0.02561518,"min":-0.033818323,"count":3,"bins":[-0.033818323,-0.014007156,0.005804012,0.02561518],"mean":0.0010451576,"std":0.031025019}
{"counts":[1,0,2],"wall_time":1.754172191437e9,"step":6,"max":0.026825676,"min":-0.03551898,"count":3,"bins":[-0.03551898,-0.014737429,0.0060441233,0.026825676],"mean":0.0010848073,"std":0.032560963}
{"counts":[1,0,2],"wall_time":1.754172192561e9,"step":7,"max":0.027623158,"min":-0.034834906,"count":3,"bins":[-0.034834906,-0.014015552,0.006803803,0.027623158],"mean":0.0010850973,"std":0.032268688}
{"counts":[1,0,2],"wall_time":1.754172193635e9,"step":8,"max":0.027464516,"min":-0.03419527,"count":3,"bins":[-0.03419527,-0.013642008,0.006911254,0.027464516],"mean":0.0010806496,"std":0.031777095}
{"counts":[1,0,2],"wall_time":1.75417219483e9,"step":9,"max":0.030390203,"min":-0.035973065,"count":3,"bins":[-0.035973065,-0.013851975,0.0082691135,0.030390203],"mean":0.0010889521,"std":0.03385547}
{"counts":[1,0,2],"wall_time":1.754172195956e9,"step":10,"max":0.030710297,"min":-0.0365158,"count":3,"bins":[-0.0365158,-0.0141071,0.008301598,0.030710297],"mean":0.0011092076,"std":0.03432382}
{"counts":[1,1,1],"wall_time":1.754172197097e9,"step":11,"max":0.031392112,"min":-0.034410793,"count":3,"bins":[-0.034410793,-0.012476492,0.009457811,0.031392112],"mean":0.0011073496,"std":0.033212148}
{"counts":[1,1,1],"wall_time":1.754172198323e9,"step":12,"max":0.03286541,"min":-0.035621926,"count":3,"bins":[-0.035621926,-0.0127928145,0.010036297,0.03286541],"mean":0.0011230567,"std":0.03451664}
{"counts":[1,1,1],"wall_time":1.754172199715e9,"step":13,"max":0.03289875,"min":-0.03527551,"count":3,"bins":[-0.03527551,-0.012550757,0.010173996,0.03289875],"mean":0.0011238814,"std":0.0343216}
{"counts":[1,0,2],"wall_time":1.754172201542e9,"step":14,"max":0.030390203,"min":-0.035973065,"count":3,"bins":[-0.035973065,-0.013851975,0.0082691135,0.030390203],"mean":0.0010889521,"std":0.03385547}
