{"counts":[2,1,1,1,1,1,0,0,1,1,3,3,2,1,2,1,1,1,2,0,0,0,3,0,1,0,1,0,1,1],"wall_time":1.754172185615e9,"step":1,"max":1.0091593,"min":0.9803697,"count":32,"bins":[0.9803697,0.9813293,0.982289,0.98324865,0.9842083,0.985168,0.9861276,0.98708725,0.98804694,0.9890066,0.9899662,0.9909259,0.99188554,0.9928452,0.9938049,0.9947645,0.99572414,0.99668384,0.9976435,0.9986031,0.9995628,1.0005225,1.0014821,1.0024418,1.0034014,1.004361,1.0053207,1.0062804,1.00724,1.0081997,1.0091593],"mean":0.99330217,"std":0.0077622887}
{"counts":[3,0,1,1,0,1,0,1,1,2,2,0,3,2,0,2,1,2,2,0,0,0,0,1,2,1,1,1,0,2],"wall_time":1.754172186817e9,"step":2,"max":1.007954,"min":0.96836305,"count":32,"bins":[0.96836305,0.96968275,0.97100246,0.97232217,0.9736418,0.9749615,0.9762812,0.97760093,0.97892064,0.98024035,0.98156005,0.98287976,0.9841994,0.9855191,0.9868388,0.9881585,0.98947823,0.99079794,0.99211764,0.9934373,0.994757,0.9960767,0.9973964,0.9987161,1.0000358,1.0013555,1.0026752,1.003995,1.0053146,1.0066344,1.007954],"mean":0.9874866,"std":0.011588764}
{"counts":[3,1,0,0,0,1,1,0,3,0,2,0,3,1,2,1,2,1,2,0,1,3,1,0,0,1,1,0,0,2],"wall_time":1.754172187911e9,"step":3,"max":1.0113256,"min":0.95791644,"count":32,"bins":[0.95791644,0.95969677,0.96147704,0.9632574,0.96503764,0.966818,0.96859825,0.9703786,0.9721589,0.9739392,0.9757195,0.9774998,0.9792801,0.9810604,0.9828407,0.98462105,0.9864013,0.98818165,0.9899619,0.99174225,0.9935225,0.99530286,0.9970831,0.99886346,1.0006437,1.0024241,1.0042044,1.0059847,1.0077649,1.0095453,1.0113256],"mean":0.9837963,"std":0.0147633245}
{"counts":[1,0,0,1,1,1,0,2,1,1,1,1,1,1,2,2,1,2,3,2,1,1,1,1,1,0,1,0,1,1],"wall_time":1.754172189083e9,"step":4,"max":1.0146317,"min":0.94431204,"count":32,"bins":[0.94431204,0.94665605,0.949,0.951344,0.953688,0.956032,0.958376,0.96071994,0.96306396,0.96540797,0.9677519,0.97009593,0.97243994,0.9747839,0.9771279,0.9794719,0.9818159,0.9841599,0.98650384,0.98884785,0.99119186,0.9935358,0.9958798,0.99822384,1.0005678,1.0029118,1.0052558,1.0075998,1.0099437,1.0122877,1.0146317],"mean":0.98073643,"std":0.017453786}
{"counts":[1,0,0,1,0,1,1,2,0,1,2,1,0,1,1,3,1,2,1,3,3,2,0,0,2,0,0,1,1,1],"wall_time":1.754172190321e9,"step":5,"max":1.0140612,"min":0.93443143,"count":32,"bins":[0.93443143,0.93708575,0.93974006,0.94239444,0.94504875,0.94770306,0.9503574,0.9530117,0.95566607,0.9583204,0.9609747,0.963629,0.9662833,0.9689377,0.971592,0.9742463,0.97690064,0.97955495,0.9822093,0.98486364,0.98751795,0.99017227,0.9928266,0.99548095,0.99813527,1.0007896,1.003444,1.0060983,1.0087526,1.0114069,1.0140612],"mean":0.9773101,"std":0.01936482}
{"counts":[1,0,0,1,0,1,1,1,3,0,2,0,2,3,1,1,1,1,4,2,0,2,1,1,1,0,1,0,0,1],"wall_time":1.754172191436e9,"step":6,"max":1.0214095,"min":0.9287437,"count":32,"bins":[0.9287437,0.93183255,0.93492144,0.9380103,0.94109917,0.944188,0.9472769,0.9503657,0.9534546,0.95654345,0.95963234,0.96272117,0.96581006,0.9688989,0.9719878,0.9750766,0.97816545,0.98125434,0.9843432,0.98743206,0.9905209,0.9936098,0.9966986,0.9997875,1.0028764,1.0059652,1.0090541,1.0121429,1.0152318,1.0183207,1.0214095],"mean":0.9753871,"std":0.021479193}
{"counts":[1,0,0,1,1,0,1,1,1,1,1,2,2,1,4,0,0,4,1,1,3,2,1,1,0,1,0,0,0,1],"wall_time":1.754172192538e9,"step":7,"max":1.0238317,"min":0.9211728,"count":32,"bins":[0.9211728,0.92459476,0.9280167,0.9314387,0.93486065,0.9382826,0.9417046,0.94512653,0.9485485,0.95197046,0.9553924,0.9588144,0.96223634,0.9656583,0.96908027,0.9725023,0.97592425,0.9793462,0.9827682,0.98619014,0.9896121,0.99303406,0.996456,0.999878,1.0033,1.0067219,1.0101439,1.0135658,1.0169878,1.0204097,1.0238317],"mean":0.9733716,"std":0.023344709}
{"counts":[1,0,1,1,0,1,0,0,2,1,1,1,3,0,5,0,1,1,1,2,3,1,2,1,1,1,0,0,0,1],"wall_time":1.754172193631e9,"step":8,"max":1.0211556,"min":0.91835904,"count":32,"bins":[0.91835904,0.9217856,0.92521214,0.9286387,0.93206525,0.9354918,0.93891835,0.9423449,0.94577146,0.949198,0.95262456,0.9560511,0.95947766,0.9629042,0.96633077,0.9697573,0.9731839,0.9766104,0.980037,0.9834635,0.9868901,0.9903166,0.9937432,0.99716973,1.0005963,1.0040228,1.0074494,1.0108759,1.0143025,1.017729,1.0211556],"mean":0.9710088,"std":0.024134366}
{"counts":[1,0,0,2,1,0,0,1,1,1,2,2,0,4,1,0,2,2,1,3,1,2,0,2,1,1,0,0,0,1],"wall_time":1.75417219482e9,"step":9,"max":1.0230329,"min":0.9132396,"count":32,"bins":[0.9132396,0.9168994,0.92055917,0.92421895,0.9278787,0.93153846,0.93519825,0.93885803,0.9425178,0.9461776,0.9498374,0.9534972,0.9571569,0.9608167,0.96447647,0.96813625,0.97179604,0.9754558,0.9791156,0.98277533,0.9864351,0.9900949,0.9937547,0.99741447,1.0010742,1.004734,1.0083938,1.0120536,1.0157133,1.0193732,1.0230329],"mean":0.9686742,"std":0.025712214}
{"counts":[1,0,1,1,1,0,0,1,2,0,2,2,2,1,1,2,0,4,2,2,1,0,1,3,0,0,1,0,0,1],"wall_time":1.754172195951e9,"step":10,"max":1.0254413,"min":0.9099027,"count":32,"bins":[0.9099027,0.913754,0.9176053,0.9214566,0.9253078,0.9291591,0.9330104,0.9368617,0.940713,0.9445643,0.9484156,0.9522669,0.9561181,0.9599694,0.9638207,0.967672,0.9715233,0.9753746,0.9792259,0.9830771,0.9869284,0.9907797,0.994631,0.9984823,1.0023335,1.0061848,1.0100361,1.0138874,1.0177387,1.02159,1.0254413],"mean":0.9678306,"std":0.027314594}
{"counts":[1,0,1,1,1,0,1,1,1,0,0,3,1,2,2,0,3,1,3,2,1,1,0,1,3,0,1,0,0,1],"wall_time":1.754172197089e9,"step":11,"max":1.0211259,"min":0.90825796,"count":32,"bins":[0.90825796,0.9120202,0.9157825,0.91954476,0.923307,0.9270693,0.93083155,0.9345938,0.9383561,0.94211835,0.9458806,0.9496429,0.95340514,0.9571674,0.9609297,0.96469194,0.9684542,0.9722165,0.97597873,0.979741,0.9835033,0.9872655,0.9910278,0.9947901,0.9985523,1.0023146,1.0060768,1.0098392,1.0136014,1.0173637,1.0211259],"mean":0.96649015,"std":0.02790981}
{"counts":[1,0,0,0,2,1,0,1,1,1,0,0,4,1,2,1,1,3,2,2,2,0,1,1,2,1,1,0,0,1],"wall_time":1.754172198316e9,"step":12,"max":1.0225761,"min":0.900332,"count":32,"bins":[0.900332,0.9044068,0.9084816,0.9125564,0.91663116,0.920706,0.9247808,0.9288556,0.9329304,0.9370052,0.94108003,0.94515485,0.9492296,0.9533044,0.9573792,0.96145403,0.96552885,0.96960366,0.97367847,0.9777532,0.98182803,0.98590285,0.98997766,0.99405247,0.9981273,1.002202,1.0062768,1.0103517,1.0144265,1.0185013,1.0225761],"mean":0.96527624,"std":0.029258812}
{"counts":[1,0,0,0,2,1,0,1,0,2,0,0,1,4,1,2,1,3,1,2,1,2,1,1,1,2,1,0,0,1],"wall_time":1.75417219971e9,"step":13,"max":1.0216423,"min":0.89640427,"count":32,"bins":[0.89640427,0.90057886,0.90475345,0.9089281,0.9131027,0.9172773,0.92145187,0.92562646,0.9298011,0.9339757,0.9381503,0.9423249,0.94649947,0.9506741,0.9548487,0.9590233,0.9631979,0.9673725,0.9715471,0.9757217,0.9798963,0.9840709,0.9882455,0.99242014,0.9965947,1.0007694,1.004944,1.0091186,1.0132931,1.0174677,1.0216423],"mean":0.9645113,"std":0.029806975}
{"counts":[1,0,0,2,1,0,0,1,1,1,2,2,0,4,1,0,2,2,1,3,1,2,0,2,1,1,0,0,0,1],"wall_time":1.75417220154e9,"step":14,"max":1.0230329,"min":0.9132396,"count":32,"bins":[0.9132396,0.9168994,0.92055917,0.92421895,0.9278787,0.93153846,0.93519825,0.93885803,0.9425178,0.9461776,0.9498374,0.9534972,0.9571569,0.9608167,0.96447647,0.96813625,0.97179604,0.9754558,0.9791156,0.98277533,0.9864351,0.9900949,0.9937547,0.99741447,1.0010742,1.004734,1.0083938,1.0120536,1.0157133,1.0193732,1.0230329],"mean":0.9686742,"std":0.025712214}
