{"counts":[2,0,2,3,10,13,21,17,39,54,53,55,50,60,53,43,42,44,22,15,14,10,6,3,5,1,2,0,0,1],"wall_time":1.754172185426e9,"step":1,"max":1.2321568,"min":-0.94273895,"count":640,"bins":[-0.94273895,-0.8702424,-0.7977459,-0.72524935,-0.6527529,-0.58025634,-0.5077598,-0.43526328,-0.36276677,-0.29027024,-0.21777372,-0.14527719,-0.07278067,-0.00028414527,0.072212376,0.1447089,0.21720542,0.28970194,0.36219847,0.434695,0.50719154,0.5796881,0.65218455,0.7246811,0.7971776,0.86967415,0.9421707,1.0146672,1.0871637,1.1596602,1.2321568],"mean":0.009400886,"std":0.3201055}
{"counts":[2,0,2,3,9,14,19,18,40,53,53,55,52,60,51,44,42,43,23,15,14,10,6,5,3,1,2,0,0,1],"wall_time":1.754172186794e9,"step":2,"max":1.2329181,"min":-0.94569105,"count":640,"bins":[-0.94569105,-0.8730707,-0.80045044,-0.7278301,-0.65520984,-0.5825895,-0.50996923,-0.4373489,-0.3647286,-0.2921083,-0.21948798,-0.14686768,-0.074247375,-0.0016270657,0.07099324,0.14361355,0.21623385,0.28885415,0.36147445,0.4340948,0.50671506,0.5793354,0.65195566,0.724576,0.7971963,0.8698166,0.94243693,1.0150572,1.0876775,1.1602979,1.2329181],"mean":0.009201301,"std":0.32016248}
{"counts":[2,0,2,3,9,14,16,21,38,49,57,53,56,58,53,44,42,43,22,16,13,12,5,5,3,1,2,0,0,1],"wall_time":1.754172187907e9,"step":3,"max":1.2332616,"min":-0.94934773,"count":640,"bins":[-0.94934773,-0.87659407,-0.80384046,-0.7310868,-0.6583332,-0.5855795,-0.51282585,-0.44007224,-0.36731857,-0.29456493,-0.2218113,-0.14905766,-0.076304,-0.0035503625,0.06920328,0.14195693,0.21471056,0.2874642,0.36021787,0.4329715,0.50572515,0.5784788,0.6512324,0.7239861,0.7967397,0.86949337,0.94224703,1.0150007,1.0877542,1.1605079,1.2332616],"mean":0.009269556,"std":0.3202269}
{"counts":[2,0,2,3,9,14,16,22,36,53,52,57,54,61,53,44,40,43,23,15,13,11,6,3,4,1,2,0,0,1],"wall_time":1.754172189053e9,"step":4,"max":1.2362533,"min":-0.9477246,"count":640,"bins":[-0.9477246,-0.8749253,-0.80212605,-0.7293268,-0.6565275,-0.58372825,-0.510929,-0.43812975,-0.3653305,-0.29253122,-0.21973197,-0.1469327,-0.07413344,-0.0013341825,0.07146508,0.14426434,0.2170636,0.28986287,0.36266214,0.43546137,0.50826067,0.58105993,0.6538592,0.7266584,0.79945767,0.87225693,0.9450562,1.0178555,1.0906547,1.163454,1.2362533],"mean":0.009423743,"std":0.3202952}
{"counts":[2,0,2,3,9,13,17,22,36,53,54,54,56,56,56,46,38,44,23,15,13,10,6,4,4,1,2,0,0,1],"wall_time":1.75417219029e9,"step":5,"max":1.2375932,"min":-0.9491788,"count":640,"bins":[-0.9491788,-0.8762864,-0.803394,-0.7305016,-0.6576092,-0.5847168,-0.5118244,-0.43893203,-0.3660396,-0.2931472,-0.22025482,-0.14736243,-0.07447002,-0.0015776197,0.07131478,0.14420718,0.21709958,0.28999197,0.36288437,0.43577677,0.5086692,0.58156157,0.654454,0.72734636,0.8002388,0.87313116,0.9460236,1.018916,1.0918083,1.1647007,1.2375932],"mean":0.009554261,"std":0.32029328}
{"counts":[2,0,2,3,9,11,19,20,35,53,54,56,54,57,54,49,38,44,23,13,15,11,6,4,4,1,2,0,0,1],"wall_time":1.754172191428e9,"step":6,"max":1.2355449,"min":-0.95263153,"count":640,"bins":[-0.95263153,-0.8796923,-0.8067531,-0.7338139,-0.66087466,-0.58793545,-0.51499623,-0.442057,-0.36911783,-0.2961786,-0.22323938,-0.15030016,-0.07736095,-0.0044217366,0.06851748,0.1414567,0.21439591,0.28733513,0.36027434,0.43321356,0.50615275,0.57909197,0.6520312,0.7249704,0.7979096,0.87084883,0.94378805,1.0167273,1.0896665,1.1626058,1.2355449],"mean":0.0094990535,"std":0.32027593}
{"counts":[2,0,2,3,9,10,21,20,33,54,56,53,57,55,56,46,38,44,23,14,15,11,6,4,4,1,2,0,0,1],"wall_time":1.754172192513e9,"step":7,"max":1.2342207,"min":-0.95156103,"count":640,"bins":[-0.95156103,-0.8787016,-0.8058422,-0.7329829,-0.66012347,-0.58726406,-0.51440465,-0.44154528,-0.3686859,-0.2958265,-0.2229671,-0.15010771,-0.07724832,-0.0043889303,0.06847046,0.14132985,0.21418925,0.28704864,0.35990804,0.43276742,0.5056268,0.5784862,0.6513456,0.724205,0.79706436,0.8699238,0.9427832,1.0156425,1.0885019,1.1613613,1.2342207],"mean":0.00946149,"std":0.3203193}
{"counts":[2,0,2,3,9,13,20,19,34,56,54,52,56,57,56,45,38,43,24,14,15,10,6,4,4,1,2,0,0,1],"wall_time":1.754172193623e9,"step":8,"max":1.2343386,"min":-0.9475844,"count":640,"bins":[-0.9475844,-0.8748536,-0.80212283,-0.7293921,-0.65666133,-0.58393055,-0.5111998,-0.43846902,-0.36573824,-0.2930075,-0.22027671,-0.14754595,-0.07481518,-0.0020844103,0.07064636,0.14337713,0.21610789,0.28883865,0.36156943,0.43430018,0.50703096,0.57976174,0.6524925,0.72522324,0.797954,0.8706848,0.9434156,1.0161463,1.0888771,1.1616079,1.2343386],"mean":0.00931112,"std":0.3203322}
{"counts":[2,0,3,2,10,12,21,18,35,57,55,52,53,57,55,44,43,42,23,13,15,10,6,4,4,1,2,0,0,1],"wall_time":1.754172194807e9,"step":9,"max":1.2334764,"min":-0.94505656,"count":640,"bins":[-0.94505656,-0.8724388,-0.799821,-0.72720325,-0.6545855,-0.5819677,-0.50934994,-0.4367322,-0.36411443,-0.29149666,-0.21887891,-0.14626114,-0.07364337,-0.0010256092,0.07159216,0.14420992,0.21682769,0.28944546,0.36206323,0.43468097,0.50729877,0.57991654,0.6525343,0.725152,0.7977698,0.87038755,0.9430053,1.0156231,1.0882409,1.1608586,1.2334764],"mean":0.009282183,"std":0.32038987}
{"counts":[2,0,3,2,10,11,22,19,39,55,52,52,57,56,53,44,43,41,23,13,15,11,5,4,4,1,2,0,0,1],"wall_time":1.754172195923e9,"step":10,"max":1.2344475,"min":-0.9420535,"count":640,"bins":[-0.9420535,-0.86950344,-0.79695344,-0.7244034,-0.6518534,-0.5793033,-0.5067533,-0.43420327,-0.36165324,-0.2891032,-0.21655317,-0.14400314,-0.07145311,0.0010969262,0.073646955,0.14619699,0.21874702,0.29129705,0.36384708,0.43639714,0.50894713,0.5814972,0.6540472,0.72659725,0.7991473,0.8716973,0.94424736,1.0167974,1.0893474,1.1618974,1.2344475],"mean":0.009069442,"std":0.32046294}
{"counts":[2,0,3,2,11,11,21,20,40,53,52,56,54,56,53,46,41,39,24,14,14,11,5,4,4,1,2,0,0,1],"wall_time":1.75417219707e9,"step":11,"max":1.2359946,"min":-0.9405681,"count":640,"bins":[-0.9405681,-0.868016,-0.7954639,-0.72291183,-0.65035975,-0.57780766,-0.5052556,-0.43270347,-0.36015138,-0.2875993,-0.2150472,-0.14249511,-0.069943026,0.0026090662,0.07516115,0.14771324,0.22026533,0.2928174,0.3653695,0.4379216,0.51047367,0.58302575,0.65557784,0.72813,0.80068207,0.87323415,0.94578624,1.0183383,1.0908904,1.1634425,1.2359946],"mean":0.008943731,"std":0.32051787}
{"counts":[2,0,3,2,12,11,20,20,39,56,50,55,54,55,55,45,41,39,25,14,14,11,5,4,4,1,2,0,0,1],"wall_time":1.754172198303e9,"step":12,"max":1.2333664,"min":-0.93867487,"count":640,"bins":[-0.93867487,-0.8662735,-0.7938721,-0.7214707,-0.64906937,-0.576668,-0.5042666,-0.43186525,-0.35946387,-0.2870625,-0.21466112,-0.14225975,-0.06985837,0.0025430024,0.07494438,0.14734575,0.21974713,0.2921485,0.36454988,0.43695125,0.5093526,0.58175397,0.6541554,0.7265568,0.7989581,0.87135947,0.9437609,1.0161623,1.0885637,1.160965,1.2333664],"mean":0.009133081,"std":0.3206059}
{"counts":[2,0,3,2,12,12,21,18,39,58,48,57,53,56,52,47,39,41,24,14,14,11,5,4,4,1,2,0,0,1],"wall_time":1.754172199707e9,"step":13,"max":1.2336156,"min":-0.93582386,"count":640,"bins":[-0.93582386,-0.8635092,-0.79119456,-0.71887994,-0.64656526,-0.5742506,-0.50193596,-0.4296213,-0.35730666,-0.284992,-0.21267736,-0.14036271,-0.06804806,0.00426659,0.07658124,0.14889589,0.22121054,0.2935252,0.36583984,0.4381545,0.51046914,0.5827838,0.65509844,0.72741306,0.79972774,0.8720424,0.94435704,1.0166717,1.0889864,1.161301,1.2336156],"mean":0.009234349,"std":0.32061836}
{"counts":[2,0,3,2,10,12,21,18,35,57,55,52,53,57,55,44,43,42,23,13,15,10,6,4,4,1,2,0,0,1],"wall_time":1.754172201533e9,"step":14,"max":1.2334764,"min":-0.94505656,"count":640,"bins":[-0.94505656,-0.8724388,-0.799821,-0.72720325,-0.6545855,-0.5819677,-0.50934994,-0.4367322,-0.36411443,-0.29149666,-0.21887891,-0.14626114,-0.07364337,-0.0010256092,0.07159216,0.14420992,0.21682769,0.28944546,0.36206323,0.43468097,0.50729877,0.57991654,0.6525343,0.725152,0.7977698,0.87038755,0.9430053,1.0156231,1.0882409,1.1608586,1.2334764],"mean":0.009282183,"std":0.32038987}
