{"counts":[3,2,1,1,0,3,2,1,1,3,0,1,0,2,0,1,0,1,1,0,2,0,2,1,0,2,1,0,0,1],"wall_time":1.75417218562e9,"step":1,"max":0.012341575,"min":-0.017398752,"count":32,"bins":[-0.017398752,-0.016407408,-0.015416063,-0.01442472,-0.013433375,-0.012442031,-0.0114506865,-0.010459343,-0.0094679985,-0.008476654,-0.00748531,-0.0064939656,-0.0055026216,-0.004511277,-0.003519933,-0.0025285888,-0.0015372445,-0.00054590026,0.00044544396,0.0014367882,0.0024281323,0.0034194766,0.004410821,0.005402165,0.0063935095,0.0073848534,0.008376198,0.009367542,0.010358886,0.01135023,0.012341575],"mean":-0.005235935,"std":0.008923849}
{"counts":[1,2,3,0,0,3,0,2,3,1,1,1,2,2,0,1,1,0,2,1,1,2,1,0,0,1,0,0,0,1],"wall_time":1.754172186821e9,"step":2,"max":0.020716602,"min":-0.029099137,"count":32,"bins":[-0.029099137,-0.027438613,-0.025778087,-0.024117563,-0.022457039,-0.020796513,-0.01913599,-0.017475463,-0.01581494,-0.014154415,-0.012493891,-0.010833366,-0.009172841,-0.0075123166,-0.0058517917,-0.0041912673,-0.0025307427,-0.0008702181,0.00079030654,0.0024508312,0.0041113556,0.0057718805,0.007432405,0.00909293,0.010753455,0.012413979,0.014074503,0.015735028,0.017395552,0.019056078,0.020716602],"mean":-0.009343652,"std":0.012911832}
{"counts":[2,1,2,3,1,0,0,1,2,2,2,1,2,0,0,4,0,0,3,0,1,0,1,2,1,0,0,0,0,1],"wall_time":1.754172187913e9,"step":3,"max":0.021983573,"min":-0.034760542,"count":32,"bins":[-0.034760542,-0.03286907,-0.030977601,-0.029086132,-0.02719466,-0.025303189,-0.02341172,-0.02152025,-0.019628778,-0.017737307,-0.015845837,-0.013954367,-0.012062896,-0.0101714255,-0.008279955,-0.0063884845,-0.004497014,-0.0026055435,-0.00071407296,0.0011773976,0.003068868,0.0049603386,0.006851809,0.00874328,0.01063475,0.012526221,0.014417691,0.01630916,0.018200632,0.020092104,0.021983573],"mean":-0.0118525755,"std":0.015318083}
{"counts":[2,1,1,2,2,0,2,0,1,0,2,1,1,2,2,1,1,1,2,1,1,0,1,1,1,1,0,0,0,2],"wall_time":1.754172189088e9,"step":4,"max":0.018848225,"min":-0.0408839,"count":32,"bins":[-0.0408839,-0.038892828,-0.036901757,-0.034910686,-0.032919616,-0.030928545,-0.028937474,-0.026946403,-0.024955332,-0.022964261,-0.02097319,-0.01898212,-0.016991049,-0.014999978,-0.013008907,-0.011017837,-0.009026766,-0.007035695,-0.005044624,-0.0030535534,-0.0010624826,0.0009285882,0.002919659,0.00491073,0.0069018006,0.008892871,0.010883942,0.012875013,0.014866084,0.016857155,0.018848225],"mean":-0.014405814,"std":0.016931256}
{"counts":[2,0,0,3,1,2,1,0,0,2,2,0,0,0,5,1,2,2,1,2,0,0,2,1,0,0,1,0,1,1],"wall_time":1.754172190325e9,"step":5,"max":0.017920649,"min":-0.045943126,"count":32,"bins":[-0.045943126,-0.043814335,-0.04168554,-0.03955675,-0.037427954,-0.035299163,-0.033170372,-0.03104158,-0.028912786,-0.026783993,-0.0246552,-0.02252641,-0.020397617,-0.018268824,-0.01614003,-0.014011239,-0.011882446,-0.009753654,-0.0076248613,-0.005496069,-0.0033672762,-0.0012384837,0.00089030876,0.0030191012,0.005147894,0.0072766864,0.009405479,0.011534271,0.013663064,0.015791856,0.017920649],"mean":-0.016775273,"std":0.017226117}
{"counts":[2,0,0,0,1,5,1,0,1,2,1,2,0,0,3,3,3,0,2,0,1,0,2,1,0,1,0,0,0,1],"wall_time":1.754172191436e9,"step":6,"max":0.024539769,"min":-0.05029243,"count":32,"bins":[-0.05029243,-0.047798023,-0.045303617,-0.042809207,-0.0403148,-0.037820395,-0.03532599,-0.032831583,-0.030337175,-0.02784277,-0.025348363,-0.022853956,-0.02035955,-0.017865144,-0.015370737,-0.01287633,-0.010381923,-0.007887517,-0.00539311,-0.0028987036,-0.00040429705,0.0020901095,0.004584516,0.007078923,0.009573329,0.012067736,0.014562142,0.017056549,0.019550955,0.022045363,0.024539769],"mean":-0.017504765,"std":0.018491104}
{"counts":[2,0,0,0,1,1,4,0,1,2,2,0,1,1,2,1,4,2,0,3,0,1,2,0,1,0,0,0,0,1],"wall_time":1.754172192543e9,"step":7,"max":0.025498822,"min":-0.055641145,"count":32,"bins":[-0.055641145,-0.05293648,-0.050231814,-0.04752715,-0.04482248,-0.042117815,-0.03941315,-0.036708485,-0.03400382,-0.031299155,-0.028594488,-0.025889823,-0.023185158,-0.020480493,-0.017775826,-0.015071161,-0.012366495,-0.00966183,-0.0069571645,-0.004252499,-0.0015478333,0.0011568323,0.0038614979,0.0065661636,0.009270829,0.011975494,0.01468016,0.017384825,0.02008949,0.022794157,0.025498822],"mean":-0.018847506,"std":0.019198298}
{"counts":[1,1,0,0,1,0,2,2,1,1,2,3,0,1,1,1,4,4,1,1,1,1,2,0,0,0,0,0,0,1],"wall_time":1.754172193633e9,"step":8,"max":0.025267918,"min":-0.059853233,"count":32,"bins":[-0.059853233,-0.057015862,-0.05417849,-0.05134112,-0.048503745,-0.045666374,-0.042829003,-0.039991632,-0.03715426,-0.03431689,-0.031479515,-0.028642144,-0.025804773,-0.022967402,-0.020130029,-0.017292658,-0.014455286,-0.011617915,-0.008780543,-0.005943171,-0.0031057994,-0.00026842766,0.0025689441,0.005406316,0.008243687,0.011081059,0.013918431,0.016755803,0.019593174,0.022430547,0.025267918],"mean":-0.020622695,"std":0.01889506}
{"counts":[1,0,1,0,0,1,0,3,2,0,3,2,0,0,2,1,3,5,1,2,1,1,1,1,0,0,0,0,0,1],"wall_time":1.754172194826e9,"step":9,"max":0.024387985,"min":-0.06401372,"count":32,"bins":[-0.06401372,-0.061066996,-0.058120273,-0.05517355,-0.052226827,-0.049280103,-0.04633338,-0.043386657,-0.04043993,-0.037493207,-0.034546483,-0.03159976,-0.028653037,-0.025706314,-0.02275959,-0.019812867,-0.016866144,-0.01391942,-0.010972696,-0.008025973,-0.0050792494,-0.0021325261,0.00081419747,0.003760921,0.0067076446,0.009654368,0.0126010915,0.015547815,0.018494539,0.021441262,0.024387985],"mean":-0.021661991,"std":0.019237008}
{"counts":[1,0,0,1,1,0,0,2,0,3,0,3,2,1,1,3,4,2,2,1,3,0,0,0,0,1,0,0,0,1],"wall_time":1.754172195954e9,"step":10,"max":0.028934041,"min":-0.06788398,"count":32,"bins":[-0.06788398,-0.06465671,-0.06142945,-0.05820218,-0.054974914,-0.051747646,-0.04852038,-0.04529311,-0.042065844,-0.038838577,-0.03561131,-0.03238404,-0.029156774,-0.025929507,-0.02270224,-0.01947497,-0.016247703,-0.013020436,-0.009793169,-0.006565901,-0.0033386338,-0.00011136625,0.0031159013,0.0063431687,0.009570437,0.012797704,0.016024971,0.019252239,0.022479506,0.025706774,0.028934041],"mean":-0.021464454,"std":0.020281471}
{"counts":[1,0,0,1,1,0,1,1,1,0,2,3,1,3,0,3,2,3,2,3,2,0,0,0,0,0,1,0,0,1],"wall_time":1.754172197091e9,"step":11,"max":0.027884236,"min":-0.06787005,"count":32,"bins":[-0.06787005,-0.064678244,-0.06148643,-0.05829462,-0.055102814,-0.051911004,-0.048719194,-0.045527384,-0.042335574,-0.039143763,-0.035951957,-0.032760147,-0.029568337,-0.026376527,-0.023184717,-0.019992908,-0.016801098,-0.013609288,-0.010417479,-0.0072256695,-0.00403386,-0.0008420503,0.0023497592,0.0055415686,0.008733379,0.011925188,0.015116997,0.018308807,0.021500617,0.024692426,0.027884236],"mean":-0.021723807,"std":0.020182943}
{"counts":[1,0,0,0,1,1,0,1,1,0,2,1,4,1,2,0,4,0,5,3,2,1,0,0,0,0,0,1,0,1],"wall_time":1.754172198319e9,"step":12,"max":0.029011322,"min":-0.07430863,"count":32,"bins":[-0.07430863,-0.070864625,-0.06742063,-0.06397663,-0.060532633,-0.057088636,-0.053644635,-0.050200637,-0.04675664,-0.043312643,-0.039868645,-0.036424644,-0.032980647,-0.02953665,-0.02609265,-0.022648651,-0.019204654,-0.015760656,-0.012316657,-0.008872659,-0.0054286607,-0.0019846624,0.0014593359,0.004903334,0.0083473325,0.011791331,0.015235329,0.018679328,0.022123326,0.025567323,0.029011322],"mean":-0.021661699,"std":0.021425385}
{"counts":[1,0,0,0,0,2,0,0,2,0,2,1,3,2,2,0,3,2,2,4,2,2,0,0,0,0,0,1,0,1],"wall_time":1.754172199713e9,"step":13,"max":0.029121382,"min":-0.07603026,"count":32,"bins":[-0.07603026,-0.07252521,-0.06902015,-0.0655151,-0.062010042,-0.058504988,-0.054999933,-0.051494878,-0.047989823,-0.044484768,-0.040979713,-0.03747466,-0.033969603,-0.030464549,-0.026959494,-0.02345444,-0.019949386,-0.016444331,-0.012939275,-0.00943422,-0.005929166,-0.0024241111,0.0010809437,0.0045859986,0.008091053,0.011596108,0.015101163,0.018606218,0.022111272,0.025616327,0.029121382],"mean":-0.022051279,"std":0.021777024}
{"counts":[1,0,1,0,0,1,0,3,2,0,3,2,0,0,2,1,3,5,1,2,1,1,1,1,0,0,0,0,0,1],"wall_time":1.754172201541e9,"step":14,"max":0.024387985,"min":-0.06401372,"count":32,