{"counts":[1,3,0,0,1,1,2,1,1,4,3,4,2,3,2,1,4,4,3,2,3,6,0,2,4,2,1,2,1,1],"wall_time":1.75417218561e9,"step":1,"max":1.0153612,"min":0.9855169,"count":64,"bins":[0.9855169,0.9865117,0.9875065,0.9885013,0.9894962,0.990491,0.9914858,0.9924806,0.9934754,0.9944702,0.995465,0.9964598,0.99745464,0.99844944,0.99944425,1.000439,1.0014338,1.0024287,1.0034235,1.0044183,1.005413,1.0064079,1.0074027,1.0083976,1.0093924,1.0103872,1.011382,1.0123768,1.0133716,1.0143664,1.0153612],"mean":1.0014889,"std":0.007323665}
{"counts":[2,0,1,2,2,0,2,2,1,3,2,4,3,4,3,5,1,2,4,4,3,3,2,2,4,1,1,0,0,1],"wall_time":1.754172186796e9,"step":2,"max":1.0279053,"min":0.97774214,"count":64,"bins":[0.97774214,0.9794142,0.9810864,0.98275846,0.98443055,0.9861027,0.9877748,0.9894469,0.99111897,0.9927911,0.9944632,0.9961353,0.99780744,0.99947953,1.0011517,1.0028237,1.0044959,1.006168,1.00784,1.0095122,1.0111843,1.0128564,1.0145285,1.0162005,1.0178727,1.0195448,1.0212169,1.022889,1.0245612,1.0262332,1.0279053],"mean":1.0029786,"std":0.011690149}
{"counts":[2,0,0,0,2,1,2,0,5,1,4,5,1,2,8,4,0,5,4,2,4,2,5,2,0,1,0,1,0,1],"wall_time":1.754172187909e9,"step":3,"max":1.038512,"min":0.96908784,"count":64,"bins":[0.96908784,0.971402,0.97371614,0.97603023,0.9783444,0.98065853,0.9829727,0.98528683,0.9876009,0.9899151,0.9922292,0.9945434,0.9968575,0.9991716,1.0014858,1.0037999,1.006114,1.0084282,1.0107423,1.0130565,1.0153706,1.0176847,1.0199989,1.022313,1.0246272,1.0269413,1.0292554,1.0315696,1.0338837,1.0361979,1.038512],"mean":1.0039554,"std":0.0147251645}
{"counts":[1,0,1,0,1,1,1,1,0,3,1,9,1,2,6,3,6,2,4,5,4,3,2,0,3,2,0,1,0,1],"wall_time":1.754172189056e9,"step":4,"max":1.0463192,"min":0.95860094,"count":64,"bins":[0.95860094,0.9615249,0.9644488,0.9673728,0.97029674,0.97322065,0.9761446,0.9790685,0.9819925,0.98491645,0.98784035,0.9907643,0.9936883,0.9966122,0.99953616,1.0024601,1.0053841,1.0083079,1.0112319,1.0141559,1.0170798,1.0200038,1.0229276,1.0258516,1.0287756,1.0316995,1.0346235,1.0375475,1.0404713,1.0433953,1.0463192],"mean":1.0052478,"std":0.017528439}
{"counts":[1,0,0,0,3,0,0,2,2,2,4,2,4,7,2,3,4,2,9,4,1,5,0,0,4,1,1,0,0,1],"wall_time":1.754172190297e9,"step":5,"max":1.0557867,"min":0.95320666,"count":64,"bins":[0.95320666,0.956626,0.96004534,0.9634647,0.966884,0.97030336,0.9737227,0.97714204,0.9805613,0.98398066,0.9874,0.99081933,0.9942387,0.997658,1.0010774,1.0044967,1.007916,1.0113354,1.0147547,1.018174,1.0215933,1.0250127,1.028432,1.0318514,1.0352707,1.0386901,1.0421094,1.0455288,1.048948,1.0523674,1.0557867],"mean":1.0064783,"std":0.02041911}
{"counts":[1,0,0,0,2,1,0,0,4,2,2,3,3,6,4,7,3,2,6,3,5,1,4,2,0,0,1,1,0,1],"wall_time":1.754172191433e9,"step":6,"max":1.0607553,"min":0.9477952,"count":64,"bins":[0.9477952,0.95156056,0.9553259,0.95909125,0.96285653,0.9666219,0.9703872,0.97415257,0.9779179,0.98168325,0.98544854,0.9892139,0.9929792,0.9967446,1.0005099,1.0042752,1.0080405,1.0118059,1.0155712,1.0193366,1.0231019,1.0268673,1.0306326,1.034398,1.0381633,1.0419285,1.0456939,1.0494592,1.0532246,1.0569899,1.0607553],"mean":1.0070778,"std":0.021879064}
{"counts":[1,0,0,0,1,2,0,0,3,2,3,2,4,2,6,7,4,3,3,6,2,3,5,2,0,0,0,1,1,1],"wall_time":1.754172192521e9,"step":7,"max":1.0642563,"min":0.9433073,"count":64,"bins":[0.9433073,0.94733894,0.95137054,0.9554022,0.9594338,0.96346545,0.9674971,0.9715287,0.97556037,0.97959197,0.9836236,0.9876553,0.9916869,0.99571854,0.99975014,1.0037818,1.0078135,1.0118451,1.0158767,1.0199083,1.02394,1.0279716,1.0320033,1.0360348,1.0400665,1.0440981,1.0481298,1.0521615,1.056193,1.0602247,1.0642563],"mean":1.0079707,"std":0.023480833}
{"counts":[1,0,0,1,0,1,0,2,2,2,2,3,2,6,4,4,4,6,2,8,0,1,7,1,2,0,1,0,1,1],"wall_time":1.754172193629e9,"step":8,"max":1.0651972,"min":0.94129294,"count":64,"bins":[0.94129294,0.94542307,0.94955325,0.9536834,0.9578135,0.9619437,0.9660738,0.97020394,0.97433406,0.97846425,0.9825944,0.9867245,0.9908547,0.9949848,0.99911493,1.0032451,1.0073752,1.0115054,1.0156355,1.0197656,1.0238959,1.028026,1.0321561,1.0362862,1.0404164,1.0445465,1.0486766,1.0528069,1.056937,1.0610671,1.0651972],"mean":1.0087271,"std":0.024271103}
{"counts":[1,0,0,1,1,0,1,2,1,2,2,4,2,6,2,5,4,6,5,4,4,0,2,5,0,2,0,0,1,1],"wall_time":1.754172194808e9,"step":9,"max":1.0687414,"min":0.9410282,"count":64,"bins":[0.9410282,0.94528526,0.9495424,0.9537995,0.9580566,0.9623137,0.96657085,0.97082794,0.975085,0.97934216,0.98359925,0.9878564,0.9921135,0.9963706,1.0006278,1.0048848,1.0091419,1.013399,1.0176561,1.0219133,1.0261704,1.0304275,1.0346845,1.0389416,1.0431988,1.0474559,1.051713,1.0559701,1.0602273,1.0644844,1.0687414],"mean":1.0093273,"std":0.02502302}
{"counts":[1,0,0,1,0,1,2,0,2,2,1,5,2,6,5,2,3,7,6,3,3,1,0,5,2,1,1,1,0,1],"wall_time":1.75417219593e9,"step":10,"max":1.0716587,"min":0.9368922,"count":64,"bins":[0.9368922,0.94138443,0.94587666,0.9503689,0.9548611,0.9593533,0.9638455,0.9683377,0.97282994,0.97732216,0.9818144,0.9863066,0.99079883,0.99529105,0.9997833,1.0042754,1.0087677,1.0132599,1.0177522,1.0222443,1.0267366,1.0312288,1.035721,1.0402132,1.0447054,1.0491977,1.0536898,1.0581821,1.0626743,1.0671666,1.0716587],"mean":1.009816,"std":0.026804447}
{"counts":[1,0,0,1,0,0,1,4,1,1,4,3,4,3,6,3,4,5,7,1,2,2,2,3,2,2,0,0,1,1],"wall_time":1.754172197074e9,"step":11,"max":1.0765904,"min":0.9355597,"count":64,"bins":[0.9355597,0.9402607,0.9449617,0.94966274,0.95436376,0.95906484,0.96376586,0.9684669,0.9731679,0.9778689,0.98256993,0.98727095,0.99197197,0.996673,1.001374,1.006075,1.010776,1.0154771,1.0201781,1.0248791,1.0295802,1.0342813,1.0389823,1.0436833,1.0483843,1.0530853,1.0577863,1.0624874,1.0671884,1.0718894,1.0765904],"mean":1.0101783,"std":0.028108196}
{"counts":[1,0,1,0,0,1,4,0,3,0,6,4,3,5,2,4,6,7,1,3,1,2,3,3,1,1,0,1,0,1],"wall_time":1.754172198305e9,"step":12,"max":1.082371,"min":0.9359057,"count":64,"bins":[0.9359057,0.94078785,0.94567007,0.9505522,0.9554344,0.9603166,0.96519876,0.9700809,0.9749631,0.9798453,0.98472744,0.98960966,0.9944918,0.999374,1.0042561,1.0091383,1.0140206,1.0189027,1.0237849,1.0286671,1.0335492,1.0384314,1.0433136,1.0481957,1.0530779,1.0579602,1.0628422,1.0677245,1.0726067,1.0774888,1.082371],"mean":1.0103269,"std":0.029215356}
{"counts":[1,0,1,0,0,1,4,0,3,3,4,4,6,1,2,6,8,4,1,2,3,2,3,1,2,0,1,0,0,1],"wall_time":1.754172199708e9,"step":13,"max":1.0893631,"min":0.9342907,"count":64,"bins":[0.9342907,0.9394598,0.9446289,0.9497979,0.954967,0.9601361,0.9653052,0.97047424,0.97564334,0.98081243,0.9859815,0.99115056,0.99631965,1.0014887,1.0066578,1.0118269,1.016996,1.0221651,1.0273341,1.0325032,1.0376723,1.0428414,1.0480105,1.0531795,1.0583487,1.0635177,1.0686867,1.0738559,1.0790249,1.0841941,1.0893631],"mean":1.0105641,"std":0.03009586}
{"counts":[1,0,0,1,1,0,1,2,1,2,2,4,2,6,2,5,4,6,5,4,4,0,2,5,0,2,0,0,1,1],"wall_time":1.754172201538e9,"step":14,"max":1.0687414,"min":0.9410282,"count":64,"bins":[0.9410282,0.94528526,0.9495424,0.9537995,0.9580566,0.9623137,0.96657085,0.97082794,0.975085,0.97934216,0.98359925,0.9878564,0.9921135,0.9963706,1.0006278,1.0048848,1.0091419,1.013399,1.0176561,1.0219133,1.0261704,1.0304275,1.0346845,1.0389416,1.0431988,1.0474559,1.051713,1.0559701,1.0602273,1.0644844,1.0687414],"mean":1.0093273,"std":0.02502302}
