{"counts":[1,2,1,0,3,1,3,3,1,6,1,5,2,3,3,4,2,1,1,1,1,4,5,3,0,1,3,1,1,1],"wall_time":1.754172185516e9,"step":1,"max":0.014793797,"min":-0.012024053,"count":64,"bins":[-0.012024053,-0.011130125,-0.010236196,-0.009342268,-0.00844834,-0.0075544114,-0.0066604833,-0.0057665547,-0.0048726266,-0.003978698,-0.0030847697,-0.0021908414,-0.001296913,-0.0004029847,0.00049094367,0.001384872,0.0022788004,0.0031727287,0.0040666573,0.0049605854,0.005854514,0.006748442,0.0076423706,0.008536299,0.009430227,0.010324156,0.011218084,0.012112012,0.01300594,0.013899869,0.014793797],"mean":0.0011872534,"std":0.006863734}
{"counts":[1,0,0,0,0,3,1,2,1,3,2,5,5,5,8,1,1,5,2,1,1,3,4,1,1,3,4,0,0,1],"wall_time":1.754172186796e9,"step":2,"max":0.027036982,"min":-0.022736538,"count":64,"bins":[-0.022736538,-0.02107742,-0.019418303,-0.017759185,-0.01610007,-0.014440952,-0.012781834,-0.011122717,-0.0094636,-0.0078044822,-0.006145365,-0.0044862474,-0.0028271303,-0.001168013,0.0004911044,0.0021502217,0.0038093391,0.0054684565,0.0071275737,0.008786691,0.010445808,0.012104926,0.013764043,0.01542316,0.017082278,0.018741395,0.020400513,0.02205963,0.023718746,0.025377864,0.027036982],"mean":0.0033545208,"std":0.01068928}
{"counts":[1,0,0,1,1,1,0,1,1,0,3,4,7,6,6,4,3,1,2,5,3,2,1,0,3,3,1,0,2,2],"wall_time":1.754172187908e9,"step":3,"max":0.032047488,"min":-0.029561566,"count":64,"bins":[-0.029561566,-0.027507931,-0.025454296,-0.02340066,-0.021347025,-0.01929339,-0.017239755,-0.01518612,-0.013132486,-0.01107885,-0.009025215,-0.0069715795,-0.004917945,-0.0028643094,-0.00081067433,0.0012429608,0.003296596,0.005350231,0.0074038664,0.009457502,0.011511137,0.013564772,0.015618407,0.017672041,0.019725677,0.021779312,0.023832947,0.025886582,0.027940217,0.029993853,0.032047488],"mean":0.003965726,"std":0.013042654}
{"counts":[1,0,0,1,0,1,1,0,2,1,1,4,6,8,2,6,4,4,6,1,1,4,2,1,1,1,3,0,0,2],"wall_time":1.754172189055e9,"step":4,"max":0.04292951,"min":-0.03892374,"count":64,"bins":[-0.03892374,-0.0361953,-0.033466857,-0.030738415,-0.028009973,-0.025281532,-0.02255309,-0.019824648,-0.017096207,-0.014367765,-0.011639323,-0.008910881,-0.0061824396,-0.003453998,-0.00072555616,0.0020028856,0.0047313273,0.007459769,0.010188211,0.0129166525,0.015645094,0.018373536,0.021101978,0.02383042,0.026558861,0.029287303,0.032015745,0.03474419,0.037472628,0.040201068,0.04292951],"mean":0.005027363,"std":0.01609234}
{"counts":[1,0,0,1,0,0,1,0,4,2,3,4,3,5,6,3,7,5,2,3,3,1,1,2,1,4,0,0,0,2],"wall_time":1.754172190291e9,"step":5,"max":0.05233213,"min":-0.045841996,"count":64,"bins":[-0.045841996,-0.042569526,-0.039297055,-0.03602458,-0.03275211,-0.029479641,-0.026207171,-0.0229347,-0.01966223,-0.016389757,-0.013117287,-0.009844816,-0.0065723457,-0.0032998747,-2.7403981e-5,0.0032450669,0.006517538,0.009790009,0.013062479,0.01633495,0.019607421,0.022879891,0.026152363,0.029424833,0.032697305,0.035969775,0.039242245,0.042514715,0.04578719,0.04905966,0.05233213],"mean":0.0060854224,"std":0.0191244}
{"counts":[1,0,0,1,0,0,2,1,4,3,3,1,5,3,9,4,3,5,3,2,3,1,2,1,0,4,1,0,1,1],"wall_time":1.754172191433e9,"step":6,"max":0.056332577,"min":-0.046681028,"count":64,"bins":[-0.046681028,-0.04324724,-0.039813455,-0.03637967,-0.03294588,-0.029512094,-0.026078306,-0.02264452,-0.019210733,-0.015776947,-0.01234316,-0.008909373,-0.005475586,-0.002041799,0.0013919878,0.0048257746,0.008259562,0.011693348,0.015127135,0.018560922,0.021994708,0.025428496,0.028862283,0.03229607,0.035729855,0.03916364,0.042597428,0.046031218,0.049465004,0.05289879,0.056332577],"mean":0.006725892,"std":0.020832308}
{"counts":[1,0,0,1,0,0,2,3,1,3,4,1,3,4,6,4,5,4,3,4,1,3,1,2,1,2,2,2,0,1],"wall_time":1.754172192515e9,"step":7,"max":0.058362823,"min":-0.05032867,"count":64,"bins":[-0.05032867,-0.04670562,-0.04308257,-0.03945952,-0.03583647,-0.03221342,-0.02859037,-0.02496732,-0.02134427,-0.01772122,-0.014098171,-0.010475121,-0.0068520717,-0.003229022,0.00039402768,0.0040170774,0.007640127,0.011263177,0.0148862265,0.018509276,0.022132326,0.025755376,0.029378425,0.033001475,0.036624525,0.040247574,0.043870624,0.047493674,0.051116724,0.054739773,0.058362823],"mean":0.007602527,"std":0.022623265}
{"counts":[1,0,0,1,0,0,0,3,1,2,5,3,2,4,5,2,7,4,3,4,3,2,0,2,1,2,3,2,0,2],"wall_time":1.754172193627e9,"step":8,"max":0.057901934,"min":-0.05300557,"count":64,"bins":[-0.05300557,-0.04930865,-0.045611735,-0.041914817,-0.038217902,-0.034520984,-0.030824069,-0.027127152,-0.023430234,-0.019733317,-0.0160364,-0.012339485,-0.008642567,-0.004945651,-0.0012487342,0.0024481826,0.006145099,0.009842016,0.013538932,0.017235849,0.020932766,0.024629682,0.028326599,0.032023516,0.035720434,0.03941735,0.043114267,0.046811182,0.0505081,0.054205015,0.057901934],"mean":0.008297934,"std":0.023706663}
{"counts":[1,0,0,1,0,0,0,1,2,3,3,5,4,4,3,5,6,2,3,4,3,1,3,0,1,3,1,3,1,1],"wall_time":1.754172194808e9,"step":9,"max":0.060534775,"min":-0.055310465,"count":64,"bins":[-0.055310465,-0.051448956,-0.04758745,-0.04372594,-0.039864432,-0.036002927,-0.032141417,-0.02827991,-0.0244184,-0.020556893,-0.016695386,-0.0128338775,-0.008972369,-0.0051108613,-0.001249353,0.002612155,0.006473663,0.010335171,0.014196679,0.018058186,0.021919696,0.025781203,0.02964271,0.033504218,0.037365727,0.041227236,0.045088742,0.04895025,0.05281176,0.056673266,0.060534775],"mean":0.008640583,"std":0.02420174}
{"counts":[1,0,0,1,0,0,1,2,2,2,3,6,4,3,2,3,6,4,3,3,2,3,2,1,0,1,0,5,3,1],"wall_time":1.754172195926e9,"step":10,"max":0.060537998,"min":-0.05565673,"count":64,"bins":[-0.05565673,-0.051783573,-0.047910415,-0.04403726,-0.040164102,-0.036290944,-0.032417785,-0.028544627,-0.02467147,-0.020798313,-0.016925154,-0.013051997,-0.00917884,-0.005305682,-0.0014325244,0.0024406333,0.006313791,0.010186949,0.014060106,0.017933264,0.02180642,0.025679579,0.029552737,0.033425894,0.037299052,0.04117221,0.04504537,0.048918523,0.05279168,0.05666484,0.060537998],"mean":0.008764345,"std":0.026048701}
{"counts":[1,0,1,0,0,2,1,1,3,5,5,3,2,2,4,4,4,4,1,5,1,1,3,2,0,0,2,2,3,2],"wall_time":1.754172197072e9,"step":11,"max":0.062476955,"min":-0.0518202,"count":64,"bins":[-0.0518202,-0.048010293,-0.04420039,-0.040390484,-0.036580577,-0.032770675,-0.028960768,-0.025150863,-0.021340959,-0.017531054,-0.0137211485,-0.009911243,-0.0061013377,-0.0022914326,0.0015184726,0.0053283777,0.009138283,0.012948188,0.016758094,0.020567998,0.024377903,0.02818781,0.031997714,0.03580762,0.039617524,0.04342743,0.047237333,0.05104724,0.054857146,0.05866705,0.062476955],"mean":0.008849734,"std":0.027137743}
{"counts":[1,0,0,1,2,0,1,2,5,4,3,3,1,3,5,6,1,2,4,3,2,1,4,0,1,0,2,2,2,3],"wall_time":1.754172198305e9,"step":12,"max":0.06441209,"min":-0.054263465,"count":64,"bins":[-0.054263465,-0.050307613,-0.04635176,-0.04239591,-0.03844006,-0.034484208,-0.030528355,-0.026572503,-0.02261665,-0.018660799,-0.014704947,-0.010749096,-0.0067932443,-0.0028373925,0.0011184593,0.005074311,0.009030162,0.012986015,0.016941866,0.020897718,0.02485357,0.02880942,0.032765273,0.036721125,0.040676977,0.04463283,0.048588682,0.05254453,0.056500383,0.060456235,0.06441209],"mean":0.0084572835,"std":0.028468603}
{"counts":[1,0,0,1,1,1,1,2,4,4,4,2,2,5,3,7,1,0,4,6,0,2,3,0,1,1,3,2,2,1],"wall_time":1.754172199708e9,"step":13,"max":0.06885719,"min":-0.057449453,"count":64,"bins":[-0.057449453,-0.05323923,-0.04902901,-0.04481879,-0.040608566,-0.036398344,-0.032188125,-0.027977902,-0.02376768,-0.01955746,-0.015347238,-0.011137016,-0.0069267945,-0.0027165727,0.0014936487,0.00570387,0.009914092,0.014124313,0.018334534,0.022544757,0.026754977,0.0309652,0.03517542,0.039385643,0.043595865,0.047806084,0.052016307,0.05622653,0.06043675,0.064646974,0.06885719],"mean":0.008430775,"std":0.02918403}
{"counts":[1,0,0,1,0,0,0,1,2,3,3,5,4,4,3,5,6,2,3,4,3,1,3,0,1,3,1,3,1,1],"wall_time":1.754172201537e9,"step":14,"max":0.060534775,"min":-0.055310465,"count":64,