{"counts":[1,0,2,2,1,0,1,5,0,1,2,1,2,0,1,1,0,1,2,2,0,1,1,1,1,1,0,1,0,1],"wall_time":1.754172185615e9,"step":1,"max":0.012712066,"min":-0.019295694,"count":32,"bins":[-0.019295694,-0.01822877,-0.017161844,-0.016094917,-0.015027993,-0.013961067,-0.012894142,-0.0118272165,-0.0107602915,-0.0096933665,-0.008626441,-0.0075595155,-0.00649259,-0.0054256646,-0.0043587396,-0.0032918141,-0.002224889,-0.0011579634,-9.1038084e-5,0.00097588723,0.0020428125,0.003109738,0.0041766632,0.0052435887,0.006310514,0.007377439,0.008444365,0.00951129,0.010578215,0.011645141,0.012712066],"mean":-0.005010498,"std":0.008778519}
{"counts":[2,0,3,1,0,1,1,1,2,2,1,1,1,3,1,1,2,0,3,1,1,0,2,0,0,1,0,0,0,1],"wall_time":1.75417218681e9,"step":2,"max":0.020304892,"min":-0.029882435,"count":32,"bins":[-0.029882435,-0.028209524,-0.026536614,-0.024863701,-0.02319079,-0.02151788,-0.01984497,-0.01817206,-0.016499147,-0.014826236,-0.013153326,-0.011480415,-0.009807504,-0.008134593,-0.0064616823,-0.0047887713,-0.0031158603,-0.0014429495,0.00022996143,0.0019028723,0.0035757832,0.005248694,0.006921605,0.008594516,0.010267427,0.011940338,0.013613248,0.01528616,0.016959071,0.018631982,0.020304892],"mean":-0.008900628,"std":0.012626256}
{"counts":[2,0,1,1,2,1,2,0,2,1,1,2,2,1,0,1,3,0,2,1,1,0,2,0,2,1,0,0,0,1],"wall_time":1.754172187911e9,"step":3,"max":0.021149447,"min":-0.036814947,"count":32,"bins":[-0.036814947,-0.0348828,-0.032950655,-0.031018507,-0.02908636,-0.027154215,-0.025222069,-0.02328992,-0.021357775,-0.019425629,-0.017493483,-0.015561336,-0.013629189,-0.011697043,-0.009764896,-0.00783275,-0.0059006033,-0.0039684568,-0.0020363103,-0.0001041639,0.0018279826,0.003760129,0.0056922757,0.0076244217,0.009556568,0.011488715,0.013420861,0.015353008,0.017285155,0.019217301,0.021149447],"mean":-0.011300776,"std":0.015441557}
{"counts":[1,0,2,1,2,1,2,1,0,1,0,1,2,2,3,0,1,2,1,0,1,1,2,1,1,1,0,0,0,2],"wall_time":1.754172189077e9,"step":4,"max":0.01884352,"min":-0.04339167,"count":32,"bins":[-0.04339167,-0.041317165,-0.03924266,-0.037168153,-0.035093646,-0.03301914,-0.030944632,-0.028870126,-0.02679562,-0.024721114,-0.022646608,-0.020572102,-0.018497594,-0.016423088,-0.014348581,-0.012274075,-0.010199569,-0.008125062,-0.006050556,-0.00397605,-0.0019015433,0.00017296299,0.0022474693,0.0043219756,0.0063964822,0.008470989,0.010545495,0.012620001,0.014694507,0.016769014,0.01884352],"mean":-0.014216721,"std":0.017046975}
{"counts":[1,0,0,1,2,2,1,2,0,0,2,1,1,1,1,1,4,2,2,0,0,1,2,1,1,1,0,0,0,2],"wall_time":1.754172190318e9,"step":5,"max":0.017094553,"min":-0.049419496,"count":32,"bins":[-0.049419496,-0.04720236,-0.044985227,-0.04276809,-0.040550955,-0.038333822,-0.036116686,-0.033899553,-0.031682417,-0.029465282,-0.027248146,-0.025031012,-0.022813877,-0.020596743,-0.018379606,-0.016162472,-0.013945336,-0.011728202,-0.009511067,-0.007293932,-0.005076797,-0.002859662,-0.0006425271,0.0015746078,0.0037917427,0.006008878,0.008226013,0.010443147,0.012660283,0.014877417,0.017094553],"mean":-0.01687802,"std":0.017482273}
{"counts":[1,0,1,0,1,1,3,1,1,1,2,1,1,0,1,4,3,2,0,0,2,1,1,0,2,1,0,0,0,1],"wall_time":1.754172191436e9,"step":6,"max":0.023643,"min":-0.053978443,"count":32,"bins":[-0.053978443,-0.05139106,-0.04880368,-0.046216298,-0.043628916,-0.041041534,-0.038454156,-0.035866775,-0.033279393,-0.030692011,-0.02810463,-0.025517248,-0.022929866,-0.020342484,-0.017755102,-0.015167722,-0.01258034,-0.009992959,-0.007405577,-0.004818196,-0.0022308144,0.0003565671,0.0029439486,0.00553133,0.008118711,0.010706093,0.013293474,0.015880857,0.018468237,0.021055618,0.023643],"mean":-0.017395668,"std":0.018952675}
{"counts":[1,0,1,0,1,0,0,4,1,1,3,0,0,1,1,3,1,3,2,0,2,1,0,3,1,1,0,0,0,1],"wall_time":1.754172192535e9,"step":7,"max":0.023516146,"min":-0.060067866,"count":32,"bins":[-0.060067866,-0.057281733,-0.0544956,-0.051709466,-0.048923332,-0.0461372,-0.04335106,-0.04056493,-0.037778795,-0.03499266,-0.032206528,-0.029420394,-0.026634261,-0.023848128,-0.021061994,-0.018275859,-0.015489726,-0.012703592,-0.0099174585,-0.0071313246,-0.004345191,-0.0015590573,0.0012270765,0.00401321,0.006799344,0.009585477,0.012371612,0.015157745,0.01794388,0.020730013,0.023516146],"mean":-0.018379245,"std":0.020083651}
{"counts":[1,0,1,0,1,0,2,2,1,0,3,1,1,0,3,1,0,5,1,2,1,2,1,1,1,0,0,0,0,1],"wall_time":1.754172193631e9,"step":8,"max":0.023132695,"min":-0.06107501,"count":32,"bins":[-0.06107501,-0.058268085,-0.05546116,-0.05265424,-0.049847316,-0.04704039,-0.044233467,-0.041426547,-0.038619623,-0.0358127,-0.033005774,-0.030198852,-0.027391927,-0.024585005,-0.02177808,-0.018971156,-0.016164234,-0.013357311,-0.010550387,-0.0077434634,-0.00493654,-0.0021296164,0.0006773071,0.0034842305,0.006291154,0.009098077,0.011905001,0.014711925,0.017518848,0.02032577,0.023132695],"mean":-0.02025142,"std":0.019684175}
{"counts":[2,0,0,0,1,1,1,3,0,0,3,0,1,2,2,1,2,2,2,1,2,2,2,0,1,0,0,0,0,1],"wall_time":1.754172194818e9,"step":9,"max":0.022547234,"min":-0.062061694,"count":32,"bins":[-0.062061694,-0.059241395,-0.056421097,-0.0536008,-0.050780505,-0.047960207,-0.04513991,-0.04231961,-0.039499313,-0.036679015,-0.033858716,-0.03103842,-0.028218122,-0.025397824,-0.022577528,-0.01975723,-0.016936932,-0.014116635,-0.0112963375,-0.008476039,-0.005655742,-0.0028354444,-1.5146782e-5,0.0028051508,0.005625448,0.008445746,0.011266043,0.0140863415,0.01690664,0.019726936,0.022547234],"mean":-0.02115628,"std":0.020064551}
{"counts":[2,0,0,1,0,0,2,0,3,0,1,2,0,4,2,1,3,3,1,2,1,1,1,0,1,0,0,0,0,1],"wall_time":1.754172195945e9,"step":10,"max":0.029046549,"min":-0.06585173,"count":32,"bins":[-0.06585173,-0.062688455,-0.05952518,-0.056361906,-0.053198628,-0.050035354,-0.046872076,-0.0437088,-0.040545523,-0.03738225,-0.03421897,-0.031055696,-0.02789242,-0.024729144,-0.021565868,-0.018402591,-0.015239316,-0.01207604,-0.0089127645,-0.0057494882,-0.002586212,0.00057706406,0.00374034,0.0069036162,0.010066892,0.013230168,0.016393444,0.01955672,0.022719996,0.025883272,0.029046549],"mean":-0.020942083,"std":0.021155804}
{"counts":[1,0,2,0,0,1,0,1,1,2,1,0,1,4,1,3,4,1,3,1,1,0,2,0,0,1,0,0,0,1],"wall_time":1.754172197086e9,"step":11,"max":0.027970916,"min":-0.06729783,"count":32,"bins":[-0.06729783,-0.06412221,-0.06094658,-0.057770956,-0.054595333,-0.051419705,-0.04824408,-0.045068458,-0.04189283,-0.038717207,-0.035541583,-0.03236596,-0.029190332,-0.026014708,-0.022839082,-0.019663459,-0.016487833,-0.013312208,-0.010136583,-0.0069609582,-0.0037853334,-0.00060970837,0.0025659164,0.0057415413,0.008917166,0.0120927915,0.015268416,0.01844404,0.021619666,0.02479529,0.027970916],"mean":-0.021394916,"std":0.021028375}
{"counts":[1,0,0,0,2,0,0,1,1,1,1,1,0,3,2,2,1,4,1,4,3,0,1,1,0,0,1,0,0,1],"wall_time":1.754172198312e9,"step":12,"max":0.027614621,"min":-0.07534754,"count":32,"bins":[-0.07534754,-0.07191547,-0.0684834,-0.065051325,-0.061619256,-0.058187183,-0.05475511,-0.051323038,-0.047890965,-0.044458892,-0.04102682,-0.03759475,-0.034162678,-0.030730605,-0.027298532,-0.02386646,-0.020434389,-0.017002316,-0.013570244,-0.010138172,-0.0067061,-0.0032740277,0.00015804432,0.0035901165,0.0070221885,0.010454261,0.0138863325,0.017318405,0.020750478,0.024182549,0.027614621],"mean":-0.021583453,"std":0.02217087}
{"counts":[1,0,0,0,1,1,0,0,2,0,2,1,0,2,2,3,1,1,3,4,3,1,1,0,1,0,1,0,0,1],"wall_time":1.75417219971e9,"step":13,"max":0.026741948,"min":-0.07814125,"count":32,"bins":[-0.07814125,-0.07464515,-0.07114904,-0.06765293,-0.06415682,-0.060660716,-0.05716461,-0.053668503,-0.050172396,-0.04667629,-0.043180183,-0.039684076,-0.03618797,-0.032691862,-0.029195758,-0.02569965,-0.022203544,-0.018707437,-0.015211331,-0.011715225,-0.008219118,-0.0047230115,-0.0012269047,0.002269202,0.0057653086,0.009261415,0.012757522,0.016253628,0.019749735,0.023245841,0.026741948],"mean":-0.022068927,"std":0.022708004}
{"counts":[2,0,0,0,1,1,1,3,0,0,3,0,1,2,2,1,2,2,2,1,2,2,2,0,1,0,0,0,0,1],"wall_time":1.75417220154e9,"step":14,"max":0.022547234,"min":-0.062061694,"count":32,