{"counts":[1,1,1,1,2,2,0,1,5,2,5,3,6,8,10,6,7,8,4,7,6,4,1,1,1,1,0,1,0,1],"wall_time":1.754172416673e9,"step":1,"max":0.46692932,"min":-0.47595918,"count":96,"bins":[-0.47595918,-0.44452956,-0.41309994,-0.38167033,-0.3502407,-0.3188111,-0.28738147,-0.25595185,-0.22452225,-0.19309263,-0.16166301,-0.13023339,-0.09880378,-0.06737416,-0.035944548,-0.0045149326,0.026914684,0.0583443,0.089773916,0.121203534,0.15263315,0.18406276,0.21549238,0.246922,0.2783516,0.30978122,0.34121084,0.37264046,0.40407008,0.4354997,0.46692932],"mean":-0.008394585,"std":0.17636977}
{"counts":[2,0,1,1,3,1,1,1,4,5,2,3,8,8,11,5,6,7,5,6,6,4,1,1,1,1,0,1,0,1],"wall_time":1.754172417851e9,"step":2,"max":0.46180177,"min":-0.46377528,"count":96,"bins":[-0.46377528,-0.43292272,-0.40207013,-0.37121758,-0.340365,-0.30951244,-0.27865988,-0.2478073,-0.21695474,-0.18610217,-0.1552496,-0.124397025,-0.09354446,-0.06269189,-0.031839322,-0.0009867549,0.029865813,0.06071838,0.09157095,0.122423515,0.15327609,0.18412866,0.21498123,0.24583378,0.27668637,0.30753893,0.33839148,0.36924407,0.40009663,0.4309492,0.46180177],"mean":-0.008122885,"std":0.17429015}
{"counts":[1,2,0,1,4,0,1,0,6,3,3,3,7,7,11,6,7,8,3,5,8,4,1,1,1,0,1,0,1,1],"wall_time":1.754172419333e9,"step":3,"max":0.45108077,"min":-0.45337495,"count":96,"bins":[-0.45337495,-0.42322642,-0.3930779,-0.36292937,-0.33278087,-0.30263233,-0.2724838,-0.24233529,-0.21218675,-0.18203823,-0.15188971,-0.12174119,-0.09159266,-0.06144414,-0.031295616,-0.0011470914,0.029001433,0.05914996,0.08929848,0.11944701,0.14959553,0.17974405,0.20989257,0.2400411,0.2701896,0.30033815,0.33048669,0.3606352,0.39078373,0.42093223,0.45108077],"mean":-0.007862093,"std":0.17173937}
{"counts":[1,2,0,1,2,2,1,1,3,5,3,4,7,6,11,6,7,8,3,7,7,3,1,1,1,0,1,0,1,1],"wall_time":1.754172420809e9,"step":4,"max":0.4453589,"min":-0.44889256,"count":96,"bins":[-0.44889256,-0.4190842,-0.3892758,-0.35946742,-0.32965904,-0.29985064,-0.27004227,-0.24023388,-0.21042551,-0.18061712,-0.15080874,-0.12100036,-0.09119198,-0.061383594,-0.031575214,-0.0017668307,0.02804155,0.057849932,0.087658316,0.117466696,0.14727508,0.17708346,0.20689185,0.23670022,0.2665086,0.29631698,0.32612538,0.35593376,0.38574213,0.41555053,0.4453589],"mean":-0.0076714326,"std":0.16979249}
{"counts":[1,2,0,0,3,2,1,0,4,5,3,5,6,6,10,8,8,5,1,10,6,3,2,1,1,0,1,0,1,1],"wall_time":1.754172422238e9,"step":5,"max":0.4405625,"min":-0.44677883,"count":96,"bins":[-0.44677883,-0.4172008,-0.38762274,-0.3580447,-0.32846665,-0.29888862,-0.26931056,-0.23973252,-0.21015449,-0.18057644,-0.1509984,-0.121420346,-0.09184231,-0.06226426,-0.03268622,-0.0031081736,0.02646987,0.056047913,0.08562596,0.115204,0.14478205,0.1743601,0.20393814,0.23351617,0.26309422,0.29267228,0.3222503,0.35182837,0.3814064,0.41098446,0.4405625],"mean":-0.0075147618,"std":0.16821548}
{"counts":[1,2,0,0,3,2,0,2,3,4,4,5,6,3,13,7,8,5,2,10,6,3,1,2,1,0,1,0,1,1],"wall_time":1.754172423763e9,"step":6,"max":0.43702284,"min":-0.44866848,"count":96,"bins":[-0.44866848,-0.41914544,-0.3896224,-0.36009935,-0.3305763,-0.30105326,-0.2715302,-0.24200717,-0.21248414,-0.18296109,-0.15343805,-0.123914994,-0.09439196,-0.06486891,-0.035345867,-0.0058228225,0.02370022,0.053223263,0.08274631,0.11226935,0.1417924,0.17131545,0.20083849,0.23036152,0.25988457,0.2894076,0.31893066,0.3484537,0.37797675,0.4074998,0.43702284],"mean":-0.007429031,"std":0.16702856}
{"counts":[1,2,0,0,3,2,0,2,3,4,4,5,6,2,13,9,7,5,2,10,7,2,2,1,1,0,1,0,1,1],"wall_time":1.754172425251e9,"step":7,"max":0.43513638,"min":-0.44691056,"count":96,"bins":[-0.44691056,-0.417509,-0.38810742,-0.35870588,-0.3293043,-0.29990274,-0.27050117,-0.24109961,-0.21169804,-0.18229648,-0.15289491,-0.12349335,-0.09409179,-0.06469022,-0.035288654,-0.005887091,0.023514474,0.05291604,0.082317606,0.11171917,0.14112073,0.1705223,0.19992386,0.22932543,0.25872698,0.28812855,0.31753013,0.3469317,0.37633324,0.4057348,0.43513638],"mean":-0.0073601515,"std":0.16588713}
{"counts":[1,2,0,0,3,2,0,2,2,4,5,5,6,2,12,8,7,7,2,10,6,3,2,1,1,0,0,1,1,1],"wall_time":1.754172426625e9,"step":8,"max":0.42998007,"min":-0.4475402,"count":96,"bins":[-0.4475402,-0.4182895,-0.38903883,-0.35978818,-0.3305375,-0.30128682,-0.27203614,-0.24278547,-0.21353479,-0.18428412,-0.15503344,-0.12578276,-0.09653209,-0.06728141,-0.038030736,-0.008780062,0.020470614,0.04972129,0.07897197,0.10822264,0.13747332,0.166724,0.19597466,0.22522534,0.254476,0.2837267,0.31297737,0.34222806,0.3714787,0.4007294,0.42998007],"mean":-0.0072483695,"std":0.16487423}
{"counts":[1,2,0,0,3,2,1,1,2,4,5,4,6,2,13,8,9,5,2,10,6,3,2,1,1,0,1,0,1,1],"wall_time":1.754172428118e9,"step":9,"max":0.42578867,"min":-0.44375938,"count":96,"bins":[-0.44375938,-0.41477445,-0.3857895,-0.35680458,-0.32781965,-0.2988347,-0.26984978,-0.24086484,-0.2118799,-0.18289496,-0.15391003,-0.1249251,-0.09594016,-0.06695522,-0.03797029,-0.0089853555,0.01999958,0.048984516,0.07796945,0.10695439,0.13593931,0.16492425,0.19390918,0.22289413,0.25187907,0.280864,0.30984893,0.33883387,0.3678188,0.39680374,0.42578867],"mean":-0.007220779,"std":0.16412088}
{"counts":[1,2,0,0,2,2,2,1,2,3,6,4,7,1,14,7,9,5,2,10,6,3,2,1,1,0,1,0,1,1],"wall_time":1.754172429579e9,"step":10,"max":0.4256457,"min":-0.44238916,"count":96,"bins":[-0.44238916,-0.41345465,-0.38452017,-0.35558566,-0.3266512,-0.29771668,-0.2687822,-0.23984769,-0.2109132,-0.1819787,-0.15304421,-0.12410971,-0.095175214,-0.06624072,-0.037306223,-0.008371726,0.02056277,0.049497265,0.07843176,0.10736626,0.13630076,0.16523525,0.19416974,0.22310424,0.25203875,0.28097323,0.30990773,0.3388422,0.36777672,0.3967112,0.4256457],"mean":-0.0071213287,"std":0.16309357}
{"counts":[1,2,0,0,1,3,2,1,2,3,6,4,5,3,13,8,8,6,2,8,8,3,1,1,2,0,0,1,1,1],"wall_time":1.754172431026e9,"step":11,"max":0.42237937,"min":-0.44277823,"count":96,"bins":[-0.44277823,-0.41393965,-0.38510105,-0.35626248,-0.32742387,-0.2985853,-0.26974672,-0.24090812,-0.21206954,-0.18323095,-0.15439236,-0.12555377,-0.09671519,-0.0678766,-0.039038014,-0.010199428,0.018639158,0.047477745,0.076316334,0.10515492,0.1339935,0.1628321,0.19167069,0.22050926,0.24934785,0.27818644,0.30702502,0.33586362,0.3647022,0.3935408,0.42237937],"mean":-0.007102667,"std":0.16259335}
{"counts":[1,2,0,0,1,3,2,1,3,3,5,4,5,4,12,8,9,5,2,9,7,3,1,1,2,0,0,1,1,1],"wall_time":1.754172432477e9,"step":12,"max":0.42245704,"min":-0.44072583,"count":96,"bins":[-0.44072583,-0.41195306,-0.38318032,-0.35440755,-0.32563478,-0.29686204,-0.26808926,-0.2393165,-0.21054374,-0.18177097,-0.15299821,-0.124225445,-0.09545268,-0.066679925,-0.03790716,-0.009134397,0.019638365,0.048411127,0.07718389,0.10595665,0.13472942,0.16350217,0.19227494,0.2210477,0.24982047,0.27859324,0.30736598,0.33613876,0.36491153,0.39368427,0.42245704],"mean":-0.0070671663,"std":0.16199122}
{"counts":[1,2,0,0,2,2,2,2,1,4,3,6,5,4,14,6,9,5,2,9,7,3,2,0,2,0,0,1,1,1],"wall_time":1.754172433892e9,"step":13,"max":0.4203035,"min":-0.44024488,"count":96,"bins":[-0.44024488,-0.41155994,-0.382875,-0.35419005,-0.3255051,-0.29682016,-0.26813522,-0.23945026,-0.21076532,-0.18208037,-0.15339543,-0.12471048,-0.096025534,-0.06734059,-0.038655642,-0.009970695,0.018714251,0.047399197,0.076084144,0.10476909,0.13345404,0.16213898,0.19082393,0.21950887,0.24819382,0.27687877,0.30556372,0.33424866,0.3629336,0.39161855,0.4203035],"mean":-0.0070709684,"std":0.16165505}
{"counts":[1,2,0,0,1,3,2,2,2,3,3,6,5,4,14,6,9,5,2,9,7,3,1,1,2,0,0,1,1,1],"wall_time":1.754172435376e9,"step":14,"max":0.4206487,"min":-0.44032735,"count":96,"bins":[-0.44032735,-0.41162816,-0.38292894,-0.35422975,-0.32553053,-0.29683134,-0.26813215,-0.23943293,-0.21073374,-0.18203454,-0.15333533,-0.12463613,-0.09593693,-0.06723773,-0.038538527,-0.009839326,0.018859874,0.047559075,0.07625828,0.104957476,0.13365668,0.16235588,0.19105509,0.21975428,0.24845348,0.2771527,0.30585188,0.3345511,0.3632503,0.3919495,0.4206487],"mean":-0.007042581,"std":0.16130768}
{"counts":[1,2,0,0,2,2,2,1,2,3,6,4,7,1,14,7,9,5,2,10,6,3,2,1,1,0,1,0,1,1],"wall_time":1.754172437404e9,"step":15,"max":0.4256457,"min":-0.44238916,