{"counts":[1,2,3,2,0,1,1,2,5,1,0,2,2,2,1,0,0,2,0,0,2,0,1,0,0,0,0,0,0,2],"wall_time":1.754172416659e9,"step":1,"max":1.0101674,"min":0.983645,"count":32,"bins":[0.983645,0.9845291,0.9854132,0.98629725,0.9871813,0.9880654,0.9889495,0.9898336,0.99071765,0.9916017,0.9924858,0.9933699,0.99425393,0.99513805,0.9960221,0.9969062,0.9977903,0.99867433,0.99955845,1.0004425,1.0013266,1.0022106,1.0030948,1.0039788,1.0048629,1.005747,1.006631,1.0075151,1.0083992,1.0092833,1.0101674],"mean":0.9931576,"std":0.006810368}
{"counts":[1,0,0,1,2,1,1,2,1,2,3,2,0,0,3,1,3,2,4,0,0,0,0,0,0,1,0,1,0,1],"wall_time":1.754172417848e9,"step":2,"max":1.0164504,"min":0.9689982,"count":32,"bins":[0.9689982,0.9705799,0.97216165,0.97374344,0.97532517,0.9769069,0.9784886,0.98007035,0.98165214,0.98323387,0.9848156,0.9863973,0.98797905,0.98956084,0.9911426,0.9927243,0.994306,0.99588776,0.99746954,0.9990513,1.000633,1.0022148,1.0037965,1.0053782,1.0069599,1.0085417,1.0101235,1.0117052,1.013287,1.0148686,1.0164504],"mean":0.9899424,"std":0.011048943}
{"counts":[1,0,1,1,1,3,1,2,1,2,3,1,0,1,6,0,3,0,1,0,1,0,0,0,1,1,0,0,0,1],"wall_time":1.754172419321e9,"step":3,"max":1.0196737,"min":0.9624332,"count":32,"bins":[0.9624332,0.9643412,0.9662492,0.9681573,0.9700653,0.9719733,0.9738813,0.9757893,0.9776974,0.9796054,0.9815134,0.9834214,0.9853294,0.98723745,0.98914546,0.99105346,0.99296147,0.9948695,0.99677753,0.99868554,1.0005935,1.0025016,1.0044096,1.0063176,1.0082256,1.0101336,1.0120417,1.0139496,1.0158577,1.0177656,1.0196737],"mean":0.9855799,"std":0.013114189}
{"counts":[1,1,0,2,0,1,3,4,2,0,3,1,3,1,2,2,0,0,1,1,0,0,1,1,1,0,0,0,0,1],"wall_time":1.754172420802e9,"step":4,"max":1.025154,"min":0.9549402,"count":32,"bins":[0.9549402,0.95728064,0.95962113,0.96196157,0.96430206,0.9666425,0.96898293,0.97132343,0.97366387,0.97600436,0.9783448,0.98068523,0.9830257,0.98536617,0.98770666,0.9900471,0.99238753,0.994728,0.99706846,0.99940896,1.0017494,1.0040898,1.0064303,1.0087708,1.0111113,1.0134517,1.0157921,1.0181326,1.0204731,1.0228136,1.025154],"mean":0.98218113,"std":0.016221289}
{"counts":[1,1,1,1,0,0,5,3,2,2,2,4,0,1,3,0,1,0,0,0,1,2,1,0,0,0,0,0,0,1],"wall_time":1.754172422237e9,"step":5,"max":1.0308851,"min":0.9498712,"count":32,"bins":[0.9498712,0.95257163,0.95527214,0.9579726,0.96067303,0.9633735,0.966074,0.96877444,0.9714749,0.97417533,0.97687584,0.9795763,0.98227674,0.9849772,0.9876777,0.99037814,0.9930786,0.9957791,0.99847955,1.00118,1.0038805,1.006581,1.0092814,1.0119818,1.0146823,1.0173827,1.0200832,1.0227838,1.0254842,1.0281847,1.0308851],"mean":0.979794,"std":0.018233879}
{"counts":[1,1,0,2,0,0,1,3,5,2,2,3,1,3,1,0,1,1,0,0,2,0,2,0,0,0,0,0,0,1],"wall_time":1.754172423757e9,"step":6,"max":1.0334305,"min":0.94373226,"count":32,"bins":[0.94373226,0.9467222,0.94971216,0.9527021,0.955692,0.95868194,0.9616719,0.96466184,0.9676518,0.97064173,0.9736317,0.9766216,0.9796115,0.98260146,0.9855914,0.98858136,0.9915713,0.99456125,0.9975512,1.0005411,1.0035311,1.006521,1.009511,1.0125009,1.0154908,1.0184808,1.0214707,1.0244607,1.0274506,1.0304406,1.0334305],"mean":0.9784274,"std":0.019594977}
{"counts":[1,1,0,1,1,0,1,0,4,6,1,1,5,2,1,0,0,1,0,2,1,0,1,1,0,0,0,0,0,1],"wall_time":1.754172425243e9,"step":7,"max":1.0349481,"min":0.93741083,"count":32,"bins":[0.93741083,0.9406621,0.94391334,0.94716454,0.9504158,0.95366704,0.9569183,0.96016955,0.96342075,0.966672,0.96992326,0.9731745,0.97642577,0.97967696,0.9829282,0.9861795,0.9894307,0.992682,0.9959332,0.9991844,1.0024357,1.0056869,1.0089382,1.0121894,1.0154407,1.0186919,1.0219431,1.0251944,1.0284456,1.0316969,1.0349481],"mean":0.9767078,"std":0.021139337}
{"counts":[1,0,0,0,3,1,0,0,3,4,3,1,3,3,2,1,0,1,1,0,2,2,0,0,0,0,0,0,0,1],"wall_time":1.754172426625e9,"step":8,"max":1.0381979,"min":0.9302814,"count":32,"bins":[0.9302814,0.9338786,0.93747586,0.94107306,0.94467026,0.94826746,0.9518647,0.9554619,0.9590591,0.9626563,0.9662536,0.9698508,0.973448,0.9770452,0.98064244,0.98423964,0.98783684,0.9914341,0.9950313,0.9986285,1.0022258,1.0058229,1.0094202,1.0130174,1.0166146,1.0202118,1.023809,1.0274062,1.0310035,1.0346006,1.0381979],"mean":0.9750724,"std":0.022026662}
{"counts":[1,0,0,0,3,0,1,0,4,5,1,2,1,6,1,1,0,0,1,1,2,1,0,0,0,0,0,0,0,1],"wall_time":1.754172428113e9,"step":9,"max":1.0441412,"min":0.9261149,"count":32,"bins":[0.9261149,0.9300491,0.9339833,0.93791753,0.94185174,0.94578594,0.94972014,0.95365435,0.9575886,0.9615228,0.965457,0.9693912,0.97332543,0.97725964,0.98119384,0.98512805,0.98906225,0.99299645,0.99693066,1.0008649,1.0047991,1.0087333,1.0126675,1.0166017,1.020536,1.0244701,1.0284044,1.0323385,1.0362728,1.0402069,1.0441412],"mean":0.9738149,"std":0.023322543}
{"counts":[1,0,0,0,0,2,2,1,2,3,4,1,3,3,2,2,0,0,0,2,1,1,1,0,0,0,0,0,0,1],"wall_time":1.754172429574e9,"step":10,"max":1.0464996,"min":0.91926724,"count":32,"bins":[0.91926724,0.9235083,0.9277494,0.9319905,0.93623155,0.9404726,0.9447137,0.9489548,0.95319587,0.9574369,0.961678,0.96591914,0.9701602,0.97440124,0.97864234,0.98288345,0.9871245,0.99136555,0.99560666,0.99984777,1.0040889,1.0083299,1.012571,1.0168121,1.0210531,1.0252942,1.0295353,1.0337764,1.0380175,1.0422585,1.0464996],"mean":0.97241783,"std":0.025144255}
{"counts":[1,0,0,0,0,2,3,0,2,3,1,4,1,4,1,2,1,1,0,0,2,2,1,0,0,0,0,0,0,1],"wall_time":1.754172431023e9,"step":11,"max":1.0426282,"min":0.9183491,"count":32,"bins":[0.9183491,0.9224917,0.9266344,0.930777,0.93491966,0.9390623,0.9432049,0.9473475,0.95149016,0.9556328,0.95977545,0.9639181,0.96806073,0.9722034,0.976346,0.98048866,0.98463124,0.9887739,0.9929165,0.99705917,1.0012019,1.0053444,1.009487,1.0136297,1.0177723,1.021915,1.0260576,1.0302002,1.0343429,1.0384855,1.0426282],"mean":0.9717175,"std":0.02569824}
{"counts":[1,0,0,0,0,2,2,2,2,2,2,2,2,4,2,1,0,1,1,0,0,3,1,1,0,0,0,0,0,1],"wall_time":1.754172432475e9,"step":12,"max":1.0408746,"min":0.91569287,"count":32,"bins":[0.91569287,0.9198656,0.9240383,0.92821103,0.9323838,0.9365565,0.9407292,0.94490194,0.9490747,0.95324737,0.9574201,0.96159285,0.96576554,0.9699383,0.974111,0.97828376,0.98245645,0.9866292,0.99080193,0.9949746,0.99914736,1.0033201,1.0074928,1.0116656,1.0158383,1.020011,1.0241838,1.0283564,1.0325291,1.0367019,1.0408746],"mean":0.9706303,"std":0.026740063}
{"counts":[1,0,0,0,0,3,0,4,2,2,1,3,3,3,2,0,1,1,1,1,1,1,1,0,0,0,0,0,0,1],"wall_time":1.754172433889e9,"step":13,"max":1.0493795,"min":0.9124593,"count":32,"bins":[0.9124593,0.9170233,0.92158735,0.92615134,0.9307153,0.93527937,0.93984336,0.94440734,0.94897133,0.9535354,0.95809937,0.96266335,0.9672274,0.9717914,0.9763554,0.9809194,0.9854834,0.9900474,0.9946114,0.9991754,1.0037395,1.0083034,1.0128675,1.0174314,1.0219954,1.0265595,1.0311234,1.0356874,1.0402515,1.0448154,1.0493795],"mean":0.9699812,"std":0.027877241}
{"counts":[1,0,0,0,0,0,3,2,4,1,2,0,5,3,2,1,1,0,1,2,1,0,1,1,0,0,0,0,0,1],"wall_time":1.754172435366e9,"step":14,"max":1.0490447,"min":0.9087917,"count":32,"bins":[0.9087917,0.9134668,0.9181419,0.92281705,0.92749214,0.93216723,0.9368423,0.9415174,0.9461925,0.95086765,0.95554274,0.96021783,0.9648929,0.969568,0.9742431,0.97891825,0.98359334,0.98826844,0.9929435,0.9976186,1.0022937,1.0069689,1.0116439,1.016319,1.0209942,1.0256692,1.0303444,1.0350194,1.0396945,1.0443696,1.0490447],"mean":0.9694882,"std":0.028250298}
{"counts":[1,0,0,0,0,2,2,1,2,3,4,1,3,3,2,2,0,0,0,2,1,1,1,0,0,0,0,0,0,1],"wall_time":1.754172437404e9,"step":15,"max":1.0464996,"min":0.91926724,"count":32,"bins":[0.91926724,0.9235083,0.9277494,0.9319905,0.93623155,0.9404726,0.9447137,0.9489548,0.95319587,0.9574369,0.961678,0.96591914,0.9701602,0.97440124,0.97864234,0.98288345,0.9871245,0.99136555,0.99560666,0.99984777,1.0040889,1.0083299,1.012571,1.0168121,1.0210531,1.0252942,1.0295353,1.0337764,1.0380175,1.0422585,1.0464996],"mean":0.97241783,"std":0.025144255}
