{"counts":[1,0,0,1,1,0,3,4,10,19,20,32,36,52,31,64,50,67,56,47,50,27,25,20,9,8,3,3,0,1],"wall_time":1.754172416444e9,"step":1,"max":0.96704906,"min":-1.2356195,"count":640,"bins":[-1.2356195,-1.1621972,-1.0887749,-1.0153527,-0.9419304,-0.8685081,-0.79508585,-0.72166353,-0.6482412,-0.57481897,-0.50139666,-0.4279744,-0.3545521,-0.2811298,-0.20770752,-0.13428524,-0.060862955,0.012559333,0.08598162,0.1594039,0.23282619,0.3062485,0.37967077,0.45309305,0.52651536,0.5999376,0.67335993,0.7467822,0.8202045,0.89362675,0.96704906],"mean":-0.009262373,"std":0.3131898}
{"counts":[1,0,0,1,1,0,4,3,10,18,23,30,36,53,32,66,46,69,55,49,47,28,25,19,12,6,2,3,0,1],"wall_time":1.754172417835e9,"step":2,"max":0.9719725,"min":-1.237677,"count":640,"bins":[-1.237677,-1.164022,-1.090367,-1.0167121,-0.94305706,-0.86940205,-0.7957471,-0.7220921,-0.6484371,-0.57478213,-0.5011271,-0.42747217,-0.35381716,-0.2801622,-0.2065072,-0.13285223,-0.059197243,0.014457741,0.08811273,0.1617677,0.23542269,0.30907768,0.38273266,0.45638764,0.53004265,0.6036976,0.6773526,0.75100756,0.82466257,0.8983175,0.9719725],"mean":-0.009428909,"std":0.31319043}
{"counts":[1,0,0,1,1,0,4,3,11,18,20,32,38,52,36,61,55,65,53,47,46,32,24,18,10,6,2,3,0,1],"wall_time":1.754172419298e9,"step":3,"max":0.9794182,"min":-1.2396309,"count":640,"bins":[-1.2396309,-1.1656626,-1.0916944,-1.0177261,-0.9437577,-0.8697894,-0.79582113,-0.7218528,-0.6478845,-0.5739162,-0.49994788,-0.42597958,-0.35201126,-0.27804297,-0.20407467,-0.13010636,-0.056138054,0.01783025,0.09179856,0.16576687,0.23973517,0.31370348,0.38767177,0.4616401,0.5356084,0.6095767,0.683545,0.7575133,0.83148164,0.9054499,0.9794182],"mean":-0.009180851,"std":0.31320438}
{"counts":[1,0,0,1,1,0,4,3,10,20,21,33,40,47,36,62,55,65,54,53,41,29,24,19,9,6,2,3,0,1],"wall_time":1.754172420785e9,"step":4,"max":0.9861729,"min":-1.2384005,"count":640,"bins":[-1.2384005,-1.164248,-1.0900955,-1.0159432,-0.9417907,-0.86763823,-0.79348576,-0.71933335,-0.6451809,-0.5710285,-0.496876,-0.42272356,-0.34857112,-0.27441865,-0.20026621,-0.12611377,-0.051961325,0.022191118,0.09634356,0.17049602,0.24464846,0.3188009,0.39295334,0.4671058,0.5412582,0.6154107,0.68956316,0.76371557,0.83786803,0.91202044,0.9861729],"mean":-0.009029431,"std":0.3132755}
{"counts":[1,0,0,1,1,0,4,3,12,18,22,34,40,47,39,61,54,64,56,49,42,31,22,19,8,6,3,2,0,1],"wall_time":1.754172422231e9,"step":5,"max":0.9924639,"min":-1.2371908,"count":640,"bins":[-1.2371908,-1.162869,-1.0885472,-1.0142254,-0.93990356,-0.86558175,-0.7912599,-0.7169381,-0.6426163,-0.5682944,-0.4939726,-0.41965076,-0.34532896,-0.27100712,-0.1966853,-0.12236348,-0.048041653,0.02628017,0.10060199,0.17492382,0.24924564,0.32356748,0.3978893,0.47221112,0.5465329,0.62085474,0.6951766,0.7694984,0.8438202,0.9181421,0.9924639],"mean":-0.008689048,"std":0.3133255}
{"counts":[1,0,0,1,1,0,4,3,11,19,23,34,41,44,41,61,55,64,57,46,44,31,20,19,8,6,2,3,0,1],"wall_time":1.754172423733e9,"step":6,"max":0.9923903,"min":-1.2344323,"count":640,"bins":[-1.2344323,-1.1602049,-1.0859776,-1.0117501,-0.93752265,-0.86329526,-0.7890678,-0.7148404,-0.64061296,-0.56638557,-0.49215814,-0.41793072,-0.3437033,-0.26947588,-0.19524845,-0.12102103,-0.046793614,0.027433809,0.10166123,0.17588864,0.25011608,0.3243435,0.39857092,0.47279832,0.54702574,0.6212532,0.6954806,0.76970804,0.84393543,0.9181629,0.9923903],"mean":-0.008695771,"std":0.31342947}
{"counts":[1,0,0,1,1,0,4,3,12,17,23,31,42,47,41,59,56,63,60,44,46,28,25,16,9,5,2,3,0,1],"wall_time":1.754172425225e9,"step":7,"max":0.9953041,"min":-1.2395148,"count":640,"bins":[-1.2395148,-1.1650208,-1.0905269,-1.0160329,-0.941539,-0.867045,-0.79255104,-0.7180571,-0.6435631,-0.56906915,-0.49457517,-0.42008123,-0.34558725,-0.27109328,-0.19659932,-0.12210536,-0.047611397,0.026882568,0.10137653,0.1758705,0.25036445,0.32485843,0.3993524,0.47384635,0.5483403,0.62283427,0.69732827,0.7718222,0.84631616,0.92081016,0.9953041],"mean":-0.008598793,"std":0.31343314}
{"counts":[1,0,0,1,1,0,4,3,9,20,22,30,41,50,39,60,56,61,60,46,44,29,27,16,9,5,2,3,0,1],"wall_time":1.754172426617e9,"step":8,"max":0.993582,"min":-1.2443266,"count":640,"bins":[-1.2443266,-1.1697296,-1.0951327,-1.0205357,-0.94593877,-0.8713418,-0.7967449,-0.72214794,-0.64755094,-0.572954,-0.49835706,-0.42376012,-0.34916314,-0.2745662,-0.19996925,-0.12537229,-0.050775338,0.023821617,0.09841857,0.17301552,0.24761248,0.32220942,0.3968064,0.47140333,0.5460003,0.62059724,0.6951942,0.7697911,0.8443881,0.91898507,0.993582],"mean":-0.008673528,"std":0.3134316}
{"counts":[1,0,0,1,1,0,4,4,8,21,23,29,42,47,40,61,55,60,59,49,44,27,28,16,8,6,2,3,0,1],"wall_time":1.754172428103e9,"step":9,"max":0.9909859,"min":-1.2411774,"count":640,"bins":[-1.2411774,-1.166772,-1.0923666,-1.0179611,-0.94355565,-0.8691502,-0.7947448,-0.72033936,-0.64593387,-0.57152843,-0.497123,-0.42271757,-0.3483121,-0.27390668,-0.19950123,-0.12509578,-0.05069034,0.023715103,0.09812055,0.17252599,0.24693143,0.32133687,0.39574233,0.47014776,0.5445532,0.61895865,0.6933641,0.7677695,0.842175,0.91658044,0.9909859],"mean":-0.008678702,"std":0.31344733}
{"counts":[1,0,0,1,1,0,4,4,9,20,24,28,44,45,38,61,55,59,62,50,42,28,26,18,8,6,2,3,0,1],"wall_time":1.754172429557e9,"step":10,"max":0.99068606,"min":-1.2418592,"count":640,"bins":[-1.2418592,-1.167441,-1.0930228,-1.0186046,-0.9441865,-0.8697683,-0.79535013,-0.72093195,-0.6465138,-0.57209563,-0.49767745,-0.42325926,-0.3488411,-0.2744229,-0.20000474,-0.12558657,-0.051168393,0.02324978,0.097667955,0.17208613,0.2465043,0.3209225,0.39534065,0.46975884,0.544177,0.6185952,0.69301337,0.76743156,0.8418497,0.9162679,0.99068606],"mean":-0.008502902,"std":0.31356466}
{"counts":[1,0,0,1,1,0,4,4,9,19,25,28,42,46,40,60,55,57,63,49,43,28,27,18,8,6,2,3,0,1],"wall_time":1.754172431008e9,"step":11,"max":0.9873317,"min":-1.2417369,"count":640,"bins":[-1.2417369,-1.1674346,-1.0931323,-1.0188301,-0.94452775,-0.8702254,-0.7959232,-0.7216209,-0.6473186,-0.5730163,-0.49871403,-0.42441174,-0.35010946,-0.27580717,-0.20150489,-0.1272026,-0.052900314,0.021401972,0.09570426,0.17000654,0.24430883,0.31861112,0.3929134,0.4672157,0.541518,0.6158203,0.69012254,0.7644248,0.8387271,0.91302943,0.9873317],"mean":-0.008354517,"std":0.31366086}
{"counts":[1,0,0,1,1,0,4,4,9,18,25,28,42,45,40,59,54,56,63,51,45,28,25,21,6,8,2,3,0,1],"wall_time":1.754172432468e9,"step":12,"max":0.98200536,"min":-1.2410115,"count":640,"bins":[-1.2410115,-1.1669109,-1.0928104,-1.0187098,-0.9446092,-0.8705087,-0.7964081,-0.72230756,-0.648207,-0.57410645,-0.5000059,-0.42590532,-0.35180476,-0.2777042,-0.20360364,-0.12950307,-0.05540251,0.018698053,0.09279861,0.16689917,0.24099974,0.3151003,0.38920087,0.46330142,0.537402,0.6115025,0.6856031,0.7597037,0.83380425,0.9079048,0.98200536],"mean":-0.008268425,"std":0.31366605}
{"counts":[1,0,0,1,1,0,3,5,10,18,23,30,43,43,40,61,51,56,66,49,45,29,24,19,8,8,2,3,0,1],"wall_time":1.754172433881e9,"step":13,"max":0.9847569,"min":-1.2419337,"count":640,"bins":[-1.2419337,-1.1677107,-1.0934876,-1.0192647,-0.9450416,-0.8708186,-0.7965956,-0.7223726,-0.64814955,-0.5739265,-0.4997035,-0.42548048,-0.35125747,-0.27703446,-0.20281143,-0.12858841,-0.05436539,0.019857632,0.09408065,0.16830367,0.2425267,0.31674972,0.39097273,0.46519575,0.53941876,0.6136418,0.6878648,0.7620878,0.83631086,0.91053385,0.9847569],"mean":-0.007947203,"std":0.3137636}
{"counts":[1,0,0,1,1,0,4,4,10,18,24,29,44,43,43,60,54,58,61,47,46,30,24,17,8,7,2,3,0,1],"wall_time":1.754172435365e9,"step":14,"max":0.9890298,"min":-1.2405866,"count":640,"bins":[-1.2405866,-1.1662661,-1.0919455,-1.017625,-0.9433044,-0.86898386,-0.79466337,-0.7203428,-0.64602226,-0.5717017,-0.49738115,-0.4230606,-0.34874004,-0.27441952,-0.20009896,-0.1257784,-0.05145786,0.022862691,0.09718324,0.17150378,0.24582434,0.3201449,0.39446545,0.46878597,0.54310656,0.6174271,0.6917476,0.76606816,0.8403887,0.91470927,0.9890298],"mean":-0.007853283,"std":0.3137969}
{"counts":[1,0,0,1,1,0,4,4,9,20,24,28,44,45,38,61,55,59,62,50,42,28,26,18,8,6,2,3,0,1],"wall_time":1.754172437393e9,"step":15,