{"counts":[1,1,1],"wall_time":1.754172416675e9,"step":1,"max":0.012265785,"min":-0.011333595,"count":3,"bins":[-0.011333595,-0.0034671351,0.004399325,0.012265785],"mean":0.0013908952,"std":0.011907916}
{"counts":[1,0,2],"wall_time":1.754172417868e9,"step":2,"max":0.018584082,"min":-0.021005455,"count":3,"bins":[-0.021005455,-0.007808943,0.0053875693,0.018584082],"mean":0.0018195597,"std":0.02047877}
{"counts":[1,0,2],"wall_time":1.754172419336e9,"step":3,"max":0.016831001,"min":-0.019849034,"count":3,"bins":[-0.019849034,-0.0076223556,0.004604323,0.016831001],"mean":0.0018927762,"std":0.01926325}
{"counts":[1,0,2],"wall_time":1.754172420813e9,"step":4,"max":0.017521195,"min":-0.023064949,"count":3,"bins":[-0.023064949,-0.009536234,0.0039924807,0.017521195],"mean":0.0019631048,"std":0.021887643}
{"counts":[1,0,2],"wall_time":1.754172422238e9,"step":5,"max":0.017439853,"min":-0.02418274,"count":3,"bins":[-0.02418274,-0.010308542,0.0035656553,0.017439853],"mean":0.0019595418,"std":0.022767704}
{"counts":[1,0,2],"wall_time":1.754172423765e9,"step":6,"max":0.015839463,"min":-0.025813522,"count":3,"bins":[-0.025813522,-0.0119291935,0.0019551348,0.015839463],"mean":0.0019399753,"std":0.024035243}
{"counts":[1,0,2],"wall_time":1.754172425264e9,"step":7,"max":0.017088247,"min":-0.026928721,"count":3,"bins":[-0.026928721,-0.012256398,0.0024159246,0.017088247],"mean":0.001916484,"std":0.024991913}
{"counts":[1,0,2],"wall_time":1.754172426625e9,"step":8,"max":0.017368965,"min":-0.027940193,"count":3,"bins":[-0.027940193,-0.012837141,0.0022659122,0.017368965],"mean":0.0018761723,"std":0.025828347}
{"counts":[1,0,2],"wall_time":1.754172428119e9,"step":9,"max":0.019254442,"min":-0.028890004,"count":3,"bins":[-0.028890004,-0.012841855,0.0032062933,0.019254442],"mean":0.0017768185,"std":0.026644666}
{"counts":[1,0,2],"wall_time":1.754172429582e9,"step":10,"max":0.019490628,"min":-0.030468522,"count":3,"bins":[-0.030468522,-0.013815472,0.0028375778,0.019490628],"mean":0.0018065609,"std":0.027993793}
{"counts":[1,0,2],"wall_time":1.754172431028e9,"step":11,"max":0.018207531,"min":-0.030066792,"count":3,"bins":[-0.030066792,-0.013975351,0.0021160904,0.018207531],"mean":0.0017854199,"std":0.027589284}
{"counts":[1,0,2],"wall_time":1.754172432479e9,"step":12,"max":0.019199349,"min":-0.030807467,"count":3,"bins":[-0.030807467,-0.014138528,0.0025304102,0.019199349],"mean":0.0017834157,"std":0.028246764}
{"counts":[1,0,2],"wall_time":1.754172433892e9,"step":13,"max":0.020379642,"min":-0.032181904,"count":3,"bins":[-0.032181904,-0.0146613885,0.0028591268,0.020379642],"mean":0.001752202,"std":0.029434666}
{"counts":[1,0,2],"wall_time":1.754172435376e9,"step":14,"max":0.020130696,"min":-0.031774174,"count":3,"bins":[-0.031774174,-0.014472551,0.0028290723,0.020130696],"mean":0.0017621884,"std":0.029087398}
{"counts":[1,0,2],"wall_time":1.754172437411e9,"step":15,"max":0.019490628,"min":-0.030468522,"count":3,"bins":[-0.030468522,-0.013815472,0.0028375778,0.019490628],"mean":0.0018065609,"std":0.027993793}
