{"counts":[1,0,0,1,1,3,2,2,1,4,0,0,1,1,0,0,2,0,0,1,0,3,1,0,1,0,1,0,5,1],"wall_time":1.754172416657e9,"step":1,"max":0.0065847957,"min":-0.017941803,"count":32,"bins":[-0.017941803,-0.017124249,-0.016306696,-0.015489143,-0.014671589,-0.013854036,-0.013036483,-0.01221893,-0.011401377,-0.010583824,-0.00976627,-0.008948716,-0.008131163,-0.00731361,-0.006496057,-0.005678504,-0.00486095,-0.004043397,-0.0032258437,-0.0024082905,-0.0015907371,-0.0007731839,4.436942e-5,0.0008619227,0.001679476,0.0024970293,0.0033145826,0.004132136,0.004949689,0.0057672425,0.0065847957],"mean":-0.0054662935,"std":0.0077072824}
{"counts":[4,0,0,1,1,0,1,2,2,2,1,1,1,0,0,2,0,2,1,0,0,1,2,1,2,2,1,1,0,1],"wall_time":1.754172417846e9,"step":2,"max":0.01583275,"min":-0.028193882,"count":32,"bins":[-0.028193882,-0.026726328,-0.025258772,-0.023791218,-0.022323664,-0.02085611,-0.019388555,-0.017921,-0.016453447,-0.014985892,-0.013518338,-0.012050783,-0.010583229,-0.0091156745,-0.00764812,-0.006180566,-0.0047130114,-0.003245457,-0.0017779026,-0.00031034823,0.0011572061,0.0026247606,0.0040923147,0.0055598696,0.007027424,0.008494978,0.009962533,0.011430087,0.012897641,0.014365195,0.01583275],"mean":-0.0070157675,"std":0.013415511}
{"counts":[1,1,1,0,2,0,3,1,2,0,1,0,2,2,3,1,0,0,0,1,2,2,2,1,2,0,0,0,1,1],"wall_time":1.754172419319e9,"step":3,"max":0.019621396,"min":-0.03622247,"count":32,"bins":[-0.03622247,-0.03436101,-0.032499544,-0.030638082,-0.02877662,-0.026915157,-0.025053697,-0.023192234,-0.021330772,-0.01946931,-0.017607847,-0.015746385,-0.0138849225,-0.012023461,-0.010161999,-0.008300536,-0.006439074,-0.004577612,-0.0027161497,-0.0008546876,0.0010067746,0.0028682367,0.004729699,0.0065911612,0.008452623,0.0103140855,0.012175548,0.01403701,0.015898472,0.017759934,0.019621396],"mean":-0.009529283,"std":0.015240511}
{"counts":[1,0,0,2,1,1,2,0,1,3,0,2,3,1,1,1,2,1,0,1,1,0,1,3,1,0,1,0,1,1],"wall_time":1.7541724208e9,"step":4,"max":0.025910808,"min":-0.046323225,"count":32,"bins":[-0.046323225,-0.043915424,-0.041507624,-0.03909982,-0.03669202,-0.03428422,-0.03187642,-0.029468616,-0.027060816,-0.024653016,-0.022245213,-0.019837413,-0.017429613,-0.01502181,-0.01261401,-0.010206209,-0.0077984077,-0.0053906064,-0.0029828053,-0.0005750042,0.0018327968,0.004240598,0.006648399,0.0090562,0.011464002,0.013871802,0.016279604,0.018687405,0.021095205,0.023503007,0.025910808],"mean":-0.011407391,"std":0.019151425}
{"counts":[1,0,0,2,1,1,2,0,1,4,1,1,0,3,2,2,1,0,0,0,2,0,2,2,1,1,0,1,0,1],"wall_time":1.754172422235e9,"step":5,"max":0.028406639,"min":-0.04902433,"count":32,"bins":[-0.04902433,-0.046443295,-0.043862265,-0.04128123,-0.0387002,-0.036119167,-0.033538137,-0.030957103,-0.02837607,-0.025795039,-0.023214007,-0.020632975,-0.018051941,-0.01547091,-0.012889877,-0.010308845,-0.0077278125,-0.0051467805,-0.0025657483,1.5283997e-5,0.0025963162,0.0051773484,0.007758381,0.010339413,0.012920445,0.015501478,0.018082509,0.020663543,0.023244575,0.025825607,0.028406639],"mean":-0.012419395,"std":0.020153759}
{"counts":[1,0,0,1,1,2,0,1,2,3,2,1,0,2,2,2,2,0,0,1,2,0,1,4,0,0,0,0,1,1],"wall_time":1.754172423752e9,"step":6,"max":0.030827174,"min":-0.051839508,"count":32,"bins":[-0.051839508,-0.04908395,-0.046328396,-0.04357284,-0.040817283,-0.038061727,-0.03530617,-0.032550614,-0.02979506,-0.027039504,-0.024283947,-0.021528391,-0.018772835,-0.016017279,-0.013261723,-0.010506167,-0.007750611,-0.004995055,-0.0022394988,0.0005160572,0.0032716133,0.0060271695,0.008782726,0.011538281,0.014293837,0.017049393,0.019804949,0.022560505,0.025316061,0.028071618,0.030827174],"mean":-0.012283721,"std":0.020817438}
{"counts":[2,0,0,0,1,2,2,0,2,2,3,0,1,2,3,0,0,2,1,1,2,0,1,3,0,0,0,0,1,1],"wall_time":1.754172425239e9,"step":7,"max":0.033356242,"min":-0.052895065,"count":32,"bins":[-0.052895065,-0.05002002,-0.04714498,-0.044269934,-0.04139489,-0.03851985,-0.035644803,-0.032769762,-0.029894717,-0.027019674,-0.024144629,-0.021269586,-0.018394543,-0.015519499,-0.012644456,-0.009769412,-0.006894368,-0.0040193247,-0.001144281,0.0017307625,0.004605806,0.0074808495,0.0103558935,0.013230937,0.01610598,0.018981025,0.021856068,0.02473111,0.027606154,0.030481199,0.033356242],"mean":-0.012914036,"std":0.02203335}
{"counts":[2,0,0,0,0,2,3,0,3,1,2,3,1,1,2,0,0,3,1,1,1,0,3,1,1,0,0,0,0,1],"wall_time":1.754172426625e9,"step":8,"max":0.04090187,"min":-0.057965446,"count":32,"bins":[-0.057965446,-0.05466987,-0.05137429,-0.048078716,-0.044783138,-0.04148756,-0.03819198,-0.034896407,-0.03160083,-0.028305251,-0.025009675,-0.021714097,-0.01841852,-0.015122943,-0.0118273655,-0.008531788,-0.0052362112,-0.001940634,0.0013549433,0.0046505206,0.007946097,0.011241674,0.014537252,0.017832829,0.021128407,0.024423983,0.027719561,0.031015137,0.034310713,0.03760629,0.04090187],"mean":-0.013491757,"std":0.023768635}
{"counts":[2,0,0,0,1,3,1,1,1,3,1,4,2,0,1,0,2,1,2,0,2,2,1,1,0,0,0,0,0,1],"wall_time":1.754172428111e9,"step":9,"max":0.044715177,"min":-0.05802578,"count":32,"bins":[-0.05802578,-0.05460108,-0.051176384,-0.047751684,-0.044326987,-0.040902287,-0.03747759,-0.03405289,-0.030628191,-0.027203493,-0.023778794,-0.020354096,-0.016929397,-0.013504699,-0.01008,-0.006655302,-0.0032306032,0.00019409532,0.003618794,0.0070434925,0.0104681915,0.01389289,0.017317588,0.020742288,0.024166986,0.027591685,0.031016383,0.03444108,0.03786578,0.041290477,0.044715177],"mean":-0.013595974,"std":0.024511395}
{"counts":[1,1,0,0,0,3,2,1,1,3,2,1,2,1,1,1,2,2,1,0,2,2,1,1,0,0,0,0,0,1],"wall_time":1.754172429571e9,"step":10,"max":0.04830479,"min":-0.062677905,"count":32,"bins":[-0.062677905,-0.058978483,-0.055279057,-0.051579636,-0.047880214,-0.044180788,-0.040481366,-0.036781944,-0.03308252,-0.029383097,-0.025683673,-0.021984251,-0.018284827,-0.014585405,-0.010885981,-0.007186558,-0.003487135,0.00021228816,0.0039117113,0.0076111346,0.011310558,0.015009981,0.018709404,0.022408826,0.02610825,0.029807674,0.033507098,0.03720652,0.04090594,0.044605367,0.04830479],"mean":-0.013579721,"std":0.025946049}
{"counts":[1,1,0,0,1,1,4,0,2,1,2,1,1,1,1,2,3,2,1,0,0,2,3,1,0,0,0,0,0,1],"wall_time":1.754172431021e9,"step":11,"max":0.044736233,"min":-0.06174259,"count":32,"bins":[-0.06174259,-0.058193296,-0.054644,-0.051094707,-0.047545414,-0.043996118,-0.040446825,-0.03689753,-0.033348236,-0.029798942,-0.026249649,-0.022700354,-0.01915106,-0.015601766,-0.012052472,-0.008503178,-0.004953884,-0.0014045901,0.002144704,0.005693998,0.009243292,0.012792586,0.01634188,0.019891175,0.023440469,0.026989762,0.030539056,0.03408835,0.037637644,0.04118694,0.044736233],"mean":-0.0134950075,"std":0.025421644}
{"counts":[1,1,0,0,1,0,1,3,1,2,1,2,0,2,0,1,2,3,2,2,0,0,1,3,1,1,0,0,0,1],"wall_time":1.754172432475e9,"step":12,"max":0.03904391,"min":-0.06502783,"count":32,"bins":[-0.06502783,-0.061558776,-0.05808972,-0.054620657,-0.0511516,-0.047682542,-0.044213485,-0.040744428,-0.037275366,-0.03380631,-0.030337252,-0.026868194,-0.023399135,-0.019930078,-0.016461018,-0.012991961,-0.009522903,-0.006053845,-0.0025847866,0.0008842714,0.0043533295,0.007822388,0.011291446,0.014760504,0.018229563,0.02169862,0.025167678,0.028636737,0.032105796,0.035574853,0.03904391],"mean":-0.013957048,"std":0.025744554}
{"counts":[1,1,0,0,0,2,2,1,1,3,1,1,1,1,1,1,1,3,2,2,0,0,2,2,0,1,1,0,0,1],"wall_time":1.754172433883e9,"step":13,"max":0.0384311,"min":-0.06419317,"count":32,"bins":[-0.06419317,-0.06077236,-0.05735155,-0.05393074,-0.05050993,-0.047089122,-0.043668315,-0.040247504,-0.036826696,-0.033405885,-0.029985078,-0.026564268,-0.02314346,-0.019722652,-0.016301842,-0.012881033,-0.009460224,-0.0060394155,-0.0026186064,0.0008022025,0.0042230114,0.0076438203,0.011064629,0.014485438,0.017906247,0.021327056,0.024747865,0.028168675,0.031589482,0.035010293,0.0384311],"mean":-0.014028167,"std":0.025821712}
{"counts":[1,1,0,0,0,3,1,1,0,4,1,1,0,2,1,0,2,2,2,2,1,0,1,3,0,1,1,0,0,1],"wall_time":1.754172435366e9,"step":14,"max":0.0371165,"min":-0.063995086,"count":32,