{"counts":[1,0,0,2,1,2,0,3,2,4,0,0,1,1,0,0,2,1,0,1,0,1,1,0,2,0,2,1,1,3],"wall_time":1.754172416663e9,"step":1,"max":0.0076441956,"min":-0.018195743,"count":32,"bins":[-0.018195743,-0.01733441,-0.016473081,-0.015611749,-0.014750417,-0.013889086,-0.013027756,-0.012166424,-0.011305093,-0.010443761,-0.00958243,-0.008721098,-0.007859767,-0.006998436,-0.0061371047,-0.005275774,-0.0044144425,-0.003553111,-0.0026917798,-0.0018304485,-0.0009691172,-0.00010778592,0.0007535454,0.0016148767,0.002476208,0.0033375393,0.0041988706,0.005060202,0.005921533,0.006782864,0.0076441956],"mean":-0.005117395,"std":0.008100822}
{"counts":[2,2,0,2,0,0,2,1,2,2,2,0,0,0,2,1,0,2,0,1,0,3,2,2,1,0,2,0,0,1],"wall_time":1.754172417849e9,"step":2,"max":0.01814471,"min":-0.028117703,"count":32,"bins":[-0.028117703,-0.026575623,-0.025033543,-0.023491463,-0.02194938,-0.0204073,-0.01886522,-0.01732314,-0.01578106,-0.01423898,-0.012696899,-0.011154818,-0.009612738,-0.008070658,-0.0065285773,-0.0049864966,-0.0034444162,-0.0019023358,-0.0003602553,0.0011818252,0.0027239055,0.004265986,0.0058080666,0.007350147,0.008892227,0.010434308,0.011976388,0.0135184685,0.015060549,0.01660263,0.01814471],"mean":-0.0063788197,"std":0.013630468}
{"counts":[2,0,1,0,3,2,1,1,1,0,0,1,1,5,0,1,0,2,0,0,2,2,2,1,2,0,0,0,0,2],"wall_time":1.754172419327e9,"step":3,"max":0.018610528,"min":-0.033650547,"count":32,"bins":[-0.033650547,-0.031908512,-0.030166475,-0.02842444,-0.026682405,-0.024940368,-0.023198333,-0.021456296,-0.01971426,-0.017972225,-0.016230188,-0.014488153,-0.012746117,-0.011004081,-0.009262046,-0.0075200098,-0.005777974,-0.004035938,-0.0022939022,-0.0005518664,0.0011901694,0.0029322053,0.004674241,0.006416277,0.008158313,0.009900348,0.011642384,0.01338442,0.0151264565,0.016868493,0.018610528],"mean":-0.008996748,"std":0.01491089}
{"counts":[1,0,1,1,2,1,2,0,2,0,1,3,0,2,2,3,0,0,0,2,1,0,1,2,2,1,0,0,0,2],"wall_time":1.754172420806e9,"step":4,"max":0.0243378,"min":-0.042675663,"count":32,"bins":[-0.042675663,-0.040441882,-0.038208097,-0.035974316,-0.033740535,-0.03150675,-0.02927297,-0.027039189,-0.024805406,-0.022571623,-0.020337842,-0.01810406,-0.015870277,-0.013636496,-0.011402713,-0.009168931,-0.006935149,-0.004701367,-0.002467585,-0.00023380289,0.0019999791,0.004233761,0.0064675435,0.008701325,0.010935107,0.01316889,0.015402672,0.017636454,0.019870237,0.022104017,0.0243378],"mean":-0.010629141,"std":0.018523816}
{"counts":[1,0,2,1,1,3,0,1,0,3,1,0,3,3,1,1,0,1,1,0,1,0,2,2,2,0,0,1,0,1],"wall_time":1.754172422237e9,"step":5,"max":0.026795506,"min":-0.044218715,"count":32,"bins":[-0.044218715,-0.041851573,-0.039484434,-0.037117295,-0.034750152,-0.03238301,-0.03001587,-0.02764873,-0.02528159,-0.022914449,-0.020547308,-0.018180167,-0.015813027,-0.013445886,-0.011078745,-0.008711604,-0.0063444637,-0.003977323,-0.0016101822,0.0007569585,0.0031240992,0.00549124,0.007858381,0.010225521,0.012592662,0.014959803,0.017326944,0.019694084,0.022061225,0.024428366,0.026795506],"mean":-0.011698122,"std":0.01936206}
{"counts":[1,1,0,2,1,1,2,1,2,0,2,0,2,3,1,0,4,0,0,1,0,1,3,1,1,0,0,0,0,2],"wall_time":1.754172423761e9,"step":6,"max":0.029105064,"min":-0.046452343,"count":32,"bins":[-0.046452343,-0.043933764,-0.041415185,-0.0388966,-0.036378022,-0.033859443,-0.031340864,-0.028822282,-0.026303701,-0.023785122,-0.02126654,-0.018747961,-0.01622938,-0.013710801,-0.01119222,-0.00867364,-0.0061550597,-0.0036364796,-0.0011178993,0.001400681,0.003919261,0.0064378413,0.008956422,0.011475001,0.013993582,0.016512163,0.019030742,0.021549324,0.024067903,0.026586484,0.029105064],"mean":-0.011769956,"std":0.020146172}
{"counts":[1,1,0,0,1,3,0,1,1,3,2,1,1,2,2,0,2,0,2,1,0,1,3,1,1,0,0,0,1,1],"wall_time":1.754172425246e9,"step":7,"max":0.03152335,"min":-0.051422235,"count":32,"bins":[-0.051422235,-0.04865738,-0.04589253,-0.043127675,-0.040362824,-0.03759797,-0.03483312,-0.032068264,-0.029303411,-0.026538558,-0.023773706,-0.021008853,-0.018244,-0.015479147,-0.012714295,-0.009949442,-0.0071845893,-0.004419736,-0.0016548835,0.0011099693,0.0038748223,0.0066396752,0.009404528,0.012169381,0.014934233,0.017699087,0.02046394,0.023228792,0.025993645,0.028758498,0.03152335],"mean":-0.01221296,"std":0.021231709}
{"counts":[1,0,1,0,0,1,1,3,0,2,1,4,2,2,1,1,1,2,1,0,1,0,4,1,0,1,0,0,0,1],"wall_time":1.754172426625e9,"step":8,"max":0.038237173,"min":-0.0584032,"count":32,"bins":[-0.0584032,-0.055181857,-0.05196051,-0.048739165,-0.045517817,-0.042296473,-0.039075125,-0.03585378,-0.032632437,-0.029411089,-0.026189743,-0.022968397,-0.019747052,-0.016525706,-0.01330436,-0.010083014,-0.0068616685,-0.0036403225,-0.0004189767,0.0028023692,0.006023715,0.00924506,0.012466406,0.015687753,0.018909099,0.022130445,0.02535179,0.028573135,0.03179448,0.03501583,0.038237173],"mean":-0.012722126,"std":0.02269459}
{"counts":[1,0,1,0,0,3,2,0,1,2,1,6,1,0,1,1,1,3,0,0,2,2,2,1,0,0,0,0,0,1],"wall_time":1.754172428115e9,"step":9,"max":0.04305161,"min":-0.059017383,"count":32,"bins":[-0.059017383,-0.055615082,-0.052212782,-0.048810482,-0.04540818,-0.042005885,-0.038603585,-0.035201285,-0.031798985,-0.028396685,-0.024994384,-0.021592084,-0.018189784,-0.014787485,-0.011385186,-0.007982885,-0.0045805858,-0.0011782858,0.002224014,0.005626314,0.009028614,0.012430914,0.015833214,0.019235512,0.022637812,0.026040113,0.029442413,0.03284471,0.03624701,0.03964931,0.04305161],"mean":-0.012948293,"std":0.023731714}
{"counts":[1,0,1,0,0,2,1,2,2,1,3,1,3,1,1,0,3,1,1,1,1,2,2,1,0,0,0,0,0,1],"wall_time":1.754172429577e9,"step":10,"max":0.047594886,"min":-0.06352194,"count":32,"bins":[-0.06352194,-0.059818044,-0.05611415,-0.052410252,-0.04870636,-0.045002468,-0.041298572,-0.037594676,-0.033890784,-0.03018689,-0.026482996,-0.022779102,-0.019075207,-0.015371313,-0.011667419,-0.007963525,-0.004259631,-0.00055573694,0.0031481571,0.0068520512,0.010555945,0.014259839,0.017963734,0.021667628,0.025371522,0.029075416,0.03277931,0.036483206,0.040187098,0.04389099,0.047594886],"mean":-0.012897939,"std":0.02530872}
{"counts":[1,0,0,1,1,1,2,2,0,1,2,1,2,3,1,1,2,1,2,1,0,0,3,3,0,0,0,0,0,1],"wall_time":1.754172431025e9,"step":11,"max":0.043040764,"min":-0.0623943,"count":32,"bins":[-0.0623943,-0.058879796,-0.055365294,-0.051850792,-0.04833629,-0.044821788,-0.041307285,-0.037792783,-0.03427828,-0.03076378,-0.027249279,-0.023734776,-0.020220274,-0.016705772,-0.01319127,-0.0096767675,-0.0061622653,-0.0026477634,0.00086673873,0.004381241,0.007895743,0.011410245,0.014924747,0.018439248,0.02195375,0.025468253,0.028982755,0.032497257,0.03601176,0.03952626,0.043040764],"mean":-0.012626078,"std":0.024800098}
{"counts":[1,0,0,1,0,1,1,1,3,0,1,3,1,1,1,3,1,1,2,2,1,0,1,2,1,2,0,0,0,1],"wall_time":1.754172432476e9,"step":12,"max":0.03817779,"min":-0.06565913,"count":32,"bins":[-0.06565913,-0.062197898,-0.058736667,-0.055275436,-0.051814206,-0.048352975,-0.044891745,-0.041430514,-0.037969284,-0.034508053,-0.031046823,-0.027585592,-0.024124362,-0.020663131,-0.0172019,-0.01374067,-0.010279439,-0.006818209,-0.0033569783,0.00010425225,0.0035654828,0.0070267133,0.010487944,0.013949174,0.017410405,0.020871636,0.024332866,0.027794097,0.031255327,0.034716558,0.03817779],"mean":-0.0129689695,"std":0.024978643}
{"counts":[1,0,0,1,0,1,1,2,2,0,3,1,1,1,2,1,1,1,4,2,0,0,1,2,0,3,0,0,0,1],"wall_time":1.754172433891e9,"step":13,"max":0.03802905,"min":-0.06487083,"count":32,"bins":[-0.06487083,-0.061440833,-0.058010835,-0.054580837,-0.051150844,-0.04772085,-0.04429085,-0.040860854,-0.03743086,-0.034000866,-0.030570868,-0.027140873,-0.023710877,-0.02028088,-0.016850885,-0.013420889,-0.009990893,-0.0065608975,-0.0031309016,0.00029909424,0.00372909,0.007159086,0.010589082,0.014019078,0.017449073,0.02087907,0.024309065,0.027739061,0.031169057,0.03459905,0.03802905],"mean":-0.012848737,"std":0.025105678}
{"counts":[1,0,0,0,1,1,2,0,3,1,2,1,1,0,3,1,0,1,4,1,2,0,0,2,1,2,1,0,0,1],"wall_time":1.754172435374e9,"step":14,"max":0.035965364,"min":-0.064512275,"count":32,