{"counts":[1,0,0,1,0,0,0,0,1,5,0,3,3,1,3,3,8,2,2,5,2,6,1,2,1,3,4,1,2,4],"wall_time":1.754172416541e9,"step":1,"max":0.011018869,"min":-0.015617863,"count":64,"bins":[-0.015617863,-0.014729972,-0.013842081,-0.01295419,-0.012066299,-0.011178408,-0.010290517,-0.009402626,-0.008514735,-0.0076268436,-0.006738953,-0.0058510615,-0.0049631707,-0.0040752795,-0.0031873884,-0.0022994974,-0.0014116063,-0.0005237152,0.00036417582,0.0012520669,0.0021399579,0.003027849,0.00391574,0.004803631,0.0056915223,0.006579413,0.0074673044,0.008355196,0.009243086,0.010130977,0.011018869],"mean":0.00087713497,"std":0.005934327}
{"counts":[1,0,1,0,0,0,1,2,2,1,1,1,5,4,1,4,6,4,3,3,1,4,3,5,3,4,0,2,1,1],"wall_time":1.754172417839e9,"step":2,"max":0.01981879,"min":-0.02445619,"count":64,"bins":[-0.02445619,-0.022980357,-0.021504525,-0.020028692,-0.018552858,-0.017077027,-0.0156011935,-0.014125361,-0.012649529,-0.011173696,-0.009697863,-0.0082220305,-0.006746198,-0.005270365,-0.0037945325,-0.0023186998,-0.0008428672,0.00063296553,0.0021087981,0.0035846308,0.0050604637,0.006536296,0.008012129,0.009487961,0.010963794,0.012439627,0.01391546,0.015391292,0.016867125,0.018342957,0.01981879],"mean":0.0014713913,"std":0.009513107}
{"counts":[1,0,0,0,2,0,2,2,3,2,1,5,1,3,7,3,5,4,1,1,4,5,4,2,1,2,2,0,0,1],"wall_time":1.754172419298e9,"step":3,"max":0.030036014,"min":-0.028642768,"count":64,"bins":[-0.028642768,-0.026686808,-0.02473085,-0.02277489,-0.02081893,-0.018862972,-0.016907012,-0.014951052,-0.012995093,-0.011039133,-0.009083174,-0.0071272147,-0.005171255,-0.003215296,-0.0012593366,0.00069662277,0.0026525822,0.0046085417,0.0065645007,0.008520461,0.01047642,0.012432379,0.014388339,0.016344298,0.018300258,0.020256218,0.022212176,0.024168136,0.026124096,0.028080054,0.030036014],"mean":0.0026262146,"std":0.012251404}
{"counts":[1,0,0,0,1,2,1,5,2,1,3,3,1,7,1,1,3,6,4,2,1,7,2,4,0,1,1,1,2,1],"wall_time":1.754172420785e9,"step":4,"max":0.035622653,"min":-0.033259,"count":64,"bins":[-0.033259,-0.030962946,-0.028666891,-0.026370835,-0.02407478,-0.021778725,-0.01948267,-0.017186616,-0.01489056,-0.012594504,-0.01029845,-0.008002395,-0.005706339,-0.0034102842,-0.0011142291,0.001181826,0.0034778812,0.0057739364,0.008069991,0.010366047,0.012662102,0.014958156,0.017254211,0.019550268,0.021846322,0.024142377,0.026438432,0.028734487,0.031030543,0.033326596,0.035622653],"mean":0.0037518737,"std":0.0155636305}
{"counts":[1,0,0,0,1,1,4,5,2,0,1,5,3,5,3,2,6,1,4,3,3,6,1,2,1,1,1,0,1,1],"wall_time":1.754172422232e9,"step":5,"max":0.046104386,"min":-0.03925838,"count":64,"bins":[-0.03925838,-0.036412954,-0.03356753,-0.030722102,-0.027876677,-0.025031252,-0.022185827,-0.019340402,-0.016494974,-0.013649549,-0.010804124,-0.007958699,-0.005113273,-0.0022678475,0.000577578,0.0034230035,0.006268429,0.009113855,0.01195928,0.014804706,0.017650131,0.020495556,0.023340981,0.026186408,0.029031834,0.03187726,0.034722686,0.03756811,0.040413536,0.04325896,0.046104386],"mean":0.0044187903,"std":0.018294618}
{"counts":[1,0,0,0,1,2,3,2,5,1,1,5,3,4,3,4,2,2,2,2,4,3,5,2,1,3,0,2,0,1],"wall_time":1.754172423736e9,"step":6,"max":0.04564584,"min":-0.040565625,"count":64,"bins":[-0.040565625,-0.03769191,-0.034818195,-0.03194448,-0.029070763,-0.026197048,-0.023323331,-0.020449616,-0.017575901,-0.014702185,-0.01182847,-0.008954754,-0.0060810386,-0.0032073231,-0.0003336077,0.0025401078,0.0054138233,0.008287539,0.011161255,0.01403497,0.016908685,0.019782402,0.022656117,0.025529832,0.028403547,0.03127726,0.034150977,0.037024695,0.03989841,0.042772125,0.04564584],"mean":0.0044307895,"std":0.019372486}
{"counts":[1,0,0,0,4,0,3,1,3,5,2,2,2,6,4,2,2,4,4,0,4,3,2,3,1,1,3,0,0,2],"wall_time":1.754172425226e9,"step":7,"max":0.04955172,"min":-0.042394564,"count":64,"bins":[-0.042394564,-0.03932969,-0.03626481,-0.033199936,-0.03013506,-0.027070183,-0.024005307,-0.02094043,-0.017875554,-0.014810678,-0.011745802,-0.008680926,-0.0056160493,-0.0025511733,0.00051370286,0.003578579,0.006643455,0.009708331,0.012773207,0.015838083,0.01890296,0.021967836,0.025032712,0.028097589,0.031162465,0.03422734,0.037292216,0.040357094,0.04342197,0.046486847,0.04955172],"mean":0.0050336733,"std":0.02106135}
{"counts":[1,0,1,1,2,2,1,4,3,2,4,2,3,4,1,3,3,6,1,1,2,4,6,1,0,1,2,0,0,3],"wall_time":1.754172426617e9,"step":8,"max":0.05316468,"min":-0.042313583,"count":64,"bins":[-0.042313583,-0.039130975,-0.035948366,-0.032765757,-0.029583149,-0.02640054,-0.023217931,-0.020035323,-0.016852712,-0.013670105,-0.010487496,-0.007304887,-0.004122278,-0.0009396693,0.0022429393,0.005425548,0.008608157,0.011790765,0.014973374,0.018155983,0.021338591,0.0245212,0.027703809,0.03088642,0.034069028,0.037251636,0.040434245,0.043616854,0.046799462,0.04998207,0.05316468],"mean":0.0058565764,"std":0.023019744}
{"counts":[1,0,1,1,1,2,2,5,1,4,1,3,4,2,4,4,3,3,3,1,5,3,4,0,1,1,1,1,1,1],"wall_time":1.754172428103e9,"step":9,"max":0.057241406,"min":-0.045115978,"count":64,"bins":[-0.045115978,-0.041704066,-0.03829215,-0.03488024,-0.031468328,-0.028056413,-0.024644502,-0.021232588,-0.017820675,-0.014408763,-0.010996849,-0.007584937,-0.004173024,-0.0007611112,0.0026508016,0.0060627144,0.009474627,0.01288654,0.016298452,0.019710366,0.023122279,0.02653419,0.029946104,0.033358015,0.03676993,0.04018184,0.043593757,0.04700567,0.05041758,0.053829495,0.057241406],"mean":0.0059546013,"std":0.023514047}
{"counts":[2,0,2,1,3,2,3,4,1,3,1,3,6,4,0,6,3,2,3,2,3,3,1,1,1,1,1,1,0,1],"wall_time":1.754172429559e9,"step":10,"max":0.06370439,"min":-0.042291768,"count":64,"bins":[-0.042291768,-0.03875856,-0.035225358,-0.03169215,-0.028158948,-0.024625743,-0.021092538,-0.017559333,-0.014026127,-0.010492922,-0.0069597163,-0.0034265113,0.000106693806,0.003639899,0.007173104,0.010706309,0.014239514,0.01777272,0.021305924,0.02483913,0.028372334,0.03190554,0.035438746,0.03897195,0.042505156,0.04603836,0.049571566,0.05310477,0.056637976,0.06017118,0.06370439],"mean":0.005812196,"std":0.024799377}
{"counts":[2,0,2,2,0,1,3,6,2,1,2,3,4,5,3,1,5,3,3,3,1,3,3,1,1,1,1,1,0,1],"wall_time":1.75417243101e9,"step":11,"max":0.06318313,"min":-0.045864794,"count":64,"bins":[-0.045864794,-0.042229865,-0.03859493,-0.03496,-0.031325072,-0.02769014,-0.024055209,-0.02042028,-0.016785348,-0.013150417,-0.009515487,-0.005880556,-0.002245625,0.0013893057,0.0050242366,0.008659167,0.012294098,0.015929028,0.01956396,0.02319889,0.026833821,0.030468753,0.034103684,0.037738614,0.041373543,0.045008477,0.048643406,0.052278336,0.055913266,0.0595482,0.06318313],"mean":0.0052011926,"std":0.025291251}
{"counts":[2,1,2,1,1,1,2,6,1,2,1,5,1,4,5,2,3,4,4,2,2,1,3,1,3,0,2,0,1,1],"wall_time":1.75417243247e9,"step":12,"max":0.06347537,"min":-0.047223113,"count":64,"bins":[-0.047223113,-0.043533165,-0.039843213,-0.036153264,-0.032463316,-0.028773366,-0.025083417,-0.021393467,-0.017703518,-0.014013568,-0.010323619,-0.0066336696,-0.00294372,0.00074622955,0.004436179,0.008126128,0.011816078,0.015506027,0.019195978,0.022885926,0.026575876,0.030265825,0.033955775,0.037645724,0.041335672,0.045025624,0.048715573,0.05240552,0.05609547,0.059785422,0.06347537],"mean":0.0054721227,"std":0.026901355}
{"counts":[1,2,2,0,2,1,4,2,2,4,0,1,7,2,3,2,4,4,5,1,2,2,1,4,2,0,1,1,1,1],"wall_time":1.754172433883e9,"step":13,"max":0.06407533,"min":-0.05028644,"count":64,"bins":[-0.05028644,-0.04647438,-0.04266232,-0.038850263,-0.035038203,-0.031226143,-0.027414085,-0.023602026,-0.019789968,-0.015977908,-0.012165849,-0.00835379,-0.0045417314,-0.0007296727,0.0030823862,0.006894445,0.010706504,0.014518563,0.018330622,0.02214268,0.02595474,0.029766798,0.033578858,0.037390918,0.041202974,0.045015033,0.048827093,0.052639153,0.05645121,0.06026327,0.06407533],"mean":0.005076351,"std":0.027883738}
{"counts":[2,1,1,1,1,2,2,2,4,3,1,2,4,3,4,2,4,2,6,1,3,2,0,4,3,0,1,2,0,1],"wall_time":1.754172435366e9,"step":14,"max":0.06384515,"min":-0.05231742,"count":64,