{"counts":[2,5,16,14,9,36,48,67,77,111,115,161,158,176,184,176,153,129,106,88,72,51,29,25,14,9,5,7,2,3],"wall_time":1.754172416653e9,"step":1,"max":0.42447868,"min":-0.37823564,"count":2048,"bins":[-0.37823564,-0.3514785,-0.32472134,-0.29796422,-0.27120706,-0.24444991,-0.21769278,-0.19093563,-0.16417849,-0.13742134,-0.1106642,-0.08390705,-0.05714991,-0.030392768,-0.003635623,0.02312152,0.049878664,0.07663581,0.10339295,0.1301501,0.15690725,0.18366438,0.21042153,0.23717867,0.2639358,0.29069296,0.3174501,0.34420726,0.37096438,0.39772153,0.42447868],"mean":0.00045458289,"std":0.12526955}
{"counts":[3,3,16,13,11,34,55,55,83,109,112,151,168,177,184,180,151,134,104,89,69,47,33,28,11,10,4,9,2,3],"wall_time":1.754172417844e9,"step":2,"max":0.42398214,"min":-0.3804261,"count":2048,"bins":[-0.3804261,-0.3536125,-0.3267989,-0.2999853,-0.27317166,-0.24635807,-0.21954446,-0.19273084,-0.16591725,-0.13910364,-0.112290025,-0.08547641,-0.05866281,-0.031849198,-0.0050355913,0.021778017,0.048591625,0.07540523,0.102218844,0.12903245,0.15584606,0.18265967,0.20947328,0.23628688,0.2631005,0.2899141,0.3167277,0.34354132,0.37035492,0.39716855,0.42398214],"mean":-0.00013483057,"std":0.12549372}
{"counts":[2,3,16,13,10,23,57,56,84,109,107,154,163,178,186,182,149,132,114,90,72,48,34,28,8,12,5,8,2,3],"wall_time":1.754172419314e9,"step":3,"max":0.4239975,"min":-0.38641685,"count":2048,"bins":[-0.38641685,-0.35940304,-0.33238924,-0.30537543,-0.27836162,-0.25134778,-0.22433399,-0.19732018,-0.17030635,-0.14329255,-0.11627874,-0.08926493,-0.062251113,-0.035237305,-0.008223492,0.01879032,0.04580413,0.072817944,0.09983175,0.12684557,0.15385938,0.18087319,0.207887,0.23490082,0.2619146,0.28892845,0.31594226,0.34295607,0.36996987,0.39698368,0.4239975],"mean":-0.0011548575,"std":0.1257703}
{"counts":[2,3,13,13,11,18,56,58,76,97,115,139,171,172,186,179,155,144,107,105,71,49,35,32,9,15,5,7,1,4],"wall_time":1.754172420797e9,"step":4,"max":0.42077714,"min":-0.39414605,"count":2048,"bins":[-0.39414605,-0.36698195,-0.33981785,-0.31265375,-0.28548962,-0.25832552,-0.23116142,-0.20399731,-0.1768332,-0.1496691,-0.12250499,-0.095340885,-0.068176776,-0.04101267,-0.013848563,0.0133155435,0.04047965,0.067643754,0.09480786,0.12197197,0.14913608,0.17630018,0.20346428,0.2306284,0.2577925,0.2849566,0.3121207,0.33928484,0.36644894,0.39361304,0.42077714],"mean":-0.0021587396,"std":0.12611023}
{"counts":[1,3,6,18,13,15,53,61,72,99,118,133,171,170,195,172,166,152,106,99,69,53,33,30,11,12,6,7,0,4],"wall_time":1.754172422233e9,"step":5,"max":0.42666095,"min":-0.4022155,"count":2048,"bins":[-0.4022155,-0.37458628,-0.3469571,-0.31932786,-0.29169863,-0.26406944,-0.23644021,-0.208811,-0.18118179,-0.15355258,-0.12592335,-0.09829414,-0.07066493,-0.04303571,-0.015406493,0.012222722,0.039851937,0.06748115,0.09511037,0.12273958,0.1503688,0.17799802,0.20562723,0.23325644,0.26088566,0.28851488,0.31614408,0.3437733,0.37140253,0.39903173,0.42666095],"mean":-0.002784668,"std":0.12629995}
{"counts":[1,3,5,17,13,16,48,63,72,93,120,137,171,173,196,172,167,147,106,102,72,50,37,29,8,13,6,6,1,4],"wall_time":1.754172423746e9,"step":6,"max":0.4280088,"min":-0.40466326,"count":2048,"bins":[-0.40466326,-0.37690753,-0.3491518,-0.32139605,-0.29364032,-0.26588458,-0.23812886,-0.21037312,-0.18261738,-0.15486164,-0.1271059,-0.09935018,-0.07159444,-0.043838706,-0.01608297,0.011672765,0.0394285,0.06718423,0.09493997,0.12269571,0.15045144,0.17820717,0.20596291,0.23371865,0.26147437,0.2892301,0.31698585,0.34474158,0.37249732,0.40025306,0.4280088],"mean":-0.0027814987,"std":0.126388}
{"counts":[2,2,6,17,13,15,47,62,77,90,123,133,173,166,202,161,170,153,103,104,72,51,38,29,8,13,7,6,1,4],"wall_time":1.754172425233e9,"step":7,"max":0.4264497,"min":-0.40462393,"count":2048,"bins":[-0.40462393,-0.37692147,-0.34921902,-0.32151657,-0.29381412,-0.26611167,-0.2384092,-0.21070676,-0.18300429,-0.15530184,-0.12759939,-0.09989694,-0.07219448,-0.04449203,-0.016789574,0.01091288,0.038615335,0.06631779,0.09402024,0.1217227,0.14942515,0.1771276,0.20483005,0.23253252,0.26023495,0.28793743,0.31563988,0.34334233,0.37104478,0.39874724,0.4264497],"mean":-0.0031303777,"std":0.12651645}
{"counts":[2,2,5,17,14,16,43,65,71,97,121,128,170,174,198,170,164,151,102,110,72,51,38,27,10,12,8,5,1,4],"wall_time":1.754172426624e9,"step":8,"max":0.42583224,"min":-0.40578255,"count":2048,"bins":[-0.40578255,-0.37806207,-0.35034156,-0.32262108,-0.29490057,-0.2671801,-0.23945959,-0.2117391,-0.18401861,-0.15629812,-0.12857762,-0.100857124,-0.073136635,-0.04541614,-0.017695647,0.010024846,0.037745338,0.06546583,0.09318633,0.120906815,0.14862731,0.1763478,0.2040683,0.23178878,0.2595093,0.28722978,0.31495026,0.34267077,0.37039125,0.39811176,0.42583224],"mean":-0.0034990516,"std":0.1267185}
{"counts":[2,3,6,15,15,17,51,60,72,92,130,133,162,179,192,161,169,149,107,99,76,54,38,25,11,12,8,5,1,4],"wall_time":1.754172428107e9,"step":9,"max":0.42445642,"min":-0.4030971,"count":2048,"bins":[-0.4030971,-0.37551197,-0.34792686,-0.32034174,-0.29275662,-0.2651715,-0.2375864,-0.21000127,-0.18241616,-0.15483104,-0.12724592,-0.09966081,-0.07207569,-0.044490572,-0.016905455,0.010679662,0.038264778,0.06584989,0.09343501,0.12102013,0.14860524,0.17619036,0.20377548,0.2313606,0.2589457,0.28653082,0.31411594,0.34170106,0.36928618,0.3968713,0.42445642],"mean":-0.0036904928,"std":0.12683238}
{"counts":[2,1,7,13,17,16,40,64,67,94,123,128,155,183,187,176,169,155,108,99,81,48,43,28,13,13,8,5,1,4],"wall_time":1.754172429565e9,"step":10,"max":0.4224085,"min":-0.409176,"count":2048,"bins":[-0.409176,-0.3814565,-0.35373703,-0.32601756,-0.29829806,-0.27057856,-0.2428591,-0.21513961,-0.18742013,-0.15970065,-0.13198116,-0.10426168,-0.0765422,-0.048822716,-0.021103233,0.0066162497,0.034335732,0.062055215,0.0897747,0.11749418,0.14521366,0.17293315,0.20065263,0.22837211,0.2560916,0.2838111,0.31153056,0.33925003,0.36696953,0.39468902,0.4224085],"mean":-0.0037556137,"std":0.12696369}
{"counts":[2,2,5,14,19,14,45,63,72,91,132,130,153,177,193,174,171,145,109,98,80,51,39,26,13,13,7,5,1,4],"wall_time":1.754172431017e9,"step":11,"max":0.42397124,"min":-0.40599462,"count":2048,"bins":[-0.40599462,-0.3783291,-0.35066357,-0.32299805,-0.29533252,-0.267667,-0.24000145,-0.21233593,-0.18467039,-0.15700486,-0.12933934,-0.10167381,-0.07400828,-0.046342753,-0.018677223,0.008988306,0.036653835,0.064319365,0.09198489,0.11965042,0.14731595,0.17498147,0.202647,0.23031254,0.25797805,0.2856436,0.31330913,0.34097466,0.36864018,0.3963057,0.42397124],"mean":-0.0036733022,"std":0.12699811}
{"counts":[2,2,6,15,17,13,51,57,75,94,129,136,157,174,190,181,165,142,107,100,74,53,42,24,12,14,6,5,1,4],"wall_time":1.754172432474e9,"step":12,"max":0.42605498,"min":-0.40581825,"count":2048,"bins":[-0.40581825,-0.37808916,-0.35036004,-0.32263094,-0.29490182,-0.26717272,-0.2394436,-0.21171449,-0.1839854,-0.15625629,-0.12852718,-0.10079806,-0.07306896,-0.04533985,-0.017610742,0.010118365,0.037847474,0.06557658,0.09330569,0.12103479,0.14876391,0.17649302,0.20422213,0.23195122,0.25968033,0.28740945,0.31513855,0.34286767,0.37059677,0.3983259,0.42605498],"mean":-0.0039213314,"std":0.12714195}
{"counts":[2,2,6,15,16,15,50,53,78,92,126,132,155,181,189,182,165,137,113,100,73,55,44,25,12,13,9,3,1,4],"wall_time":1.754172433883e9,"step":13,"max":0.42418477,"min":-0.40656406,"count":2048,"bins":[-0.40656406,-0.37887242,-0.3511808,-0.32348916,-0.29579756,-0.26810592,-0.24041429,-0.21272266,-0.18503104,-0.15733941,-0.12964778,-0.10195615,-0.07426453,-0.046572898,-0.01888127,0.008810356,0.036501985,0.064193614,0.09188524,0.119576864,0.14726849,0.17496012,0.20265175,0.23034337,0.258035,0.28572664,0.31341827,0.34110987,0.3688015,0.39649314,0.42418477],"mean":-0.004220798,"std":0.12728807}
{"counts":[2,2,6,15,16,15,53,50,80,91,128,129,158,181,193,177,163,140,112,99,72,53,46,25,12,13,9,3,1,4],"wall_time":1.754172435366e9,"step":14,"max":0.42384458,"min":-0.40576008,"count":2048,