{"counts":[1,0,1,0,0,0,0,1,1,3,1,2,4,2,2,6,4,5,2,2,3,3,5,1,4,3,3,0,3,2],"wall_time":1.754172416651e9,"step":1,"max":0.011903757,"min":-0.01579372,"count":64,"bins":[-0.01579372,-0.014870471,-0.013947221,-0.0130239725,-0.012100724,-0.011177474,-0.010254225,-0.009330976,-0.008407726,-0.007484477,-0.0065612276,-0.0056379787,-0.0047147293,-0.00379148,-0.0028682307,-0.0019449815,-0.0010217322,-9.848302e-5,0.00082476623,0.0017480155,0.0026712648,0.003594514,0.0045177634,0.0054410123,0.0063642617,0.007287511,0.008210761,0.0091340095,0.010057258,0.010980508,0.011903757],"mean":0.001006917,"std":0.006040025}
{"counts":[1,1,0,0,1,0,2,1,1,0,2,2,3,2,4,3,3,5,5,2,2,3,3,3,4,1,4,2,2,2],"wall_time":1.754172417843e9,"step":2,"max":0.01832465,"min":-0.02389982,"count":64,"bins":[-0.02389982,-0.022492338,-0.021084854,-0.019677373,-0.01826989,-0.016862407,-0.015454926,-0.014047443,-0.012639961,-0.011232479,-0.009824996,-0.008417514,-0.0070100315,-0.0056025493,-0.0041950666,-0.0027875844,-0.0013801021,2.7380263e-5,0.0014348626,0.002842345,0.0042498275,0.0056573097,0.007064792,0.008472274,0.009879757,0.011287239,0.012694721,0.014102204,0.015509686,0.01691717,0.01832465],"mean":0.001625055,"std":0.009735959}
{"counts":[1,0,0,2,0,1,3,2,1,3,2,1,3,3,5,5,4,3,0,5,2,3,3,6,1,2,1,1,0,1],"wall_time":1.754172419313e9,"step":3,"max":0.02906838,"min":-0.02788685,"count":64,"bins":[-0.02788685,-0.025988342,-0.024089836,-0.022191327,-0.02029282,-0.018394312,-0.016495805,-0.014597297,-0.012698789,-0.010800282,-0.008901774,-0.007003266,-0.0051047583,-0.0032062505,-0.0013077428,0.0005907649,0.0024892727,0.0043877806,0.006286288,0.008184796,0.010083304,0.011981811,0.013880319,0.015778827,0.017677335,0.019575842,0.02147435,0.023372857,0.025271365,0.027169872,0.02906838],"mean":0.002801501,"std":0.012581843}
{"counts":[1,0,0,0,3,0,2,3,2,2,2,1,5,5,1,2,6,2,3,2,4,0,6,3,3,0,2,1,2,1],"wall_time":1.754172420795e9,"step":4,"max":0.034873143,"min":-0.033348788,"count":64,"bins":[-0.033348788,-0.031074723,-0.028800659,-0.026526595,-0.02425253,-0.021978466,-0.019704401,-0.017430337,-0.015156273,-0.012882208,-0.010608144,-0.00833408,-0.0060600154,-0.003785951,-0.0015118867,0.00076217763,0.003036242,0.0053103063,0.0075843707,0.009858435,0.012132499,0.014406564,0.016680628,0.018954692,0.021228757,0.023502821,0.025776885,0.02805095,0.030325014,0.032599077,0.034873143],"mean":0.003978526,"std":0.015800012}
{"counts":[1,0,0,0,2,2,0,5,2,2,2,3,3,5,3,5,3,1,3,3,2,4,5,1,2,2,1,0,0,2],"wall_time":1.754172422233e9,"step":5,"max":0.043887973,"min":-0.03863618,"count":64,"bins":[-0.03863618,-0.035885375,-0.033134572,-0.030383766,-0.027632961,-0.024882156,-0.02213135,-0.019380545,-0.01662974,-0.013878935,-0.01112813,-0.008377325,-0.0056265197,-0.0028757146,-0.00012490948,0.0026258957,0.005376701,0.008127506,0.0108783115,0.013629116,0.01637992,0.019130727,0.021881532,0.024632337,0.027383141,0.030133948,0.03288475,0.035635557,0.038386364,0.041137166,0.043887973],"mean":0.004592366,"std":0.018314738}
{"counts":[1,0,0,1,2,2,2,0,4,2,5,2,2,4,4,4,3,1,1,3,2,3,3,4,3,2,2,1,0,1],"wall_time":1.754172423743e9,"step":6,"max":0.044236682,"min":-0.039143525,"count":64,"bins":[-0.039143525,-0.036364187,-0.033584844,-0.030805504,-0.028026164,-0.025246823,-0.022467483,-0.019688142,-0.016908804,-0.014129463,-0.011350122,-0.008570782,-0.005791442,-0.0030121019,-0.0002327616,0.0025465786,0.005325919,0.008105259,0.0108846,0.013663939,0.01644328,0.01922262,0.022001961,0.0247813,0.02756064,0.03033998,0.03311932,0.035898663,0.038678,0.041457344,0.044236682],"mean":0.004776284,"std":0.019506687}
{"counts":[1,0,0,2,2,1,1,3,4,3,2,1,4,4,5,3,2,3,4,0,2,1,4,4,2,1,2,2,0,1],"wall_time":1.754172425231e9,"step":7,"max":0.048423305,"min":-0.04058984,"count":64,"bins":[-0.04058984,-0.037622735,-0.03465563,-0.031688526,-0.02872142,-0.025754316,-0.02278721,-0.019820105,-0.016853001,-0.013885896,-0.010918791,-0.007951686,-0.0049845814,-0.0020174766,0.0009496281,0.003916733,0.0068838377,0.0098509425,0.012818048,0.015785152,0.018752256,0.021719363,0.024686467,0.027653571,0.030620676,0.03358778,0.036554884,0.039521992,0.042489097,0.0454562,0.048423305],"mean":0.0053821285,"std":0.021026863}
{"counts":[1,0,2,3,0,0,5,2,2,3,5,2,2,2,3,3,3,2,5,2,0,1,4,4,3,0,2,0,2,1],"wall_time":1.754172426617e9,"step":8,"max":0.051830728,"min":-0.039589506,"count":64,"bins":[-0.039589506,-0.036542166,-0.033494823,-0.030447483,-0.027400142,-0.0243528,-0.021305459,-0.018258117,-0.015210777,-0.012163436,-0.009116095,-0.0060687535,-0.0030214123,2.5928766e-5,0.00307327,0.006120611,0.009167952,0.012215293,0.0152626345,0.018309975,0.021357317,0.024404658,0.027452,0.03049934,0.033546682,0.036594022,0.03964136,0.042688705,0.045736045,0.048783388,0.051830728],"mean":0.006212396,"std":0.022785904}
{"counts":[1,0,1,1,1,3,0,4,4,2,4,0,3,3,6,1,3,2,5,3,0,2,4,4,2,0,1,2,0,2],"wall_time":1.754172428107e9,"step":9,"max":0.053704526,"min":-0.043488503,"count":64,"bins":[-0.043488503,-0.040248737,-0.037008967,-0.033769198,-0.030529432,-0.027289664,-0.024049897,-0.02081013,-0.017570361,-0.014330594,-0.011090826,-0.007851059,-0.004611291,-0.0013715234,0.0018682443,0.005108012,0.0083477795,0.011587547,0.014827315,0.018067082,0.02130685,0.024546618,0.027786385,0.031026153,0.03426592,0.037505686,0.040745456,0.043985225,0.04722499,0.050464757,0.053704526],"mean":0.0062977117,"std":0.023295421}
{"counts":[2,0,2,2,1,3,3,3,2,4,0,2,4,3,5,4,2,3,1,4,1,3,4,0,1,3,0,0,1,1],"wall_time":1.754172429563e9,"step":10,"max":0.0610872,"min":-0.04185548,"count":64,"bins":[-0.04185548,-0.03842406,-0.034992635,-0.03156121,-0.02812979,-0.024698367,-0.021266945,-0.017835522,-0.014404099,-0.010972677,-0.007541254,-0.0041098315,-0.0006784089,0.0027530137,0.0061844364,0.009615859,0.013047282,0.016478704,0.019910127,0.02334155,0.026772972,0.030204395,0.033635817,0.037067242,0.040498663,0.043930084,0.047361508,0.050792933,0.054224353,0.057655774,0.0610872],"mean":0.0062532066,"std":0.024695635}
{"counts":[1,1,2,1,2,0,1,4,2,6,2,1,2,3,4,7,1,3,1,3,2,5,2,2,0,2,1,2,0,1],"wall_time":1.754172431013e9,"step":11,"max":0.05964225,"min":-0.04654451,"count":64,"bins":[-0.04654451,-0.043004952,-0.039465394,-0.035925835,-0.032386277,-0.028846717,-0.025307158,-0.0217676,-0.018228041,-0.0146884825,-0.011148923,-0.0076093646,-0.004069806,-0.00053024717,0.0030093116,0.0065488704,0.010088429,0.013627988,0.017167546,0.020707106,0.024246665,0.027786223,0.03132578,0.034865342,0.0384049,0.04194446,0.045484018,0.049023576,0.052563135,0.056102693,0.05964225],"mean":0.00559008,"std":0.025142632}
{"counts":[1,2,1,1,2,0,2,3,2,5,2,2,2,2,4,4,3,5,2,0,4,3,3,0,3,1,1,2,1,1],"wall_time":1.754172432473e9,"step":12,"max":0.059420023,"min":-0.048420846,"count":64,"bins":[-0.048420846,-0.04482615,-0.041231453,-0.03763676,-0.034042064,-0.030447368,-0.026852673,-0.023257976,-0.019663282,-0.016068585,-0.01247389,-0.008879194,-0.0052844984,-0.001689803,0.0019048926,0.0054995883,0.009094284,0.0126889795,0.016283676,0.01987837,0.023473067,0.027067762,0.030662458,0.034257155,0.037851848,0.041446544,0.04504124,0.048635937,0.05223063,0.055825327,0.059420023],"mean":0.0057838215,"std":0.02672208}
{"counts":[1,1,2,1,1,1,2,3,2,4,2,2,4,3,2,4,3,3,3,3,1,2,2,3,2,2,1,1,2,1],"wall_time":1.754172433883e9,"step":13,"max":0.060347024,"min":-0.051184274,"count":64,"bins":[-0.051184274,-0.047466565,-0.043748856,-0.040031146,-0.036313433,-0.032595724,-0.028878015,-0.025160305,-0.021442594,-0.017724885,-0.014007174,-0.010289465,-0.006571755,-0.0028540448,0.0008636651,0.004581375,0.008299085,0.012016795,0.015734505,0.019452214,0.023169925,0.026887635,0.030605344,0.034323055,0.038040765,0.041758474,0.045476183,0.049193893,0.052911606,0.056629315,0.060347024],"mean":0.005515822,"std":0.027726926}
{"counts":[2,0,1,2,0,1,2,1,5,3,3,1,5,3,2,0,5,5,4,1,2,0,3,2,4,3,0,2,1,1],"wall_time":1.754172435366e9,"step":14,"max":0.06016171,"min":-0.053183857,"count":64,