{"counts":[1,0,3,0,0,2,1,3,0,3,3,3,2,0,2,3,2,5,2,6,1,3,3,2,0,5,3,3,1,2],"wall_time":1.754172416646e9,"step":1,"max":1.0119315,"min":0.9859213,"count":64,"bins":[0.9859213,0.98678833,0.98765534,0.98852235,0.98938936,0.99025637,0.9911234,0.9919904,0.9928574,0.9937244,0.9945914,0.9954584,0.99632543,0.99719244,0.99805945,0.99892646,0.9997934,1.0006604,1.0015274,1.0023944,1.0032614,1.0041285,1.0049955,1.0058625,1.0067295,1.0075965,1.0084635,1.0093305,1.0101975,1.0110645,1.0119315],"mean":1.0007199,"std":0.0066976603}
{"counts":[2,0,0,2,1,1,2,3,3,2,3,2,1,3,1,0,1,4,3,6,1,7,4,3,1,1,3,1,2,1],"wall_time":1.754172417841e9,"step":2,"max":1.0185632,"min":0.9801256,"count":64,"bins":[0.9801256,0.98140687,0.9826881,0.9839694,0.9852506,0.98653185,0.9878131,0.9890944,0.99037564,0.9916569,0.9929381,0.99421936,0.9955006,0.9967819,0.99806315,0.9993444,1.0006256,1.0019069,1.0031881,1.0044694,1.0057507,1.0070319,1.0083132,1.0095944,1.0108757,1.0121568,1.0134381,1.0147194,1.0160006,1.0172819,1.0185632],"mean":1.0012784,"std":0.009740593}
{"counts":[1,0,0,0,3,2,5,3,2,2,2,0,1,3,6,2,1,6,3,4,3,2,1,5,2,1,2,1,0,1],"wall_time":1.754172419308e9,"step":3,"max":1.0286679,"min":0.9744394,"count":64,"bins":[0.9744394,0.976247,0.97805464,0.9798622,0.98166984,0.9834775,0.9852851,0.98709273,0.9889003,0.99070793,0.99251556,0.9943232,0.9961308,0.9979384,0.999746,1.0015537,1.0033612,1.0051689,1.0069765,1.0087842,1.0105917,1.0123993,1.014207,1.0160146,1.0178223,1.0196298,1.0214374,1.0232451,1.0250527,1.0268604,1.0286679],"mean":1.0023853,"std":0.01280736}
{"counts":[1,0,0,0,1,2,3,3,6,2,2,0,4,2,4,4,5,1,2,2,5,4,3,0,3,2,1,1,0,1],"wall_time":1.754172420792e9,"step":4,"max":1.0375171,"min":0.96781605,"count":64,"bins":[0.96781605,0.97013944,0.9724628,0.97478616,0.97710955,0.9794329,0.98175627,0.9840796,0.986403,0.9887264,0.9910497,0.9933731,0.9956965,0.9980198,1.0003432,1.0026666,1.00499,1.0073133,1.0096366,1.01196,1.0142834,1.0166068,1.0189301,1.0212535,1.0235769,1.0259002,1.0282236,1.030547,1.0328703,1.0351937,1.0375171],"mean":1.003688,"std":0.015727403}
{"counts":[1,0,0,0,2,1,3,1,5,4,3,2,4,3,4,0,6,1,4,2,3,7,1,2,3,1,0,0,0,1],"wall_time":1.754172422232e9,"step":5,"max":1.0472356,"min":0.96083117,"count":64,"bins":[0.96083117,0.9637113,0.9665915,0.96947163,0.97235173,0.9752319,0.97811204,0.9809922,0.98387235,0.9867525,0.98963267,0.9925128,0.9953929,0.9982731,1.0011532,1.0040334,1.0069135,1.0097936,1.0126739,1.015554,1.0184342,1.0213143,1.0241945,1.0270746,1.0299547,1.0328349,1.035715,1.0385952,1.0414753,1.0443555,1.0472356],"mean":1.0042946,"std":0.018376822}
{"counts":[1,0,1,0,1,1,1,5,6,6,0,1,3,1,5,4,1,2,3,4,3,2,6,1,0,4,0,1,0,1],"wall_time":1.75417242374e9,"step":6,"max":1.0484327,"min":0.96017766,"count":64,"bins":[0.96017766,0.9631195,0.96606135,0.96900314,0.971945,0.97488683,0.9778287,0.9807705,0.9837123,0.98665416,0.989596,0.99253786,0.9954797,0.9984215,1.0013634,1.0043052,1.007247,1.0101888,1.0131307,1.0160725,1.0190144,1.0219562,1.024898,1.0278399,1.0307817,1.0337236,1.0366653,1.0396072,1.042549,1.0454909,1.0484327],"mean":1.0045924,"std":0.019995414}
{"counts":[1,1,0,0,2,1,4,4,5,2,2,0,4,4,4,4,1,1,1,4,6,3,1,3,0,1,2,1,1,1],"wall_time":1.754172425229e9,"step":7,"max":1.0501888,"min":0.96036774,"count":64,"bins":[0.96036774,0.9633618,0.9663558,0.96934986,0.97234386,0.9753379,0.9783319,0.981326,0.98432004,0.98731405,0.9903081,0.9933021,0.99629617,0.99929017,1.0022842,1.0052782,1.0082723,1.0112664,1.0142604,1.0172544,1.0202484,1.0232425,1.0262365,1.0292306,1.0322245,1.0352186,1.0382127,1.0412067,1.0442007,1.0471947,1.0501888],"mean":1.0050153,"std":0.021177903}
{"counts":[1,1,0,3,1,3,5,1,4,2,1,3,3,6,2,2,1,2,1,5,4,2,2,3,1,1,1,1,0,2],"wall_time":1.754172426617e9,"step":8,"max":1.0531127,"min":0.96233875,"count":64,"bins":[0.96233875,0.9653646,0.96839035,0.9714161,0.97444195,0.9774678,0.98049355,0.9835193,0.98654515,0.989571,0.99259675,0.9956225,0.99864835,1.0016742,1.0047,1.0077257,1.0107515,1.0137774,1.0168031,1.0198289,1.0228548,1.0258806,1.0289063,1.0319321,1.0349579,1.0379838,1.0410095,1.0440353,1.0470612,1.050087,1.0531127],"mean":1.0059338,"std":0.022506515}
{"counts":[1,1,1,0,2,2,4,2,5,4,2,1,4,5,1,3,1,2,1,8,3,2,2,3,0,1,1,0,1,1],"wall_time":1.754172428103e9,"step":9,"max":1.0593839,"min":0.9574377,"count":64,"bins":[0.9574377,0.9608359,0.9642341,0.9676323,0.97103053,0.9744287,0.97782695,0.98122513,0.9846233,0.98802155,0.99141973,0.994818,0.99821615,1.0016143,1.0050126,1.0084108,1.011809,1.0152072,1.0186054,1.0220037,1.0254018,1.0288,1.0321982,1.0355964,1.0389947,1.0423928,1.045791,1.0491892,1.0525875,1.0559857,1.0593839],"mean":1.0060849,"std":0.023797931}
{"counts":[3,0,1,2,1,3,5,4,3,2,3,5,1,3,1,3,1,3,1,8,2,1,2,1,1,2,0,0,1,1],"wall_time":1.754172429562e9,"step":10,"max":1.0633359,"min":0.96104443,"count":64,"bins":[0.96104443,0.9644542,0.96786386,0.9712736,0.9746833,0.978093,0.9815027,0.98491246,0.98832214,0.9917319,0.99514157,0.9985513,1.001961,1.0053707,1.0087805,1.0121902,1.0155998,1.0190096,1.0224193,1.0258291,1.0292387,1.0326484,1.0360582,1.0394679,1.0428776,1.0462873,1.049697,1.0531068,1.0565164,1.0599262,1.0633359],"mean":1.00657,"std":0.025024436}
{"counts":[1,2,0,2,3,1,3,3,3,5,2,3,5,2,2,1,2,2,1,3,5,3,2,3,1,0,1,1,0,2],"wall_time":1.754172431011e9,"step":11,"max":1.0606649,"min":0.95874697,"count":64,"bins":[0.95874697,0.96214426,0.9655415,0.96893877,0.97233605,0.9757333,0.97913057,0.9825278,0.9859251,0.98932236,0.9927196,0.9961169,0.99951416,1.0029114,1.0063087,1.0097059,1.0131032,1.0165005,1.0198977,1.023295,1.0266923,1.0300895,1.0334867,1.0368841,1.0402813,1.0436785,1.0470759,1.0504731,1.0538703,1.0572677,1.0606649],"mean":1.0064194,"std":0.025443638}
{"counts":[1,0,1,3,1,2,2,4,3,4,1,4,6,2,2,1,3,0,0,5,1,5,3,2,3,1,1,0,1,2],"wall_time":1.754172432471e9,"step":12,"max":1.0604606,"min":0.95557034,"count":64,"bins":[0.95557034,0.9590667,0.96256304,0.9660594,0.9695557,0.973052,0.9765484,0.9800447,0.9835411,0.9870374,0.99053377,0.9940301,0.9975264,1.0010228,1.0045191,1.0080155,1.0115118,1.0150081,1.0185045,1.0220008,1.0254972,1.0289935,1.0324899,1.0359862,1.0394825,1.0429789,1.0464752,1.0499716,1.0534679,1.0569643,1.0604606],"mean":1.0070084,"std":0.026546171}
{"counts":[1,0,0,2,3,2,2,3,2,5,2,2,4,2,6,1,1,2,0,3,2,2,4,4,3,2,1,1,1,1],"wall_time":1.754172433883e9,"step":13,"max":1.0627166,"min":0.95074654,"count":64,"bins":[0.95074654,0.95447886,0.9582112,0.96194357,0.9656759,0.9694082,0.97314054,0.97687286,0.98060524,0.98433757,0.9880699,0.9918022,0.99553454,0.9992669,1.0029992,1.0067316,1.010464,1.0141963,1.0179286,1.0216609,1.0253932,1.0291256,1.0328579,1.0365902,1.0403225,1.044055,1.0477873,1.0515196,1.055252,1.0589843,1.0627166],"mean":1.0073485,"std":0.028031837}
{"counts":[1,0,0,2,2,3,2,3,2,4,3,1,3,4,6,1,1,2,0,2,2,2,6,3,3,2,1,1,1,1],"wall_time":1.754172435366e9,"step":14,"max":1.0627699,"min":0.94953823,"count":64,"bins":[0.94953823,0.95331264,0.957087,0.9608614,0.9646358,0.9684102,0.97218454,0.97595894,0.97973335,0.98350775,0.9872821,0.9910565,0.9948309,0.9986053,1.0023797,1.0061541,1.0099285,1.0137029,1.0174773,1.0212516,1.025026,1.0288004,1.0325748,1.0363492,1.0401236,1.043898,1.0476724,1.0514467,1.0552211,1.0589955,1.0627699],"mean":1.0073786,"std":0.028207876}
{"counts":[3,0,1,2,1,3,5,4,3,2,3,5,1,3,1,3,1,3,1,8,2,1,2,1,1,2,0,0,1,1],"wall_time":1.754172437397e9,"step":15,"max":1.0633359,"min":0.96104443,"count":64,"bins":[0.96104443,0.9644542,0.96786386,0.9712736,0.9746833,0.978093,0.9815027,0.98491246,0.98832214,0.9917319,0.99514157,0.9985513,1.001961,1.0053707,1.0087805,1.0121902,1.0155998,1.0190096,1.0224193,1.0258291,1.0292387,1.0326484,1.0360582,1.0394679,1.0428776,1.0462873,1.049697,1.0531068,1.0565164,1.0599262,1.0633359],"mean":1.00657,"std":0.025024436}
