{"counts":[1,0,0,0,1,0,1,6,3,5,7,4,5,6,4,1,3,0,4,1,4,2,1,0,0,0,1,1,2,1],"wall_time":1.754151430614e9,"step":1,"max":0.013241777,"min":-0.0101185,"count":64,"bins":[-0.0101185,-0.009339824,-0.008561148,-0.0077824728,-0.0070037968,-0.0062251207,-0.0054464447,-0.0046677687,-0.003889093,-0.0031104172,-0.0023317412,-0.0015530653,-0.0007743893,4.2865986e-6,0.00078296254,0.0015616384,0.0023403144,0.0031189902,0.0038976662,0.004676342,0.005455018,0.006233694,0.00701237,0.0077910456,0.008569722,0.009348397,0.010127073,0.010905749,0.011684425,0.012463101,0.013241777],"mean":0.0008113772,"std":0.0047346456}
{"counts":[1,0,0,1,0,0,1,2,1,0,1,4,3,5,5,4,6,4,4,5,4,2,3,1,1,1,2,0,1,2],"wall_time":1.754151432943e9,"step":2,"max":0.0090326965,"min":-0.013657074,"count":64,"bins":[-0.013657074,-0.012900748,-0.012144423,-0.011388097,-0.010631772,-0.009875446,-0.00911912,-0.008362794,-0.0076064686,-0.006850143,-0.0060938173,-0.0053374916,-0.004581166,-0.0038248403,-0.0030685146,-0.002312189,-0.0015558633,-0.0007995376,-4.3211876e-5,0.0007131138,0.0014694395,0.0022257653,0.002982091,0.0037384166,0.0044947425,0.005251068,0.006007394,0.0067637195,0.007520045,0.00827637,0.0090326965],"mean":-0.00094741245,"std":0.004468684}
{"counts":[1,0,0,0,0,1,1,2,0,2,1,1,3,3,1,9,4,6,4,7,3,4,3,1,2,0,1,2,0,2],"wall_time":1.754151435188e9,"step":3,"max":0.013511773,"min":-0.016758561,"count":64,"bins":[-0.016758561,-0.01574955,-0.014740539,-0.013731528,-0.012722516,-0.011713506,-0.010704494,-0.009695483,-0.008686472,-0.007677461,-0.00666845,-0.0056594387,-0.0046504275,-0.0036414163,-0.0026324051,-0.001623394,-0.00061438285,0.00039462833,0.0014036394,0.0024126505,0.0034216617,0.004430673,0.0054396843,0.006448695,0.007457706,0.008466718,0.0094757285,0.01048474,0.011493751,0.0125027625,0.013511773],"mean":0.0008239391,"std":0.0057739494}
{"counts":[2,0,1,2,2,1,0,1,1,1,2,4,2,3,2,2,6,1,4,3,2,3,4,2,2,2,1,4,1,3],"wall_time":1.754151437531e9,"step":4,"max":0.006305254,"min":-0.009711248,"count":64,"bins":[-0.009711248,-0.009177364,-0.008643481,-0.0081095975,-0.0075757145,-0.007041831,-0.0065079476,-0.005974064,-0.0054401807,-0.004906297,-0.0043724137,-0.0038385305,-0.003304647,-0.0027707636,-0.0022368804,-0.0017029969,-0.0011691136,-0.0006352301,-0.00010134671,0.00043253668,0.0009664201,0.0015003035,0.0020341869,0.0025680703,0.0031019538,0.003635837,0.0041697207,0.0047036037,0.005237487,0.0057713706,0.006305254],"mean":-0.00063867186,"std":0.004186448}
{"counts":[1,0,0,2,0,1,1,0,4,1,6,1,3,3,5,6,5,3,1,3,3,4,2,2,2,1,3,0,0,1],"wall_time":1.754151439518e9,"step":5,"max":0.009293206,"min":-0.01001321,"count":64,"bins":[-0.01001321,-0.009369662,-0.008726115,-0.008082568,-0.007439021,-0.006795474,-0.0061519267,-0.0055083795,-0.004864832,-0.0042212848,-0.0035777378,-0.0029341907,-0.0022906433,-0.0016470962,-0.001003549,-0.0003600018,0.00028354538,0.00092709257,0.0015706398,0.002214187,0.0028577342,0.0035012814,0.0041448283,0.004788376,0.005431923,0.0060754702,0.0067190174,0.0073625646,0.008006112,0.008649658,0.009293206],"mean":0.00021202181,"std":0.004041565}
{"counts":[1,0,0,0,0,2,0,1,2,0,1,1,2,4,5,3,5,4,5,7,6,4,2,2,1,1,1,0,1,3],"wall_time":1.754151441733e9,"step":6,"max":0.008900618,"min":-0.014631657,"count":64,"bins":[-0.014631657,-0.013847248,-0.013062838,-0.012278429,-0.01149402,-0.010709611,-0.009925202,-0.009140792,-0.008356384,-0.0075719743,-0.006787565,-0.006003156,-0.005218747,-0.004434338,-0.0036499286,-0.0028655194,-0.0020811101,-0.001296701,-0.00051229185,0.0002721173,0.0010565264,0.0018409357,0.0026253448,0.003409754,0.0041941633,0.0049785725,0.0057629817,0.0065473905,0.0073317997,0.008116209,0.008900618],"mean":-0.0007657174,"std":0.004554251}
{"counts":[2,2,3,4,6,2,5,4,7,3,6,3,2,4,2,2,1,0,1,2,1,0,0,1,0,0,0,0,0,1],"wall_time":1.754151444033e9,"step":7,"max":0.021983566,"min":-0.00762932,"count":64,"bins":[-0.00762932,-0.006642224,-0.0056551276,-0.0046680314,-0.0036809354,-0.0026938391,-0.0017067429,-0.0007196467,0.0002674495,0.0012545458,0.002241642,0.0032287382,0.004215834,0.0052029304,0.0061900266,0.007177123,0.008164219,0.009151315,0.010138411,0.011125508,0.0121126035,0.0130997,0.014086796,0.015073893,0.01606099,0.017048085,0.01803518,0.019022277,0.020009374,0.02099647,0.021983566],"mean":0.0015640004,"std":0.0057505304}
{"counts":[1,1,0,0,0,0,1,0,2,2,1,5,3,4,8,3,10,2,3,2,2,2,2,5,3,0,1,0,0,1],"wall_time":1.754151446588e9,"step":8,"max":0.010997884,"min":-0.012040657,"count":64,"bins":[-0.012040657,-0.011272706,-0.010504754,-0.009736802,-0.0089688515,-0.008200901,-0.007432949,-0.0066649974,-0.005897046,-0.0051290947,-0.0043611433,-0.003593192,-0.0028252406,-0.0020572892,-0.0012893379,-0.0005213865,0.00024656486,0.0010145162,0.0017824676,0.002550419,0.0033183703,0.0040863217,0.004854273,0.0056222244,0.006390176,0.007158127,0.0079260785,0.00869403,0.009461981,0.010229932,0.010997884],"mean":0.00038615483,"std":0.004322627}
{"counts":[1,0,0,0,2,1,1,2,3,4,8,3,3,6,5,7,5,3,2,1,2,1,1,2,0,0,0,0,0,1],"wall_time":1.754151449036e9,"step":9,"max":0.012535453,"min":-0.0113211805,"count":64,"bins":[-0.0113211805,-0.01052596,-0.009730739,-0.008935517,-0.008140296,-0.007345075,-0.006549854,-0.005754633,-0.0049594115,-0.0041641905,-0.0033689693,-0.0025737484,-0.0017785272,-0.0009833061,-0.00018808494,0.0006071362,0.0014023572,0.0021975783,0.0029927995,0.0037880207,0.004583242,0.005378463,0.006173684,0.006968905,0.007764126,0.008559347,0.009354568,0.01014979,0.010945011,0.011740232,0.012535453],"mean":-0.0004755196,"std":0.004124043}
{"counts":[1,0,1,2,0,2,1,2,2,4,2,3,10,4,3,6,0,4,3,7,2,1,0,1,0,1,1,0,0,1],"wall_time":1.75415145128e9,"step":10,"max":0.010531517,"min":-0.009080733,"count":64,"bins":[-0.009080733,-0.008426991,-0.00777325,-0.007119508,-0.0064657666,-0.0058120247,-0.0051582833,-0.0045045414,-0.0038507998,-0.003197058,-0.0025433165,-0.0018895749,-0.0012358332,-0.00058209157,7.165012e-5,0.0007253918,0.0013791334,0.002032875,0.0026866167,0.0033403584,0.0039941003,0.0046478417,0.0053015836,0.005955325,0.006609067,0.0072628083,0.00791655,0.008570292,0.009224033,0.009877775,0.010531517],"mean":8.5010746e-5,"std":0.0038464875}
{"counts":[1,0,0,0,0,1,1,2,3,3,3,6,2,4,3,3,3,4,6,5,6,2,3,0,0,1,1,0,0,1],"wall_time":1.754151453752e9,"step":11,"max":0.008198857,"min":-0.010441126,"count":64,"bins":[-0.010441126,-0.0098197935,-0.009198461,-0.008577128,-0.007955795,-0.0073344624,-0.0067131296,-0.006091797,-0.005470464,-0.004849131,-0.0042277984,-0.0036064656,-0.0029851329,-0.0023638,-0.0017424673,-0.0011211345,-0.0004998017,0.00012153108,0.00074286386,0.0013641967,0.0019855294,0.0026068622,0.003228195,0.0038495278,0.0044708606,0.0050921934,0.005713526,0.006334859,0.0069561917,0.0075775245,0.008198857],"mean":-0.0008165084,"std":0.0034911127}
{"counts":[1,0,0,0,0,0,0,1,1,0,1,3,3,6,2,3,4,6,8,5,1,5,1,5,3,2,2,0,0,1],"wall_time":1.754151456267e9,"step":12,"max":0.006397429,"min":-0.011401889,"count":64,"bins":[-0.011401889,-0.010808579,-0.010215268,-0.009621957,-0.009028646,-0.008435336,-0.007842026,-0.0072487146,-0.0066554043,-0.0060620937,-0.005468783,-0.0048754723,-0.0042821616,-0.0036888511,-0.0030955407,-0.00250223,-0.0019089194,-0.0013156089,-0.0007222982,-0.00012898762,0.00046432298,0.0010576335,0.0016509441,0.0022442548,0.0028375653,0.003430876,0.0040241866,0.0046174973,0.0052108075,0.0058041182,0.006397429],"mean":-0.0007657819,"std":0.0031378889}
{"counts":[1,0,0,0,1,1,0,0,3,3,3,5,3,2,4,6,6,6,4,5,5,2,1,0,1,1,0,0,0,1],"wall_time":1.754151459703e9,"step":13,"max":0.010551463,"min":-0.01267136,"count":64,"bins":[-0.01267136,-0.011897266,-0.011123172,-0.010349077,-0.009574983,-0.008800889,-0.008026795,-0.007252701,-0.006478607,-0.005704513,-0.004930419,-0.004156325,-0.0033822306,-0.0026081367,-0.0018340426,-0.0010599485,-0.0002858544,0.00048823972,0.0012623338,0.0020364278,0.002810522,0.0035846161,0.0043587103,0.005132804,0.0059068985,0.0066809924,0.0074550863,0.00822918,0.009003275,0.009777369,0.010551463],"mean":-0.0007173498,"std":0.004018258}
