{"counts":[1,0,0,0,0,0,1,2,2,2,2,4,5,6,6,5,4,3,6,4,2,2,0,1,1,0,1,1,2,1],"wall_time":1.754151430607e9,"step":1,"max":0.012900676,"min":-0.014310413,"count":64,"bins":[-0.014310413,-0.013403377,-0.01249634,-0.011589305,-0.010682268,-0.009775232,-0.008868195,-0.007961159,-0.0070541226,-0.0061470866,-0.00524005,-0.0043330137,-0.0034259777,-0.0025189412,-0.0016119049,-0.0007048687,0.00020216759,0.0011092039,0.0020162403,0.0029232765,0.0038303128,0.004737349,0.0056443852,0.0065514217,0.0074584577,0.008365494,0.009272531,0.010179567,0.011086603,0.011993639,0.012900676],"mean":2.8063576e-5,"std":0.0050916024}
{"counts":[1,0,1,0,1,0,0,1,0,0,3,3,3,3,4,5,6,4,5,2,3,3,6,1,4,1,2,1,0,1],"wall_time":1.754151432936e9,"step":2,"max":0.008082748,"min":-0.013179593,"count":64,"bins":[-0.013179593,-0.012470848,-0.011762103,-0.011053359,-0.010344614,-0.009635869,-0.008927125,-0.00821838,-0.0075096353,-0.0068008904,-0.0060921456,-0.005383401,-0.0046746563,-0.0039659115,-0.0032571668,-0.0025484222,-0.0018396775,-0.0011309328,-0.00042218808,0.00028655663,0.0009953013,0.001704046,0.0024127907,0.0031215355,0.0038302802,0.004539025,0.0052477694,0.0059565143,0.006665259,0.0073740035,0.008082748],"mean":-0.0008576499,"std":0.004180885}
{"counts":[2,0,1,0,3,2,1,3,1,0,3,1,4,3,5,5,7,8,4,1,1,2,2,1,0,1,0,1,1,1],"wall_time":1.754151435184e9,"step":3,"max":0.011193629,"min":-0.010332966,"count":64,"bins":[-0.010332966,-0.009615413,-0.00889786,-0.008180306,-0.0074627534,-0.0067452,-0.0060276473,-0.005310094,-0.0045925407,-0.0038749876,-0.0031574343,-0.0024398812,-0.001722328,-0.0010047748,-0.00028722163,0.00043033157,0.0011478848,0.001865438,0.002582991,0.0033005443,0.0040180977,0.0047356505,0.005453204,0.006170757,0.0068883104,0.0076058633,0.008323417,0.009040969,0.009758523,0.010476076,0.011193629],"mean":0.00021345209,"std":0.00461946}
{"counts":[1,0,0,0,0,1,2,0,2,1,4,0,3,4,1,3,8,5,5,3,2,5,5,2,1,1,1,1,1,2],"wall_time":1.754151437527e9,"step":4,"max":0.0079629775,"min":-0.011958395,"count":64,"bins":[-0.011958395,-0.011294349,-0.010630304,-0.009966258,-0.009302212,-0.008638167,-0.007974121,-0.0073100748,-0.006646029,-0.005981983,-0.0053179376,-0.004653892,-0.003989846,-0.0033258004,-0.0026617546,-0.0019977088,-0.001333663,-0.0006696173,-5.571544e-6,0.0006584742,0.00132252,0.0019865658,0.0026506116,0.0033146571,0.003978703,0.0046427487,0.0053067943,0.0059708403,0.006634886,0.007298932,0.0079629775],"mean":-0.00041957822,"std":0.0040005976}
{"counts":[1,1,2,1,2,1,1,3,1,3,10,4,4,4,6,5,2,2,1,3,2,1,0,0,1,0,0,1,1,1],"wall_time":1.754151439516e9,"step":5,"max":0.011036456,"min":-0.008326255,"count":64,"bins":[-0.008326255,-0.007680831,-0.0070354072,-0.006389984,-0.00574456,-0.0050991364,-0.0044537126,-0.003808289,-0.0031628653,-0.0025174418,-0.001872018,-0.0012265943,-0.0005811706,6.4253065e-5,0.00070967677,0.0013551004,0.0020005242,0.0026459477,0.0032913715,0.003936795,0.004582219,0.0052276426,0.0058730664,0.0065184897,0.0071639135,0.007809337,0.008454761,0.009100185,0.009745608,0.010391032,0.011036456],"mean":3.2325403e-5,"std":0.004017358}
{"counts":[1,1,3,1,4,0,0,4,3,3,5,7,5,5,7,0,4,2,1,0,0,1,0,2,1,2,1,0,0,1],"wall_time":1.754151441732e9,"step":6,"max":0.010503737,"min":-0.008264617,"count":64,"bins":[-0.008264617,-0.0076390053,-0.0070133936,-0.006387782,-0.0057621696,-0.005136558,-0.004510946,-0.0038853344,-0.0032597226,-0.0026341109,-0.0020084989,-0.0013828871,-0.0007572753,-0.00013166353,0.0004939483,0.0011195601,0.001745172,0.0023707838,0.0029963956,0.0036220073,0.0042476193,0.004873231,0.005498843,0.0061244546,0.0067500663,0.007375678,0.00800129,0.008626902,0.009252514,0.009878125,0.010503737],"mean":-0.00047750847,"std":0.004021724}
{"counts":[1,0,0,2,3,2,3,4,5,6,4,3,1,4,2,5,5,2,2,3,1,1,0,1,1,0,0,1,0,2],"wall_time":1.75415144403e9,"step":7,"max":0.0134016955,"min":-0.0084282495,"count":64,"bins":[-0.0084282495,-0.007700585,-0.0069729197,-0.006245255,-0.0055175903,-0.004789925,-0.0040622605,-0.0033345956,-0.002606931,-0.001879266,-0.0011516012,-0.00042393632,0.0003037285,0.0010313933,0.0017590582,0.002486723,0.003214388,0.003942053,0.0046697175,0.005397382,0.0061250473,0.006852712,0.0075803767,0.008308042,0.0090357065,0.009763371,0.010491036,0.0112187015,0.011946366,0.012674031,0.0134016955],"mean":0.0009126096,"std":0.004700211}
{"counts":[1,0,0,1,1,1,1,1,1,3,4,2,0,2,8,3,4,5,5,4,5,4,0,1,1,4,0,1,0,1],"wall_time":1.754151446585e9,"step":8,"max":0.008459764,"min":-0.009681572,"count":64,"bins":[-0.009681572,-0.009076861,-0.00847215,-0.007867439,-0.0072627272,-0.0066580162,-0.006053305,-0.0054485938,-0.0048438828,-0.0042391713,-0.0036344603,-0.003029749,-0.0024250378,-0.0018203267,-0.0012156155,-0.0006109043,-6.1931087e-6,0.00059851806,0.0012032293,0.0018079404,0.0024126517,0.003017363,0.0036220741,0.004226785,0.0048314966,0.0054362076,0.0060409186,0.00664563,0.007250341,0.007855052,0.008459764],"mean":0.0001330488,"std":0.0036918859}
{"counts":[2,0,0,0,1,0,3,3,2,5,6,6,3,4,6,3,6,5,2,1,1,2,1,0,0,1,0,0,0,1],"wall_time":1.75415144903e9,"step":9,"max":0.0114998985,"min":-0.010527934,"count":64,"bins":[-0.010527934,-0.009793673,-0.0090594115,-0.008325151,-0.0075908895,-0.0068566287,-0.0061223675,-0.005388106,-0.0046538454,-0.003919584,-0.0031853232,-0.002451062,-0.001716801,-0.0009825398,-0.0002482788,0.00048598228,0.0012202434,0.0019545045,0.0026887655,0.0034230265,0.0041572875,0.004891549,0.00562581,0.006360071,0.007094332,0.007828593,0.0085628545,0.009297115,0.010031376,0.010765637,0.0114998985],"mean":-0.00073164055,"std":0.0039065965}
{"counts":[1,0,0,0,1,0,1,0,3,3,6,3,1,6,3,5,3,5,6,1,6,3,2,1,1,0,1,0,0,2],"wall_time":1.754151451275e9,"step":10,"max":0.00927439,"min":-0.0100936005,"count":64,"bins":[-0.0100936005,-0.009448001,-0.008802401,-0.008156802,-0.007511202,-0.006865602,-0.0062200027,-0.005574403,-0.004928803,-0.0042832033,-0.0036376037,-0.0029920042,-0.0023464044,-0.0017008048,-0.0010552051,-0.00040960545,0.00023599422,0.0008815939,0.0015271936,0.0021727933,0.0028183928,0.0034639926,0.004109592,0.004755192,0.0054007918,0.006046391,0.006691991,0.0073375907,0.00798319,0.00862879,0.00927439],"mean":7.805806e-5,"std":0.0036429411}
{"counts":[1,1,1,1,3,1,2,1,2,1,8,9,2,4,3,2,4,2,5,1,1,4,0,2,1,1,0,0,0,1],"wall_time":1.754151453747e9,"step":11,"max":0.008711425,"min":-0.0075349156,"count":64,"bins":[-0.0075349156,-0.006993371,-0.006451826,-0.0059102816,-0.005368737,-0.004827192,-0.0042856475,-0.0037441028,-0.0032025583,-0.0026610135,-0.0021194688,-0.0015779241,-0.0010363795,-0.0004948348,4.670986e-5,0.00058825454,0.0011297992,0.0016713439,0.0022128886,0.0027544333,0.0032959778,0.0038375226,0.004379067,0.004920612,0.0054621566,0.006003701,0.006545246,0.0070867906,0.007628335,0.00816988,0.008711425],"mean":-0.0002778595,"std":0.0033620896}
{"counts":[3,1,3,2,3,4,3,3,1,2,5,3,3,4,3,5,3,3,2,3,0,0,2,0,0,0,1,1,0,1],"wall_time":1.754151456263e9,"step":12,"max":0.0078960685,"min":-0.0057219523,"count":64,"bins":[-0.0057219523,-0.005268018,-0.004814084,-0.00436015,-0.0039062162,-0.0034522822,-0.002998348,-0.002544414,-0.0020904802,-0.0016365461,-0.001182612,-0.000728678,-0.00027474397,0.00017919004,0.0006331241,0.0010870581,0.0015409922,0.0019949262,0.00244886,0.0029027942,0.0033567282,0.0038106623,0.0042645964,0.0047185305,0.0051724645,0.0056263986,0.006080332,0.0065342663,0.0069882004,0.0074421344,0.0078960685],"mean":-0.00044636696,"std":0.00307543}
{"counts":[1,0,0,0,0,1,1,0,0,0,1,2,2,3,3,5,2,4,10,4,4,5,2,3,1,5,1,1,0,3],"wall_time":1.754151459696e9,"step":13,"max":0.006300097,"min":-0.011458728,"count":64,"bins":[-0.011458728,-0.010866768,-0.010274807,-0.009682846,-0.0090908855,-0.008498924,-0.007906963,-0.0073150024,-0.0067230416,-0.006131081,-0.00553912,-0.004947159,-0.0043551982,-0.0037632375,-0.0031712765,-0.0025793158,-0.001987355,-0.0013953941,-0.00080343324,-0.00021147242,0.00038048843,0.00097244926,0.0015644102,0.002156371,0.0027483318,0.0033402927,0.0039322535,0.004524214,0.0051161754,0.005708136,0.006300097],"mean":-0.00041499324,"std":0.0033440578}
