{"counts":[2,1,2,0,2,2,4,2,2,1,2,2,1,1,3,1,0,0,0,2,0,0,0,0,1,0,0,0,0,1],"wall_time":1.754151430644e9,"step":1,"max":0.012526237,"min":-0.004274267,"count":32,"bins":[-0.004274267,-0.00371425,-0.003154233,-0.0025942163,-0.0020341997,-0.0014741827,-0.0009141659,-0.00035414912,0.00020586768,0.00076588447,0.0013259012,0.0018859181,0.0024459348,0.0030059516,0.0035659685,0.0041259853,0.004686002,0.005246019,0.005806036,0.0063660527,0.0069260695,0.0074860863,0.008046103,0.00860612,0.009166136,0.009726154,0.01028617,0.010846187,0.011406204,0.011966221,0.012526237],"mean":0.0012336243,"std":0.0038180156}
{"counts":[1,0,0,0,0,1,0,0,0,1,3,3,7,1,1,4,0,2,0,2,1,0,0,2,0,1,0,0,1,1],"wall_time":1.754151432964e9,"step":2,"max":0.016208727,"min":-0.014866613,"count":32,"bins":[-0.014866613,-0.013830768,-0.012794924,-0.011759079,-0.010723234,-0.009687389,-0.008651545,-0.0076157004,-0.0065798555,-0.005544011,-0.004508166,-0.0034723217,-0.002436477,-0.0014006323,-0.00036478761,0.00067105703,0.0017069017,0.0027427464,0.003778591,0.0048144357,0.00585028,0.006886125,0.0079219695,0.008957814,0.009993659,0.011029503,0.012065348,0.013101193,0.014137038,0.015172882,0.016208727],"mean":0.0009399619,"std":0.006489697}
{"counts":[1,0,0,2,2,2,1,1,1,1,2,3,4,4,1,2,2,0,0,2,0,0,0,0,0,0,0,0,0,1],"wall_time":1.75415143522e9,"step":3,"max":0.02452762,"min":-0.012737325,"count":32,"bins":[-0.012737325,-0.011495161,-0.010252995,-0.009010831,-0.007768666,-0.006526501,-0.0052843364,-0.0040421714,-0.0028000064,-0.0015578417,-0.00031567676,0.00092648814,0.002168653,0.0034108178,0.0046529826,0.0058951476,0.0071373126,0.008379477,0.0096216425,0.010863807,0.012105972,0.013348137,0.014590302,0.015832467,0.017074632,0.018316796,0.01955896,0.020801125,0.022043291,0.023285456,0.02452762],"mean":0.0014070838,"std":0.00730833}
{"counts":[2,0,1,0,1,2,1,1,1,5,1,1,4,1,2,2,2,1,1,1,0,1,0,0,0,0,0,0,0,1],"wall_time":1.754151437551e9,"step":4,"max":0.013611104,"min":-0.0073447507,"count":32,"bins":[-0.0073447507,-0.006646222,-0.0059476937,-0.005249165,-0.0045506367,-0.0038521083,-0.0031535798,-0.0024550513,-0.0017565227,-0.0010579942,-0.0003594657,0.00033906283,0.0010375914,0.0017361199,0.0024346483,0.0031331768,0.0038317053,0.004530234,0.0052287625,0.005927291,0.0066258195,0.0073243477,0.008022876,0.008721405,0.009419933,0.010118462,0.01081699,0.011515519,0.012214047,0.012912576,0.013611104],"mean":0.0008065355,"std":0.004430021}
{"counts":[1,0,0,0,2,0,0,0,1,1,1,2,3,5,2,2,2,5,0,1,1,0,0,1,1,0,0,0,0,1],"wall_time":1.754151439529e9,"step":5,"max":0.014286218,"min":-0.014694341,"count":32,"bins":[-0.014694341,-0.013728322,-0.012762304,-0.011796285,-0.010830266,-0.009864248,-0.008898229,-0.007932211,-0.0069661923,-0.0060001737,-0.0050341547,-0.004068136,-0.0031021177,-0.002136099,-0.0011700803,-0.00020406162,0.000761957,0.0017279757,0.0026939944,0.003660013,0.0046260315,0.0055920505,0.006558069,0.0075240876,0.008490106,0.009456125,0.010422143,0.011388162,0.012354181,0.013320199,0.014286218],"mean":-0.0007314065,"std":0.0056209834}
{"counts":[1,0,0,0,0,0,0,0,0,1,1,2,1,3,2,2,1,3,2,3,1,2,1,0,0,2,0,2,0,2],"wall_time":1.75415144175e9,"step":6,"max":0.01081804,"min":-0.014954279,"count":32,"bins":[-0.014954279,-0.014095202,-0.013236125,-0.012377047,-0.01151797,-0.010658893,-0.009799816,-0.008940738,-0.008081661,-0.0072225835,-0.006363506,-0.005504429,-0.0046453513,-0.0037862742,-0.002927197,-0.0020681196,-0.0012090423,-0.00034996498,0.0005091123,0.0013681896,0.002227267,0.0030863443,0.0039454214,0.004804499,0.005663576,0.0065226536,0.0073817307,0.008240808,0.009099886,0.009958963,0.01081804],"mean":0.00039029226,"std":0.005494904}
{"counts":[1,0,0,0,0,0,0,0,2,0,2,0,0,0,3,2,1,1,1,1,1,3,5,3,1,2,1,1,0,1],"wall_time":1.754151444094e9,"step":7,"max":0.016718537,"min":-0.027600892,"count":32,"bins":[-0.027600892,-0.026123578,-0.024646264,-0.02316895,-0.021691635,-0.020214321,-0.018737007,-0.017259693,-0.015782377,-0.0143050635,-0.012827749,-0.011350435,-0.00987312,-0.008395806,-0.006918492,-0.0054411776,-0.0039638635,-0.002486549,-0.0010092348,0.0004680795,0.0019453937,0.003422708,0.0049000224,0.0063773366,0.007854651,0.009331965,0.010809279,0.012286594,0.013763908,0.015241222,0.016718537],"mean":0.0008704861,"std":0.009625932}
{"counts":[1,0,1,0,0,1,0,2,4,1,4,1,2,2,1,4,1,0,2,1,2,1,0,0,0,0,0,0,0,1],"wall_time":1.754151446607e9,"step":8,"max":0.020560555,"min":-0.01517728,"count":32,"bins":[-0.01517728,-0.0139860185,-0.012794757,-0.011603496,-0.010412235,-0.009220974,-0.008029712,-0.0068384516,-0.0056471904,-0.004455929,-0.0032646682,-0.002073407,-0.0008821458,0.0003091154,0.0015003766,0.0026916377,0.003882899,0.00507416,0.0062654214,0.007456682,0.008647944,0.009839205,0.011030466,0.012221727,0.013412988,0.014604249,0.01579551,0.016986772,0.018178033,0.019369295,0.020560555],"mean":0.00016764793,"std":0.0071624327}
{"counts":[1,0,1,0,1,1,0,1,1,1,1,0,3,2,2,5,1,2,0,0,2,1,1,1,0,1,0,1,1,1],"wall_time":1.754151449052e9,"step":9,"max":0.0084491875,"min":-0.0065919734,"count":32,"bins":[-0.0065919734,-0.0060906014,-0.0055892295,-0.005087857,-0.004586485,-0.0040851133,-0.0035837411,-0.0030823692,-0.002580997,-0.0020796251,-0.0015782531,-0.0010768811,-0.00057550904,-7.413699e-5,0.00042723503,0.00092860707,0.0014299791,0.0019313511,0.002432723,0.0029340952,0.0034354671,0.0039368393,0.004438211,0.004939583,0.0054409555,0.0059423274,0.0064436994,0.0069450713,0.0074464437,0.007947816,0.0084491875],"mean":0.0010657734,"std":0.003667423}
{"counts":[1,1,1,1,2,2,2,0,5,1,0,1,1,3,1,2,2,0,0,0,3,0,0,0,0,0,1,0,0,2],"wall_time":1.7541514513e9,"step":10,"max":0.014329901,"min":-0.0094706165,"count":32,"bins":[-0.0094706165,-0.008677266,-0.007883916,-0.007090565,-0.006297214,-0.0055038636,-0.004710513,-0.0039171623,-0.003123812,-0.0023304613,-0.0015371107,-0.0007437601,4.9590504e-5,0.0008429411,0.0016362916,0.0024296422,0.0032229929,0.0040163435,0.004809694,0.0056030448,0.006396395,0.0071897455,0.007983096,0.008776447,0.009569798,0.0103631485,0.011156498,0.011949849,0.0127432,0.01353655,0.014329901],"mean":-5.6037592e-5,"std":0.006167194}
{"counts":[1,0,0,0,0,0,0,0,0,1,0,1,0,0,1,1,3,6,4,1,6,3,0,0,0,1,0,1,1,1],"wall_time":1.754151453768e9,"step":11,"max":0.009356748,"min":-0.013722556,"count":32,"bins":[-0.013722556,-0.012953246,-0.012183935,-0.011414626,-0.010645315,-0.009876005,-0.009106695,-0.008337385,-0.007568075,-0.0067987647,-0.0060294545,-0.0052601444,-0.004490834,-0.003721524,-0.0029522139,-0.0021829037,-0.0014135935,-0.0006442834,0.00012502671,0.00089433684,0.001663647,0.002432957,0.0032022672,0.003971577,0.0047408873,0.0055101975,0.0062795077,0.007048818,0.007818128,0.008587439,0.009356748],"mean":0.00066382426,"std":0.0042624585}
{"counts":[1,0,0,0,0,1,0,1,2,2,1,2,3,5,6,0,1,3,1,1,0,1,0,0,0,0,0,0,0,1],"wall_time":1.754151456299e9,"step":12,"max":0.015226367,"min":-0.0120685985,"count":32,"bins":[-0.0120685985,-0.011158766,-0.010248934,-0.009339102,-0.00842927,-0.0075194375,-0.0066096056,-0.0056997733,-0.004789941,-0.003880109,-0.0029702766,-0.0020604446,-0.0011506124,-0.00024078017,0.000669052,0.0015788842,0.0024887163,0.0033985486,0.0043083807,0.005218213,0.0061280453,0.007037877,0.007947709,0.008857542,0.009767374,0.010677206,0.011587039,0.01249687,0.013406702,0.014316535,0.015226367],"mean":0.00021580308,"std":0.004718104}
{"counts":[2,0,0,0,0,0,0,0,1,0,1,3,1,1,8,5,1,2,1,3,1,0,0,0,0,0,0,0,1,1],"wall_time":1.754151459721e9,"step":13,"max":0.009047659,"min":-0.01062488,"count":32,"bins":[-0.01062488,-0.009969128,-0.009313378,-0.008657626,-0.008001875,-0.0073461235,-0.0066903722,-0.006034621,-0.0053788694,-0.004723118,-0.004067367,-0.0034116157,-0.0027558643,-0.002100113,-0.0014443618,-0.0007886104,-0.00013285913,0.00052289217,0.0011786434,0.0018343948,0.002490146,0.0031458973,0.0038016487,0.0044574,0.0051131514,0.0057689026,0.006424654,0.007080405,0.0077361567,0.008391907,0.009047659],"mean":-0.00075553963,"std":0.0038823523}
