{"counts":[2,1,0,2,2,4,4,0,5,1,2,1,2,2,1,0,1,0,0,0,0,0,0,0,1,0,0,0,0,1],"wall_time":1.754151430637e9,"step":1,"max":0.012958821,"min":-0.0035136999,"count":32,"bins":[-0.0035136999,-0.0029646158,-0.0024155318,-0.0018664477,-0.0013173638,-0.0007682797,-0.0002191957,0.0003298883,0.00087897235,0.0014280564,0.0019771403,0.0025262244,0.0030753084,0.0036243924,0.0041734767,0.0047225603,0.0052716443,0.0058207284,0.0063698124,0.0069188965,0.0074679805,0.008017065,0.008566149,0.009115233,0.009664317,0.010213401,0.010762485,0.011311569,0.011860653,0.012409737,0.012958821],"mean":0.0014160373,"std":0.003463193}
{"counts":[1,0,0,1,0,0,2,0,1,3,1,3,1,4,2,4,0,4,0,0,0,0,1,1,0,0,1,1,0,1],"wall_time":1.754151432961e9,"step":2,"max":0.014251786,"min":-0.011301708,"count":32,"bins":[-0.011301708,-0.010449925,-0.0095981425,-0.008746359,-0.007894576,-0.0070427926,-0.0061910097,-0.005339226,-0.0044874432,-0.00363566,-0.0027838768,-0.0019320936,-0.0010803106,-0.00022852738,0.0006232558,0.0014750389,0.0023268221,0.0031786053,0.0040303883,0.0048821718,0.0057339547,0.0065857377,0.007437521,0.008289305,0.0091410875,0.0099928705,0.0108446535,0.011696436,0.01254822,0.013400003,0.014251786],"mean":0.00085380784,"std":0.005606869}
{"counts":[2,0,1,0,0,0,0,0,1,2,2,0,1,2,1,4,2,0,3,0,2,3,1,0,2,0,0,0,1,2],"wall_time":1.754151435215e9,"step":3,"max":0.011846463,"min":-0.0110931825,"count":32,"bins":[-0.0110931825,-0.010328528,-0.009563873,-0.008799218,-0.008034563,-0.007269908,-0.0065052533,-0.0057405983,-0.004975944,-0.004211289,-0.003446634,-0.002681979,-0.0019173243,-0.0011526693,-0.0003880145,0.00037664035,0.0011412952,0.00190595,0.002670605,0.0034352597,0.0041999146,0.0049645696,0.0057292245,0.006493879,0.007258534,0.008023188,0.008787843,0.009552498,0.010317153,0.011081808,0.011846463],"mean":0.001348088,"std":0.005765571}
{"counts":[2,0,0,1,0,0,0,0,2,1,1,0,0,3,3,1,3,1,0,5,1,1,2,2,1,0,0,1,0,1],"wall_time":1.754151437547e9,"step":4,"max":0.008193424,"min":-0.0068855695,"count":32,"bins":[-0.0068855695,-0.0063829366,-0.005880303,-0.0053776703,-0.004875037,-0.004372404,-0.0038697708,-0.0033671376,-0.0028645047,-0.0023618715,-0.0018592384,-0.0013566052,-0.00085397216,-0.00035133903,0.0001512941,0.0006539272,0.0011565604,0.0016591934,0.0021618265,0.0026644596,0.0031670928,0.003669726,0.004172359,0.004674992,0.0051776255,0.0056802584,0.0061828913,0.0066855247,0.0071881576,0.007690791,0.008193424],"mean":0.0012841906,"std":0.003605134}
{"counts":[1,1,0,1,0,0,2,1,4,3,3,4,1,2,2,2,0,1,1,0,1,0,0,0,0,1,0,0,0,1],"wall_time":1.754151439528e9,"step":5,"max":0.012219547,"min":-0.007971217,"count":32,"bins":[-0.007971217,-0.0072981915,-0.006625166,-0.0059521403,-0.005279115,-0.0046060896,-0.003933064,-0.0032600386,-0.0025870132,-0.0019139877,-0.0012409622,-0.0005679367,0.000105088766,0.00077811425,0.0014511397,0.0021241652,0.0027971906,0.0034702162,0.004143242,0.004816267,0.0054892926,0.006162318,0.0068353433,0.007508369,0.008181394,0.00885442,0.009527446,0.010200471,0.0108734965,0.011546521,0.012219547],"mean":-3.9304883e-5,"std":0.0042049177}
{"counts":[1,0,0,0,0,0,1,0,1,0,3,2,4,1,3,5,3,1,1,3,1,1,0,0,0,0,0,0,0,1],"wall_time":1.754151441748e9,"step":6,"max":0.014212704,"min":-0.012577787,"count":32,"bins":[-0.012577787,-0.011684771,-0.010791754,-0.009898738,-0.009005722,-0.008112705,-0.007219689,-0.0063266726,-0.005433656,-0.0045406395,-0.0036476234,-0.002754607,-0.0018615905,-0.00096857414,-7.5557764e-5,0.0008174586,0.001710475,0.0026034913,0.0034965076,0.004389524,0.0052825403,0.0061755567,0.007068573,0.00796159,0.008854606,0.009747623,0.010640639,0.011533655,0.012426672,0.013319688,0.014212704],"mean":0.0004864657,"std":0.0046319207}
{"counts":[1,0,0,0,1,0,0,0,0,0,1,0,1,0,0,0,3,3,2,0,2,2,3,2,1,0,2,4,1,3],"wall_time":1.754151444088e9,"step":7,"max":0.009298364,"min":-0.01822963,"count":32,"bins":[-0.01822963,-0.01731203,-0.01639443,-0.01547683,-0.014559231,-0.013641631,-0.012724031,-0.011806431,-0.010888832,-0.009971232,-0.009053632,-0.008136032,-0.0072184326,-0.0063008326,-0.005383233,-0.004465633,-0.0035480333,-0.0026304335,-0.0017128338,-0.00079523394,0.00012236585,0.0010399657,0.0019575653,0.0028751653,0.003792765,0.0047103646,0.0056279646,0.006545564,0.007463164,0.008380764,0.009298364],"mean":0.00096437836,"std":0.0064614248}
{"counts":[2,0,0,0,2,1,0,1,3,1,4,3,2,0,2,3,0,1,0,2,1,1,0,1,0,0,1,0,0,1],"wall_time":1.754151446605e9,"step":8,"max":0.012894394,"min":-0.009819313,"count":32,"bins":[-0.009819313,-0.00906219,-0.008305066,-0.0075479425,-0.0067908186,-0.0060336953,-0.0052765715,-0.004519448,-0.0037623246,-0.003005201,-0.0022480774,-0.0014909537,-0.0007338302,2.329334e-5,0.0007804169,0.0015375405,0.002294664,0.0030517876,0.0038089112,0.004566035,0.005323158,0.006080282,0.0068374053,0.007594529,0.008351653,0.009108776,0.0098659,0.010623023,0.011380147,0.0121372705,0.012894394],"mean":-1.9323983e-5,"std":0.0052095307}
{"counts":[1,0,0,0,0,1,2,1,2,0,2,1,2,2,5,1,2,1,3,0,1,1,0,0,0,0,1,1,1,1],"wall_time":1.754151449046e9,"step":9,"max":0.010083964,"min":-0.0076747267,"count":32,"bins":[-0.0076747267,-0.00708277,-0.006490814,-0.0058988575,-0.0053069014,-0.004714945,-0.0041229883,-0.0035310322,-0.0029390757,-0.0023471194,-0.0017551631,-0.0011632068,-0.00057125033,2.0706002e-5,0.00061266235,0.0012046187,0.001796575,0.0023885313,0.002980488,0.0035724442,0.0041644005,0.004756357,0.005348313,0.0059402697,0.0065322258,0.0071241823,0.007716139,0.008308095,0.008900051,0.009492008,0.010083964],"mean":0.0011483239,"std":0.004052527}
{"counts":[1,2,0,0,1,1,1,0,1,3,5,2,1,1,4,2,2,1,2,1,0,0,0,0,0,0,0,0,0,1],"wall_time":1.754151451295e9,"step":10,"max":0.013362858,"min":-0.0076920665,"count":32,"bins":[-0.0076920665,-0.0069902358,-0.006288405,-0.005586574,-0.004884743,-0.0041829124,-0.0034810815,-0.0027792507,-0.0020774198,-0.001375589,-0.00067375816,2.8072654e-5,0.00072990346,0.0014317343,0.0021335653,0.002835396,0.0035372267,0.0042390577,0.0049408884,0.005642719,0.0063445503,0.007046381,0.0077482117,0.008450042,0.009151873,0.009853704,0.010555536,0.011257366,0.011959197,0.012661028,0.013362858],"mean":0.0007270093,"std":0.0041970913}
{"counts":[2,1,0,1,0,0,1,0,1,3,3,1,2,5,1,1,0,1,3,2,0,2,1,0,0,0,0,0,0,1],"wall_time":1.754151453767e9,"step":11,"max":0.011661068,"min":-0.0066435505,"count":32,"bins":[-0.0066435505,-0.0060333963,-0.0054232427,-0.0048130886,-0.004202935,-0.0035927808,-0.002982627,-0.002372473,-0.001762319,-0.001152165,-0.0005420111,6.814282e-5,0.0006782968,0.0012884507,0.0018986047,0.0025087586,0.0031189125,0.0037290663,0.0043392205,0.004949374,0.0055595282,0.0061696824,0.006779836,0.00738999,0.008000144,0.008610298,0.009220452,0.009830606,0.010440759,0.0110509135,0.011661068],"mean":0.0013826843,"std":0.004081281}
{"counts":[2,1,1,0,4,0,1,4,1,3,5,3,2,3,1,0,0,0,0,0,0,0,0,0,0,0,0,0,0,1],"wall_time":1.754151456291e9,"step":12,"max":0.019250067,"min":-0.006616677,"count":32,"bins":[-0.006616677,-0.005754452,-0.0048922277,-0.0040300027,-0.003167778,-0.002305553,-0.0014433283,-0.00058110355,0.00028112126,0.0011433461,0.0020055708,0.0028677958,0.0037300205,0.0045922454,0.00545447,0.006316695,0.00717892,0.008041144,0.008903369,0.009765594,0.010627819,0.011490043,0.012352268,0.013214493,0.014076718,0.014938943,0.015801167,0.016663393,0.017525617,0.018387843,0.019250067],"mean":0.0012587802,"std":0.0047392743}
{"counts":[1,0,0,0,0,1,0,0,1,1,0,1,1,2,3,4,2,4,2,1,3,0,2,1,0,1,0,0,0,1],"wall_time":1.754151459717e9,"step":13,"max":0.009566318,"min":-0.011879333,"count":32,"bins":[-0.011879333,-0.011164478,-0.010449623,-0.009734768,-0.009019913,-0.008305058,-0.007590203,-0.006875348,-0.006160493,-0.0054456377,-0.004730783,-0.0040159277,-0.0033010726,-0.0025862176,-0.0018713626,-0.0011565075,-0.00044165246,0.00027320258,0.0009880576,0.0017029127,0.0024177677,0.0031326227,0.0038474777,0.0045623328,0.005277188,0.005992043,0.006706898,0.007421753,0.008136608,0.008851463,0.009566318],"mean":-0.00019513458,"std":0.004134146}
