{"counts":[1,2,1,1,0,0,2,3,2,1,5,2,5,7,5,9,7,13,3,10,3,5,0,1,1,0,2,3,0,2],"wall_time":1.754151430653e9,"step":1,"max":0.035401836,"min":-0.039697334,"count":96,"bins":[-0.039697334,-0.03719403,-0.034690723,-0.032187417,-0.029684111,-0.027180806,-0.0246775,-0.022174194,-0.019670889,-0.017167583,-0.014664277,-0.012160972,-0.009657666,-0.0071543604,-0.0046510547,-0.002147749,0.0003555566,0.0028588623,0.005362168,0.007865474,0.010368779,0.012872085,0.015375391,0.017878696,0.020382002,0.022885308,0.025388613,0.027891919,0.030395225,0.03289853,0.035401836],"mean":-1.3581787e-10,"std":0.015065662}
{"counts":[1,0,0,2,2,2,0,6,2,2,5,1,4,3,8,5,6,8,11,4,6,3,4,3,2,1,3,0,0,2],"wall_time":1.75415143297e9,"step":2,"max":0.039016448,"min":-0.04453569,"count":96,"bins":[-0.04453569,-0.041750617,-0.038965546,-0.036180474,-0.033395406,-0.030610332,-0.027825262,-0.02504019,-0.022255119,-0.019470047,-0.016684977,-0.013899906,-0.011114834,-0.008329763,-0.005544692,-0.0027596205,2.5450687e-5,0.002810522,0.0055955932,0.0083806645,0.011165735,0.013950807,0.016735878,0.01952095,0.022306021,0.025091091,0.027876163,0.030661235,0.033446305,0.036231376,0.039016448],"mean":2.607218e-10,"std":0.017058691}
{"counts":[1,0,0,2,1,0,2,2,3,4,1,4,4,4,6,3,2,9,7,6,12,6,5,2,5,2,1,1,0,1],"wall_time":1.754151435225e9,"step":3,"max":0.04859601,"min":-0.06326917,"count":96,"bins":[-0.06326917,-0.059540328,-0.05581149,-0.05208265,-0.04835381,-0.044624973,-0.040896133,-0.037167292,-0.033438455,-0.029709615,-0.025980776,-0.022251936,-0.018523097,-0.0147942575,-0.011065419,-0.0073365793,-0.00360774,0.000121099256,0.0038499385,0.0075787776,0.011307617,0.015036456,0.018765295,0.022494135,0.026222974,0.029951813,0.03368065,0.03740949,0.041138332,0.04486717,0.04859601],"mean":-2.3283064e-10,"std":0.021983132}
{"counts":[1,0,0,0,2,0,2,4,2,5,3,4,4,4,6,7,8,6,3,4,5,5,4,1,1,5,4,2,2,2],"wall_time":1.754151437555e9,"step":4,"max":0.030663952,"min":-0.03943333,"count":96,"bins":[-0.03943333,-0.037096754,-0.034760177,-0.0324236,-0.030087026,-0.02775045,-0.025413875,-0.023077298,-0.020740721,-0.018404145,-0.01606757,-0.0137309935,-0.011394417,-0.009057841,-0.006721265,-0.004384689,-0.002048113,0.00028846314,0.0026250393,0.0049616154,0.0072981915,0.009634768,0.011971343,0.01430792,0.016644496,0.018981071,0.021317648,0.023654224,0.025990801,0.028327376,0.030663952],"mean":-1.5036979e-10,"std":0.015214882}
{"counts":[1,0,0,1,0,0,2,2,0,5,3,9,4,2,9,4,4,6,10,6,2,5,6,3,5,3,0,2,1,1],"wall_time":1.754151439531e9,"step":5,"max":0.038390107,"min":-0.0494849,"count":96,"bins":[-0.0494849,-0.046555735,-0.043626565,-0.0406974,-0.037768234,-0.034839068,-0.031909898,-0.028980732,-0.026051566,-0.023122398,-0.020193232,-0.017264064,-0.0143348975,-0.011405731,-0.008476564,-0.005547397,-0.00261823,0.00031093706,0.003240104,0.006169271,0.009098438,0.0120276045,0.014956771,0.017885938,0.020815106,0.023744272,0.02667344,0.029602606,0.03253177,0.03546094,0.038390107],"mean":-2.3283064e-10,"std":0.01720665}
{"counts":[1,1,3,1,6,2,2,1,3,8,6,7,10,4,2,0,5,8,3,4,6,4,3,1,0,1,3,0,0,1],"wall_time":1.754151441754e9,"step":6,"max":0.042507708,"min":-0.03558924,"count":96,"bins":[-0.03558924,-0.032986008,-0.030382777,-0.027779546,-0.025176315,-0.022573082,-0.01996985,-0.01736662,-0.014763388,-0.012160156,-0.009556924,-0.0069536925,-0.004350461,-0.0017472295,0.00085600215,0.0034592338,0.0060624653,0.008665697,0.011268929,0.013872161,0.016475393,0.019078624,0.021681855,0.024285087,0.026888318,0.02949155,0.03209478,0.034698013,0.037301246,0.039904475,0.042507708],"mean":6.7908935e-11,"std":0.01704371}
{"counts":[2,2,0,2,4,6,2,2,5,5,6,7,6,4,4,5,3,2,4,3,0,3,0,3,3,3,4,3,1,2],"wall_time":1.7541514441e9,"step":7,"max":0.057126984,"min":-0.05172932,"count":96,"bins":[-0.05172932,-0.048100777,-0.044472236,-0.04084369,-0.037215147,-0.033586603,-0.02995806,-0.026329517,-0.022700973,-0.01907243,-0.015443887,-0.011815343,-0.0081867995,-0.004558256,-0.00092971226,0.0026988313,0.006327375,0.009955918,0.013584462,0.017213006,0.020841548,0.024470093,0.028098635,0.03172718,0.035355724,0.038984265,0.04261281,0.046241354,0.0498699,0.05349844,0.057126984],"mean":1.7462298e-10,"std":0.027759576}
{"counts":[1,1,1,4,3,7,1,3,5,1,1,7,8,5,4,2,7,3,2,4,2,3,4,3,4,3,3,1,2,1],"wall_time":1.754151446611e9,"step":8,"max":0.04379163,"min":-0.042351242,"count":96,"bins":[-0.042351242,-0.039479814,-0.036608383,-0.033736955,-0.030865526,-0.027994096,-0.025122669,-0.022251239,-0.01937981,-0.01650838,-0.013636951,-0.010765523,-0.007894093,-0.0050226646,-0.0021512355,0.0007201936,0.0035916227,0.006463052,0.00933448,0.01220591,0.015077339,0.017948767,0.020820197,0.023691626,0.026563056,0.029434483,0.032305915,0.035177343,0.03804877,0.0409202,0.04379163],"mean":3.880511e-11,"std":0.021520657}
{"counts":[1,1,1,1,2,2,5,2,1,4,4,7,8,7,6,2,3,3,7,11,4,3,6,1,0,1,2,0,0,1],"wall_time":1.754151449055e9,"step":9,"max":0.038484365,"min":-0.03730566,"count":96,"bins":[-0.03730566,-0.034779325,-0.032252993,-0.029726658,-0.027200324,-0.024673989,-0.022147655,-0.019621322,-0.017094987,-0.014568653,-0.0120423185,-0.009515985,-0.0069896504,-0.0044633164,-0.001936982,0.0005893521,0.0031156864,0.0056420206,0.008168355,0.010694689,0.013221023,0.015747357,0.01827369,0.020800026,0.02332636,0.025852693,0.028379029,0.030905362,0.033431698,0.03595803,0.038484365],"mean":-2.7163574e-10,"std":0.0155382715}
{"counts":[1,0,0,0,0,0,0,2,4,1,1,5,5,8,6,3,5,9,8,7,5,5,1,7,1,2,4,1,3,2],"wall_time":1.754151451321e9,"step":10,"max":0.037240863,"min":-0.054207183,"count":96,"bins":[-0.054207183,-0.051158916,-0.048110645,-0.045062378,-0.04201411,-0.038965844,-0.035917573,-0.032869305,-0.029821038,-0.02677277,-0.023724502,-0.020676233,-0.017627966,-0.014579697,-0.011531428,-0.00848316,-0.005434892,-0.0023866238,0.0006616443,0.0037099125,0.006758181,0.009806449,0.012854717,0.015902985,0.018951254,0.021999521,0.02504779,0.028096057,0.031144327,0.034192596,0.037240863],"mean":0.0,"std":0.01760431}
{"counts":[1,0,0,2,1,5,6,5,4,9,1,3,4,7,6,7,10,4,5,4,3,1,2,1,1,1,0,1,0,2],"wall_time":1.75415145377e9,"step":11,"max":0.047440507,"min":-0.040061444,"count":96,"bins":[-0.040061444,-0.037144713,-0.034227982,-0.031311247,-0.028394517,-0.025477786,-0.022561055,-0.019644322,-0.016727591,-0.013810859,-0.010894127,-0.007977395,-0.005060664,-0.002143932,0.00077279954,0.0036895312,0.006606263,0.009522995,0.012439726,0.015356458,0.01827319,0.02118992,0.024106653,0.027023384,0.029940117,0.032856848,0.03577358,0.03869031,0.041607045,0.044523776,0.047440507],"mean":1.7462298e-10,"std":0.017529245}
{"counts":[1,0,0,0,0,0,2,1,2,0,3,4,7,4,6,4,7,6,3,10,3,4,2,2,9,5,2,4,3,2],"wall_time":1.754151456303e9,"step":12,"max":0.033362802,"min":-0.053424723,"count":96,"bins":[-0.053424723,-0.050531805,-0.04763889,-0.04474597,-0.04185305,-0.038960136,-0.036067218,-0.033174302,-0.030281384,-0.027388467,-0.024495548,-0.02160263,-0.018709714,-0.015816797,-0.012923879,-0.010030961,-0.007138043,-0.0042451257,-0.0013522081,0.0015407094,0.004433627,0.0073265443,0.010219462,0.013112379,0.016005296,0.018898215,0.021791132,0.02468405,0.027576966,0.030469885,0.033362802],"mean":5.820766e-11,"std":0.017834049}
{"counts":[1,0,1,0,0,1,2,0,3,1,1,3,6,8,2,11,3,7,10,4,4,6,4,5,5,4,1,1,0,2],"wall_time":1.754151459721e9,"step":13,"max":0.03149483,"min":-0.04391783,"count":96,"bins":[-0.04391783,-0.041404076,-0.03889032,-0.036376566,-0.03386281,-0.031349055,-0.028835298,-0.026321543,-0.023807788,-0.021294033,-0.018780278,-0.016266523,-0.013752767,-0.011239012,-0.008725256,-0.0062115006,-0.0036977453,-0.0011839899,0.0013297654,0.0038435208,0.0063572763,0.008871032,0.011384787,0.013898542,0.016412297,0.018926052,0.021439807,0.023953564,0.02646732,0.028981075,0.03149483],"mean":-4.8506383e-11,"std":0.014462917}
