{"counts":[1,1,2,0,2,6,6,8,7,12,14,26,75,80,103,95,72,38,30,21,14,6,2,5,3,3,3,2,2,1],"wall_time":1.754151430406e9,"step":1,"max":0.022970209,"min":-0.022285623,"count":640,"bins":[-0.022285623,-0.020777095,-0.019268569,-0.01776004,-0.016251512,-0.014742984,-0.013234457,-0.01172593,-0.010217401,-0.008708874,-0.007200346,-0.0056918184,-0.0041832905,-0.0026747629,-0.0011662351,0.0003422927,0.0018508205,0.0033593483,0.004867876,0.006376404,0.007884932,0.009393459,0.010901987,0.012410515,0.013919042,0.01542757,0.016936097,0.018444626,0.019953154,0.02146168,0.022970209],"mean":0.000116697665,"std":0.0055266405}
{"counts":[1,0,3,2,5,6,9,16,29,40,54,66,89,89,73,65,37,18,13,12,7,2,1,2,0,0,0,0,0,1],"wall_time":1.754151432929e9,"step":2,"max":0.020660099,"min":-0.015775105,"count":640,"bins":[-0.015775105,-0.014560598,-0.013346092,-0.012131585,-0.010917078,-0.009702571,-0.008488065,-0.0072735576,-0.0060590506,-0.004844544,-0.0036300372,-0.0024155304,-0.0012010236,1.34832535e-5,0.00122799,0.0024424968,0.0036570036,0.0048715104,0.006086017,0.007300524,0.008515031,0.009729537,0.010944044,0.012158551,0.013373058,0.014587564,0.015802072,0.017016578,0.018231085,0.019445593,0.020660099],"mean":-6.54265e-5,"std":0.004082224}
{"counts":[1,1,1,0,3,5,5,6,8,16,22,37,66,79,78,87,72,50,42,14,14,10,5,6,4,5,0,0,1,2],"wall_time":1.754151435171e9,"step":3,"max":0.016978646,"min":-0.016943928,"count":640,"bins":[-0.016943928,-0.015813176,-0.014682423,-0.01355167,-0.012420918,-0.011290166,-0.010159413,-0.009028661,-0.007897908,-0.0067671556,-0.0056364033,-0.004505651,-0.0033748983,-0.002244146,-0.0011133936,1.7358921e-5,0.0011481114,0.002278864,0.0034096162,0.004540369,0.005671121,0.0068018734,0.007932626,0.009063379,0.010194131,0.011324883,0.012455636,0.013586388,0.014717141,0.015847893,0.016978646],"mean":-8.245768e-5,"std":0.004161759}
{"counts":[1,0,0,1,5,6,3,6,12,24,25,36,54,69,79,67,68,62,46,24,19,12,4,8,2,1,2,1,2,1],"wall_time":1.754151437518e9,"step":4,"max":0.016382346,"min":-0.015915023,"count":640,"bins":[-0.015915023,-0.014838444,-0.013761865,-0.012685286,-0.011608708,-0.010532129,-0.0094555495,-0.00837897,-0.0073023913,-0.0062258122,-0.0051492336,-0.0040726545,-0.0029960754,-0.0019194966,-0.0008429176,0.00023366138,0.0013102404,0.0023868193,0.0034633982,0.0045399773,0.0056165564,0.006693135,0.007769714,0.008846293,0.009922872,0.010999451,0.0120760305,0.013152609,0.014229188,0.015305767,0.016382346],"mean":0.0002455357,"std":0.004137945}
{"counts":[3,4,4,9,7,9,14,18,30,37,59,98,95,66,70,41,29,14,13,8,1,6,2,0,2,0,0,0,0,1],"wall_time":1.754151439515e9,"step":5,"max":0.01667422,"min":-0.011684727,"count":640,"bins":[-0.011684727,-0.010739429,-0.00979413,-0.008848832,-0.007903534,-0.0069582355,-0.0060129375,-0.005067639,-0.004122341,-0.0031770426,-0.0022317444,-0.0012864462,-0.00034114794,0.0006041503,0.0015494486,0.0024947468,0.003440045,0.0043853433,0.0053306418,0.0062759398,0.007221238,0.008166537,0.009111835,0.010057133,0.011002431,0.01194773,0.012893028,0.013838326,0.014783624,0.015728923,0.01667422],"mean":-0.00011235033,"std":0.0034802542}
{"counts":[1,0,0,0,0,0,1,3,5,7,14,25,42,73,118,141,73,69,23,20,12,6,3,2,0,1,0,0,0,1],"wall_time":1.754151441727e9,"step":6,"max":0.028770233,"min":-0.029732347,"count":640,"bins":[-0.029732347,-0.027782261,-0.025832174,-0.02388209,-0.021932002,-0.019981917,-0.01803183,-0.016081745,-0.014131659,-0.012181573,-0.0102314865,-0.0082814,-0.006331315,-0.0043812287,-0.0024311428,-0.00048105698,0.001469029,0.003419115,0.005369201,0.007319287,0.009269373,0.011219459,0.013169545,0.015119631,0.017069716,0.019019803,0.020969888,0.022919975,0.02487006,0.026820147,0.028770233],"mean":1.217e-6,"std":0.0051563475}
{"counts":[2,0,1,0,4,0,6,7,13,21,39,51,92,111,93,83,42,22,20,15,4,2,3,3,1,2,1,1,0,1],"wall_time":1.754151444026e9,"step":7,"max":0.022180185,"min":-0.018675296,"count":640,"bins":[-0.018675296,-0.017313447,-0.015951596,-0.014589747,-0.013227899,-0.011866049,-0.010504199,-0.00914235,-0.0077805007,-0.0064186514,-0.005056802,-0.003694953,-0.0023331034,-0.00097125414,0.0003905952,0.0017524445,0.0031142938,0.004476143,0.0058379928,0.007199842,0.008561691,0.009923541,0.01128539,0.0126472395,0.014009088,0.015370938,0.016732788,0.018094636,0.019456485,0.020818336,0.022180185],"mean":0.00020112439,"std":0.004419777}
{"counts":[1,0,0,1,1,2,1,1,2,5,3,12,21,25,35,48,68,100,98,77,49,36,21,16,6,3,4,1,2,1],"wall_time":1.754151446577e9,"step":8,"max":0.014264139,"min":-0.02079568,"count":640,"bins":[-0.02079568,-0.01962702,-0.018458359,-0.017289698,-0.016121037,-0.014952377,-0.013783717,-0.012615056,-0.011446395,-0.010277735,-0.009109074,-0.007940413,-0.0067717526,-0.005603092,-0.0044344314,-0.0032657706,-0.00209711,-0.00092844927,0.00024021138,0.0014088721,0.0025775328,0.0037461934,0.004914854,0.0060835145,0.0072521754,0.008420836,0.009589497,0.010758158,0.011926818,0.0130954785,0.014264139],"mean":-9.520028e-6,"std":0.0039749523}
{"counts":[1,0,0,1,0,2,2,7,9,22,19,41,69,109,107,92,55,39,27,11,14,1,3,2,3,0,1,1,0,2],"wall_time":1.754151449021e9,"step":9,"max":0.01966538,"min":-0.018028354,"count":640,"bins":[-0.018028354,-0.016771896,-0.015515438,-0.014258981,-0.013002523,-0.011746066,-0.010489607,-0.00923315,-0.007976692,-0.006720234,-0.0054637766,-0.0042073186,-0.002950861,-0.0016944031,-0.0004379454,0.0008185124,0.0020749702,0.003331428,0.004587886,0.0058443435,0.0071008014,0.008357259,0.009613717,0.0108701745,0.012126632,0.0133830905,0.014639548,0.015896006,0.017152464,0.01840892,0.01966538],"mean":0.00014506023,"std":0.003908113}
{"counts":[2,0,0,3,2,7,9,19,24,42,55,81,113,90,74,40,28,15,10,5,5,6,3,3,1,1,0,0,0,2],"wall_time":1.754151451268e9,"step":10,"max":0.018504018,"min":-0.013504384,"count":640,"bins":[-0.013504384,-0.012437438,-0.01137049,-0.010303544,-0.009236597,-0.00816965,-0.0071027037,-0.006035757,-0.0049688104,-0.0039018635,-0.0028349168,-0.00176797,-0.00070102327,0.00036592348,0.0014328702,0.002499817,0.0035667636,0.0046337103,0.005700657,0.006767604,0.007834551,0.008901497,0.009968444,0.011035391,0.012102338,0.013169284,0.014236231,0.015303178,0.016370125,0.01743707,0.018504018],"mean":0.00012975188,"std":0.0036295766}
{"counts":[1,0,1,0,1,4,0,3,13,18,37,39,83,114,124,74,55,26,17,9,8,4,1,3,2,1,1,0,0,1],"wall_time":1.754151453728e9,"step":11,"max":0.021721382,"min":-0.018792385,"count":640,"bins":[-0.018792385,-0.017441927,-0.016091468,-0.014741008,-0.013390549,-0.012040091,-0.010689632,-0.009339173,-0.007988714,-0.006638255,-0.0052877963,-0.0039373375,-0.0025868784,-0.0012364195,0.00011403933,0.0014644982,0.0028149572,0.004165416,0.005515875,0.006866334,0.008216793,0.009567251,0.01091771,0.01226817,0.0136186285,0.014969087,0.016319547,0.017670006,0.019020464,0.020370923,0.021721382],"mean":0.00023234531,"std":0.0039662044}
{"counts":[1,0,0,0,1,3,2,3,4,8,7,23,40,50,62,88,89,78,69,41,29,18,9,8,4,1,1,0,0,1],"wall_time":1.754151456256e9,"step":12,"max":0.013792556,"min":-0.016673742,"count":640,"bins":[-0.016673742,-0.015658198,-0.014642655,-0.013627112,-0.012611569,-0.011596026,-0.010580482,-0.009564939,-0.008549396,-0.0075338525,-0.0065183095,-0.005502766,-0.004487223,-0.0034716795,-0.0024561363,-0.001440593,-0.00042504977,0.0005904935,0.0016060367,0.00262158,0.0036371232,0.0046526664,0.00566821,0.006683753,0.0076992963,0.00871484,0.009730383,0.010745926,0.011761469,0.012777013,0.013792556],"mean":-0.00015612929,"std":0.0033626058}
{"counts":[1,0,0,1,1,1,5,3,6,10,17,53,62,78,109,105,74,44,30,15,8,5,8,0,0,1,2,0,0,1],"wall_time":1.75415145969e9,"step":13,"max":0.017453043,"min":-0.016965868,"count":640,"bins":[-0.016965868,-0.015818572,-0.0146712735,-0.013523977,-0.01237668,-0.011229383,-0.010082086,-0.008934788,-0.0077874917,-0.006640195,-0.0054928977,-0.0043456005,-0.0031983037,-0.0020510065,-0.0009037096,0.00024358742,0.0013908844,0.0025381814,0.0036854786,0.0048327753,0.0059800725,0.0071273698,0.008274667,0.009421963,0.01056926,0.011716558,0.012863855,0.014011152,0.015158448,0.016305747,0.017453043],"mean":-4.8355876e-5,