{"counts":[1,2,2,1,1,0,2,4,3,3,2,0,2,2,2,1,0,1,0,0,1,0,1,0,0,0,0,0,0,1],"wall_time":1.75415143063e9,"step":1,"max":0.017590478,"min":-0.007004046,"count":32,"bins":[-0.007004046,-0.006184228,-0.005364411,-0.0045445934,-0.003724776,-0.0029049586,-0.0020851411,-0.0012653236,-0.00044550616,0.0003743113,0.0011941288,0.0020139462,0.0028337636,0.0036535813,0.0044733984,0.005293216,0.0061130337,0.006932851,0.0077526686,0.008572486,0.009392303,0.010212121,0.011031939,0.011851756,0.012671573,0.013491391,0.014311208,0.015131026,0.015950844,0.01677066,0.017590478],"mean":0.0012504309,"std":0.005359549}
{"counts":[1,0,0,0,0,3,2,2,3,7,2,4,0,0,1,0,3,1,0,1,0,0,0,0,0,0,0,1,0,1],"wall_time":1.754151432954e9,"step":2,"max":0.03164609,"min":-0.015711445,"count":32,"bins":[-0.015711445,-0.014132861,-0.012554276,-0.0109756915,-0.009397107,-0.007818523,-0.006239938,-0.0046613533,-0.0030827688,-0.0015041843,7.4400254e-5,0.0016529848,0.0032315694,0.004810154,0.0063887383,0.007967323,0.009545907,0.011124493,0.012703077,0.014281661,0.015860246,0.01743883,0.019017415,0.020596,0.022174584,0.023753168,0.025331752,0.026910339,0.028488923,0.030067507,0.03164609],"mean":0.0020817402,"std":0.009689673}
{"counts":[1,1,0,0,1,0,1,1,2,2,1,1,2,5,4,1,2,2,1,0,1,0,2,0,0,0,0,0,0,1],"wall_time":1.754151435202e9,"step":3,"max":0.032893855,"min":-0.023129214,"count":32,"bins":[-0.023129214,-0.021261778,-0.019394342,-0.017526906,-0.015659472,-0.013792035,-0.0119246,-0.010057164,-0.0081897285,-0.006322293,-0.004454857,-0.0025874218,-0.0007199861,0.0011474495,0.0030148851,0.0048823208,0.006749756,0.008617192,0.010484627,0.012352063,0.014219499,0.016086934,0.01795437,0.019821806,0.021689242,0.023556678,0.025424113,0.027291548,0.029158983,0.03102642,0.032893855],"mean":0.001652932,"std":0.011323775}
{"counts":[1,1,2,1,0,2,1,3,4,1,6,4,2,0,0,0,0,2,1,0,0,0,0,0,0,0,0,0,0,1],"wall_time":1.754151437545e9,"step":4,"max":0.027705904,"min":-0.011498386,"count":32,"bins":[-0.011498386,-0.010191577,-0.008884767,-0.007577957,-0.006271147,-0.0049643377,-0.003657528,-0.0023507182,-0.0010439086,0.000262901,0.0015697107,0.0028765204,0.00418333,0.0054901396,0.0067969495,0.008103759,0.0094105685,0.010717378,0.012024188,0.013330998,0.014637807,0.015944617,0.017251426,0.018558236,0.019865045,0.021171857,0.022478666,0.023785476,0.025092285,0.026399095,0.027705904],"mean":0.0012498304,"std":0.007474638}
{"counts":[1,0,0,0,0,3,0,0,2,1,2,3,3,5,0,7,1,0,2,0,0,0,0,0,0,1,0,0,0,1],"wall_time":1.754151439525e9,"step":5,"max":0.023021987,"min":-0.020134173,"count":32,"bins":[-0.020134173,-0.018695634,-0.017257096,-0.015818557,-0.014380018,-0.01294148,-0.011502941,-0.010064403,-0.008625864,-0.0071873255,-0.0057487865,-0.004310248,-0.0028717094,-0.0014331706,5.368019e-6,0.0014439067,0.0028824455,0.0043209842,0.005759523,0.0071980613,0.0086366,0.010075139,0.011513677,0.012952216,0.0143907545,0.015829293,0.017267833,0.01870637,0.02014491,0.021583447,0.023021987],"mean":-0.0011486905,"std":0.008019262}
{"counts":[1,0,0,0,0,0,0,1,0,5,2,1,3,2,4,1,4,2,1,0,0,0,1,2,0,0,1,0,0,1],"wall_time":1.754151441743e9,"step":6,"max":0.024676379,"min":-0.021601481,"count":32,"bins":[-0.021601481,-0.020058885,-0.018516291,-0.016973695,-0.0154311,-0.013888504,-0.012345909,-0.010803314,-0.009260719,-0.0077181235,-0.006175528,-0.0046329326,-0.0030903374,-0.0015477419,-5.1466127e-6,0.0015374487,0.0030800442,0.0046226396,0.006165235,0.00770783,0.009250426,0.010793021,0.012335616,0.013878211,0.015420807,0.016963402,0.018505998,0.020048592,0.021591188,0.023133783,0.024676379],"mean":0.0012493533,"std":0.009202591}
{"counts":[1,0,0,0,0,0,0,0,0,0,1,1,1,0,0,2,1,2,0,3,2,1,6,3,5,0,1,1,0,1],"wall_time":1.754151444039e9,"step":7,"max":0.026859991,"min":-0.056094542,"count":32,"bins":[-0.056094542,-0.05332939,-0.05056424,-0.047799088,-0.04503394,-0.042268787,-0.039503634,-0.036738485,-0.033973332,-0.031208182,-0.028443031,-0.02567788,-0.02291273,-0.020147577,-0.017382426,-0.014617275,-0.011852125,-0.009086973,-0.0063218223,-0.003556671,-0.0007915199,0.0019736313,0.0047387825,0.0075039333,0.010269085,0.013034236,0.015799386,0.018564537,0.02132969,0.02409484,0.026859991],"mean":0.00024918045,"std":0.016239055}
{"counts":[1,1,0,0,0,0,1,0,2,2,2,2,3,3,4,2,2,1,1,0,1,2,1,0,0,0,0,0,0,1],"wall_time":1.754151446601e9,"step":8,"max":0.030567128,"min":-0.026201993,"count":32,"bins":[-0.026201993,-0.02430969,-0.022417385,-0.020525081,-0.018632777,-0.016740473,-0.014848169,-0.012955865,-0.011063561,-0.009171257,-0.0072789527,-0.0053866487,-0.0034943447,-0.0016020406,0.00029026344,0.0021825675,0.0040748715,0.0059671756,0.00785948,0.009751784,0.011644088,0.013536392,0.015428696,0.017321,0.019213304,0.021105608,0.022997912,0.024890216,0.02678252,0.028674824,0.030567128],"mean":-6.28604e-5,"std":0.011208754}
{"counts":[1,0,1,0,1,0,1,3,1,2,3,3,6,1,1,0,1,0,0,1,1,2,0,1,0,0,1,0,0,1],"wall_time":1.754151449043e9,"step":9,"max":0.01821014,"min":-0.009697143,"count":32,"bins":[-0.009697143,-0.0087669,-0.007836658,-0.006906415,-0.005976172,-0.0050459295,-0.0041156868,-0.0031854438,-0.002255201,-0.0013249584,-0.0003947156,0.0005355271,0.0014657698,0.0023960127,0.0033262554,0.004256498,0.005186741,0.0061169835,0.007047226,0.007977469,0.008907712,0.009837954,0.0107681975,0.01169844,0.012628683,0.013558925,0.014489168,0.015419411,0.016349653,0.017279897,0.01821014],"mean":0.0022441586,"std":0.006253398}
{"counts":[3,0,2,0,4,0,3,2,0,3,1,4,1,1,1,1,0,0,1,2,1,1,0,0,0,0,0,0,0,1],"wall_time":1.754151451291e9,"step":10,"max":0.02618467,"min":-0.014266655,"count":32,"bins":[-0.014266655,-0.012918278,-0.0115698995,-0.010221522,-0.008873145,-0.0075247674,-0.0061763898,-0.004828012,-0.0034796346,-0.0021312572,-0.0007828797,0.00056549784,0.0019138753,0.0032622528,0.00461063,0.005959008,0.0073073856,0.008655763,0.01000414,0.011352518,0.012700896,0.014049273,0.01539765,0.016746027,0.018094406,0.019442784,0.02079116,0.022139538,0.023487916,0.024836292,0.02618467],"mean":-0.0004343436,"std":0.009611717}
{"counts":[1,0,1,0,1,0,0,0,1,0,0,0,2,5,4,2,4,0,3,3,0,1,0,0,1,1,0,1,0,1],"wall_time":1.754151453766e9,"step":11,"max":0.014582264,"min":-0.014019566,"count":32,"bins":[-0.014019566,-0.013066172,-0.012112777,-0.011159383,-0.010205989,-0.009252594,-0.0082992,-0.0073458054,-0.006392411,-0.0054390165,-0.0044856225,-0.003532228,-0.0025788336,-0.0016254394,-0.00067204505,0.0002813493,0.0012347436,0.002188138,0.0031415322,0.0040949266,0.005048321,0.006001715,0.0069551095,0.0079085035,0.008861898,0.009815292,0.010768687,0.011722081,0.012675475,0.01362887,0.014582264],"mean":0.0011244308,"std":0.0060548303}
{"counts":[1,0,1,0,1,2,0,1,1,6,4,4,4,1,2,1,0,0,1,1,0,0,0,0,0,0,0,0,0,1],"wall_time":1.754151456286e9,"step":12,"max":0.02649811,"min":-0.0145390695,"count":32,"bins":[-0.0145390695,-0.013171163,-0.011803257,-0.010435351,-0.009067446,-0.00769954,-0.006331634,-0.0049637277,-0.0035958218,-0.002227916,-0.00086001,0.000507896,0.001875802,0.0032437078,0.0046116137,0.00597952,0.007347426,0.008715332,0.010083238,0.011451144,0.01281905,0.014186956,0.015554861,0.016922768,0.018290674,0.019658579,0.021026485,0.02239439,0.023762297,0.025130203,0.02649811],"mean":0.0007543587,"std":0.007231489}
{"counts":[1,0,0,0,1,0,0,1,1,2,0,3,5,8,2,2,2,1,0,1,0,0,0,0,0,0,0,0,0,2],"wall_time":1.754151459713e9,"step":13,"max":0.019582983,"min":-0.017026942,"count":32,"bins":[-0.017026942,-0.015806612,-0.01458628,-0.0133659495,-0.012145619,-0.010925288,-0.009704957,-0.008484626,-0.0072642956,-0.0060439645,-0.004823634,-0.0036033029,-0.002382972,-0.0011626412,5.7689598e-5,0.0012780204,0.0024983513,0.003718682,0.004939013,0.0061593438,0.007379675,0.008600006,0.0098203365,0.011040667,0.012260998,0.013481329,0.01470166,0.015921991,0.017142322,0.018362653,0.019582983],"mean":-0.00051994756,"std":0.0068615936}
