{"counts":[1,0,1,0,3,3,3,2,7,6,7,8,3,5,1,2,3,1,0,1,3,1,1,0,1,0,0,0,0,1],"wall_time":1.754151430411e9,"step":1,"max":0.019937377,"min":-0.011617376,"count":64,"bins":[-0.011617376,-0.01056555,-0.0095137255,-0.0084619,-0.007410075,-0.00635825,-0.005306425,-0.0042546,-0.0032027748,-0.0021509496,-0.0010991246,-4.729945e-5,0.0010045257,0.0020563507,0.003108176,0.004160001,0.005211826,0.006263651,0.0073154764,0.008367301,0.009419126,0.010470952,0.011522776,0.012574602,0.013626426,0.014678252,0.015730077,0.016781902,0.017833726,0.018885553,0.019937377],"mean":0.0006472656,"std":0.0057483385}
{"counts":[1,0,0,0,0,0,0,0,0,0,1,1,0,2,1,2,4,5,3,4,6,7,3,9,4,2,2,2,3,2],"wall_time":1.75415143293e9,"step":2,"max":0.00787374,"min":-0.022706643,"count":64,"bins":[-0.022706643,-0.021687297,-0.02066795,-0.019648604,-0.018629258,-0.017609913,-0.016590565,-0.01557122,-0.014551874,-0.013532528,-0.012513182,-0.011493836,-0.01047449,-0.0094551435,-0.008435798,-0.0074164513,-0.0063971053,-0.005377759,-0.004358413,-0.0033390669,-0.0023197208,-0.0013003747,-0.0002810287,0.0007383174,0.0017576634,0.0027770095,0.0037963556,0.004815702,0.005835048,0.006854394,0.00787374],"mean":-0.0014327059,"std":0.0052349507}
{"counts":[2,0,0,4,0,1,3,1,0,3,1,7,3,3,6,5,3,4,5,4,2,0,0,0,1,3,0,0,2,1],"wall_time":1.754151435178e9,"step":3,"max":0.014906821,"min":-0.012120767,"count":64,"bins":[-0.012120767,-0.011219847,-0.0103189275,-0.009418008,-0.008517088,-0.007616169,-0.0067152493,-0.0058143297,-0.0049134097,-0.00401249,-0.0031115708,-0.0022106513,-0.0013097316,-0.00040881202,0.00049210753,0.0013930271,0.0022939467,0.0031948662,0.004095786,0.0049967053,0.005897625,0.0067985444,0.007699464,0.008600384,0.009501304,0.010402223,0.011303143,0.012204062,0.013104982,0.014005901,0.014906821],"mean":0.0009808674,"std":0.006004515}
{"counts":[1,0,1,0,0,0,1,1,3,1,1,1,3,3,1,4,4,6,5,2,5,3,6,4,0,3,2,1,0,2],"wall_time":1.754151437524e9,"step":4,"max":0.008371583,"min":-0.014219908,"count":64,"bins":[-0.014219908,-0.013466858,-0.012713809,-0.011960759,-0.011207709,-0.010454659,-0.00970161,-0.00894856,-0.00819551,-0.007442461,-0.006689411,-0.0059363614,-0.0051833116,-0.004430262,-0.0036772122,-0.0029241624,-0.0021711127,-0.0014180631,-0.00066501333,8.80364e-5,0.0008410861,0.0015941358,0.0023471855,0.0031002352,0.003853285,0.0046063345,0.005359384,0.006112434,0.0068654837,0.0076185334,0.008371583],"mean":-0.0007453895,"std":0.0047237077}
{"counts":[1,0,0,0,0,0,0,0,1,0,1,1,3,6,5,4,4,7,6,5,2,3,6,2,2,0,2,1,1,1],"wall_time":1.754151439516e9,"step":5,"max":0.012437761,"min":-0.018138746,"count":64,"bins":[-0.018138746,-0.017119529,-0.016100312,-0.0150810955,-0.014061878,-0.013042661,-0.012023444,-0.011004227,-0.009985011,-0.008965794,-0.007946577,-0.00692736,-0.0059081432,-0.004888926,-0.0038697093,-0.0028504925,-0.0018312756,-0.0008120587,0.00020715818,0.0012263751,0.002245592,0.0032648088,0.0042840256,0.0053032427,0.0063224593,0.0073416764,0.008360893,0.009380111,0.010399327,0.011418544,0.012437761],"mean":0.00039227097,"std":0.0051788026}
{"counts":[3,0,2,0,2,0,0,0,0,0,2,3,6,4,7,3,9,3,6,7,2,0,0,1,1,0,1,1,0,1],"wall_time":1.754151441728e9,"step":6,"max":0.013908453,"min":-0.016458575,"count":64,"bins":[-0.016458575,-0.015446341,-0.014434106,-0.013421872,-0.012409638,-0.011397404,-0.010385169,-0.009372935,-0.008360701,-0.007348466,-0.006336232,-0.0053239977,-0.0043117637,-0.0032995292,-0.002287295,-0.0012750607,-0.00026282642,0.00074940786,0.001761642,0.0027738763,0.0037861106,0.004798345,0.0058105793,0.0068228133,0.007835047,0.008847282,0.009859516,0.01087175,0.011883984,0.012896219,0.013908453],"mean":-0.001155218,"std":0.006160649}
{"counts":[1,1,0,1,2,3,2,9,4,5,6,5,5,3,5,1,1,3,0,1,1,1,1,0,0,0,0,0,0,3],"wall_time":1.754151444028e9,"step":7,"max":0.025092715,"min":-0.012233656,"count":64,"bins":[-0.012233656,-0.010989443,-0.009745231,-0.008501018,-0.0072568064,-0.006012594,-0.004768382,-0.0035241693,-0.0022799568,-0.0010357446,0.00020846787,0.0014526802,0.0026968927,0.003941105,0.0051853172,0.0064295297,0.0076737422,0.008917955,0.010162167,0.011406379,0.012650591,0.013894804,0.015139016,0.016383229,0.01762744,0.018871654,0.020115865,0.021360079,0.02260429,0.023848504,0.025092715],"mean":0.0022104802,"std":0.007536943}
{"counts":[2,0,0,1,0,0,0,1,0,6,1,4,8,6,9,7,0,4,3,1,7,0,1,0,1,1,0,0,0,1],"wall_time":1.754151446583e9,"step":8,"max":0.0151448175,"min":-0.013578327,"count":64,"bins":[-0.013578327,-0.01262089,-0.011663451,-0.010706013,-0.009748574,-0.008791137,-0.007833699,-0.00687626,-0.0059188223,-0.004961384,-0.0040039457,-0.0030465075,-0.0020890695,-0.0011316312,-0.00017419309,0.0007832451,0.0017406832,0.0026981214,0.0036555596,0.0046129976,0.005570436,0.006527874,0.0074853124,0.00844275,0.009400189,0.010357627,0.0113150645,0.012272503,0.013229941,0.01418738,0.0151448175],"mean":0.00045039193,"std":0.00501252}
{"counts":[2,0,0,2,3,1,4,4,4,5,8,6,6,7,4,1,2,2,0,0,0,1,0,1,0,0,0,0,0,1],"wall_time":1.754151449026e9,"step":9,"max":0.01806368,"min":-0.01106889,"count":64,"bins":[-0.01106889,-0.0100978045,-0.009126718,-0.008155633,-0.0071845474,-0.0062134615,-0.005242376,-0.0042712903,-0.0033002046,-0.002329119,-0.0013580335,-0.00038694782,0.0005841378,0.0015552235,0.002526309,0.0034973947,0.0044684806,0.005439566,0.006410652,0.007381737,0.008352823,0.009323909,0.010294994,0.01126608,0.012237165,0.013208251,0.014179337,0.015150422,0.016121509,0.017092593,0.01806368],"mean":-0.00042034368,"std":0.004856122}
{"counts":[1,0,1,1,0,0,1,2,0,0,2,2,4,4,9,7,4,5,5,4,4,0,0,3,3,0,1,0,0,1],"wall_time":1.75415145127e9,"step":10,"max":0.012790023,"min":-0.014681111,"count":64,"bins":[-0.014681111,-0.013765407,-0.0128497025,-0.011933997,-0.011018293,-0.010102589,-0.009186884,-0.00827118,-0.0073554753,-0.0064397706,-0.0055240663,-0.004608362,-0.0036926572,-0.002776953,-0.0018612484,-0.00094554387,-2.983939e-5,0.00088586507,0.0018015696,0.002717274,0.0036329785,0.004548683,0.0054643876,0.006380092,0.0072957966,0.008211501,0.009127205,0.0100429095,0.010958615,0.011874319,0.012790023],"mean":-1.9827537e-5,"std":0.0049976483}
{"counts":[1,0,0,2,0,1,1,3,2,1,4,5,7,2,5,5,6,7,3,4,1,1,1,0,1,0,0,0,0,1],"wall_time":1.754151453733e9,"step":11,"max":0.011828389,"min":-0.012194684,"count":64,"bins":[-0.012194684,-0.011393915,-0.010593145,-0.009792376,-0.008991607,-0.008190839,-0.0073900693,-0.0065893,-0.005788531,-0.004987762,-0.004186993,-0.0033862237,-0.0025854546,-0.0017846855,-0.0009839165,-0.00018314738,0.0006176217,0.0014183908,0.0022191599,0.003019929,0.003820698,0.004621467,0.0054222364,0.0062230052,0.0070237746,0.007824544,0.008625313,0.009426082,0.01022685,0.01102762,0.011828389],"mean":-0.000875238,"std":0.0041654385}
{"counts":[1,0,0,0,0,0,0,0,0,0,0,0,0,2,1,4,4,3,6,3,11,10,2,5,5,3,1,0,0,3],"wall_time":1.75415145626e9,"step":12,"max":0.0073410803,"min":-0.018350303,"count":64,"bins":[-0.018350303,-0.017493924,-0.016637545,-0.015781164,-0.014924785,-0.014068406,-0.013212026,-0.012355647,-0.011499268,-0.010642888,-0.009786509,-0.008930129,-0.00807375,-0.0072173704,-0.006360991,-0.0055046114,-0.004648232,-0.0037918526,-0.002935473,-0.0020790936,-0.0012227142,-0.00036633472,0.00049004477,0.0013464242,0.0022028037,0.003059183,0.0039155628,0.004771942,0.0056283213,0.006484701,0.0073410803],"mean":-0.0008220266,"std":0.0038586175}
{"counts":[2,0,1,1,1,2,1,5,2,3,2,3,6,7,6,3,7,3,1,3,2,1,0,1,0,0,0,0,0,1],"wall_time":1.754151459696e9,"step":13,"max":0.013763359,"min":-0.011888992,"count":64,"bins":[-0.011888992,-0.011033914,-0.010178835,-0.009323757,-0.008468678,-0.0076136,-0.006758522,-0.0059034433,-0.0050483653,-0.004193287,-0.0033382084,-0.00248313,-0.0016280517,-0.00077297335,8.210503e-5,0.0009371834,0.0017922617,0.00264734,0.0035024185,0.0043574967,0.005212575,0.0060676537,0.006922732,0.00777781,0.008632889,0.009487967,0.010343045,0.011198124,0.012053202,0.012908281,0.013763359],"mean":-0.0008233091,"std":0.0047000553}
