{"counts":[1,0,2],"wall_time":1.754151430658e9,"step":1,"max":0.012184782,"min":-0.019597923,"count":3,"bins":[-0.019597923,-0.009003689,0.0015905468,0.012184782],"mean":-1.8626451e-9,"std":0.017139167}
{"counts":[1,1,1],"wall_time":1.754151432975e9,"step":2,"max":0.028430764,"min":-0.030820027,"count":3,"bins":[-0.030820027,-0.011069763,0.0086805,0.028430764],"mean":6.2088173e-10,"std":0.029697567}
{"counts":[1,1,1],"wall_time":1.754151435228e9,"step":3,"max":0.0445054,"min":-0.044943176,"count":3,"bins":[-0.044943176,-0.015126985,0.014689207,0.0445054],"mean":-1.2417635e-9,"std":0.044725895}
{"counts":[1,0,2],"wall_time":1.754151437559e9,"step":4,"max":0.009295834,"min":-0.011657963,"count":3,"bins":[-0.011657963,-0.0046733636,0.0023112353,0.009295834],"mean":-6.2088173e-10,"std":0.010674743}
{"counts":[1,1,1],"wall_time":1.754151439534e9,"step":5,"max":0.03754992,"min":-0.043862805,"count":3,"bins":[-0.043862805,-0.01672523,0.010412346,0.03754992],"mean":0.0,"std":0.041071855}
{"counts":[2,0,1],"wall_time":1.754151441759e9,"step":6,"max":0.048055932,"min":-0.02739523,"count":3,"bins":[-0.02739523,-0.0022448425,0.022905545,0.048055932],"mean":0.0,"std":0.041753657}
{"counts":[2,0,1],"wall_time":1.754151444105e9,"step":7,"max":0.09084061,"min":-0.05672977,"count":3,"bins":[-0.05672977,-0.007539645,0.04165048,0.09084061],"mean":2.483527e-9,"std":0.07947903}
{"counts":[1,1,1],"wall_time":1.754151446613e9,"step":8,"max":0.044904575,"min":-0.038759857,"count":3,"bins":[-0.038759857,-0.010871713,0.017016431,0.044904575],"mean":-6.2088173e-10,"std":0.042169333}
{"counts":[1,1,1],"wall_time":1.754151449057e9,"step":9,"max":0.013664582,"min":-0.014291149,"count":3,"bins":[-0.014291149,-0.004972572,0.004346005,0.013664582],"mean":-3.1044087e-10,"std":0.013988393}
{"counts":[1,1,1],"wall_time":1.754151451329e9,"step":10,"max":0.0438856,"min":-0.046269532,"count":3,"bins":[-0.046269532,-0.016217822,0.013833889,0.0438856],"mean":0.0,"std":0.045124818}
{"counts":[2,0,1],"wall_time":1.75415145377e9,"step":11,"max":0.028584182,"min":-0.022323944,"count":3,"bins":[-0.022323944,-0.0053545684,0.011614807,0.028584182],"mean":-6.2088173e-10,"std":0.02602503}
{"counts":[2,0,1],"wall_time":1.754151456304e9,"step":12,"max":0.011630943,"min":-0.008004393,"count":3,"bins":[-0.008004393,-0.0014592813,0.005085831,0.011630943],"mean":1.2417635e-9,"std":0.010307788}
{"counts":[1,1,1],"wall_time":1.754151459724e9,"step":13,"max":0.014209123,"min":-0.016124574,"count":3,"bins":[-0.016124574,-0.0060133417,0.0040978906,0.014209123],"mean":-1.2417635e-9,"std":0.015257293}
