{"counts":[3,0,3,3,6,24,33,70,158,360,627,405,192,57,41,26,16,9,8,2,0,1,1,1,0,1,0,0,0,1],"wall_time":1.754151430623e9,"step":1,"max":0.05865115,"min":-0.031699285,"count":2048,"bins":[-0.031699285,-0.028687604,-0.025675923,-0.022664241,-0.01965256,-0.01664088,-0.013629198,-0.010617517,-0.007605836,-0.0045941547,-0.0015824735,0.0014292076,0.0044408888,0.00745257,0.010464251,0.013475932,0.016487613,0.019499294,0.022510976,0.025522657,0.028534338,0.03154602,0.0345577,0.03756938,0.040581062,0.043592744,0.046604425,0.049616106,0.052627787,0.055639468,0.05865115],"mean":0.0004131698,"std":0.006388398}
{"counts":[3,6,3,10,30,50,81,177,343,483,360,186,109,73,38,22,15,14,12,7,9,6,4,0,2,1,0,2,1,1],"wall_time":1.754151432947e9,"step":2,"max":0.049567334,"min":-0.02323708,"count":2048,"bins":[-0.02323708,-0.020810265,-0.018383453,-0.015956638,-0.013529824,-0.011103011,-0.008676196,-0.0062493826,-0.003822569,-0.0013957552,0.0010310585,0.0034578724,0.005884686,0.0083115,0.010738314,0.0131651275,0.015591941,0.018018754,0.020445568,0.022872383,0.025299197,0.02772601,0.030152824,0.032579638,0.035006452,0.037433267,0.03986008,0.04228689,0.044713706,0.04714052,0.049567334],"mean":0.0009662941,"std":0.006968386}
{"counts":[1,3,5,12,20,31,57,78,181,352,514,357,218,100,68,22,11,0,2,4,1,5,0,1,3,0,0,0,0,2],"wall_time":1.754151435197e9,"step":3,"max":0.05946059,"min":-0.03136668,"count":2048,"bins":[-0.03136668,-0.028339105,-0.025311528,-0.022283953,-0.019256378,-0.0162288,-0.013201226,-0.0101736495,-0.007146074,-0.0041184984,-0.0010909227,0.001936653,0.0049642287,0.007991805,0.01101938,0.014046956,0.017074531,0.020102108,0.023129683,0.026157258,0.029184835,0.03221241,0.035239987,0.03826756,0.041295137,0.044322714,0.047350287,0.050377864,0.05340544,0.056433015,0.05946059],"mean":0.0006191589,"std":0.0073661716}
{"counts":[1,0,0,0,1,0,3,2,5,7,10,31,60,139,262,513,492,240,136,65,28,16,12,12,5,3,2,1,0,2],"wall_time":1.754151437535e9,"step":4,"max":0.0382285,"min":-0.043234155,"count":2048,"bins":[-0.043234155,-0.04051873,-0.03780331,-0.03508789,-0.032372467,-0.029657045,-0.026941624,-0.024226202,-0.02151078,-0.018795358,-0.016079936,-0.013364514,-0.0106490925,-0.007933671,-0.005218249,-0.002502827,0.00021259487,0.0029280167,0.0056434385,0.00835886,0.011074282,0.013789704,0.016505126,0.019220548,0.02193597,0.024651391,0.027366813,0.030082235,0.032797657,0.03551308,0.0382285],"mean":0.00040545096,"std":0.0061169625}
{"counts":[1,0,1,3,4,6,8,13,23,67,119,195,340,503,342,180,89,60,47,22,9,8,4,1,2,0,0,0,0,1],"wall_time":1.75415143952e9,"step":5,"max":0.036847785,"min":-0.031021947,"count":2048,"bins":[-0.031021947,-0.028759623,-0.026497299,-0.024234973,-0.021972649,-0.019710325,-0.017448,-0.0151856765,-0.0129233515,-0.010661027,-0.008398703,-0.0061363787,-0.0038740542,-0.0016117297,0.00065059465,0.002912919,0.0051752436,0.0074375677,0.009699892,0.011962216,0.014224541,0.016486866,0.01874919,0.021011515,0.023273839,0.025536163,0.027798487,0.030060813,0.032323137,0.03458546,0.036847785],"mean":-0.00044011726,"std":0.0056056096}
{"counts":[1,2,2,4,1,4,1,6,15,15,17,42,66,148,328,549,357,200,99,73,41,24,17,12,9,5,4,3,1,2],"wall_time":1.754151441737e9,"step":6,"max":0.03544925,"min":-0.038270812,"count":2048,"bins":[-0.038270812,-0.035813477,-0.03335614,-0.030898806,-0.02844147,-0.025984135,-0.023526799,-0.021069463,-0.01861213,-0.016154794,-0.0136974575,-0.011240122,-0.008782787,-0.006325451,-0.0038681158,-0.0014107805,0.001046555,0.0035038905,0.005961226,0.008418561,0.010875897,0.013333232,0.015790569,0.018247902,0.020705238,0.023162574,0.02561991,0.028077245,0.03053458,0.032991916,0.03544925],"mean":0.000587877,"std":0.006784672}
{"counts":[3,3,1,5,6,5,12,16,29,55,60,105,167,366,471,366,228,78,39,12,7,1,1,4,2,2,2,1,0,1],"wall_time":1.754151444037e9,"step":7,"max":0.051943567,"min":-0.046180442,"count":2048,"bins":[-0.046180442,-0.04290964,-0.03963884,-0.036368042,-0.03309724,-0.02982644,-0.02655564,-0.02328484,-0.02001404,-0.016743239,-0.013472439,-0.010201639,-0.0069308383,-0.0036600383,-0.00038923795,0.0028815623,0.0061523626,0.009423163,0.012693963,0.015964763,0.019235564,0.022506364,0.025777165,0.029047964,0.032318763,0.035589565,0.038860366,0.042131167,0.045401964,0.048672765,0.051943567],"mean":0.00010197666,"std":0.008605266}
{"counts":[3,6,6,14,26,33,85,179,324,491,407,219,124,61,32,14,5,8,2,1,0,2,0,0,4,1,0,0,0,1],"wall_time":1.754151446593e9,"step":8,"max":0.057498716,"min":-0.028040145,"count":2048,"bins":[-0.028040145,-0.025188848,-0.022337554,-0.019486258,-0.016634963,-0.013783668,-0.010932373,-0.008081078,-0.005229782,-0.0023784866,0.00047280887,0.0033241042,0.0061753998,0.009026695,0.01187799,0.014729286,0.017580582,0.020431876,0.023283172,0.026134467,0.028985763,0.031837057,0.034688354,0.03753965,0.040390942,0.04324224,0.046093535,0.04894483,0.051796123,0.05464742,0.057498716],"mean":-0.0001604447,"std":0.0068336762}
{"counts":[1,1,1,4,3,8,19,44,106,260,558,465,247,148,77,45,23,13,11,6,1,1,2,1,0,0,1,0,0,2],"wall_time":1.75415144904e9,"step":9,"max":0.0488391,"min":-0.028083611,"count":2048,"bins":[-0.028083611,-0.02551952,-0.02295543,-0.02039134,-0.01782725,-0.01526316,-0.012699069,-0.010134979,-0.0075708884,-0.005006798,-0.0024427075,0.00012138275,0.002685473,0.0052495636,0.007813654,0.010377744,0.0129418345,0.015505925,0.018070016,0.020634105,0.023198197,0.025762286,0.028326377,0.030890467,0.033454556,0.036018647,0.03858274,0.04114683,0.043710917,0.04627501,0.0488391],"mean":0.0008677766,"std":0.0057169697}
{"counts":[1,0,1,1,7,10,17,12,33,87,83,202,286,371,311,227,156,86,45,33,37,12,12,5,6,2,2,1,1,1],"wall_time":1.754151451285e9,"step":10,"max":0.029603833,"min":-0.025726555,"count":2048,"bins":[-0.025726555,-0.023882208,-0.022037862,-0.020193515,-0.01834917,-0.016504824,-0.014660478,-0.012816131,-0.010971785,-0.009127438,-0.007283092,-0.005438746,-0.0035943997,-0.0017500534,9.429293e-5,0.0019386392,0.0037829855,0.005627332,0.007471678,0.009316024,0.011160371,0.0130047165,0.014849063,0.01669341,0.018537756,0.020382103,0.02222645,0.024070794,0.02591514,0.027759487,0.029603833],"mean":-5.99574e-5,"std":0.00560514}
{"counts":[1,0,1,2,3,6,0,9,9,19,29,69,127,288,553,488,227,94,51,32,12,9,5,6,2,2,0,2,1,1],"wall_time":1.754151453761e9,"step":11,"max":0.039757136,"min":-0.037964977,"count":2048,"bins":[-0.037964977,-0.03537424,-0.032783505,-0.030192766,-0.027602028,-0.025011292,-0.022420555,-0.019829817,-0.01723908,-0.014648343,-0.012057606,-0.009466869,-0.006876132,-0.0042853947,-0.0016946576,0.00089607947,0.0034868165,0.0060775536,0.00866829,0.011259028,0.013849765,0.016440501,0.01903124,0.021621976,0.024212714,0.02680345,0.029394187,0.031984925,0.034575664,0.037166398,0.039757136],"mean":0.0004850726,"std":0.0059270314}
{"counts":[1,0,0,0,0,1,0,0,1,9,1,5,10,26,55,107,262,446,504,283,161,79,45,27,7,10,6,0,1,1],"wall_time":1.75415145628e9,"step":12,"max":0.029767755,"min":-0.045539923,"count":2048,"bins":[-0.045539923,-0.043029666,-0.040519413,-0.038009156,-0.0354989,-0.032988645,-0.030478388,-0.027968131,-0.025457876,-0.022947619,-0.020437364,-0.017927108,-0.015416851,-0.012906596,-0.01039634,-0.007886084,-0.0053758277,-0.002865572,-0.00035531595,0.00215494,0.004665196,0.007175452,0.009685708,0.012195963,0.01470622,0.017216476,0.01972673,0.022236988,0.024747243,0.0272575,0.029767755],"mean":0.00023360443,"std":0.0055853743}
{"counts":[1,0,1,1,3,4,8,4,14,19,59,85,190,429,490,323,165,90,63,25,30,16,6,8,4,3,3,0,3,1],"wall_time":1.754151459707e9,"step":13,"max":0.031599276,"min":-0.030072762,"count":2048,"bins":[-0.030072762,-0.028017027,-0.025961293,-0.023905559,-0.021849824,-0.01979409,-0.017738353,-0.015682619,-0.013626885,-0.01157115,-0.009515416,-0.0074596815,-0.0054039466,-0.0033482122,-0.0012924776,0.00076325703,0.0028189917,0.0048747263,0.0069304607,0.008986196,0.01104193,0.013097664,0.015153399,0.017209133,0.019264868,0.021320604,0.023376338,0.025432073,0.027487807,0.029543541,0.031599276],"mean":-5.826864e-5,"std":0.0053257705}
