{"wall_time":1.754110298771e9,"step":1,"value":1.0}
{"wall_time":1.754110300455e9,"step":2,"value":2.0}
{"wall_time":1.75411030161e9,"step":3,"value":3.0}
{"wall_time":1.754110302708e9,"step":4,"value":4.0}
{"wall_time":1.75411030379e9,"step":5,"value":5.0}
{"wall_time":1.754110304933e9,"step":6,"value":6.0}
{"wall_time":1.754110306026e9,"step":7,"value":7.0}
{"wall_time":1.754110307092e9,"step":8,"value":8.0}
{"wall_time":1.75411030821e9,"step":9,"value":9.0}
{"wall_time":1.754110309357e9,"step":10,"value":10.0}
{"wall_time":1.754110310476e9,"step":11,"value":11.0}
{"wall_time":1.75411031161e9,"step":12,"value":12.0}
{"wall_time":1.754110312706e9,"step":13,"value":13.0}
{"wall_time":1.754110313766e9,"step":14,"value":14.0}
{"wall_time":1.754110314984e9,"step":15,"value":15.0}
{"wall_time":1.754110316059e9,"step":16,"value":16.0}
{"wall_time":1.754110317155e9,"step":17,"value":17.0}
{"wall_time":1.754110318721e9,"step":18,"value":18.0}
