{"wall_time":1.754110298697e9,"step":1,"value":0.48300004}
{"wall_time":1.754110300454e9,"step":2,"value":0.33800006}
{"wall_time":1.754110301607e9,"step":3,"value":0.339}
{"wall_time":1.754110302707e9,"step":4,"value":0.29999995}
{"wall_time":1.754110303788e9,"step":5,"value":0.25900006}
{"wall_time":1.754110304931e9,"step":6,"value":0.28999996}
{"wall_time":1.754110306024e9,"step":7,"value":0.28900003}
{"wall_time":1.754110307091e9,"step":8,"value":0.25499988}
{"wall_time":1.754110308209e9,"step":9,"value":0.28900003}
{"wall_time":1.754110309357e9,"step":10,"value":0.3249998}
{"wall_time":1.754110310473e9,"step":11,"value":0.29200006}
{"wall_time":1.754110311608e9,"step":12,"value":0.3169999}
{"wall_time":1.754110312704e9,"step":13,"value":0.286}
{"wall_time":1.754110313764e9,"step":14,"value":0.24600005}
{"wall_time":1.754110314981e9,"step":15,"value":0.35500002}
{"wall_time":1.754110316057e9,"step":16,"value":0.27699995}
{"wall_time":1.754110317154e9,"step":17,"value":0.26999998}
{"wall_time":1.75411031872e9,"step":18,"value":0.319}
