{"wall_time":1.75411029877e9,"step":1,"value":0.3625}
{"wall_time":1.754110300455e9,"step":2,"value":0.36125}
{"wall_time":1.754110301608e9,"step":3,"value":0.3375}
{"wall_time":1.754110302708e9,"step":4,"value":0.36375}
{"wall_time":1.75411030379e9,"step":5,"value":0.36125}
{"wall_time":1.754110304932e9,"step":6,"value":0.39}
{"wall_time":1.754110306025e9,"step":7,"value":0.39375}
{"wall_time":1.754110307092e9,"step":8,"value":0.35625}
{"wall_time":1.75411030821e9,"step":9,"value":0.39875}
{"wall_time":1.754110309357e9,"step":10,"value":0.36875}
{"wall_time":1.754110310474e9,"step":11,"value":0.3825}
{"wall_time":1.75411031161e9,"step":12,"value":0.3875}
{"wall_time":1.754110312706e9,"step":13,"value":0.35875}
{"wall_time":1.754110313766e9,"step":14,"value":0.3875}
{"wall_time":1.754110314982e9,"step":15,"value":0.37375}
{"wall_time":1.754110316059e9,"step":16,"value":0.38}
{"wall_time":1.754110317155e9,"step":17,"value":0.37}
{"wall_time":1.754110318721e9,"step":18,"value":0.3675}
