{"wall_time":1.75411029877e9,"step":1,"value":1.1580735}
{"wall_time":1.754110300455e9,"step":2,"value":1.1410878}
{"wall_time":1.754110301608e9,"step":3,"value":1.1296706}
{"wall_time":1.754110302708e9,"step":4,"value":1.1191633}
{"wall_time":1.75411030379e9,"step":5,"value":1.1209756}
{"wall_time":1.754110304933e9,"step":6,"value":1.1141611}
{"wall_time":1.754110306025e9,"step":7,"value":1.1039137}
{"wall_time":1.754110307092e9,"step":8,"value":1.115635}
{"wall_time":1.75411030821e9,"step":9,"value":1.0909324}
{"wall_time":1.754110309357e9,"step":10,"value":1.107222}
{"wall_time":1.754110310475e9,"step":11,"value":1.0942742}
{"wall_time":1.75411031161e9,"step":12,"value":1.0847023}
{"wall_time":1.754110312706e9,"step":13,"value":1.0901161}
{"wall_time":1.754110313766e9,"step":14,"value":1.0965577}
{"wall_time":1.754110314983e9,"step":15,"value":1.0959805}
{"wall_time":1.754110316059e9,"step":16,"value":1.0877513}
{"wall_time":1.754110317155e9,"step":17,"value":1.0965103}
{"wall_time":1.754110318721e9,"step":18,"value":1.0968319}
