{"counts":[1,0,2],"wall_time":1.75410958615e9,"step":1,"max":0.021279149,"min":-0.021239977,"count":3,"bins":[-0.021239977,-0.0070669353,0.0071061067,0.021279149],"mean":0.0064458004,"std":0.023997037}
{"counts":[1,0,2],"wall_time":1.754109587327e9,"step":2,"max":0.04162212,"min":-0.037927285,"count":3,"bins":[-0.037927285,-0.011410817,0.015105653,0.04162212],"mean":0.009939364,"std":0.042171862}
{"counts":[1,0,2],"wall_time":1.754109588399e9,"step":3,"max":0.05645167,"min":-0.047590397,"count":3,"bins":[-0.047590397,-0.012909708,0.021770982,0.05645167],"mean":0.011477026,"std":0.053433537}
{"counts":[1,1,1],"wall_time":1.75410958954e9,"step":4,"max":0.06656066,"min":-0.053694062,"count":3,"bins":[-0.053694062,-0.013609153,0.026475755,0.06656066],"mean":0.012091073,"std":0.060920693}
{"counts":[1,1,1],"wall_time":1.754109590587e9,"step":5,"max":0.07223047,"min":-0.057419166,"count":3,"bins":[-0.057419166,-0.01420262,0.029013926,0.07223047],"mean":0.012380913,"std":0.06539508}
{"counts":[1,1,1],"wall_time":1.754109591842e9,"step":6,"max":0.074119024,"min":-0.062367234,"count":3,"bins":[-0.062367234,-0.016871816,0.028623605,0.074119024],"mean":0.012936312,"std":0.06933018}
{"counts":[1,1,1],"wall_time":1.754109592972e9,"step":7,"max":0.07319017,"min":-0.061763242,"count":3,"bins":[-0.061763242,-0.016778773,0.028205698,0.07319017],"mean":0.012901255,"std":0.068615586}
{"counts":[1,1,1],"wall_time":1.754109594052e9,"step":8,"max":0.075837694,"min":-0.06384668,"count":3,"bins":[-0.06384668,-0.01728522,0.029276237,0.075837694],"mean":0.013043568,"std":0.070901036}
{"counts":[1,1,1],"wall_time":1.754109595091e9,"step":9,"max":0.077540785,"min":-0.06371519,"count":3,"bins":[-0.06371519,-0.016629865,0.03045546,0.077540785],"mean":0.013006822,"std":0.071412355}
{"counts":[1,1,1],"wall_time":1.754109596226e9,"step":10,"max":0.07860014,"min":-0.06527817,"count":3,"bins":[-0.06527817,-0.017318735,0.0306407,0.07860014],"mean":0.013131733,"std":0.07280696}
{"counts":[1,1,1],"wall_time":1.754109597304e9,"step":11,"max":0.07834391,"min":-0.06506823,"count":3,"bins":[-0.06506823,-0.017264182,0.030539865,0.07834391],"mean":0.013114621,"std":0.07257828}
{"counts":[1,1,1],"wall_time":1.754109598407e9,"step":12,"max":0.07748179,"min":-0.0626123,"count":3,"bins":[-0.0626123,-0.01591427,0.03078376,0.07748179],"mean":0.012907922,"std":0.07068561}
{"counts":[1,1,1],"wall_time":1.754109599535e9,"step":13,"max":0.07600963,"min":-0.06318666,"count":3,"bins":[-0.06318666,-0.016787896,0.029610867,0.07600963],"mean":0.012978016,"std":0.07052134}
{"counts":[1,0,2],"wall_time":1.75410960061e9,"step":14,"max":0.07703807,"min":-0.06703256,"count":3,"bins":[-0.06703256,-0.019009016,0.029014528,0.07703807],"mean":0.013259525,"std":0.0734412}
{"counts":[1,1,1],"wall_time":1.754109601797e9,"step":15,"max":0.0779319,"min":-0.066473186,"count":3,"bins":[-0.066473186,-0.018338157,0.029796874,0.0779319],"mean":0.013213065,"std":0.07335684}
{"counts":[1,1,1],"wall_time":1.754109602921e9,"step":16,"max":0.07935127,"min":-0.066999935,"count":3,"bins":[-0.066999935,-0.0182162,0.030567534,0.07935127],"mean":0.0132245,"std":0.07418711}
{"counts":[1,1,1],"wall_time":1.754109604046e9,"step":17,"max":0.07613946,"min":-0.06251271,"count":3,"bins":[-0.06251271,-0.016295321,0.029922068,0.07613946],"mean":0.013016869,"std":0.0701538}
{"counts":[1,1,1],"wall_time":1.754109605176e9,"step":18,"max":0.07664256,"min":-0.06414087,"count":3,"bins":[-0.06414087,-0.017213061,0.029714748,0.07664256],"mean":0.01310316,"std":0.071385264}
{"counts":[1,0,2],"wall_time":1.75410960681e9,"step":19,"max":0.07703807,"min":-0.06703256,"count":3,"bins":[-0.06703256,-0.019009016,0.029014528,0.07703807],"mean":0.013259525,"std":0.0734412}
