{"counts":[1,0,0,1,3,4,4,1,5,4,1,1,0,3,3,4,1,3,1,3,1,1,1,3,1,2,2,4,1,5],"wall_time":1.75410958613e9,"step":1,"max":1.0201781,"min":0.98013526,"count":64,"bins":[0.98013526,0.98147005,0.9828048,0.98413956,0.9854743,0.9868091,0.9881438,0.9894786,0.9908134,0.9921481,0.9934829,0.9948176,0.9961524,0.9974871,0.9988219,1.0001566,1.0014914,1.0028262,1.004161,1.0054957,1.0068305,1.0081652,1.0095,1.0108348,1.0121695,1.0135043,1.014839,1.0161738,1.0175085,1.0188433,1.0201781],"mean":1.001318,"std":0.01142666}
{"counts":[1,1,1,0,4,0,3,2,5,1,4,4,3,2,1,1,3,2,3,1,3,1,2,1,1,2,4,4,1,3],"wall_time":1.754109587292e9,"step":2,"max":1.0415049,"min":0.9665778,"count":64,"bins":[0.9665778,0.9690754,0.97157294,0.97407055,0.9765681,0.97906566,0.9815632,0.9840608,0.9865584,0.98905593,0.9915535,0.9940511,0.99654865,0.9990462,1.0015438,1.0040413,1.0065389,1.0090364,1.0115341,1.0140316,1.0165292,1.0190268,1.0215243,1.0240219,1.0265194,1.029017,1.0315146,1.0340122,1.0365098,1.0390073,1.0415049],"mean":1.0059198,"std":0.020693785}
{"counts":[1,0,0,1,1,3,0,2,2,2,4,4,3,2,4,4,0,0,3,4,2,2,1,3,4,2,2,3,2,3],"wall_time":1.754109588393e9,"step":3,"max":1.0586709,"min":0.95090204,"count":64,"bins":[0.95090204,0.95449436,0.9580866,0.9616789,0.96527123,0.96886355,0.9724558,0.9760481,0.9796404,0.9832327,0.986825,0.9904173,0.99400955,0.99760187,1.0011941,1.0047865,1.0083787,1.011971,1.0155634,1.0191556,1.022748,1.0263402,1.0299325,1.0335249,1.0371171,1.0407094,1.0443017,1.047894,1.0514863,1.0550786,1.0586709],"mean":1.0120217,"std":0.027729033}
{"counts":[1,0,0,1,0,5,0,0,2,6,2,2,2,4,3,3,1,1,3,2,4,2,1,4,4,2,1,3,2,3],"wall_time":1.754109589505e9,"step":4,"max":1.0750962,"min":0.9451268,"count":64,"bins":[0.9451268,0.9494591,0.9537914,0.95812374,0.96245605,0.96678835,0.97112066,0.97545296,0.9797853,0.9841176,0.98844993,0.99278224,0.99711454,1.0014468,1.0057791,1.0101116,1.0144439,1.0187762,1.0231085,1.0274408,1.0317731,1.0361054,1.0404377,1.04477,1.0491023,1.0534347,1.057767,1.0620993,1.0664316,1.070764,1.0750962],"mean":1.0191051,"std":0.033225544}
{"counts":[1,1,0,1,2,2,0,4,4,0,2,1,2,3,6,2,1,1,3,2,0,6,0,6,4,0,2,2,3,3],"wall_time":1.754109590579e9,"step":5,"max":1.0864334,"min":0.9465229,"count":64,"bins":[0.9465229,0.9511866,0.95585024,0.96051395,0.96517766,0.9698413,0.974505,0.97916865,0.98383236,0.98849607,0.9931597,0.9978234,1.0024871,1.0071508,1.0118145,1.0164782,1.0211419,1.0258055,1.0304692,1.0351329,1.0397966,1.0444603,1.0491239,1.0537876,1.0584513,1.063115,1.0677787,1.0724424,1.077106,1.0817697,1.0864334],"mean":1.0256165,"std":0.037304934}
{"counts":[1,1,0,0,1,3,0,5,4,1,0,1,1,4,1,2,6,1,1,3,0,5,3,2,6,2,0,2,5,3],"wall_time":1.75410959181e9,"step":6,"max":1.093862,"min":0.94344634,"count":64,"bins":[0.94344634,0.9484602,0.95347404,0.9584879,0.96350175,0.96851563,0.97352946,0.97854334,0.9835572,0.98857105,0.99358493,0.99859875,1.0036126,1.0086265,1.0136403,1.0186542,1.023668,1.0286819,1.0336958,1.0387096,1.0437235,1.0487373,1.0537512,1.058765,1.0637789,1.0687928,1.0738066,1.0788205,1.0838343,1.0888482,1.093862],"mean":1.0317258,"std":0.04048463}
{"counts":[2,0,0,1,1,3,2,3,3,1,1,1,2,0,3,2,4,3,1,2,3,3,3,5,4,1,2,0,4,4],"wall_time":1.754109592933e9,"step":7,"max":1.1031089,"min":0.94505787,"count":64,"bins":[0.94505787,0.95032626,0.9555946,0.960863,0.9661313,0.9713997,0.97666806,0.98193645,0.9872048,0.9924732,0.9977415,1.0030099,1.0082783,1.0135466,1.018815,1.0240834,1.0293517,1.0346202,1.0398885,1.0451568,1.0504252,1.0556936,1.060962,1.0662303,1.0714986,1.0767671,1.0820354,1.0873038,1.0925721,1.0978405,1.1031089],"mean":1.0367562,"std":0.043064613}
{"counts":[2,0,0,2,2,2,4,4,0,0,3,0,1,1,2,2,4,2,2,1,5,3,4,5,2,1,2,2,2,4],"wall_time":1.754109594006e9,"step":8,"max":1.1116953,"min":0.9487616,"count":64,"bins":[0.9487616,0.9541927,0.9596238,0.9650549,0.9704861,0.9759172,0.98134834,0.98677945,0.99221057,0.9976417,1.0030729,1.0085039,1.0139351,1.0193661,1.0247973,1.0302285,1.0356596,1.0410907,1.0465218,1.051953,1.057384,1.0628152,1.0682462,1.0736774,1.0791086,1.0845397,1.0899708,1.0954019,1.100833,1.1062641,1.1116953],"mean":1.0414205,"std":0.045464408}
{"counts":[2,1,0,1,2,5,2,1,2,1,2,1,0,2,1,3,3,2,2,3,5,4,2,5,1,1,3,2,1,4],"wall_time":1.754109595081e9,"step":9,"max":1.1181906,"min":0.95115876,"count":64,"bins":[0.95115876,0.9567265,0.9622942,0.96786195,0.9734297,0.9789974,0.98456514,0.99013287,0.9957006,1.0012684,1.006836,1.0124037,1.0179715,1.0235393,1.029107,1.0346746,1.0402424,1.0458102,1.0513779,1.0569456,1.0625134,1.0680811,1.0736488,1.0792165,1.0847843,1.090352,1.0959197,1.1014874,1.1070552,1.112623,1.1181906],"mean":1.0441892,"std":0.046909828}
{"counts":[2,1,1,1,3,4,2,2,1,0,2,1,0,3,1,2,3,2,1,3,6,3,4,3,3,2,2,2,0,4],"wall_time":1.754109596209e9,"step":10,"max":1.124241,"min":0.95250815,"count":64,"bins":[0.95250815,0.9582326,0.963957,0.96968144,0.9754059,0.9811303,0.98685473,0.99257916,0.9983036,1.004028,1.0097524,1.0154768,1.0212013,1.0269257,1.0326501,1.0383745,1.044099,1.0498234,1.0555478,1.0612723,1.0669967,1.0727211,1.0784456,1.08417,1.0898944,1.0956188,1.1013433,1.1070677,1.1127921,1.1185166,1.124241],"mean":1.0468726,"std":0.04865169}
{"counts":[1,2,0,2,2,3,3,4,0,0,2,1,0,2,1,2,3,2,3,2,5,5,4,2,2,3,3,1,2,2],"wall_time":1.75410959728e9,"step":11,"max":1.1317908,"min":0.9500627,"count":64,"bins":[0.9500627,0.9561203,0.9621779,0.9682355,0.9742931,0.98035073,0.9864083,0.9924659,0.99852353,1.0045811,1.0106387,1.0166963,1.022754,1.0288116,1.0348691,1.0409267,1.0469843,1.0530419,1.0590996,1.0651572,1.0712148,1.0772723,1.0833299,1.0893875,1.0954452,1.1015028,1.1075604,1.1136179,1.1196755,1.1257331,1.1317908],"mean":1.0504423,"std":0.050480373}
{"counts":[2,1,1,3,1,2,4,3,1,0,1,1,0,2,1,3,4,0,2,3,5,6,2,4,1,4,2,1,2,2],"wall_time":1.754109598387e9,"step":12,"max":1.1370789,"min":0.9522781,"count":64,"bins":[0.9522781,0.9584381,0.9645981,0.97075814,0.97691816,0.98307824,0.98923826,0.9953983,1.0015583,1.0077183,1.0138783,1.0200384,1.0261984,1.0323584,1.0385184,1.0446784,1.0508385,1.0569985,1.0631585,1.0693185,1.0754787,1.0816387,1.0877987,1.0939587,1.1001188,1.1062788,1.1124388,1.1185988,1.1247588,1.1309189,1.1370789],"mean":1.0534855,"std":0.052030146}
{"counts":[2,1,2,2,0,3,4,2,2,0,1,1,0,2,1,3,4,1,2,5,2,5,6,2,4,2,0,3,0,2],"wall_time":1.754109599528e9,"step":13,"max":1.1455833,"min":0.95209795,"count":64,"bins":[0.95209795,0.9585475,0.964997,0.9714465,0.977896,0.9843455,0.990795,0.99724454,1.003694,1.0101435,1.0165931,1.0230426,1.0294921,1.0359416,1.0423911,1.0488406,1.0552901,1.0617397,1.0681891,1.0746386,1.0810882,1.0875376,1.0939872,1.1004367,1.1068863,1.1133357,1.1197852,1.1262348,1.1326842,1.1391338,1.1455833],"mean":1.05657,"std":0.053397097}
{"counts":[2,1,4,0,1,3,5,1,1,1,0,1,2,0,2,5,1,3,2,4,3,5,5,4,3,0,2,1,1,1],"wall_time":1.754109600603e9,"step":14,"max":1.1542128,"min":0.9554346,"count":64,"bins":[0.9554346,0.9620606,0.9686865,0.9753125,0.98193836,0.9885643,0.99519026,1.0018162,1.0084422,1.015068,1.0216941,1.02832,1.034946,1.0415719,1.0481977,1.0548238,1.0614496,1.0680757,1.0747015,1.0813274,1.0879534,1.0945793,1.1012053,1.1078312,1.1144572,1.1210831,1.127709,1.134335,1.1409609,1.147587,1.1542128],"mean":1.059658,"std":0.05449709}
{"counts":[2,1,4,1,0,4,4,1,1,1,0,1,0,2,1,5,3,2,2,3,4,2,6,6,1,2,3,0,0,2],"wall_time":1.754109601786e9,"step":15,"max":1.1582432,"min":0.9561757,"count":64,"bins":[0.9561757,0.96291125,0.9696469,0.97638243,0.983118,0.9898536,0.9965892,1.0033247,1.0100603,1.016796,1.0235316,1.0302671,1.0370027,1.0437382,1.0504738,1.0572095,1.063945,1.0706806,1.0774162,1.0841517,1.0908873,1.097623,1.1043586,1.1110941,1.1178297,1.1245652,1.1313008,1.1380365,1.144772,1.1515076,1.1582432],"mean":1.0630964,"std":0.05586557}
{"counts":[2,2,2,1,1,2,6,1,1,1,0,0,1,1,1,4,4,3,2,2,2,3,5,8,2,2,0,3,0,2],"wall_time":1.754109602914e9,"step":16,"max":1.1597784,"min":0.9559489,"count":64,