{"counts":[6,6,1,3,2,0,0,1,1,1,0,1,0,0,0,0,2,0,1,0,0,0,0,2,0,1,0,2,1,1],"wall_time":1.754109586138e9,"step":1,"max":0.02278314,"min":-0.021786733,"count":32,"bins":[-0.021786733,-0.02030107,-0.018815408,-0.017329745,-0.015844082,-0.014358421,-0.012872758,-0.011387096,-0.009901433,-0.008415771,-0.0069301086,-0.005444446,-0.0039587836,-0.0024731213,-0.0009874589,0.00049820356,0.0019838659,0.0034695284,0.0049551907,0.0064408532,0.007926515,0.009412178,0.01089784,0.012383503,0.013869165,0.015354828,0.01684049,0.018326152,0.019811815,0.021297477,0.02278314],"mean":-0.007542922,"std":0.015525423}
{"counts":[2,5,3,3,0,3,1,2,1,0,0,0,3,0,0,0,1,0,0,1,1,0,0,0,0,4,0,0,1,1],"wall_time":1.754109587311e9,"step":2,"max":0.04429438,"min":-0.044660475,"count":32,"bins":[-0.044660475,-0.04169531,-0.038730152,-0.03576499,-0.03279983,-0.029834665,-0.026869504,-0.023904342,-0.02093918,-0.017974019,-0.015008857,-0.012043695,-0.009078533,-0.0061133713,-0.0031482095,-0.00018304773,0.002782114,0.005747276,0.008712438,0.0116775995,0.014642761,0.017607924,0.020573085,0.023538247,0.026503408,0.02946857,0.032433733,0.035398893,0.038364056,0.041329216,0.04429438],"mean":-0.01453211,"std":0.028685167}
{"counts":[3,2,3,4,2,0,1,1,2,0,2,1,1,0,0,1,1,0,1,0,0,1,0,1,1,0,2,1,0,1],"wall_time":1.754109588395e9,"step":3,"max":0.058258213,"min":-0.061823145,"count":32,"bins":[-0.061823145,-0.057820432,-0.05381772,-0.04981501,-0.045812298,-0.041809585,-0.037806872,-0.03380416,-0.029801449,-0.025798738,-0.021796025,-0.017793313,-0.013790602,-0.009787889,-0.0057851775,-0.0017824657,0.0022202462,0.006222958,0.01022567,0.014228382,0.018231094,0.022233807,0.026236517,0.03023923,0.03424194,0.038244653,0.042247366,0.04625008,0.050252788,0.0542555,0.058258213],"mean":-0.019643215,"std":0.037820674}
{"counts":[3,2,2,3,3,2,0,1,1,2,0,0,2,1,0,1,1,0,1,0,0,0,2,1,0,1,1,1,0,1],"wall_time":1.754109589524e9,"step":4,"max":0.070066765,"min":-0.076583825,"count":32,"bins":[-0.076583825,-0.07169547,-0.06680712,-0.061918765,-0.057030413,-0.05214206,-0.047253706,-0.042365354,-0.037477,-0.03258865,-0.027700296,-0.022811942,-0.01792359,-0.013035236,-0.008146883,-0.00325853,0.001629823,0.006518176,0.011406529,0.016294882,0.021183236,0.026071588,0.030959941,0.035848293,0.040736645,0.045625,0.050513353,0.055401705,0.060290057,0.06517841,0.070066765],"mean":-0.023367027,"std":0.04600552}
{"counts":[3,2,1,2,3,4,0,0,1,1,1,1,0,1,0,3,1,0,0,0,1,0,2,0,1,0,1,2,0,1],"wall_time":1.754109590582e9,"step":5,"max":0.07377889,"min":-0.08796855,"count":32,"bins":[-0.08796855,-0.08257697,-0.077185385,-0.07179381,-0.06640223,-0.061010644,-0.05561906,-0.050227482,-0.0448359,-0.03944432,-0.034052737,-0.028661156,-0.023269575,-0.017877992,-0.012486411,-0.0070948303,-0.0017032489,0.0036883324,0.009079914,0.0144714955,0.019863077,0.025254657,0.030646238,0.03603782,0.0414294,0.046820983,0.052212566,0.057604145,0.062995724,0.06838731,0.07377889],"mean":-0.026537107,"std":0.05070957}
{"counts":[2,1,3,0,2,5,1,1,0,1,2,0,1,0,0,2,2,1,0,0,0,1,1,1,1,0,0,1,2,1],"wall_time":1.754109591825e9,"step":6,"max":0.07390727,"min":-0.09921996,"count":32,"bins":[-0.09921996,-0.093449056,-0.08767815,-0.08190724,-0.07613633,-0.07036542,-0.064594515,-0.058823608,-0.0530527,-0.047281794,-0.041510884,-0.035739977,-0.02996907,-0.024198161,-0.018427255,-0.012656346,-0.006885438,-0.0011145304,0.0046563772,0.010427285,0.016198194,0.0219691,0.02774001,0.033510916,0.039281823,0.045052733,0.05082364,0.056594547,0.062365454,0.068136364,0.07390727],"mean":-0.029334845,"std":0.05394796}
{"counts":[3,0,2,1,2,3,2,1,1,1,0,1,2,0,0,2,2,1,0,0,0,2,0,2,0,0,1,1,1,1],"wall_time":1.754109592955e9,"step":7,"max":0.074904874,"min":-0.10592815,"count":32,"bins":[-0.10592815,-0.09990039,-0.093872614,-0.08784485,-0.08181708,-0.07578932,-0.069761544,-0.06373378,-0.057706013,-0.051678244,-0.04565048,-0.03962271,-0.033594944,-0.027567174,-0.021539407,-0.015511639,-0.009483872,-0.0034561043,0.0025716634,0.008599431,0.014627199,0.020654965,0.026682733,0.0327105,0.03873827,0.044766035,0.050793804,0.05682157,0.062849335,0.06887711,0.074904874],"mean":-0.031736862,"std":0.055227745}
{"counts":[3,0,1,1,3,3,2,0,2,1,0,1,0,2,0,1,4,0,0,0,0,1,1,1,1,0,1,1,1,1],"wall_time":1.754109594024e9,"step":8,"max":0.07488448,"min":-0.11238175,"count":32,"bins":[-0.11238175,-0.10613954,-0.09989733,-0.093655124,-0.087412916,-0.08117071,-0.0749285,-0.06868629,-0.062444087,-0.05620188,-0.04995967,-0.043717463,-0.037475258,-0.031233048,-0.024990842,-0.018748634,-0.012506426,-0.006264218,-2.2010505e-5,0.0062201973,0.012462405,0.018704612,0.02494682,0.031189028,0.037431236,0.043673445,0.049915653,0.056157857,0.062400065,0.06864227,0.07488448],"mean":-0.033998862,"std":0.057404652}
{"counts":[3,0,1,1,4,1,2,1,3,0,0,0,1,1,1,1,3,1,0,0,0,0,1,1,1,1,0,1,2,1],"wall_time":1.754109595083e9,"step":9,"max":0.073786914,"min":-0.11584046,"count":32,"bins":[-0.11584046,-0.10951954,-0.10319863,-0.096877724,-0.09055681,-0.08423589,-0.07791498,-0.071594074,-0.06527316,-0.058952246,-0.052631333,-0.04631042,-0.03998951,-0.033668596,-0.027347684,-0.021026772,-0.014705859,-0.008384947,-0.0020640343,0.004256878,0.01057779,0.016898703,0.023219615,0.029540528,0.03586144,0.042182352,0.048503265,0.054824177,0.06114509,0.067466006,0.073786914],"mean":-0.035384085,"std":0.059113953}
{"counts":[2,1,1,1,3,2,1,3,0,2,0,1,0,1,1,2,2,1,0,0,0,1,1,1,0,1,1,2,0,1],"wall_time":1.754109596219e9,"step":10,"max":0.07761007,"min":-0.12148191,"count":32,"bins":[-0.12148191,-0.114845514,-0.10820911,-0.101572715,-0.09493631,-0.088299915,-0.08166351,-0.075027116,-0.06839072,-0.061754316,-0.055117916,-0.048481517,-0.04184512,-0.03520872,-0.028572321,-0.021935921,-0.015299522,-0.008663123,-0.0020267232,0.004609676,0.011246075,0.017882474,0.024518874,0.031155273,0.037791673,0.044428073,0.051064473,0.05770087,0.06433727,0.07097367,0.07761007],"mean":-0.03696754,"std":0.060386885}
{"counts":[2,1,1,1,3,0,3,1,2,0,2,0,1,1,0,2,2,2,0,0,0,1,1,1,1,0,1,1,1,1],"wall_time":1.754109597294e9,"step":11,"max":0.07712239,"min":-0.12836039,"count":32,"bins":[-0.12836039,-0.12151097,-0.11466154,-0.107812114,-0.10096268,-0.09411326,-0.08726384,-0.08041441,-0.073564984,-0.06671555,-0.05986613,-0.053016704,-0.046167277,-0.039317854,-0.032468427,-0.025619,-0.018769573,-0.0119201485,-0.005070722,0.0017787039,0.00862813,0.015477556,0.022326982,0.029176408,0.036025833,0.04287526,0.049724687,0.056574114,0.06342354,0.07027297,0.07712239],"mean":-0.038988486,"std":0.061462622}
{"counts":[2,1,1,1,2,1,3,1,2,1,1,0,1,1,0,2,3,1,0,0,1,0,1,2,0,0,0,2,1,1],"wall_time":1.754109598395e9,"step":12,"max":0.08026031,"min":-0.13149065,"count":32,"bins":[-0.13149065,-0.12443228,-0.11737392,-0.110315554,-0.10325719,-0.09619882,-0.08914046,-0.08208209,-0.075023726,-0.06796536,-0.060906995,-0.05384863,-0.046790265,-0.0397319,-0.032673534,-0.02561517,-0.018556805,-0.01149844,-0.0044400753,0.00261829,0.009676655,0.016735021,0.023793386,0.03085175,0.037910115,0.044968482,0.052026846,0.059085213,0.06614358,0.07320194,0.08026031],"mean":-0.04057628,"std":0.0623987}
{"counts":[1,1,2,1,2,1,3,1,0,2,2,0,1,0,1,1,3,1,1,1,0,1,1,1,0,0,1,1,1,1],"wall_time":1.754109599533e9,"step":13,"max":0.08231892,"min":-0.13773714,"count":32,"bins":[-0.13773714,-0.13040194,-0.12306674,-0.11573154,-0.10839633,-0.10106113,-0.09372593,-0.086390726,-0.079055525,-0.071720324,-0.06438512,-0.05704992,-0.049714718,-0.042379517,-0.035044312,-0.027709112,-0.020373909,-0.013038708,-0.005703506,0.001631696,0.008966898,0.0163021,0.023637302,0.030972503,0.038307704,0.04564291,0.05297811,0.06031331,0.067648515,0.074983716,0.08231892],"mean":-0.04179866,"std":0.06379583}
{"counts":[1,1,2,1,2,1,1,2,1,1,2,1,1,0,1,1,4,1,0,1,0,0,2,1,0,0,1,1,1,1],"wall_time":1.754109600604e9,"step":14,"max":0.083686806,"min":-0.14387137,"count":32,