{"counts":[3,3,2,2,6,13,28,16,21,31,24,36,55,58,43,45,47,48,38,26,25,17,12,13,8,8,2,4,2,4],"wall_time":1.754109585972e9,"step":1,"max":0.9203884,"min":-0.94574565,"count":640,"bins":[-0.94574565,-0.88354117,-0.8213367,-0.75913227,-0.6969278,-0.6347233,-0.5725188,-0.51031435,-0.4481099,-0.38590544,-0.32370096,-0.26149648,-0.19929203,-0.13708755,-0.07488309,-0.012678623,0.049525846,0.111730315,0.17393479,0.23613925,0.29834372,0.3605482,0.42275265,0.48495713,0.5471616,0.60936606,0.67157054,0.733775,0.79597944,0.8581839,0.9203884],"mean":-0.03540073,"std":0.32739082}
{"counts":[5,1,2,3,6,15,25,17,20,33,22,39,55,56,45,43,46,49,39,25,25,17,11,13,8,7,3,4,2,4],"wall_time":1.754109587288e9,"step":2,"max":0.9185817,"min":-0.93962544,"count":640,"bins":[-0.93962544,-0.8776852,-0.81574494,-0.75380474,-0.6918645,-0.62992424,-0.567984,-0.5060438,-0.44410354,-0.3821633,-0.32022306,-0.2582828,-0.19634257,-0.13440233,-0.0724621,-0.010521859,0.05141838,0.11335862,0.17529885,0.2372391,0.29917935,0.36111957,0.42305982,0.48500004,0.54694027,0.6088805,0.6708208,0.732761,0.7947012,0.8566415,0.9185817],"mean":-0.035404056,"std":0.32730103}
{"counts":[5,1,2,3,7,16,23,19,19,33,24,42,52,60,42,44,43,52,35,26,23,17,11,14,7,7,4,3,2,4],"wall_time":1.754109588389e9,"step":3,"max":0.92182404,"min":-0.933063,"count":640,"bins":[-0.933063,-0.8712334,-0.80940384,-0.74757427,-0.6857447,-0.62391514,-0.56208557,-0.500256,-0.43842643,-0.37659687,-0.3147673,-0.25293773,-0.19110817,-0.1292786,-0.06744903,-0.0056194663,0.0562101,0.11803967,0.17986923,0.2416988,0.30352837,0.36535794,0.4271875,0.48901707,0.55084664,0.6126762,0.6745058,0.73633534,0.7981649,0.8599945,0.92182404],"mean":-0.03517586,"std":0.32726523}
{"counts":[5,1,2,3,8,17,21,21,18,33,23,43,52,62,41,43,44,53,36,24,22,20,7,17,4,7,4,3,2,4],"wall_time":1.754109589499e9,"step":4,"max":0.92442995,"min":-0.9295187,"count":640,"bins":[-0.9295187,-0.8677204,-0.80592215,-0.7441238,-0.68232554,-0.62052727,-0.558729,-0.4969307,-0.43513238,-0.3733341,-0.3115358,-0.24973753,-0.18793924,-0.12614095,-0.06434266,-0.0025443733,0.059253916,0.121052206,0.1828505,0.24464878,0.30644706,0.36824536,0.43004364,0.49184194,0.55364025,0.6154385,0.6772368,0.73903507,0.8008334,0.8626317,0.92442995],"mean":-0.035188906,"std":0.32721063}
{"counts":[4,2,2,3,8,15,23,20,18,33,25,39,54,58,44,46,41,52,37,24,22,22,7,17,4,7,4,3,2,4],"wall_time":1.754109590573e9,"step":5,"max":0.9224353,"min":-0.93218833,"count":640,"bins":[-0.93218833,-0.8703675,-0.8085468,-0.746726,-0.6849052,-0.62308437,-0.5612636,-0.49944282,-0.43762204,-0.37580124,-0.31398046,-0.25215968,-0.19033888,-0.1285181,-0.066697314,-0.004876524,0.056944262,0.11876505,0.18058583,0.24240662,0.3042274,0.3660482,0.427869,0.48968977,0.5515106,0.6133313,0.6751521,0.7369729,0.79879373,0.8606145,0.9224353],"mean":-0.035108592,"std":0.3272217}
{"counts":[4,2,2,4,8,17,21,20,19,31,25,42,54,54,46,44,42,54,35,25,22,21,8,16,4,7,4,3,2,4],"wall_time":1.754109591805e9,"step":6,"max":0.92284846,"min":-0.9270616,"count":640,"bins":[-0.9270616,-0.86539793,-0.8037343,-0.7420706,-0.6804069,-0.61874324,-0.5570796,-0.49541593,-0.43375227,-0.37208858,-0.31042492,-0.24876125,-0.18709758,-0.12543392,-0.06377025,-0.0021065772,0.05955709,0.12122076,0.18288442,0.2445481,0.30621177,0.36787543,0.4295391,0.49120277,0.55286646,0.6145301,0.6761938,0.73785746,0.79952115,0.8611848,0.92284846],"mean":-0.03491129,"std":0.32714647}
{"counts":[4,2,2,4,8,19,20,22,17,31,29,42,49,60,39,46,44,49,35,27,22,20,9,16,4,7,4,3,2,4],"wall_time":1.754109592923e9,"step":7,"max":0.9191118,"min":-0.91941416,"count":640,"bins":[-0.91941416,-0.85813,-0.7968458,-0.73556155,-0.67427737,-0.6129932,-0.551709,-0.49042478,-0.42914057,-0.36785638,-0.30657217,-0.24528798,-0.18400379,-0.122719586,-0.061435387,-0.00015118718,0.061133012,0.12241721,0.18370141,0.24498561,0.3062698,0.367554,0.4288382,0.4901224,0.5514066,0.6126908,0.673975,0.7352592,0.7965434,0.8578276,0.9191118],"mean":-0.03449353,"std":0.32705885}
{"counts":[4,2,2,5,7,21,18,22,18,30,30,42,48,56,43,45,44,48,38,26,21,22,8,14,5,8,3,4,2,4],"wall_time":1.754109594e9,"step":8,"max":0.9130005,"min":-0.9148735,"count":640,"bins":[-0.9148735,-0.85394436,-0.79301524,-0.73208606,-0.67115694,-0.6102278,-0.5492987,-0.48836955,-0.4274404,-0.3665113,-0.30558214,-0.24465302,-0.18372388,-0.12279475,-0.061865613,-0.0009364784,0.059992656,0.12092179,0.18185093,0.24278006,0.30370918,0.36463833,0.42556745,0.4864966,0.54742575,0.60835487,0.669284,0.7302131,0.7911423,0.8520714,0.9130005],"mean":-0.034353387,"std":0.32695103}
{"counts":[6,0,2,5,7,24,15,23,20,27,31,46,46,58,39,45,43,51,35,26,22,20,8,14,6,7,4,4,2,4],"wall_time":1.754109595079e9,"step":9,"max":0.9118891,"min":-0.9107867,"count":640,"bins":[-0.9107867,-0.85003084,-0.789275,-0.72851914,-0.66776323,-0.6070074,-0.54625154,-0.4854957,-0.4247398,-0.36398396,-0.3032281,-0.24247225,-0.18171638,-0.120960526,-0.060204666,0.00055119395,0.061307054,0.122062914,0.18281877,0.24357463,0.3043305,0.36508635,0.4258422,0.48659807,0.5473539,0.6081098,0.6688656,0.7296215,0.7903774,0.8511332,0.9118891],"mean":-0.034166854,"std":0.32690382}
{"counts":[4,2,2,5,7,20,19,22,20,28,30,47,47,56,38,45,48,47,36,27,20,21,9,13,7,7,3,4,2,4],"wall_time":1.754109596189e9,"step":10,"max":0.9117303,"min":-0.91108674,"count":640,"bins":[-0.91108674,-0.8503262,-0.7895656,-0.728805,-0.66804445,-0.6072839,-0.54652333,-0.48576277,-0.4250022,-0.36424163,-0.30348107,-0.2427205,-0.18195993,-0.12119936,-0.060438793,0.00032177567,0.061082345,0.12184291,0.18260348,0.24336405,0.30412462,0.36488518,0.42564574,0.48640633,0.5471669,0.60792744,0.668688,0.72944856,0.7902092,0.85096973,0.9117303],"mean":-0.034317188,"std":0.32685912}
{"counts":[5,1,2,5,7,21,18,22,22,27,28,48,47,56,41,43,47,48,35,27,20,21,9,13,7,7,3,4,2,4],"wall_time":1.754109597272e9,"step":11,"max":0.9120253,"min":-0.9099042,"count":640,"bins":[-0.9099042,-0.8491732,-0.7884422,-0.72771126,-0.66698027,-0.6062493,-0.5455183,-0.48478732,-0.42405632,-0.36332536,-0.30259436,-0.24186338,-0.1811324,-0.12040142,-0.059670437,0.0010605454,0.061791528,0.12252251,0.1832535,0.24398448,0.30471545,0.36544645,0.4261774,0.4869084,0.54763937,0.60837036,0.66910136,0.72983235,0.7905633,0.8512943,0.9120253],"mean":-0.0345065,"std":0.3267981}
{"counts":[6,0,2,5,7,23,18,22,22,26,30,46,47,57,40,44,47,51,32,25,21,20,10,12,7,7,3,4,2,4],"wall_time":1.754109598385e9,"step":12,"max":0.9130139,"min":-0.9061512,"count":640,"bins":[-0.9061512,-0.84551233,-0.7848735,-0.72423464,-0.66359586,-0.602957,-0.54231817,-0.48167932,-0.4210405,-0.36040166,-0.29976282,-0.23912399,-0.17848516,-0.11784632,-0.057207484,0.00343135,0.06407019,0.12470902,0.18534786,0.24598669,0.30662552,0.36726436,0.4279032,0.48854202,0.54918087,0.6098197,0.67045856,0.73109734,0.7917362,0.85237503,0.9130139],"mean":-0.034666073,"std":0.3268015}
{"counts":[6,0,2,5,8,23,17,21,22,25,32,46,44,59,42,43,46,48,35,26,21,20,9,13,6,7,4,4,2,4],"wall_time":1.754109599524e9,"step":13,"max":0.91035366,"min":-0.90503633,"count":640,"bins":[-0.90503633,-0.8445233,-0.78401035,-0.72349733,-0.6629843,-0.60247135,-0.54195833,-0.48144534,-0.42093232,-0.36041933,-0.29990634,-0.23939334,-0.17888033,-0.11836734,-0.057854336,0.0026586652,0.06317166,0.12368467,0.18419766,0.24471067,0.30522367,0.36573666,0.42624965,0.48676267,0.54727566,0.6077887,0.66830164,0.72881466,0.7893277,0.84984064,0.91035366],"mean":-0.034534786,"std":0.3267623}
{"counts":[6,0,2,5,8,22,19,20,24,23,32,46,45,57,39,45,45,49,37,25,21,22,8,12,7,7,4,4,2,4],"wall_time":1.754109600601e9,"step":14,"max":0.9073374,"min":-0.9044691,"count":640,"bins":[-0.9044691,-0.8440755,-0.783682,-0.7232884,-0.66289485,-0.60250133,-0.54210776,-0.48171422,-0.42132068,-0.36092713,-0.30053356,-0.24014002,-0.17974648,-0.11935292,-0.058959372,0.0014341772,0.061827727,0.122221276,0.18261483,0.24300838,0.30340192,0.3637955,0.42418903,0.48458257,0.5449761,0.6053697,0.6657632,0.7261568,0.78655034,0.84694386,0.9073374],"mean":-0.034396596,