{"counts":[2,0,4,9,10,26,29,46,55,100,100,136,160,151,200,189,172,148,137,109,87,70,39,33,18,9,5,2,1,1],"wall_time":1.754109586134e9,"step":1,"max":0.4212607,"min":-0.4211576,"count":2048,"bins":[-0.4211576,-0.393077,-0.36499637,-0.33691576,-0.30883515,-0.28075454,-0.25267392,-0.22459333,-0.19651271,-0.1684321,-0.14035149,-0.112270884,-0.08419027,-0.056109663,-0.028029053,5.1558018e-5,0.028132169,0.05621278,0.08429339,0.112374,0.1404546,0.16853522,0.19661583,0.22469644,0.25277704,0.28085765,0.30893826,0.33701888,0.3650995,0.3931801,0.4212607],"mean":-0.0014247503,"std":0.124220826}
{"counts":[2,1,6,6,19,24,41,40,64,97,106,135,159,178,179,180,165,143,135,101,89,69,44,33,15,8,4,3,1,1],"wall_time":1.754109587298e9,"step":2,"max":0.4165458,"min":-0.41721928,"count":2048,"bins":[-0.41721928,-0.38942713,-0.36163494,-0.33384278,-0.3060506,-0.27825844,-0.25046626,-0.22267409,-0.19488193,-0.16708976,-0.13929759,-0.11150541,-0.08371325,-0.055921074,-0.028128905,-0.00033673644,0.027455432,0.0552476,0.083039775,0.11083194,0.13862412,0.16641629,0.19420846,0.22200061,0.24979278,0.27758497,0.30537713,0.3331693,0.36096147,0.38875365,0.4165458],"mean":-0.0059504155,"std":0.12544733}
{"counts":[2,3,5,10,25,29,34,49,69,97,120,132,154,177,184,167,159,144,125,112,81,67,44,28,13,9,5,2,1,1],"wall_time":1.754109588394e9,"step":3,"max":0.41505328,"min":-0.41378054,"count":2048,"bins":[-0.41378054,-0.38615274,-0.35852495,-0.33089715,-0.30326936,-0.27564156,-0.24801378,-0.22038598,-0.19275819,-0.16513039,-0.1375026,-0.10987481,-0.08224701,-0.05461922,-0.026991425,0.000636369,0.028264163,0.055891957,0.08351975,0.111147545,0.13877533,0.16640313,0.19403093,0.22165872,0.24928652,0.2769143,0.3045421,0.3321699,0.3597977,0.38742548,0.41505328],"mean":-0.009653579,"std":0.12668198}
{"counts":[3,4,4,13,30,34,30,57,75,87,127,127,173,158,186,159,156,140,123,111,86,61,44,27,14,9,6,2,1,1],"wall_time":1.754109589512e9,"step":4,"max":0.41121164,"min":-0.4104375,"count":2048,"bins":[-0.4104375,-0.3830492,-0.3556609,-0.32827258,-0.30088428,-0.27349597,-0.24610767,-0.21871936,-0.19133106,-0.16394275,-0.13655445,-0.109166145,-0.08177784,-0.054389536,-0.027001232,0.00038707256,0.027775377,0.05516368,0.082551986,0.10994029,0.1373286,0.1647169,0.1921052,0.21949351,0.24688181,0.27427012,0.30165842,0.32904673,0.35643503,0.38382334,0.41121164],"mean":-0.012615301,"std":0.12788415}
{"counts":[3,5,4,16,28,35,32,61,75,93,126,117,186,146,188,155,149,140,118,120,81,64,45,25,16,9,6,3,1,1],"wall_time":1.754109590581e9,"step":5,"max":0.4067817,"min":-0.40949854,"count":2048,"bins":[-0.40949854,-0.3822892,-0.35507986,-0.32787052,-0.30066118,-0.27345183,-0.2462425,-0.21903315,-0.19182381,-0.16461447,-0.13740513,-0.110195786,-0.082986444,-0.055777103,-0.028567761,-0.0013584197,0.025850922,0.053060263,0.080269605,0.10747895,0.13468829,0.16189763,0.18910697,0.21631631,0.24352565,0.270735,0.29794434,0.32515368,0.35236302,0.37957236,0.4067817],"mean":-0.015252359,"std":0.12890276}
{"counts":[3,5,7,14,32,31,33,59,74,84,126,114,186,146,173,170,139,146,112,128,83,68,44,29,20,9,8,3,1,1],"wall_time":1.754109591818e9,"step":6,"max":0.39932796,"min":-0.41136262,"count":2048,"bins":[-0.41136262,-0.3843396,-0.35731658,-0.33029357,-0.30327055,-0.27624753,-0.2492245,-0.22220148,-0.19517846,-0.16815545,-0.14113243,-0.114109404,-0.08708639,-0.060063366,-0.03304035,-0.0060173273,0.021005692,0.04802871,0.07505173,0.10207475,0.12909777,0.15612079,0.18314381,0.21016683,0.23718984,0.26421288,0.2912359,0.3182589,0.34528193,0.37230495,0.39932796],"mean":-0.01752626,"std":0.1297658}
{"counts":[3,4,4,17,32,28,35,56,71,81,122,119,178,154,168,168,140,149,123,125,80,72,47,30,19,11,8,3,0,1],"wall_time":1.754109592944e9,"step":7,"max":0.398804,"min":-0.41916627,"count":2048,"bins":[-0.41916627,-0.3919006,-0.3646349,-0.33736923,-0.31010357,-0.2828379,-0.2555722,-0.22830653,-0.20104086,-0.17377518,-0.14650951,-0.11924383,-0.091978155,-0.06471248,-0.037446804,-0.010181129,0.017084546,0.04435022,0.0716159,0.09888157,0.12614726,0.15341292,0.1806786,0.20794427,0.23520996,0.26247564,0.2897413,0.31700698,0.34427264,0.37153834,0.398804],"mean":-0.019418526,"std":0.13044612}
{"counts":[3,4,5,18,32,25,36,61,67,86,116,121,173,155,155,173,154,140,123,128,78,75,47,29,19,12,8,4,0,1],"wall_time":1.754109594019e9,"step":8,"max":0.39624384,"min":-0.42162395,"count":2048,"bins":[-0.42162395,-0.39436167,-0.36709943,-0.33983716,-0.3125749,-0.28531265,-0.25805038,-0.23078813,-0.20352587,-0.17626362,-0.14900135,-0.12173909,-0.094476834,-0.06721457,-0.03995231,-0.012690052,0.014572207,0.041834466,0.06909673,0.096358985,0.12362125,0.15088351,0.17814577,0.20540802,0.23267028,0.25993255,0.2871948,0.31445706,0.34171933,0.36898157,0.39624384],"mean":-0.021121707,"std":0.13110045}
{"counts":[4,3,8,17,36,27,45,54,69,90,124,116,180,152,158,169,153,132,122,129,78,66,44,31,18,11,6,5,0,1],"wall_time":1.754109595082e9,"step":9,"max":0.39850768,"min":-0.41841677,"count":2048,"bins":[-0.41841677,-0.39118594,-0.36395514,-0.3367243,-0.3094935,-0.28226268,-0.25503188,-0.22780107,-0.20057024,-0.17333943,-0.14610861,-0.118877806,-0.091646984,-0.06441617,-0.037185356,-0.009954542,0.017276274,0.04450709,0.0717379,0.09896872,0.12619953,0.15343034,0.18066116,0.20789199,0.2351228,0.2623536,0.28958443,0.31681523,0.34404606,0.37127686,0.39850768],"mean":-0.022134166,"std":0.13156044}
{"counts":[4,3,10,15,36,28,45,56,70,85,118,116,184,154,158,159,156,134,119,127,83,69,43,35,16,13,6,5,0,1],"wall_time":1.754109596217e9,"step":10,"max":0.39482987,"min":-0.41887766,"count":2048,"bins":[-0.41887766,-0.3917541,-0.3646305,-0.33750692,-0.31038332,-0.28325975,-0.25613615,-0.22901256,-0.201889,-0.17476541,-0.14764182,-0.12051823,-0.09339465,-0.06627107,-0.03914748,-0.012023896,0.015099688,0.04222327,0.06934686,0.09647044,0.12359402,0.15071762,0.1778412,0.20496477,0.23208836,0.25921196,0.28633553,0.31345913,0.3405827,0.3677063,0.39482987],"mean":-0.023328384,"std":0.13193963}
{"counts":[3,4,10,17,35,25,46,56,63,78,123,125,171,154,154,167,150,136,117,129,91,67,48,35,16,15,7,4,1,1],"wall_time":1.754109597289e9,"step":11,"max":0.3895372,"min":-0.42043385,"count":2048,"bins":[-0.42043385,-0.39343482,-0.36643577,-0.33943674,-0.3124377,-0.2854387,-0.25843963,-0.2314406,-0.20444158,-0.17744254,-0.15044351,-0.12344447,-0.096445434,-0.0694464,-0.042447366,-0.015448332,0.011550703,0.038549736,0.06554877,0.092547804,0.11954684,0.14654587,0.17354491,0.20054394,0.22754298,0.25454202,0.28154105,0.30854008,0.3355391,0.36253816,0.3895372],"mean":-0.024613766,"std":0.1324329}
{"counts":[4,3,10,20,33,27,46,54,68,79,114,128,172,147,158,159,151,144,111,133,91,69,45,34,20,15,6,5,1,1],"wall_time":1.754109598392e9,"step":12,"max":0.38730466,"min":-0.42042094,"count":2048,"bins":[-0.42042094,-0.39349675,-0.36657256,-0.3396484,-0.3127242,-0.2858,-0.25887582,-0.23195164,-0.20502745,-0.17810327,-0.15117908,-0.12425489,-0.097330704,-0.07040651,-0.043482326,-0.01655814,0.010366047,0.037290234,0.06421442,0.09113861,0.118062794,0.14498699,0.17191117,0.19883536,0.22575954,0.25268373,0.27960792,0.3065321,0.33345628,0.36038047,0.38730466],"mean":-0.025566902,"std":0.13284804}
{"counts":[5,5,8,21,33,27,49,52,72,79,116,127,171,144,165,156,155,138,116,126,87,71,48,30,20,14,6,5,1,1],"wall_time":1.754109599531e9,"step":13,"max":0.38895518,"min":-0.42091104,"count":2048,"bins":[-0.42091104,-0.3939155,-0.36691996,-0.33992442,-0.3129289,-0.28593335,-0.2589378,-0.23194227,-0.20494671,-0.17795117,-0.15095563,-0.1239601,-0.09696455,-0.06996901,-0.042973474,-0.015977934,0.011017607,0.03801315,0.065008685,0.09200423,0.11899977,0.1459953,0.17299084,0.1999864,0.22698194,0.25397748,0.28097302,0.30796856,0.3349641,0.36195964,0.38895518],"mean":-0.026576862,"std":0.13327248}
{"counts":[5,5,7,21,31,27,45,56,68,76,119,127,164,154,155,162,147,149,110,124,97,70,53,28,21,12,8,5,1,1],"wall_time":1.754109600603e9,"step":14,"max":0.38782117,"min":-0.4258338,"count":2048,