{"counts":[1,1,0,0,1,2,1,0,3,2,1,4,5,8,6,7,6,8,5,5,8,2,8,3,1,0,0,4,2,2],"wall_time":1.754109586147e9,"step":1,"max":0.3636885,"min":-0.49749196,"count":96,"bins":[-0.49749196,-0.46878594,-0.44007993,-0.4113739,-0.3826679,-0.35396188,-0.32525587,-0.29654986,-0.26784384,-0.23913781,-0.2104318,-0.18172579,-0.15301977,-0.12431376,-0.09560774,-0.06690173,-0.038195714,-0.009489698,0.019216318,0.04792233,0.07662835,0.105334364,0.13404037,0.1627464,0.19145241,0.22015843,0.24886444,0.27757046,0.30627647,0.33498248,0.3636885],"mean":-0.012032256,"std":0.17325363}
{"counts":[2,0,0,0,1,1,2,0,3,2,2,2,8,6,4,8,5,8,7,4,7,6,5,5,0,0,1,3,2,2],"wall_time":1.754109587325e9,"step":2,"max":0.3600806,"min":-0.49256298,"count":96,"bins":[-0.49256298,-0.46414152,-0.4357201,-0.40729862,-0.37887716,-0.3504557,-0.32203427,-0.2936128,-0.26519135,-0.2367699,-0.20834845,-0.179927,-0.15150554,-0.1230841,-0.094662644,-0.06624119,-0.037819736,-0.009398284,0.019023169,0.04744462,0.07586607,0.10428753,0.13270898,0.16113043,0.18955189,0.21797334,0.24639478,0.27481624,0.3032377,0.33165914,0.3600806],"mean":-0.009261745,"std":0.16895175}
{"counts":[2,0,0,0,1,0,3,0,1,3,3,1,7,7,3,8,7,6,8,4,7,7,4,6,0,0,2,2,2,2],"wall_time":1.754109588398e9,"step":3,"max":0.35264704,"min":-0.48965582,"count":96,"bins":[-0.48965582,-0.46157905,-0.4335023,-0.40542555,-0.37734878,-0.349272,-0.32119524,-0.29311848,-0.26504174,-0.23696497,-0.2088882,-0.18081143,-0.15273468,-0.124657914,-0.09658115,-0.06850439,-0.040427633,-0.012350869,0.015725892,0.043802656,0.07187942,0.09995618,0.12803294,0.1561097,0.18418646,0.21226323,0.24034,0.26841676,0.2964935,0.32457027,0.35264704],"mean":-0.007908229,"std":0.16549215}
{"counts":[2,0,0,0,0,1,3,0,1,3,3,1,6,5,5,8,6,6,9,3,8,8,4,6,0,0,1,4,1,2],"wall_time":1.754109589536e9,"step":4,"max":0.34161228,"min":-0.48566702,"count":96,"bins":[-0.48566702,-0.45809105,-0.43051508,-0.40293908,-0.3753631,-0.34778714,-0.32021117,-0.29263517,-0.2650592,-0.23748323,-0.20990725,-0.18233128,-0.1547553,-0.12717932,-0.09960335,-0.07202737,-0.044451393,-0.016875418,0.010700559,0.038276535,0.065852515,0.09342849,0.12100447,0.14858045,0.17615642,0.2037324,0.23130837,0.25888434,0.28646034,0.3140363,0.34161228],"mean":-0.0071498975,"std":0.16262047}
{"counts":[2,0,0,0,0,1,2,1,0,2,3,3,5,6,5,6,4,10,9,3,6,8,6,6,0,0,1,3,2,2],"wall_time":1.754109590585e9,"step":5,"max":0.33124676,"min":-0.48321578,"count":96,"bins":[-0.48321578,-0.45606703,-0.42891827,-0.40176952,-0.37462077,-0.347472,-0.32032326,-0.2931745,-0.26602578,-0.23887701,-0.21172826,-0.1845795,-0.15743077,-0.13028201,-0.10313326,-0.07598451,-0.048835758,-0.021687005,0.0054617464,0.0326105,0.059759248,0.086908,0.11405675,0.1412055,0.16835426,0.19550301,0.22265176,0.2498005,0.27694926,0.304098,0.33124676],"mean":-0.0066948947,"std":0.16027193}
{"counts":[2,0,0,0,0,1,2,1,0,2,4,2,5,7,4,6,4,8,10,4,6,9,5,6,0,0,1,4,1,2],"wall_time":1.754109591835e9,"step":6,"max":0.33155313,"min":-0.48166788,"count":96,"bins":[-0.48166788,-0.45456052,-0.42745313,-0.40034577,-0.3732384,-0.34613106,-0.31902367,-0.2919163,-0.26480895,-0.23770158,-0.2105942,-0.18348683,-0.15637948,-0.1292721,-0.10216474,-0.07505737,-0.047950007,-0.020842638,0.0062647285,0.033372097,0.060479462,0.08758683,0.11469419,0.14180157,0.16890892,0.1960163,0.22312367,0.25023103,0.2773384,0.30444577,0.33155313],"mean":-0.006286358,"std":0.15838428}
{"counts":[1,1,0,0,0,1,1,2,0,1,3,3,6,6,4,8,3,8,12,3,4,11,5,5,0,0,2,3,1,2],"wall_time":1.75410959297e9,"step":7,"max":0.33152047,"min":-0.4820838,"count":96,"bins":[-0.4820838,-0.45496365,-0.4278435,-0.40072337,-0.37360322,-0.34648308,-0.31936294,-0.2922428,-0.26512265,-0.23800252,-0.21088238,-0.18376224,-0.1566421,-0.12952195,-0.10240181,-0.075281665,-0.04816152,-0.02104138,0.006078762,0.033198904,0.060319047,0.08743919,0.11455933,0.14167947,0.16879961,0.19591975,0.2230399,0.25016004,0.27728018,0.30440032,0.33152047],"mean":-0.0061160387,"std":0.15649608}
{"counts":[1,1,0,0,0,1,2,1,0,2,1,5,5,5,6,7,3,9,8,6,4,8,7,5,1,0,2,3,1,2],"wall_time":1.754109594039e9,"step":8,"max":0.3246904,"min":-0.478834,"count":96,"bins":[-0.478834,-0.45204985,-0.4252657,-0.39848155,-0.37169743,-0.34491327,-0.31812912,-0.29134497,-0.26456082,-0.23777668,-0.21099253,-0.1842084,-0.15742424,-0.13064009,-0.103855945,-0.0770718,-0.050287653,-0.023503507,0.0032806396,0.030064786,0.056848932,0.08363308,0.110417224,0.13720137,0.16398552,0.19076967,0.21755381,0.24433796,0.2711221,0.29790625,0.3246904],"mean":-0.005904164,"std":0.1550828}
{"counts":[1,1,0,0,0,2,1,1,0,2,1,4,5,4,8,5,5,8,6,8,4,8,8,5,1,0,1,4,1,2],"wall_time":1.75410959509e9,"step":9,"max":0.31948066,"min":-0.4770628,"count":96,"bins":[-0.4770628,-0.45051134,-0.42395988,-0.39740846,-0.370857,-0.34430555,-0.3177541,-0.29120266,-0.2646512,-0.23809975,-0.21154831,-0.18499686,-0.15844542,-0.13189396,-0.105342515,-0.07879107,-0.05223962,-0.02568817,0.00086327794,0.027414726,0.053966176,0.08051762,0.10706907,0.13362052,0.16017197,0.18672341,0.21327487,0.2398263,0.26637775,0.2929292,0.31948066],"mean":-0.0057514887,"std":0.15401503}
{"counts":[1,1,0,0,0,2,1,1,0,2,1,4,5,6,6,6,4,9,6,7,4,7,9,5,1,0,1,4,1,2],"wall_time":1.754109596225e9,"step":10,"max":0.31832775,"min":-0.46891317,"count":96,"bins":[-0.46891317,-0.4426718,-0.41643044,-0.39018908,-0.36394772,-0.33770636,-0.311465,-0.28522363,-0.25898224,-0.2327409,-0.20649953,-0.18025817,-0.1540168,-0.12777543,-0.10153407,-0.07529271,-0.04905134,-0.022809979,0.0034313858,0.02967275,0.055914115,0.08215548,0.10839684,0.1346382,0.16087957,0.18712093,0.21336229,0.23960367,0.26584503,0.2920864,0.31832775],"mean":-0.0055223852,"std":0.15270895}
{"counts":[1,1,0,0,0,2,1,1,0,2,1,3,7,7,4,6,4,7,8,8,3,7,9,5,1,0,1,4,1,2],"wall_time":1.754109597302e9,"step":11,"max":0.3164201,"min":-0.46570098,"count":96,"bins":[-0.46570098,-0.43963027,-0.4135596,-0.38748887,-0.36141816,-0.33534747,-0.30927676,-0.28320608,-0.25713536,-0.23106466,-0.20499395,-0.17892325,-0.15285255,-0.12678185,-0.100711145,-0.07464044,-0.048569735,-0.022499032,0.0035716712,0.029642375,0.055713076,0.08178378,0.107854486,0.13392518,0.15999588,0.1860666,0.2121373,0.238208,0.2642787,0.2903494,0.3164201],"mean":-0.005331311,"std":0.15142244}
{"counts":[1,1,0,0,0,2,1,1,0,2,1,2,8,7,3,7,4,7,7,9,3,6,11,4,1,0,2,3,1,2],"wall_time":1.754109598404e9,"step":12,"max":0.3150657,"min":-0.46841007,"count":96,"bins":[-0.46841007,-0.4422942,-0.41617835,-0.39006248,-0.36394665,-0.33783078,-0.31171492,-0.28559905,-0.2594832,-0.23336734,-0.20725147,-0.18113562,-0.15501976,-0.1289039,-0.10278804,-0.07667218,-0.05055632,-0.024440462,0.0016753972,0.027791256,0.053907115,0.080022976,0.10613883,0.13225469,0.15837055,0.18448642,0.21060227,0.23671813,0.26283398,0.28894985,0.3150657],"mean":-0.005277068,"std":0.15057744}
{"counts":[1,1,0,0,0,1,2,1,0,2,1,3,6,8,3,6,5,7,8,7,5,6,10,4,1,0,2,3,1,2],"wall_time":1.754109599535e9,"step":13,"max":0.31514198,"min":-0.46550575,"count":96,"bins":[-0.46550575,-0.43948415,-0.41346258,-0.38744098,-0.36141938,-0.3353978,-0.3093762,-0.2833546,-0.257333,-0.23131143,-0.20528984,-0.17926826,-0.15324666,-0.12722507,-0.10120348,-0.07518189,-0.049160294,-0.023138706,0.002882886,0.028904477,0.054926068,0.08094766,0.10696925,0.13299084,0.15901244,0.18503402,0.2110556,0.2370772,0.2630988,0.28912038,0.31514198],"mean":-0.005118833,"std":0.14972833}
{"counts":[1,1,0,0,0,2,1,1,0,2,1,4,6,7,4,6,5,7,7,6,7,8,7,4,1,0,3,3,0,2],"wall_time":1.754109600609e9,"step":14,"max":0.31762925,"min":-0.4622376,"count":96,"bins":[-0.4622376,-0.43624204,-0.41024646,-0.3842509,-0.35825536,-0.3322598,-0.30626422,-0.28026867,-0.25427312,-0.22827755,-0.20228198,-0.17628641,-0.15029086,-0.124295294,-0.098299734,-0.072304174,-0.046308614,-0.02031305,0.0056825103,0.031678073,0.057673633,0.08366919,0.10966475,0.13566032,0.16165587,0.18765144,0.21364701,0.23964256,0.2656381,0.2916337,0.31762925],"mean":-0.004930067,"std":0.14901055}
{"counts":[1,1,0,0,0,1,2,1,0,1,2,3,7,6,4,6,4,10,3,9,7,6,9,4,1,0,3,3,0,2],"wall_time":1.754109601797e9,"step":15,"max":0.314814,"min":-0.46240625,