{"counts":[1,6,4,2,3,1,0,1,1,1,0,0,2,0,1,0,0,1,0,0,1,0,0,0,1,3,1,0,1,1],"wall_time":1.75410958614e9,"step":1,"max":1.0234108,"min":0.9767796,"count":32,"bins":[0.9767796,0.97833395,0.9798883,0.9814427,0.98299706,0.9845514,0.9861058,0.98766017,0.9892146,0.99076897,0.99232334,0.9938777,0.9954321,0.99698645,0.9985408,1.0000952,1.0016496,1.003204,1.0047584,1.0063127,1.0078671,1.0094215,1.0109758,1.0125302,1.0140846,1.015639,1.0171933,1.0187477,1.020302,1.0218564,1.0234108],"mean":0.9929983,"std":0.015576576}
{"counts":[5,2,3,2,4,1,1,0,2,0,1,0,1,0,1,1,0,0,1,0,0,0,0,2,2,2,0,0,0,1],"wall_time":1.754109587317e9,"step":2,"max":1.0460219,"min":0.9585577,"count":32,"bins":[0.9585577,0.9614732,0.96438867,0.96730417,0.9702196,0.9731351,0.97605056,0.97896606,0.9818815,0.984797,0.98771244,0.99062794,0.9935434,0.9964589,0.99937433,1.0022899,1.0052053,1.0081208,1.0110363,1.0139518,1.0168672,1.0197827,1.0226982,1.0256137,1.028529,1.0314445,1.03436,1.0372756,1.0401909,1.0431064,1.0460219],"mean":0.98740065,"std":0.028047021}
{"counts":[2,0,4,3,5,1,0,2,1,0,2,1,0,1,1,0,1,0,1,0,0,1,0,3,0,0,1,1,0,1],"wall_time":1.754109588396e9,"step":3,"max":1.0570616,"min":0.94046557,"count":32,"bins":[0.94046557,0.9443521,0.9482386,0.9521252,0.9560117,0.95989823,0.96378475,0.9676713,0.97155786,0.9754444,0.9793309,0.9832174,0.98710394,0.9909905,0.99487704,0.99876356,1.0026501,1.0065366,1.0104232,1.0143096,1.0181962,1.0220828,1.0259693,1.0298558,1.0337423,1.0376289,1.0415155,1.0454019,1.0492885,1.053175,1.0570616],"mean":0.9820315,"std":0.03481435}
{"counts":[1,2,0,3,5,4,1,0,0,2,0,1,2,1,0,0,2,0,1,1,0,1,1,1,0,1,1,0,0,1],"wall_time":1.754109589529e9,"step":4,"max":1.065879,"min":0.92523086,"count":32,"bins":[0.92523086,0.9299191,0.9346074,0.93929565,0.943984,0.94867224,0.9533605,0.95804876,0.962737,0.9674253,0.97211355,0.9768018,0.98149014,0.9861784,0.99086666,0.9955549,1.0002432,1.0049314,1.0096197,1.014308,1.0189962,1.0236845,1.0283728,1.0330611,1.0377494,1.0424377,1.0471259,1.0518142,1.0565025,1.0611907,1.065879],"mean":0.9774881,"std":0.039708223}
{"counts":[1,1,1,0,1,7,4,1,0,0,1,1,1,1,2,0,0,2,1,1,0,0,2,1,0,1,0,0,1,1],"wall_time":1.754109590583e9,"step":5,"max":1.0662829,"min":0.9113607,"count":32,"bins":[0.9113607,0.91652477,0.92168885,0.9268529,0.93201697,0.93718106,0.94234514,0.94750917,0.95267326,0.95783734,0.96300143,0.96816546,0.97332954,0.97849363,0.9836577,0.9888218,0.99398583,0.9991499,1.004314,1.0094781,1.0146421,1.0198063,1.0249703,1.0301343,1.0352985,1.0404625,1.0456265,1.0507907,1.0559547,1.0611188,1.0662829],"mean":0.9731674,"std":0.04259704}
{"counts":[1,0,2,0,0,0,6,5,2,0,0,2,0,1,1,2,0,1,1,2,0,0,2,0,1,0,1,0,0,2],"wall_time":1.754109591828e9,"step":6,"max":1.0625832,"min":0.8993436,"count":32,"bins":[0.8993436,0.9047849,0.9102262,0.9156676,0.9211089,0.9265502,0.9319915,0.9374328,0.9428742,0.9483155,0.9537568,0.9591981,0.9646394,0.9700808,0.9755221,0.9809634,0.9864047,0.991846,0.9972874,1.0027287,1.00817,1.0136113,1.0190526,1.0244939,1.0299352,1.0353767,1.040818,1.0462593,1.0517006,1.0571419,1.0625832],"mean":0.969669,"std":0.04443142}
{"counts":[1,0,2,0,0,0,1,4,4,3,1,0,2,0,1,1,2,0,2,2,0,0,1,1,0,2,0,0,0,2],"wall_time":1.754109592963e9,"step":7,"max":1.0570967,"min":0.8898837,"count":32,"bins":[0.8898837,0.89545745,0.90103126,0.906605,0.91217875,0.91775256,0.9233263,0.92890006,0.9344738,0.9400476,0.9456214,0.9511951,0.95676893,0.9623427,0.9679164,0.97349024,0.979064,0.98463774,0.9902115,0.9957853,1.0013591,1.0069329,1.0125066,1.0180804,1.0236541,1.0292279,1.0348016,1.0403755,1.0459492,1.051523,1.0570967],"mean":0.96580166,"std":0.044104822}
{"counts":[1,0,1,1,0,0,0,2,3,4,3,1,0,0,2,1,1,2,0,2,2,0,1,1,0,0,2,0,0,2],"wall_time":1.754109594033e9,"step":8,"max":1.0519722,"min":0.8800037,"count":32,"bins":[0.8800037,0.885736,0.8914682,0.8972005,0.9029328,0.9086651,0.91439736,0.92012966,0.92586195,0.93159425,0.9373265,0.9430588,0.9487911,0.9545234,0.9602556,0.9659879,0.9717202,0.97745246,0.98318475,0.98891705,0.99464935,1.0003816,1.0061139,1.0118462,1.0175785,1.0233108,1.0290431,1.0347753,1.0405076,1.0462399,1.0519722],"mean":0.9628007,"std":0.04489666}
{"counts":[1,0,1,1,0,0,1,0,2,5,3,2,0,0,1,3,0,1,2,1,0,2,1,1,0,0,1,1,0,2],"wall_time":1.754109595085e9,"step":9,"max":1.0510018,"min":0.87442136,"count":32,"bins":[0.87442136,0.8803074,0.8861934,0.8920794,0.89796543,0.90385145,0.90973747,0.9156235,0.92150944,0.92739546,0.9332815,0.9391675,0.9450535,0.95093954,0.95682555,0.9627116,0.9685976,0.9744836,0.9803696,0.98625565,0.99214166,0.9980277,1.0039136,1.0097997,1.0156857,1.0215718,1.0274577,1.0333438,1.0392298,1.0451158,1.0510018],"mean":0.96044815,"std":0.045601387}
{"counts":[1,0,2,0,0,0,1,0,2,4,4,2,0,0,2,2,0,2,1,1,1,2,1,0,0,1,0,0,1,2],"wall_time":1.754109596221e9,"step":10,"max":1.0520128,"min":0.870822,"count":32,"bins":[0.870822,0.8768617,0.8829014,0.8889411,0.8949808,0.90102047,0.90706015,0.9130999,0.91913956,0.92517924,0.9312189,0.93725866,0.94329834,0.949338,0.9553777,0.96141744,0.9674571,0.9734968,0.9795365,0.98557615,0.9916159,0.9976556,1.0036952,1.009735,1.0157746,1.0218143,1.0278541,1.0338937,1.0399334,1.0459731,1.0520128],"mean":0.9583204,"std":0.04668145}
{"counts":[1,0,2,0,0,0,0,1,3,3,3,2,0,1,1,3,1,1,0,2,1,2,1,0,0,1,0,0,1,2],"wall_time":1.754109597297e9,"step":11,"max":1.0500171,"min":0.8654587,"count":32,"bins":[0.8654587,0.8716107,0.8777626,0.8839146,0.8900665,0.8962185,0.9023704,0.90852237,0.9146743,0.92082626,0.9269782,0.93313015,0.93928206,0.94543403,0.95158595,0.9577379,0.9638899,0.9700418,0.9761938,0.9823457,0.9884977,0.9946496,1.0008016,1.0069535,1.0131054,1.0192574,1.0254093,1.0315613,1.0377132,1.0438652,1.0500171],"mean":0.9558876,"std":0.047466163}
{"counts":[1,0,2,0,0,0,0,2,1,1,6,1,1,1,0,2,2,2,0,3,0,1,2,0,1,0,0,1,0,2],"wall_time":1.754109598398e9,"step":12,"max":1.050013,"min":0.8597555,"count":32,"bins":[0.8597555,0.86609745,0.8724393,0.87878126,0.8851232,0.89146507,0.897807,0.90414894,0.9104908,0.91683275,0.9231747,0.92951655,0.9358585,0.9422004,0.9485423,0.95488423,0.96122617,0.96756804,0.97391,0.9802519,0.9865938,0.9929357,0.99927765,1.0056195,1.0119615,1.0183034,1.0246453,1.0309873,1.0373291,1.043671,1.050013],"mean":0.9538819,"std":0.047644503}
{"counts":[1,0,1,1,0,0,0,0,2,2,3,5,0,0,1,0,4,2,1,1,2,1,1,0,1,0,0,1,1,1],"wall_time":1.754109599533e9,"step":13,"max":1.0500032,"min":0.85394824,"count":32,"bins":[0.85394824,0.8604834,0.8670186,0.87355375,0.88008887,0.88662404,0.8931592,0.8996944,0.90622956,0.9127647,0.9192999,0.9258351,0.9323702,0.93890536,0.94544053,0.9519757,0.9585109,0.96504605,0.9715812,0.97811633,0.9846515,0.9911867,0.99772185,1.004257,1.0107921,1.0173273,1.0238625,1.0303977,1.0369328,1.043468,1.0500032],"mean":0.9520782,"std":0.04795888}
{"counts":[1,0,1,1,0,0,0,0,1,3,2,6,0,0,1,0,4,1,2,1,3,0,1,0,1,0,0,1,1,1],"wall_time":1.754109600607e9,"step":14,"max":1.0515426,"min":0.84910214,"count":32,"bins":[0.84910214,0.85585016,0.8625982,0.8693462,0.8760942,0.88284224,0.88959026,0.8963383,0.90308625,0.90983427,0.9165823,0.9233303,0.9300783,0.93682635,0.94357437,0.9503224,0.9570704,0.96381843,0.97056645,0.9773145,0.9840625,0.9908105,0.99755853,1.0043066,1.0110545,1.0178026,1.0245506,1.0312986,1.0380466,1.0447947,1.0515426],"mean":0.95040417,"std":0.048889562}
{"counts":[1,0,1,1,0,0,0,0,1,3,2,6,0,1,0,0,4,1,2,1,3,0,1,0,1,0,0,1,1,1],"wall_time":1.754109601795e9,"step":15,"max":1.0519501,"min":0.844605,"count":32,"bins":[0.844605,0.85151654,0.85842806,0.8653395,0.87225103,0.87916255,0.88607407,0.8929855,0.89989704,0.90680856,0.9137201,0.9206315,0.92754304,0.93445456,0.9413661,0.9482776,0.95518905,0.96210057,0.9690121,0.9759236,0.98283505,0.9897466,0.9966581,1.0035696,1.0104811,1.0173926,1.024304,1.0312155,1.0381271,1.0450386,1.0519501],"mean":0.9483661,"std":0.04983528}
{"counts":[1,0,1,1,0,0,0,0,1,3,2,4,2,1,0,0,2,3,2,2,2,0,1,0,1,0,0,1,1,1],"wall_time":1.754109602917e9,"step":16,"max":1.0513059,"min":0.8401386,"count":32,