{"counts":[1,2,3,4,2,4,3,1,1,1,1,4,4,0,3,2,4,0,0,3,1,1,3,0,1,3,4,4,2,2],"wall_time":1.754109586049e9,"step":1,"max":0.021020854,"min":-0.018458018,"count":64,"bins":[-0.018458018,-0.017142056,-0.015826093,-0.0145101305,-0.013194169,-0.011878206,-0.010562244,-0.009246281,-0.007930319,-0.0066143563,-0.0052983942,-0.0039824317,-0.0026664692,-0.0013505069,-3.4544493e-5,0.0012814179,0.0025973802,0.0039133425,0.005229305,0.0065452675,0.00786123,0.009177192,0.010493155,0.011809117,0.01312508,0.014441042,0.015757004,0.017072966,0.018388929,0.019704891,0.021020854],"mean":0.001074952,"std":0.012029602}
{"counts":[2,0,3,2,1,2,3,3,1,1,4,1,3,3,3,0,5,2,3,1,2,1,1,1,2,3,4,2,3,2],"wall_time":1.754109587291e9,"step":2,"max":0.042236775,"min":-0.034761183,"count":64,"bins":[-0.034761183,-0.032194585,-0.029627986,-0.027061388,-0.024494788,-0.02192819,-0.019361591,-0.016794993,-0.014228394,-0.011661796,-0.009095197,-0.0065285983,-0.003962,-0.0013954011,0.0011711975,0.003737796,0.006304395,0.008870994,0.011437592,0.01400419,0.01657079,0.019137388,0.021703986,0.024270585,0.026837183,0.029403782,0.03197038,0.03453698,0.03710358,0.039670177,0.042236775],"mean":0.0052634636,"std":0.02212727}
{"counts":[1,0,1,2,2,2,1,3,2,1,1,4,4,2,3,4,1,1,3,1,5,1,3,1,3,5,1,1,2,3],"wall_time":1.754109588392e9,"step":3,"max":0.062615275,"min":-0.049912106,"count":64,"bins":[-0.049912106,-0.046161193,-0.04241028,-0.038659368,-0.034908455,-0.031157542,-0.02740663,-0.023655716,-0.019904805,-0.016153893,-0.012402979,-0.008652066,-0.0049011535,-0.0011502409,0.002600672,0.0063515846,0.010102497,0.01385341,0.017604323,0.021355236,0.025106149,0.028857062,0.032607973,0.036358885,0.0401098,0.04386071,0.047611624,0.051362537,0.05511345,0.058864363,0.062615275],"mean":0.011626109,"std":0.02978361}
{"counts":[1,0,0,3,1,1,3,1,3,2,1,1,1,4,4,5,4,0,1,1,2,6,2,4,4,2,2,2,1,2],"wall_time":1.754109589502e9,"step":4,"max":0.08181408,"min":-0.059057012,"count":64,"bins":[-0.059057012,-0.05436131,-0.049665608,-0.0449699,-0.0402742,-0.035578497,-0.030882794,-0.02618709,-0.021491388,-0.016795684,-0.012099981,-0.007404278,-0.0027085752,0.001987128,0.006682831,0.011378534,0.016074236,0.02076994,0.025465643,0.030161347,0.03485705,0.039552752,0.044248454,0.04894416,0.053639863,0.058335565,0.06303127,0.06772697,0.072422676,0.077118374,0.08181408],"mean":0.019398157,"std":0.035835966}
{"counts":[1,0,1,3,2,0,2,2,3,1,1,1,1,3,5,3,4,2,1,0,2,4,7,3,4,1,2,3,0,2],"wall_time":1.754109590576e9,"step":5,"max":0.09469692,"min":-0.060864322,"count":64,"bins":[-0.060864322,-0.05567895,-0.050493572,-0.0453082,-0.040122822,-0.03493745,-0.029752074,-0.024566699,-0.019381326,-0.014195951,-0.009010576,-0.0038252012,0.0013601736,0.0065455483,0.011730922,0.016916297,0.022101672,0.027287047,0.03247242,0.037657797,0.04284317,0.048028544,0.05321392,0.058399294,0.06358467,0.06877004,0.07395542,0.07914079,0.08432617,0.08951154,0.09469692],"mean":0.026123535,"std":0.04030261}
{"counts":[1,0,1,3,1,1,1,4,2,1,0,1,2,2,2,4,6,2,1,1,1,4,7,3,4,0,3,4,0,2],"wall_time":1.754109591808e9,"step":6,"max":0.103651755,"min":-0.063380495,"count":64,"bins":[-0.063380495,-0.057812754,-0.05224501,-0.04667727,-0.04110953,-0.035541788,-0.029974045,-0.024406303,-0.018838562,-0.01327082,-0.0077030784,-0.0021353366,0.003432405,0.009000147,0.014567888,0.02013563,0.025703372,0.031271115,0.036838856,0.042406596,0.047974337,0.05354208,0.059109822,0.06467757,0.0702453,0.07581305,0.081380785,0.08694853,0.09251627,0.09808401,0.103651755],"mean":0.032219213,"std":0.043510493}
{"counts":[2,0,2,2,0,0,2,5,1,1,0,0,4,1,1,3,5,2,3,2,0,4,5,5,4,1,3,3,1,2],"wall_time":1.754109592929e9,"step":7,"max":0.11105397,"min":-0.06250752,"count":64,"bins":[-0.06250752,-0.056722134,-0.05093675,-0.045151368,-0.039365984,-0.0335806,-0.02779522,-0.022009837,-0.016224453,-0.01043907,-0.004653687,0.0011316958,0.006917079,0.012702462,0.018487845,0.024273228,0.030058611,0.035843994,0.041629378,0.04741476,0.053200144,0.058985528,0.06477091,0.07055629,0.076341674,0.08212706,0.08791244,0.09369782,0.09948321,0.10526859,0.11105397],"mean":0.03721538,"std":0.046382807}
{"counts":[2,1,1,2,0,2,1,3,2,1,0,0,3,2,2,3,3,2,3,3,0,5,6,5,2,2,2,2,2,2],"wall_time":1.754109594002e9,"step":8,"max":0.12040935,"min":-0.06295179,"count":64,"bins":[-0.06295179,-0.05683975,-0.050727714,-0.044615675,-0.038503636,-0.0323916,-0.026279561,-0.020167524,-0.014055486,-0.007943448,-0.0018314099,0.004280628,0.010392666,0.016504703,0.022616742,0.02872878,0.03484082,0.040952854,0.047064893,0.053176932,0.059288967,0.065401,0.07151304,0.07762508,0.08373712,0.08984916,0.0959612,0.10207323,0.10818527,0.11429731,0.12040935],"mean":0.042360235,"std":0.04922217}
{"counts":[2,1,3,0,0,2,1,2,4,0,0,1,2,2,3,1,3,2,3,3,2,3,7,5,1,3,2,2,1,3],"wall_time":1.75410959508e9,"step":9,"max":0.12552916,"min":-0.062008243,"count":64,"bins":[-0.062008243,-0.055756997,-0.04950575,-0.043254502,-0.037003256,-0.03075201,-0.024500763,-0.018249517,-0.011998271,-0.0057470235,0.000504223,0.00675547,0.013006716,0.019257963,0.02550921,0.031760454,0.038011704,0.04426295,0.050514195,0.05676544,0.06301669,0.069267936,0.07551918,0.08177043,0.08802167,0.09427292,0.10052417,0.10677542,0.11302666,0.11927791,0.12552916],"mean":0.045688935,"std":0.050965946}
{"counts":[2,1,3,0,0,2,2,2,3,0,0,0,3,2,2,2,3,1,2,3,3,6,6,2,3,3,1,3,0,4],"wall_time":1.754109596193e9,"step":10,"max":0.12891403,"min":-0.062641,"count":64,"bins":[-0.062641,-0.056255836,-0.049870666,-0.0434855,-0.03710033,-0.030715164,-0.024329996,-0.017944828,-0.011559661,-0.005174493,0.0012106746,0.0075958422,0.01398101,0.020366177,0.026751345,0.033136513,0.03952168,0.04590685,0.052292015,0.058677185,0.06506235,0.07144752,0.077832684,0.084217854,0.090603024,0.09698819,0.103373356,0.109758526,0.116143696,0.12252886,0.12891403],"mean":0.04831008,"std":0.052637022}
{"counts":[1,1,2,2,0,0,3,2,1,3,0,0,1,4,1,1,2,3,2,3,2,8,5,3,3,3,1,2,1,4],"wall_time":1.754109597275e9,"step":11,"max":0.13442428,"min":-0.06887757,"count":64,"bins":[-0.06887757,-0.062100843,-0.055324115,-0.048547383,-0.041770656,-0.034993928,-0.0282172,-0.02144047,-0.014663743,-0.007887014,-0.0011102855,0.005666443,0.012443172,0.0192199,0.02599663,0.032773357,0.039550085,0.046326812,0.053103544,0.05988027,0.066657,0.07343373,0.080210455,0.08698718,0.09376391,0.100540645,0.10731737,0.1140941,0.12087083,0.12764755,0.13442428],"mean":0.051896468,"std":0.054592773}
{"counts":[1,2,1,2,0,0,1,3,3,2,0,1,0,3,2,1,1,4,1,4,1,10,4,4,2,3,3,0,1,4],"wall_time":1.754109598386e9,"step":12,"max":0.14058062,"min":-0.07079554,"count":64,"bins":[-0.07079554,-0.06374967,-0.0567038,-0.049657926,-0.042612053,-0.03556618,-0.02852031,-0.021474438,-0.014428565,-0.0073826932,-0.00033682087,0.0067090513,0.013754924,0.020800795,0.027846668,0.03489254,0.041938413,0.048984285,0.056030158,0.06307603,0.0701219,0.07716777,0.084213644,0.09125952,0.09830539,0.10535126,0.112397134,0.11944301,0.12648888,0.13353476,0.14058062],"mean":0.05473974,"std":0.056306772}
{"counts":[1,0,3,2,0,0,1,3,2,3,0,1,0,3,1,2,3,1,2,3,2,10,4,4,2,3,3,0,1,4],"wall_time":1.754109599526e9,"step":13,"max":0.14692971,"min":-0.07360062,"count":64,"bins":[-0.07360062,-0.06624961,-0.058898598,-0.051547587,-0.044196576,-0.036845565,-0.029494554,-0.022143543,-0.014792532,-0.0074415207,-9.050965e-5,0.0072605014,0.014611512,0.021962523,0.029313534,0.036664546,0.044015557,0.051366568,0.05871758,0.06606859,0.0734196,0.08077061,0.08812162,0.095472634,0.102823645,0.110174656,0.11752567,0.12487668,0.13222769,0.1395787,0.14692971],"mean":0.057420854,"std":0.058024563}
{"counts":[1,3,1,1,0,1,2,2,2,2,0,1,1,2,3,1,3,0,2,3,8,6,3,4,4,1,2,0,3,2],"wall_time":1.754109600602e9,"step":14,"max":0.1550429,"min":-0.07007601,"count":64,