{"counts":[8,5,1,2,1,0,0,0,2,1,1,0,0,0,0,1,1,0,0,0,0,1,0,2,0,0,3,1,1,1],"wall_time":1.754109586143e9,"step":1,"max":0.023512647,"min":-0.021297408,"count":32,"bins":[-0.021297408,-0.01980374,-0.018310072,-0.016816404,-0.015322735,-0.0138290655,-0.012335397,-0.010841729,-0.00934806,-0.007854392,-0.006360723,-0.004867055,-0.0033733863,-0.0018797178,-0.00038604936,0.0011076191,0.0026012876,0.004094956,0.0055886246,0.0070822933,0.008575962,0.01006963,0.011563298,0.013056967,0.014550636,0.016044304,0.017537972,0.01903164,0.02052531,0.022018978,0.023512647],"mean":-0.006124597,"std":0.01645496}
{"counts":[2,6,5,0,1,2,2,1,0,0,0,2,1,0,0,0,1,0,1,1,0,0,0,0,0,3,2,0,1,1],"wall_time":1.75410958732e9,"step":2,"max":0.04742574,"min":-0.042011075,"count":32,"bins":[-0.042011075,-0.039029848,-0.03604862,-0.033067394,-0.030086165,-0.027104938,-0.024123712,-0.021142485,-0.018161258,-0.015180031,-0.012198803,-0.009217576,-0.006236349,-0.0032551219,-0.00027389478,0.0027073324,0.0056885597,0.008669787,0.011651014,0.014632241,0.017613469,0.020594696,0.023575922,0.02655715,0.029538376,0.032519605,0.035500832,0.03848206,0.041463286,0.044444513,0.04742574],"mean":-0.010874643,"std":0.030293558}
{"counts":[2,1,4,3,4,0,1,2,0,2,2,0,0,1,0,1,1,0,0,1,0,0,1,1,0,2,1,1,0,1],"wall_time":1.754109588396e9,"step":3,"max":0.0666144,"min":-0.05990179,"count":32,"bins":[-0.05990179,-0.05568458,-0.051467378,-0.04725017,-0.043032963,-0.03881576,-0.03459855,-0.030381346,-0.026164139,-0.021946933,-0.017729728,-0.013512521,-0.009295315,-0.0050781085,-0.0008609022,0.003356304,0.00757351,0.011790716,0.016007923,0.020225128,0.024442336,0.028659541,0.03287675,0.037093952,0.04131116,0.045528367,0.04974557,0.05396278,0.058179986,0.06239719,0.0666144],"mean":-0.014242454,"std":0.039678056}
{"counts":[1,2,2,2,5,3,0,0,2,1,0,1,2,0,1,1,0,0,1,0,0,1,1,1,0,2,1,1,0,1],"wall_time":1.754109589534e9,"step":4,"max":0.07979374,"min":-0.075085476,"count":32,"bins":[-0.075085476,-0.069922835,-0.06476019,-0.059597556,-0.054434914,-0.049272273,-0.044109635,-0.038946994,-0.033784352,-0.028621713,-0.023459071,-0.018296432,-0.013133791,-0.007971151,-0.0028085103,0.0023541301,0.0075167706,0.012679411,0.01784205,0.023004692,0.028167332,0.03332997,0.038492613,0.043655254,0.048817895,0.053980533,0.059143174,0.06430581,0.06946845,0.074631095,0.07979374],"mean":-0.016381755,"std":0.04745771}
{"counts":[2,1,0,4,2,6,0,0,1,0,2,0,1,1,2,1,0,0,0,1,0,2,0,1,1,0,1,2,0,1],"wall_time":1.754109590583e9,"step":5,"max":0.08306578,"min":-0.08553976,"count":32,"bins":[-0.08553976,-0.07991958,-0.07429939,-0.068679206,-0.06305902,-0.057438836,-0.05181865,-0.046198465,-0.040578283,-0.034958098,-0.029337913,-0.023717728,-0.018097544,-0.012477359,-0.0068571744,-0.0012369901,0.0043831943,0.010003379,0.015623564,0.021243747,0.026863933,0.032484118,0.038104303,0.043724485,0.04934467,0.054964855,0.06058504,0.066205226,0.07182541,0.0774456,0.08306578],"mean":-0.019306049,"std":0.051133916}
{"counts":[1,2,0,3,1,5,3,0,1,0,2,0,0,1,2,1,1,0,0,1,0,1,1,1,1,0,1,0,2,1],"wall_time":1.754109591833e9,"step":6,"max":0.08208653,"min":-0.09356046,"count":32,"bins":[-0.09356046,-0.08770556,-0.081850655,-0.07599576,-0.07014086,-0.06428596,-0.05843106,-0.05257616,-0.04672126,-0.04086636,-0.03501146,-0.02915656,-0.023301661,-0.017446762,-0.011591862,-0.005736962,0.00011793772,0.0059728376,0.011827737,0.017682636,0.023537537,0.029392436,0.035247337,0.041102234,0.046957135,0.052812036,0.058666933,0.064521834,0.07037673,0.076231636,0.08208653],"mean":-0.02142736,"std":0.053858407}
{"counts":[2,1,0,1,3,0,7,0,2,0,1,1,0,1,0,2,2,0,0,0,2,0,0,2,1,0,1,2,0,1],"wall_time":1.754109592967e9,"step":7,"max":0.08190328,"min":-0.100940034,"count":32,"bins":[-0.100940034,-0.09484526,-0.08875048,-0.082655706,-0.07656092,-0.070466146,-0.06437137,-0.058276594,-0.052181818,-0.04608704,-0.03999226,-0.033897486,-0.02780271,-0.021707932,-0.0156131545,-0.0095183775,-0.0034236005,0.0026711768,0.008765954,0.014860731,0.020955509,0.027050285,0.033145063,0.03923984,0.045334615,0.051429395,0.05752417,0.06361895,0.06971373,0.0758085,0.08190328],"mean":-0.023939839,"std":0.054620914}
{"counts":[1,2,0,0,3,1,5,2,1,1,0,1,1,1,0,3,1,0,0,0,2,0,0,2,1,0,1,2,0,1],"wall_time":1.754109594036e9,"step":8,"max":0.084575884,"min":-0.10890328,"count":32,"bins":[-0.10890328,-0.10245398,-0.09600467,-0.08955537,-0.083106056,-0.07665675,-0.07020745,-0.06375814,-0.057308838,-0.050859533,-0.044410225,-0.03796092,-0.031511616,-0.02506231,-0.018613005,-0.012163699,-0.005714393,0.00073491235,0.0071842177,0.013633523,0.02008283,0.026532134,0.03298144,0.039430745,0.04588005,0.052329358,0.058778662,0.06522797,0.071677275,0.07812658,0.084575884],"mean":-0.026130121,"std":0.05654941}
{"counts":[2,1,0,0,4,1,2,4,2,0,0,1,1,1,1,2,1,0,0,0,0,2,0,2,1,1,1,1,0,1],"wall_time":1.754109595087e9,"step":9,"max":0.08501595,"min":-0.111837365,"count":32,"bins":[-0.111837365,-0.105275586,-0.09871381,-0.09215204,-0.08559026,-0.07902848,-0.0724667,-0.06590492,-0.059343148,-0.05278137,-0.04621959,-0.039657816,-0.033096038,-0.026534261,-0.019972483,-0.013410706,-0.006848929,-0.00028715158,0.0062746257,0.012836403,0.01939818,0.025959957,0.032521736,0.03908351,0.04564529,0.052207068,0.058768842,0.06533062,0.071892396,0.078454174,0.08501595],"mean":-0.027519962,"std":0.057924636}
{"counts":[2,1,0,0,4,1,3,3,2,0,1,1,0,1,1,2,1,0,0,0,1,1,2,0,1,1,2,0,0,1],"wall_time":1.754109596222e9,"step":10,"max":0.08910956,"min":-0.11365147,"count":32,"bins":[-0.11365147,-0.106892765,-0.10013407,-0.09337537,-0.086616665,-0.07985796,-0.07309926,-0.066340566,-0.05958186,-0.05282316,-0.04606446,-0.039305758,-0.032547057,-0.025788356,-0.019029655,-0.0122709535,-0.0055122524,0.0012464486,0.00800515,0.014763851,0.021522552,0.028281253,0.035039954,0.041798655,0.048557356,0.055316057,0.062074758,0.068833455,0.07559216,0.082350865,0.08910956],"mean":-0.028779738,"std":0.058994155}
{"counts":[3,0,0,1,3,1,4,2,0,2,0,2,0,0,2,2,1,0,0,0,1,1,1,1,1,0,3,0,0,1],"wall_time":1.754109597299e9,"step":11,"max":0.08769695,"min":-0.11764259,"count":32,"bins":[-0.11764259,-0.110797934,-0.10395329,-0.09710863,-0.090263985,-0.08341933,-0.07657468,-0.06973003,-0.06288538,-0.056040727,-0.049196076,-0.042351425,-0.035506774,-0.028662123,-0.021817472,-0.014972821,-0.00812817,-0.0012835185,0.005561133,0.012405784,0.019250436,0.026095087,0.032939736,0.03978439,0.04662904,0.053473692,0.060318343,0.06716299,0.074007645,0.08085229,0.08769695],"mean":-0.03048144,"std":0.059951205}
{"counts":[1,2,0,0,3,1,2,5,0,2,0,1,1,0,3,1,1,0,0,1,0,1,2,1,0,0,3,0,0,1],"wall_time":1.754109598401e9,"step":12,"max":0.089956775,"min":-0.12290132,"count":32,"bins":[-0.12290132,-0.11580605,-0.10871078,-0.10161551,-0.09452024,-0.08742497,-0.0803297,-0.07323443,-0.06613916,-0.05904389,-0.051948622,-0.044853352,-0.037758082,-0.030662812,-0.023567542,-0.016472273,-0.009377003,-0.0022817329,0.004813537,0.011908807,0.019004077,0.026099347,0.033194616,0.040289886,0.047385156,0.054480426,0.061575696,0.068670966,0.075766236,0.082861505,0.089956775],"mean":-0.03205238,"std":0.06074141}
{"counts":[2,1,0,1,3,0,3,3,1,2,0,1,0,1,2,2,1,0,0,1,0,2,1,1,0,1,2,0,0,1],"wall_time":1.754109599534e9,"step":13,"max":0.09157375,"min":-0.12568615,"count":32,"bins":[-0.12568615,-0.11844416,-0.11120216,-0.103960164,-0.09671817,-0.08947617,-0.082234174,-0.07499217,-0.06775018,-0.06050818,-0.053266186,-0.04602419,-0.03878219,-0.031540193,-0.024298197,-0.0170562,-0.009814204,-0.002572207,0.00466979,0.011911787,0.019153783,0.026395781,0.033637777,0.040879775,0.048121773,0.055363767,0.06260577,0.06984776,0.07708976,0.08433176,0.09157375],"mean":-0.03304197,"std":0.0616275}
{"counts":[2,1,0,1,3,0,4,1,2,1,2,0,0,1,3,1,1,0,0,1,0,1,2,1,0,1,1,1,0,1],"wall_time":1.754109600608e9,"step":14,"max":0.092369966,"min":-0.1286423,"count":32,