{"counts":[1,1,3,4,1,4,4,2,1,2,0,3,2,3,1,4,2,2,2,0,2,1,2,1,1,3,2,5,2,3],"wall_time":1.754109586133e9,"step":1,"max":0.020770062,"min":-0.019173069,"count":64,"bins":[-0.019173069,-0.017841632,-0.016510194,-0.015178756,-0.0138473185,-0.01251588,-0.011184443,-0.009853005,-0.008521567,-0.0071901297,-0.005858692,-0.0045272545,-0.0031958167,-0.0018643789,-0.00053294125,0.0007984964,0.002129934,0.0034613719,0.0047928095,0.0061242473,0.0074556847,0.008787123,0.01011856,0.011449998,0.012781436,0.014112873,0.015444311,0.01677575,0.018107187,0.019438624,0.020770062],"mean":0.0010136182,"std":0.012280046}
{"counts":[2,0,3,1,2,1,3,3,2,1,4,2,3,2,0,3,4,2,2,3,2,1,1,0,3,1,3,5,2,3],"wall_time":1.754109587296e9,"step":2,"max":0.0424533,"min":-0.036127027,"count":64,"bins":[-0.036127027,-0.033507682,-0.03088834,-0.028268995,-0.02564965,-0.023030305,-0.020410962,-0.017791618,-0.015172273,-0.012552929,-0.009933584,-0.0073142406,-0.0046948963,-0.002075552,0.0005437923,0.0031631365,0.005782481,0.008401825,0.011021169,0.013640514,0.016259858,0.018879201,0.021498546,0.02411789,0.026737235,0.029356578,0.031975925,0.034595266,0.03721461,0.039833955,0.0424533],"mean":0.0053257006,"std":0.022707423}
{"counts":[1,0,0,3,2,2,1,2,2,1,2,4,5,0,4,3,2,0,3,3,2,2,4,1,1,4,4,1,2,3],"wall_time":1.754109588394e9,"step":3,"max":0.06267832,"min":-0.051459607,"count":64,"bins":[-0.051459607,-0.04765501,-0.04385041,-0.040045813,-0.036241215,-0.03243662,-0.02863202,-0.024827423,-0.021022826,-0.017218228,-0.01341363,-0.009609032,-0.0058044354,-0.0019998376,0.0018047601,0.0056093577,0.009413956,0.013218553,0.01702315,0.020827748,0.024632346,0.028436944,0.032241542,0.03604614,0.039850738,0.043655332,0.04745993,0.05126453,0.055069126,0.058873724,0.06267832],"mean":0.011847175,"std":0.030500717}
{"counts":[1,0,0,3,2,2,1,1,2,3,1,0,2,5,3,4,4,1,1,2,1,5,4,2,3,4,2,2,1,2],"wall_time":1.754109589508e9,"step":4,"max":0.08202392,"min":-0.060028084,"count":64,"bins":[-0.060028084,-0.055293016,-0.05055795,-0.045822885,-0.041087817,-0.03635275,-0.031617682,-0.026882617,-0.02214755,-0.017412484,-0.012677416,-0.00794235,-0.0032072826,0.001527784,0.006262851,0.0109979175,0.015732985,0.02046805,0.025203118,0.029938184,0.03467325,0.03940832,0.044143386,0.04887845,0.053613517,0.058348585,0.06308365,0.067818716,0.07255378,0.07728885,0.08202392],"mean":0.019759478,"std":0.03666472}
{"counts":[1,0,3,1,2,0,2,3,2,1,1,0,2,4,2,3,4,4,1,0,2,4,5,4,2,3,3,1,2,2],"wall_time":1.75410959058e9,"step":5,"max":0.09485253,"min":-0.061206095,"count":64,"bins":[-0.061206095,-0.05600414,-0.050802186,-0.04560023,-0.040398277,-0.035196323,-0.02999437,-0.024792416,-0.019590462,-0.014388507,-0.009186554,-0.0039845994,0.0012173548,0.006419309,0.011621263,0.016823217,0.022025172,0.027227126,0.03242908,0.037631035,0.04283299,0.048034944,0.053236898,0.05843885,0.0636408,0.06884276,0.07404471,0.07924667,0.08444862,0.08965058,0.09485253],"mean":0.026766904,"std":0.041414626}
{"counts":[1,1,0,3,1,1,1,5,2,0,0,1,2,1,4,2,4,5,1,1,1,3,6,3,2,4,1,5,1,2],"wall_time":1.754109591813e9,"step":6,"max":0.1037437,"min":-0.063789465,"count":64,"bins":[-0.063789465,-0.058205027,-0.052620586,-0.04703615,-0.041451707,-0.03586727,-0.03028283,-0.024698392,-0.019113954,-0.013529515,-0.007945076,-0.0023606368,0.0032238022,0.008808241,0.01439268,0.019977119,0.025561558,0.031145997,0.036730435,0.042314876,0.047899313,0.05348375,0.05906819,0.06465263,0.07023707,0.07582151,0.081405945,0.086990386,0.09257483,0.09815926,0.1037437],"mean":0.0331268,"std":0.044771194}
{"counts":[2,0,2,2,0,0,2,5,2,0,0,0,3,2,1,3,2,4,3,2,1,4,4,5,3,2,3,1,3,3],"wall_time":1.754109592936e9,"step":7,"max":0.110066935,"min":-0.06305859,"count":64,"bins":[-0.06305859,-0.05728774,-0.05151689,-0.04574604,-0.03997519,-0.034204338,-0.028433487,-0.022662636,-0.016891785,-0.011120934,-0.005350083,0.0004207678,0.0061916187,0.01196247,0.01773332,0.023504172,0.029275022,0.035045873,0.040816724,0.046587575,0.052358426,0.058129277,0.06390013,0.069670975,0.07544183,0.081212685,0.08698353,0.09275438,0.09852523,0.10429609,0.110066935],"mean":0.0382487,"std":0.047621}
{"counts":[2,0,3,1,0,2,1,3,3,0,0,0,3,2,1,2,3,2,5,2,1,3,5,5,4,1,4,1,2,3],"wall_time":1.754109594011e9,"step":8,"max":0.11977508,"min":-0.06396394,"count":64,"bins":[-0.06396394,-0.057839308,-0.051714674,-0.04559004,-0.039465405,-0.03334077,-0.027216138,-0.021091504,-0.01496687,-0.008842235,-0.0027176018,0.0034070322,0.0095316665,0.0156563,0.021780934,0.027905568,0.034030203,0.040154837,0.04627947,0.052404106,0.05852874,0.064653374,0.070778005,0.07690264,0.08302727,0.08915191,0.09527654,0.10140118,0.10752581,0.11365045,0.11977508],"mean":0.043500632,"std":0.050589524}
{"counts":[1,1,4,0,0,2,1,2,4,0,0,0,3,2,2,1,2,2,4,4,1,3,6,5,3,1,3,2,2,3],"wall_time":1.754109595082e9,"step":9,"max":0.1254617,"min":-0.06412365,"count":64,"bins":[-0.06412365,-0.05780414,-0.05148463,-0.045165118,-0.038845606,-0.032526094,-0.026206583,-0.019887071,-0.013567559,-0.0072480477,-0.00092853606,0.0053909756,0.011710487,0.018029999,0.02434951,0.030669022,0.036988534,0.043308046,0.049627557,0.05594707,0.06226658,0.068586096,0.074905604,0.08122511,0.08754463,0.09386414,0.10018365,0.10650316,0.112822674,0.11914219,0.1254617],"mean":0.04676545,"std":0.052456923}
{"counts":[1,2,3,0,0,1,3,2,3,0,0,2,0,4,1,1,3,1,2,6,1,5,6,2,3,3,2,2,1,4],"wall_time":1.754109596214e9,"step":10,"max":0.13122043,"min":-0.065090686,"count":64,"bins":[-0.065090686,-0.058546983,-0.05200328,-0.045459576,-0.03891587,-0.032372165,-0.025828462,-0.019284759,-0.012741055,-0.006197351,0.00034635267,0.0068900567,0.01343376,0.019977463,0.026521169,0.033064872,0.039608575,0.04615228,0.052695982,0.05923969,0.06578339,0.07232709,0.078870796,0.08541451,0.09195821,0.09850191,0.10504562,0.11158932,0.11813302,0.12467673,0.13122043],"mean":0.04948109,"std":0.054252494}
{"counts":[1,0,3,2,0,0,3,2,3,1,0,1,1,4,0,1,3,2,2,5,2,4,8,1,5,1,2,2,3,2],"wall_time":1.754109597283e9,"step":11,"max":0.13965228,"min":-0.07062563,"count":64,"bins":[-0.07062563,-0.06361637,-0.056607105,-0.04959784,-0.042588577,-0.035579313,-0.02857005,-0.021560786,-0.014551522,-0.0075422586,-0.0005329947,0.006476269,0.013485533,0.020494796,0.02750406,0.034513324,0.04152259,0.048531853,0.055541117,0.06255038,0.06955964,0.07656891,0.08357817,0.09058744,0.0975967,0.104605965,0.111615226,0.11862449,0.12563376,0.13264301,0.13965228],"mean":0.053274814,"std":0.05635995}
{"counts":[1,1,3,1,0,0,1,4,2,2,1,0,1,2,2,1,0,5,1,4,4,6,5,3,4,2,2,1,3,2],"wall_time":1.754109598389e9,"step":12,"max":0.14556462,"min":-0.07193647,"count":64,"bins":[-0.07193647,-0.06468644,-0.0574364,-0.050186366,-0.04293633,-0.03568629,-0.028436255,-0.02118622,-0.0139361825,-0.0066861464,0.00056388974,0.007813926,0.015063962,0.022313999,0.029564034,0.03681407,0.04406411,0.051314145,0.05856418,0.06581422,0.07306425,0.080314286,0.08756433,0.09481436,0.1020644,0.109314434,0.11656447,0.12381451,0.13106455,0.13831457,0.14556462],"mean":0.056330163,"std":0.058076274}
{"counts":[1,1,3,1,0,1,1,3,2,2,0,1,1,3,2,0,2,3,1,3,7,6,5,1,5,3,0,2,2,2],"wall_time":1.754109599529e9,"step":13,"max":0.15472864,"min":-0.07373759,"count":64,"bins":[-0.07373759,-0.06612205,-0.05850651,-0.050890967,-0.043275427,-0.035659887,-0.028044347,-0.020428805,-0.0128132645,-0.0051977234,0.0024178177,0.010033359,0.0176489,0.02526444,0.032879982,0.040495522,0.048111062,0.055726603,0.06334215,0.07095768,0.07857323,0.08618877,0.09380431,0.10141985,0.10903539,0.11665093,0.124266475,0.13188201,0.13949755,0.1471131,0.15472864],"mean":0.05938456,"std":0.05982665}
{"counts":[1,2,2,1,0,3,1,2,2,1,1,0,2,3,1,2,2,0,2,7,6,6,2,4,3,2,1,2,2,1],"wall_time":1.754109600603e9,"step":14,"max":0.1638365,"min":-0.06986308,"count":64,