{"wall_time":1.75410927965e9,"step":1,"value":1.2097801}
