{"wall_time":1.754109279558e9,"step":1,"value":0.58000016}
