{"wall_time":1.754109279654e9,"step":1,"value":1.2097801}
