{"wall_time":1.754172185043e9,"step":1,"value":1.0}
{"wall_time":1.754172186794e9,"step":2,"value":2.0}
{"wall_time":1.754172187905e9,"step":3,"value":3.0}
{"wall_time":1.754172189053e9,"step":4,"value":4.0}
{"wall_time":1.754172190289e9,"step":5,"value":5.0}
{"wall_time":1.754172191428e9,"step":6,"value":6.0}
{"wall_time":1.754172192513e9,"step":7,"value":7.0}
{"wall_time":1.754172193623e9,"step":8,"value":8.0}
{"wall_time":1.754172194807e9,"step":9,"value":9.0}
{"wall_time":1.754172195923e9,"step":10,"value":10.0}
{"wall_time":1.75417219707e9,"step":11,"value":11.0}
{"wall_time":1.754172198303e9,"step":12,"value":12.0}
{"wall_time":1.754172199706e9,"step":13,"value":13.0}
{"wall_time":1.754172201533e9,"step":14,"value":14.0}
