{"wall_time":1.754172184961e9,"step":1,"value":0.582}
{"wall_time":1.754172186794e9,"step":2,"value":0.26200008}
{"wall_time":1.754172187905e9,"step":3,"value":0.263}
{"wall_time":1.754172189051e9,"step":4,"value":0.24399996}
{"wall_time":1.754172190288e9,"step":5,"value":0.26900005}
{"wall_time":1.754172191428e9,"step":6,"value":0.25199986}
{"wall_time":1.754172192512e9,"step":7,"value":0.23399997}
{"wall_time":1.754172193623e9,"step":8,"value":0.25699997}
{"wall_time":1.754172194805e9,"step":9,"value":0.3039999}
{"wall_time":1.754172195919e9,"step":10,"value":0.27799988}
{"wall_time":1.754172197068e9,"step":11,"value":0.27200007}
{"wall_time":1.754172198294e9,"step":12,"value":0.28799987}
{"wall_time":1.754172199704e9,"step":13,"value":0.2880001}
{"wall_time":1.754172201533e9,"step":14,"value":0.28999996}
