{"wall_time":1.754172185041e9,"step":1,"value":1.2023654}
{"wall_time":1.754172186794e9,"step":2,"value":1.1666225}
{"wall_time":1.754172187905e9,"step":3,"value":1.120632}
{"wall_time":1.754172189052e9,"step":4,"value":1.1339488}
{"wall_time":1.754172190289e9,"step":5,"value":1.1516292}
{"wall_time":1.754172191428e9,"step":6,"value":1.1021382}
{"wall_time":1.754172192513e9,"step":7,"value":1.1199706}
{"wall_time":1.754172193623e9,"step":8,"value":1.1029868}
{"wall_time":1.754172194806e9,"step":9,"value":1.1154509}
{"wall_time":1.754172195923e9,"step":10,"value":1.0835717}
{"wall_time":1.754172197069e9,"step":11,"value":1.101287}
{"wall_time":1.754172198301e9,"step":12,"value":1.0999385}
{"wall_time":1.754172199706e9,"step":13,"value":1.0984272}
{"wall_time":1.754172201533e9,"step":14,"value":1.0889741}
