{"wall_time":1.754172185041e9,"step":1,"value":0.32875}
{"wall_time":1.754172186794e9,"step":2,"value":0.32375}
{"wall_time":1.754172187905e9,"step":3,"value":0.35625}
{"wall_time":1.754172189052e9,"step":4,"value":0.35125}
{"wall_time":1.754172190289e9,"step":5,"value":0.34125}
{"wall_time":1.754172191428e9,"step":6,"value":0.3875}
{"wall_time":1.754172192513e9,"step":7,"value":0.3675}
{"wall_time":1.754172193623e9,"step":8,"value":0.37}
{"wall_time":1.754172194806e9,"step":9,"value":0.3525}
{"wall_time":1.754172195919e9,"step":10,"value":0.41125}
{"wall_time":1.754172197069e9,"step":11,"value":0.38125}
{"wall_time":1.754172198301e9,"step":12,"value":0.375}
{"wall_time":1.754172199706e9,"step":13,"value":0.37875}
{"wall_time":1.754172201533e9,"step":14,"value":0.3925}
