{"counts":[1,0,0,0,1,3,2,4,2,2,2,5,1,3,1,5,4,2,3,7,5,3,1,3,2,0,0,0,1,1],"wall_time":1.754172764529e9,"step":1,"max":0.017105311,"min":-0.017501913,"count":64,"bins":[-0.017501913,-0.01634834,-0.015194764,-0.014041191,-0.012887617,-0.011734042,-0.010580468,-0.009426894,-0.00827332,-0.007119746,-0.0059661716,-0.0048125973,-0.0036590234,-0.002505449,-0.001351875,-0.00019830093,0.0009552732,0.0021088473,0.0032624216,0.0044159954,0.0055695698,0.006723144,0.007876718,0.009030292,0.010183866,0.01133744,0.012491015,0.013644589,0.0147981625,0.015951738,0.017105311],"mean":0.0002465949,"std":0.007403335}
{"counts":[1,0,0,1,2,0,1,7,2,3,5,2,1,4,1,3,2,3,4,4,7,3,3,0,2,0,2,0,0,1],"wall_time":1.754172765672e9,"step":2,"max":0.028625747,"min":-0.026736418,"count":64,"bins":[-0.026736418,-0.024891011,-0.023045607,-0.0212002,-0.019354796,-0.01750939,-0.015663985,-0.01381858,-0.011973173,-0.010127768,-0.0082823625,-0.0064369575,-0.0045915516,-0.0027461464,-0.0009007408,0.0009446647,0.0027900701,0.0046354756,0.006480881,0.008326286,0.010171692,0.012017097,0.013862503,0.015707908,0.017553315,0.01939872,0.021244125,0.02308953,0.024934936,0.02678034,0.028625747],"mean":0.001181416,"std":0.012057928}
{"counts":[1,0,1,0,1,2,3,4,2,2,2,3,2,2,4,4,2,2,7,4,3,2,4,4,0,1,0,1,0,1],"wall_time":1.754172766772e9,"step":3,"max":0.037562523,"min":-0.034170892,"count":64,"bins":[-0.034170892,-0.031779777,-0.029388664,-0.026997551,-0.024606436,-0.022215324,-0.019824209,-0.017433096,-0.015041982,-0.012650868,-0.010259754,-0.00786864,-0.005477526,-0.003086412,-0.00069529837,0.0016958155,0.0040869294,0.0064780433,0.008869157,0.011260271,0.013651385,0.016042499,0.018433612,0.020824727,0.02321584,0.025606954,0.027998067,0.030389182,0.032780297,0.03517141,0.037562523],"mean":0.0023603395,"std":0.01559678}
{"counts":[1,1,0,1,0,2,1,1,5,6,1,2,0,4,3,1,4,4,4,6,4,2,2,2,2,2,2,0,0,1],"wall_time":1.754172767979e9,"step":4,"max":0.041507434,"min":-0.038148176,"count":64,"bins":[-0.038148176,-0.03549299,-0.0328378,-0.030182615,-0.027527427,-0.024872242,-0.022217054,-0.019561866,-0.01690668,-0.014251493,-0.011596306,-0.008941119,-0.006285932,-0.003630745,-0.0009755579,0.0016796291,0.0043348162,0.006990003,0.00964519,0.012300377,0.014955564,0.017610751,0.020265939,0.022921124,0.025576312,0.0282315,0.030886685,0.033541873,0.03619706,0.03885225,0.041507434],"mean":0.0033097677,"std":0.01787774}
{"counts":[1,0,2,0,1,0,2,3,7,2,3,0,3,4,2,1,3,7,3,3,1,4,5,2,1,1,1,1,0,1],"wall_time":1.754172769077e9,"step":5,"max":0.04779126,"min":-0.040917825,"count":64,"bins":[-0.040917825,-0.037960857,-0.035003886,-0.032046918,-0.029089946,-0.026132977,-0.023176007,-0.020219037,-0.01726207,-0.014305099,-0.011348129,-0.00839116,-0.0054341904,-0.002477221,0.0004797486,0.0034367181,0.006393688,0.009350657,0.012307627,0.015264596,0.018221566,0.021178536,0.024135506,0.027092474,0.030049443,0.033006415,0.035963383,0.038920354,0.041877322,0.044834293,0.04779126],"mean":0.0041679186,"std":0.019850163}
{"counts":[1,1,0,2,0,0,5,2,6,0,4,1,3,3,3,0,3,3,4,5,2,2,2,4,4,1,0,1,1,1],"wall_time":1.754172770235e9,"step":6,"max":0.050878473,"min":-0.043547917,"count":64,"bins":[-0.043547917,-0.04040037,-0.037252825,-0.03410528,-0.030957732,-0.027810186,-0.02466264,-0.021515094,-0.018367546,-0.01522,-0.012072454,-0.008924908,-0.0057773613,-0.002629815,0.0005177314,0.0036652777,0.006812824,0.00996037,0.013107916,0.016255463,0.019403009,0.022550555,0.025698101,0.02884565,0.031993195,0.03514074,0.038288288,0.041435834,0.04458338,0.047730926,0.050878473],"mean":0.004820479,"std":0.022529038}
{"counts":[1,1,2,0,1,4,2,4,2,1,4,2,2,2,1,3,5,1,4,5,2,3,4,2,2,0,1,1,0,2],"wall_time":1.754172771356e9,"step":7,"max":0.05517413,"min":-0.04484192,"count":64,"bins":[-0.04484192,-0.041508052,-0.038174182,-0.034840316,-0.031506445,-0.028172577,-0.024838708,-0.02150484,-0.018170973,-0.014837104,-0.011503235,-0.008169367,-0.004835499,-0.0015016308,0.0018322376,0.005166106,0.008499974,0.011833843,0.015167711,0.01850158,0.021835448,0.025169317,0.028503185,0.031837054,0.03517092,0.03850479,0.041838657,0.045172527,0.048506394,0.051840264,0.05517413],"mean":0.0049658376,"std":0.024370288}
{"counts":[1,2,1,0,4,1,4,2,2,3,2,2,2,1,4,2,4,4,4,5,1,4,1,3,1,1,0,1,1,1],"wall_time":1.754172772638e9,"step":8,"max":0.061967354,"min":-0.04782901,"count":64,"bins":[-0.04782901,-0.04416913,-0.040509254,-0.036849372,-0.033189494,-0.029529616,-0.025869736,-0.022209859,-0.018549979,-0.014890101,-0.011230222,-0.0075703426,-0.0039104642,-0.00025058526,0.0034092935,0.0070691723,0.010729051,0.01438893,0.018048808,0.021708688,0.025368566,0.029028445,0.032688323,0.0363482,0.040008083,0.04366796,0.04732784,0.050987717,0.0546476,0.058307476,0.061967354],"mean":0.0055913213,"std":0.026799819}
{"counts":[2,1,0,1,3,2,4,3,1,4,0,3,2,0,3,3,3,7,1,6,2,4,1,3,1,1,0,0,1,2],"wall_time":1.754172773864e9,"step":9,"max":0.06170257,"min":-0.048162557,"count":64,"bins":[-0.048162557,-0.044500384,-0.040838216,-0.037176043,-0.033513874,-0.029851703,-0.026189532,-0.022527361,-0.018865189,-0.015203019,-0.011540848,-0.007878677,-0.0042165057,-0.0005543346,0.0031078362,0.0067700073,0.010432178,0.014094349,0.01775652,0.02141869,0.025080862,0.028743032,0.032405205,0.036067374,0.039729547,0.043391716,0.04705389,0.050716057,0.05437823,0.0580404,0.06170257],"mean":0.0055058054,"std":0.027065465}
{"counts":[1,0,2,0,1,0,2,3,7,2,3,0,3,4,2,1,3,7,3,3,1,4,5,2,1,1,1,1,0,1],"wall_time":1.754172775056e9,"step":10,"max":0.04779126,"min":-0.040917825,"count":64,"bins":[-0.040917825,-0.037960857,-0.035003886,-0.032046918,-0.029089946,-0.026132977,-0.023176007,-0.020219037,-0.01726207,-0.014305099,-0.011348129,-0.00839116,-0.0054341904,-0.002477221,0.0004797486,0.0034367181,0.006393688,0.009350657,0.012307627,0.015264596,0.018221566,0.021178536,0.024135506,0.027092474,0.030049443,0.033006415,0.035963383,0.038920354,0.041877322,0.044834293,0.04779126],"mean":0.0041679186,"std":0.019850163}
