{"counts":[3,1,1,1,2,0,3,4,4,4,5,7,4,2,6,8,3,4,7,1,5,4,4,3,3,2,3,0,1,1],"wall_time":1.754172764552e9,"step":1,"max":0.36247554,"min":-0.39435866,"count":96,"bins":[-0.39435866,-0.36913085,-0.34390306,-0.31867525,-0.29344743,-0.26821962,-0.24299182,-0.21776402,-0.1925362,-0.1673084,-0.14208059,-0.11685279,-0.09162498,-0.066397175,-0.041169368,-0.01594156,0.009286246,0.034514055,0.059741862,0.08496967,0.11019748,0.13542528,0.16065308,0.1858809,0.2111087,0.23633651,0.2615643,0.28679213,0.31201994,0.33724773,0.36247554],"mean":-0.015462187,"std":0.17296398}
{"counts":[3,1,1,1,2,0,3,5,4,3,5,8,3,2,7,7,4,2,8,1,4,5,3,4,1,3,4,0,0,2],"wall_time":1.754172765705e9,"step":2,"max":0.34871602,"min":-0.38108894,"count":96,"bins":[-0.38108894,-0.3567621,-0.33243528,-0.30810845,-0.28378162,-0.2594548,-0.23512796,-0.21080112,-0.18647428,-0.16214745,-0.13782062,-0.11349379,-0.089166954,-0.06484012,-0.040513292,-0.01618646,0.008140371,0.032467205,0.056794036,0.08112087,0.1054477,0.12977453,0.15410136,0.1784282,0.20275503,0.22708187,0.2514087,0.27573553,0.30006236,0.3243892,0.34871602],"mean":-0.015146571,"std":0.16962273}
{"counts":[3,0,1,2,2,0,2,4,6,3,4,7,4,4,5,7,3,3,5,4,4,4,4,4,1,4,3,1,0,2],"wall_time":1.754172766775e9,"step":3,"max":0.33643836,"min":-0.38005248,"count":96,"bins":[-0.38005248,-0.35616946,-0.33228642,-0.3084034,-0.28452036,-0.26063734,-0.23675431,-0.21287128,-0.18898825,-0.16510522,-0.1412222,-0.11733917,-0.09345614,-0.06957311,-0.045690086,-0.02180706,0.002075968,0.025958996,0.049842022,0.07372505,0.09760808,0.121491104,0.14537413,0.16925716,0.1931402,0.21702322,0.24090625,0.26478928,0.2886723,0.31255534,0.33643836],"mean":-0.014868301,"std":0.16704659}
{"counts":[3,0,1,2,1,1,2,4,6,3,2,7,6,4,3,5,6,4,4,5,4,3,5,3,2,3,2,3,0,2],"wall_time":1.754172767985e9,"step":4,"max":0.324428,"min":-0.3764584,"count":96,"bins":[-0.3764584,-0.35309553,-0.32973266,-0.30636975,-0.28300688,-0.259644,-0.23628113,-0.21291825,-0.18955536,-0.16619249,-0.14282961,-0.11946673,-0.09610385,-0.072740965,-0.049378086,-0.026015207,-0.0026523273,0.020710552,0.044073433,0.067436315,0.09079919,0.11416207,0.13752495,0.16088784,0.18425071,0.20761359,0.23097648,0.25433937,0.27770224,0.30106512,0.324428],"mean":-0.014768234,"std":0.16508406}
{"counts":[3,0,1,2,1,1,2,5,4,1,6,6,5,5,2,6,4,6,2,6,5,2,5,3,3,3,2,3,0,2],"wall_time":1.754172769086e9,"step":5,"max":0.3155807,"min":-0.37230688,"count":96,"bins":[-0.37230688,-0.3493773,-0.32644773,-0.30351812,-0.28058854,-0.25765896,-0.23472936,-0.21179979,-0.18887019,-0.16594061,-0.14301102,-0.12008144,-0.09715185,-0.07422227,-0.05129268,-0.028363094,-0.0054335077,0.017496077,0.040425666,0.06335525,0.08628484,0.109214425,0.132144,0.1550736,0.17800318,0.20093277,0.22386235,0.24679194,0.26972154,0.29265112,0.3155807],"mean":-0.014624193,"std":0.16346234}
{"counts":[3,0,1,3,0,1,2,5,4,1,6,6,5,4,4,4,5,6,2,5,5,3,5,2,5,2,2,2,1,2],"wall_time":1.754172770247e9,"step":6,"max":0.31050333,"min":-0.3679745,"count":96,"bins":[-0.3679745,-0.34535855,-0.32274264,-0.3001267,-0.2775108,-0.25489485,-0.23227893,-0.209663,-0.18704706,-0.16443114,-0.14181522,-0.11919929,-0.09658336,-0.073967434,-0.051351506,-0.028735578,-0.006119651,0.016496276,0.039112203,0.06172813,0.08434406,0.10695998,0.12957591,0.15219185,0.17480777,0.1974237,0.22003962,0.24265555,0.26527148,0.2878874,0.31050333],"mean":-0.014513284,"std":0.16171527}
{"counts":[3,0,1,2,1,1,3,5,3,1,6,7,5,3,4,4,5,6,2,5,5,4,4,3,4,2,2,2,1,2],"wall_time":1.754172771359e9,"step":7,"max":0.31027094,"min":-0.36339536,"count":96,"bins":[-0.36339536,-0.34093982,-0.31848428,-0.29602873,-0.2735732,-0.25111765,-0.2286621,-0.20620656,-0.18375102,-0.16129547,-0.13883993,-0.11638439,-0.093928844,-0.0714733,-0.049017757,-0.026562214,-0.0041066706,0.018348873,0.040804416,0.06325996,0.0857155,0.108171046,0.13062659,0.15308213,0.17553768,0.19799322,0.22044876,0.2429043,0.26535985,0.2878154,0.31027094],"mean":-0.014388651,"std":0.16028418}
{"counts":[3,0,1,1,2,2,2,6,3,3,4,6,6,3,5,2,7,4,3,5,4,4,4,2,5,2,2,2,1,2],"wall_time":1.754172772643e9,"step":8,"max":0.30976626,"min":-0.35744038,"count":96,"bins":[-0.35744038,-0.33520016,-0.31295994,-0.29071972,-0.2684795,-0.24623927,-0.22399905,-0.20175883,-0.17951861,-0.15727839,-0.13503817,-0.112797946,-0.090557724,-0.0683175,-0.04607728,-0.02383706,-0.0015968382,0.020643383,0.042883605,0.065123826,0.08736405,0.10960427,0.13184449,0.15408471,0.17632493,0.19856516,0.22080538,0.2430456,0.26528582,0.28752604,0.30976626],"mean":-0.0143346,"std":0.15902624}
{"counts":[3,0,1,1,2,1,3,5,3,4,3,7,5,4,4,3,7,4,2,6,4,4,5,1,5,3,1,2,1,2],"wall_time":1.754172773875e9,"step":9,"max":0.30736932,"min":-0.3586773,"count":96,"bins":[-0.3586773,-0.33647573,-0.3142742,-0.29207262,-0.2698711,-0.24766953,-0.22546798,-0.20326643,-0.18106486,-0.1588633,-0.13666175,-0.11446021,-0.09225865,-0.070057094,-0.04785554,-0.025653988,-0.0034524342,0.01874912,0.040950675,0.06315223,0.085353784,0.10755534,0.12975688,0.15195845,0.17416,0.19636156,0.21856311,0.24076466,0.26296622,0.28516775,0.30736932],"mean":-0.014296848,"std":0.1583502}
{"counts":[3,0,1,2,1,1,2,5,4,1,6,6,5,5,2,6,4,6,2,6,5,2,5,3,3,3,2,3,0,2],"wall_time":1.754172775072e9,"step":10,"max":0.3155807,"min":-0.37230688,"count":96,"bins":[-0.37230688,-0.3493773,-0.32644773,-0.30351812,-0.28058854,-0.25765896,-0.23472936,-0.21179979,-0.18887019,-0.16594061,-0.14301102,-0.12008144,-0.09715185,-0.07422227,-0.05129268,-0.028363094,-0.0054335077,0.017496077,0.040425666,0.06335525,0.08628484,0.109214425,0.132144,0.1550736,0.17800318,0.20093277,0.22386235,0.24679194,0.26972154,0.29265112,0.3155807],"mean":-0.014624193,"std":0.16346234}
