{"counts":[1,1,1,1,2,0,4,1,1,2,2,1,1,1,0,4,2,2,0,0,1,1,1,0,0,0,1,0,0,1],"wall_time":1.754172764538e9,"step":1,"max":0.013235165,"min":-0.015421016,"count":32,"bins":[-0.015421016,-0.01446581,-0.013510604,-0.012555398,-0.011600192,-0.010644986,-0.00968978,-0.008734574,-0.0077793677,-0.006824162,-0.005868956,-0.0049137496,-0.0039585438,-0.0030033377,-0.0020481318,-0.0010929257,-0.00013771963,0.0008174864,0.0017726924,0.0027278985,0.0036831044,0.0046383105,0.0055935164,0.0065487227,0.0075039286,0.008459135,0.00941434,0.010369547,0.011324753,0.012279958,0.013235165],"mean":-0.0038651186,"std":0.0069863}
{"counts":[1,0,2,0,1,2,1,3,0,3,1,1,0,4,1,6,1,1,2,0,0,0,0,0,0,0,0,1,0,1],"wall_time":1.754172765699e9,"step":2,"max":0.019663325,"min":-0.024107134,"count":32,"bins":[-0.024107134,-0.022648118,-0.021189103,-0.019730087,-0.018271074,-0.016812058,-0.015353043,-0.013894027,-0.012435012,-0.010975996,-0.009516981,-0.008057966,-0.0065989504,-0.0051399353,-0.00368092,-0.0022219047,-0.0007628894,0.00069612585,0.0021551412,0.0036141565,0.0050731716,0.006532187,0.007991202,0.009450218,0.010909233,0.012368248,0.013827263,0.015286279,0.016745294,0.018204309,0.019663325],"mean":-0.0064114053,"std":0.009692296}
{"counts":[2,1,1,0,2,2,0,2,0,2,4,3,2,3,2,1,1,0,2,0,0,0,0,0,0,0,1,0,0,1],"wall_time":1.754172766773e9,"step":3,"max":0.026010113,"min":-0.029580725,"count":32,"bins":[-0.029580725,-0.027727697,-0.025874669,-0.024021642,-0.022168614,-0.020315586,-0.018462557,-0.016609529,-0.014756502,-0.012903474,-0.011050446,-0.009197418,-0.0073443903,-0.005491362,-0.003638334,-0.0017853063,6.772168e-5,0.0019207497,0.0037737775,0.0056268056,0.0074798334,0.009332862,0.011185889,0.013038917,0.014891945,0.016744973,0.018598001,0.02045103,0.022304056,0.024157085,0.026010113],"mean":-0.009013512,"std":0.012380669}
{"counts":[2,1,1,1,0,0,2,1,3,4,1,1,3,1,2,3,2,1,0,0,0,1,0,0,0,0,1,0,0,1],"wall_time":1.754172767979e9,"step":4,"max":0.026311228,"min":-0.03343483,"count":32,"bins":[-0.03343483,-0.031443294,-0.02945176,-0.027460225,-0.02546869,-0.023477154,-0.02148562,-0.019494083,-0.017502548,-0.015511013,-0.013519478,-0.0115279425,-0.009536407,-0.007544872,-0.0055533363,-0.0035618013,-0.001570266,0.0004212693,0.0024128046,0.00440434,0.006395875,0.00838741,0.010378946,0.012370481,0.014362017,0.016353551,0.018345088,0.020336622,0.022328157,0.024319693,0.026311228],"mean":-0.010379633,"std":0.013589321}
{"counts":[3,0,0,1,1,0,1,2,2,3,2,3,2,2,1,3,1,1,1,0,1,0,1,0,0,0,0,0,0,1],"wall_time":1.75417276908e9,"step":5,"max":0.033583254,"min":-0.03934108,"count":32,"bins":[-0.03934108,-0.03691027,-0.034479458,-0.032048646,-0.029617837,-0.027187025,-0.024756214,-0.022325402,-0.019894592,-0.017463781,-0.015032969,-0.012602158,-0.010171347,-0.007740536,-0.0053097247,-0.0028789137,-0.0004481025,0.0019827087,0.00441352,0.006844331,0.009275142,0.011705954,0.014136764,0.016567575,0.018998386,0.021429198,0.02386001,0.02629082,0.02872163,0.031152442,0.033583254],"mean":-0.0112885395,"std":0.015796183}
{"counts":[1,1,1,0,3,0,0,1,3,2,4,0,2,2,1,3,2,0,2,1,0,1,0,1,0,0,0,0,0,1],"wall_time":1.754172770243e9,"step":6,"max":0.03484503,"min":-0.044452403,"count":32,"bins":[-0.044452403,-0.041809157,-0.039165907,-0.03652266,-0.03387941,-0.031236164,-0.028592916,-0.025949668,-0.02330642,-0.020663172,-0.018019924,-0.015376677,-0.012733429,-0.010090181,-0.007446933,-0.0048036855,-0.0021604376,0.00048281017,0.003126058,0.005769306,0.008412554,0.011055801,0.013699049,0.016342297,0.018985545,0.021628793,0.024272041,0.026915288,0.029558536,0.032201786,0.03484503],"mean":-0.012023083,"std":0.017301202}
{"counts":[1,0,0,1,1,1,1,2,3,3,0,3,2,1,3,1,2,2,1,1,0,0,1,1,0,0,0,0,0,1],"wall_time":1.754172771357e9,"step":7,"max":0.041179635,"min":-0.051478855,"count":32,"bins":[-0.051478855,-0.04839024,-0.045301624,-0.042213008,-0.03912439,-0.036035772,-0.032947157,-0.02985854,-0.026769925,-0.02368131,-0.020592691,-0.017504076,-0.01441546,-0.011326843,-0.008238227,-0.0051496103,-0.002060994,0.0010276224,0.0041162386,0.007204855,0.010293472,0.013382087,0.016470704,0.01955932,0.022647936,0.025736554,0.02882517,0.031913787,0.035002403,0.03809102,0.041179635],"mean":-0.012531201,"std":0.019236747}
{"counts":[1,0,0,2,1,1,1,1,2,2,2,2,4,1,2,2,1,2,1,1,0,0,1,1,0,0,0,0,0,1],"wall_time":1.754172772641e9,"step":8,"max":0.04225756,"min":-0.05335684,"count":32,"bins":[-0.05335684,-0.050169695,-0.04698255,-0.0437954,-0.040608253,-0.037421107,-0.03423396,-0.031046815,-0.027859667,-0.024672521,-0.021485375,-0.018298227,-0.015111081,-0.011923934,-0.008736788,-0.0055496413,-0.0023624946,0.000824652,0.0040117987,0.007198945,0.010386092,0.013573239,0.016760385,0.019947533,0.023134679,0.026321825,0.029508973,0.03269612,0.035883266,0.039070413,0.04225756],"mean":-0.013616951,"std":0.02037206}
{"counts":[1,0,1,1,2,1,1,0,3,1,3,6,0,0,3,1,2,1,1,1,0,1,0,1,0,0,0,0,0,1],"wall_time":1.754172773867e9,"step":9,"max":0.045889672,"min":-0.053722188,"count":32,"bins":[-0.053722188,-0.050401792,-0.047081396,-0.043761,-0.040440608,-0.037120212,-0.033799816,-0.03047942,-0.027159026,-0.02383863,-0.020518234,-0.01719784,-0.013877444,-0.010557049,-0.0072366535,-0.003916258,-0.0005958627,0.0027245327,0.006044928,0.009365323,0.012685719,0.016006114,0.01932651,0.022646904,0.0259673,0.029287696,0.03260809,0.035928488,0.03924888,0.042569276,0.045889672],"mean":-0.013654998,"std":0.021316232}
{"counts":[3,0,0,1,1,0,1,2,2,3,2,3,2,2,1,3,1,1,1,0,1,0,1,0,0,0,0,0,0,1],"wall_time":1.754172775061e9,"step":10,"max":0.033583254,"min":-0.03934108,"count":32,"bins":[-0.03934108,-0.03691027,-0.034479458,-0.032048646,-0.029617837,-0.027187025,-0.024756214,-0.022325402,-0.019894592,-0.017463781,-0.015032969,-0.012602158,-0.010171347,-0.007740536,-0.0053097247,-0.0028789137,-0.0004481025,0.0019827087,0.00441352,0.006844331,0.009275142,0.011705954,0.014136764,0.016567575,0.018998386,0.021429198,0.02386001,0.02629082,0.02872163,0.031152442,0.033583254],"mean":-0.0112885395,"std":0.015796183}
