{"counts":[1,0,0,0,2,2,3,3,2,2,4,4,0,5,2,4,0,4,3,9,5,2,1,3,1,0,0,0,1,1],"wall_time":1.754172764435e9,"step":1,"max":0.017375598,"min":-0.017292917,"count":64,"bins":[-0.017292917,-0.0161373,-0.014981682,-0.013826066,-0.012670448,-0.011514831,-0.010359214,-0.009203597,-0.008047979,-0.0068923626,-0.0057367454,-0.0045811282,-0.003425511,-0.002269894,-0.0011142767,4.1340478e-5,0.0011969577,0.0023525748,0.003508192,0.004663809,0.0058194264,0.0069750436,0.00813066,0.009286278,0.010441895,0.011597512,0.012753129,0.013908747,0.015064363,0.016219981,0.017375598],"mean":0.00013842856,"std":0.007343433}
{"counts":[1,0,0,1,2,2,2,2,4,4,3,4,1,2,5,2,2,5,6,1,3,4,0,5,1,0,1,0,0,1],"wall_time":1.754172765663e9,"step":2,"max":0.029315133,"min":-0.026235756,"count":64,"bins":[-0.026235756,-0.024384059,-0.022532362,-0.020680666,-0.018828971,-0.016977275,-0.015125578,-0.013273882,-0.011422185,-0.009570489,-0.0077187927,-0.0058670966,-0.0040154,-0.002163704,-0.0003120077,0.0015396886,0.0033913848,0.005243081,0.007094777,0.008946474,0.01079817,0.012649866,0.014501562,0.016353259,0.018204955,0.020056652,0.021908348,0.023760043,0.02561174,0.027463436,0.029315133],"mean":0.0010353572,"std":0.01193146}
{"counts":[1,0,1,1,0,2,4,3,2,0,5,3,2,2,5,3,5,4,4,3,3,4,4,0,0,1,1,0,0,1],"wall_time":1.754172766771e9,"step":3,"max":0.039425846,"min":-0.034094803,"count":64,"bins":[-0.034094803,-0.031644113,-0.029193426,-0.026742738,-0.02429205,-0.021841362,-0.019390672,-0.016939985,-0.014489297,-0.012038608,-0.00958792,-0.0071372315,-0.0046865433,-0.002235855,0.00021483327,0.0026655216,0.00511621,0.007566898,0.010017587,0.012468275,0.014918963,0.017369652,0.01982034,0.022271028,0.024721716,0.027172405,0.029623093,0.03207378,0.03452447,0.036975157,0.039425846],"mean":0.0021092133,"std":0.015407173}
{"counts":[1,1,0,1,1,2,1,1,6,4,2,2,2,3,1,3,6,4,6,2,3,3,2,2,1,2,1,0,0,1],"wall_time":1.754172767979e9,"step":4,"max":0.04316598,"min":-0.037728775,"count":64,"bins":[-0.037728775,-0.035032284,-0.03233579,-0.0296393,-0.026942808,-0.024246316,-0.021549825,-0.018853333,-0.01615684,-0.013460348,-0.010763857,-0.008067365,-0.0053708726,-0.0026743806,2.2111337e-5,0.0027186032,0.005415095,0.008111587,0.010808079,0.013504571,0.016201062,0.018897554,0.021594046,0.02429054,0.026987031,0.029683523,0.032380015,0.035076506,0.037773,0.04046949,0.04316598],"mean":0.0029389919,"std":0.017677065}
{"counts":[1,1,0,1,1,1,1,5,6,2,3,2,3,2,2,2,4,5,4,4,0,6,3,1,0,1,1,1,0,1],"wall_time":1.754172769075e9,"step":5,"max":0.049093064,"min":-0.04023522,"count":64,"bins":[-0.04023522,-0.03725761,-0.034280002,-0.031302392,-0.028324783,-0.025347173,-0.022369564,-0.019391954,-0.016414346,-0.013436736,-0.010459126,-0.007481517,-0.004503907,-0.0015262978,0.0014513117,0.0044289213,0.007406531,0.010384141,0.01336175,0.01633936,0.01931697,0.02229458,0.025272189,0.028249796,0.031227406,0.034205016,0.037182625,0.040160235,0.043137845,0.046115454,0.049093064],"mean":0.003706135,"std":0.019688634}
{"counts":[1,1,0,1,1,2,5,2,4,0,3,4,3,3,2,0,5,2,3,5,1,3,6,1,1,1,1,0,2,1],"wall_time":1.75417277023e9,"step":6,"max":0.051518634,"min":-0.042775404,"count":64,"bins":[-0.042775404,-0.03963227,-0.036489133,-0.033346,-0.030202866,-0.02705973,-0.023916597,-0.020773461,-0.017630327,-0.014487192,-0.0113440575,-0.008200923,-0.0050577885,-0.001914654,0.0012284805,0.004371615,0.0075147497,0.010657884,0.013801019,0.016944153,0.020087289,0.023230422,0.026373558,0.029516691,0.032659825,0.03580296,0.038946096,0.04208923,0.045232363,0.0483755,0.051518634],"mean":0.0043251473,"std":0.022373883}
{"counts":[1,0,1,3,0,4,3,4,2,3,3,2,1,1,5,3,3,4,2,5,4,2,2,0,2,1,1,0,1,1],"wall_time":1.754172771354e9,"step":7,"max":0.05818937,"min":-0.044567455,"count":64,"bins":[-0.044567455,-0.041142225,-0.037717,-0.034291774,-0.030866545,-0.027441317,-0.02401609,-0.020590862,-0.017165635,-0.013740407,-0.01031518,-0.0068899523,-0.0034647249,-3.949739e-5,0.00338573,0.0068109576,0.010236185,0.0136614125,0.01708664,0.020511867,0.023937095,0.027362322,0.03078755,0.034212776,0.037638005,0.041063234,0.04448846,0.047913685,0.051338915,0.054764144,0.05818937],"mean":0.004358639,"std":0.024208823}
{"counts":[2,1,1,1,4,0,5,2,3,2,4,2,0,1,5,4,4,3,2,5,5,1,0,1,2,1,1,0,1,1],"wall_time":1.754172772637e9,"step":8,"max":0.0643423,"min":-0.04646994,"count":64,"bins":[-0.04646994,-0.0427762,-0.03908246,-0.03538872,-0.031694975,-0.028001236,-0.024307493,-0.020613752,-0.016920011,-0.01322627,-0.009532529,-0.005838787,-0.002145046,0.0015486953,0.0052424367,0.008936178,0.01262992,0.016323661,0.020017402,0.023711143,0.027404884,0.031098627,0.034792367,0.03848611,0.04217985,0.04587359,0.04956733,0.053261075,0.056954816,0.060648557,0.0643423],"mean":0.00486042,"std":0.02659251}
{"counts":[2,1,1,2,2,4,1,3,2,3,3,3,0,0,5,4,5,2,4,3,5,2,0,0,4,0,0,0,2,1],"wall_time":1.754172773862e9,"step":9,"max":0.06276177,"min":-0.046503156,"count":64,"bins":[-0.046503156,-0.042860992,-0.039218828,-0.035576664,-0.0319345,-0.028292336,-0.024650171,-0.021008007,-0.017365843,-0.013723679,-0.010081515,-0.0064393505,-0.0027971864,0.0008449778,0.004487142,0.008129306,0.01177147,0.0154136345,0.019055799,0.022697963,0.026340127,0.029982291,0.033624455,0.03726662,0.040908784,0.044550948,0.048193112,0.051835276,0.05547744,0.059119605,0.06276177],"mean":0.004698851,"std":0.026830496}
{"counts":[1,1,0,1,1,1,1,5,6,2,3,2,3,2,2,2,4,5,4,4,0,6,3,1,0,1,1,1,0,1],"wall_time":1.754172775051e9,"step":10,"max":0.049093064,"min":-0.04023522,"count":64,"bins":[-0.04023522,-0.03725761,-0.034280002,-0.031302392,-0.028324783,-0.025347173,-0.022369564,-0.019391954,-0.016414346,-0.013436736,-0.010459126,-0.007481517,-0.004503907,-0.0015262978,0.0014513117,0.0044289213,0.007406531,0.010384141,0.01336175,0.01633936,0.01931697,0.02229458,0.025272189,0.028249796,0.031227406,0.034205016,0.037182625,0.040160235,0.043137845,0.046115454,0.049093064],"mean":0.003706135,"std":0.019688634}
