{"counts":[1,0,0,3,6,4,4,8,16,28,29,36,45,71,56,59,50,46,45,31,27,18,18,13,12,6,1,4,1,2],"wall_time":1.754172764356e9,"step":1,"max":0.9675664,"min":-1.0549595,"count":640,"bins":[-1.0549595,-0.98754203,-0.9201245,-0.85270697,-0.7852894,-0.7178719,-0.65045434,-0.58303684,-0.5156193,-0.44820178,-0.38078424,-0.3133667,-0.24594918,-0.17853165,-0.111114115,-0.043696582,0.023720948,0.091138475,0.15855601,0.22597353,0.29339108,0.3608086,0.42822614,0.49564365,0.5630612,0.63047874,0.69789624,0.7653138,0.8327313,0.90014887,0.9675664],"mean":-0.012556642,"std":0.30893898}
{"counts":[1,0,0,3,6,4,4,8,18,26,29,37,51,68,58,54,50,51,42,31,25,20,18,11,11,6,1,4,1,2],"wall_time":1.754172765658e9,"step":2,"max":0.9738906,"min":-1.0543392,"count":640,"bins":[-1.0543392,-0.9867315,-0.9191238,-0.8515162,-0.78390855,-0.71630085,-0.6486932,-0.58108556,-0.5134779,-0.44587025,-0.37826258,-0.3106549,-0.24304727,-0.1754396,-0.10783194,-0.040224284,0.027383376,0.094991036,0.1625987,0.23020636,0.297814,0.36542168,0.43302932,0.500637,0.56824464,0.63585234,0.70346,0.7710676,0.83867526,0.90628296,0.9738906],"mean":-0.012715591,"std":0.30895302}
{"counts":[1,0,1,2,7,3,4,9,20,27,26,40,49,68,60,55,48,51,39,31,26,20,17,11,11,6,2,3,2,1],"wall_time":1.754172766767e9,"step":3,"max":0.97690064,"min":-1.0489826,"count":640,"bins":[-1.0489826,-0.9814532,-0.91392374,-0.8463943,-0.77886486,-0.7113354,-0.643806,-0.57627654,-0.5087471,-0.44121763,-0.3736882,-0.30615875,-0.23862931,-0.17109987,-0.10357043,-0.03604099,0.031488452,0.099017896,0.16654733,0.23407678,0.3016062,0.36913565,0.4366651,0.50419456,0.571724,0.63925344,0.7067829,0.7743123,0.84184176,0.9093712,0.97690064],"mean":-0.0127987545,"std":0.30898884}
{"counts":[1,0,1,2,8,3,3,11,18,29,26,38,52,65,64,55,48,49,36,33,25,20,16,12,11,6,3,2,2,1],"wall_time":1.754172767979e9,"step":4,"max":0.9762304,"min":-1.0416824,"count":640,"bins":[-1.0416824,-0.9744186,-0.90715486,-0.8398911,-0.77262735,-0.7053636,-0.6380998,-0.57083607,-0.5035723,-0.43630853,-0.36904478,-0.30178103,-0.23451726,-0.16725351,-0.09998975,-0.03272599,0.03453777,0.10180153,0.16906528,0.23632905,0.3035928,0.37085655,0.4381203,0.5053841,0.5726478,0.6399116,0.7071754,0.7744391,0.8417029,0.9089666,0.9762304],"mean":-0.012746009,"std":0.3090404}
{"counts":[1,0,1,2,9,3,2,12,18,31,25,39,56,59,63,57,49,47,34,35,24,19,17,13,10,6,3,2,2,1],"wall_time":1.754172769074e9,"step":5,"max":0.9745311,"min":-1.0355585,"count":640,"bins":[-1.0355585,-0.96855545,-0.9015525,-0.8345495,-0.76754653,-0.7005435,-0.6335406,-0.56653756,-0.49953458,-0.4325316,-0.3655286,-0.29852563,-0.23152263,-0.16451965,-0.09751666,-0.030513674,0.03648931,0.1034923,0.17049529,0.23749827,0.30450127,0.37150425,0.43850723,0.5055102,0.5725132,0.6395162,0.7065192,0.77352214,0.84052515,0.9075281,0.9745311],"mean":-0.012755302,"std":0.30900857}
{"counts":[1,0,1,2,9,3,2,11,20,30,24,41,54,61,64,55,49,47,34,35,25,19,16,13,10,6,2,3,1,2],"wall_time":1.754172770228e9,"step":6,"max":0.97411376,"min":-1.0343044,"count":640,"bins":[-1.0343044,-0.9673571,-0.9004098,-0.83346254,-0.7665153,-0.69956803,-0.63262075,-0.5656735,-0.49872622,-0.43177894,-0.36483166,-0.2978844,-0.23093712,-0.16398986,-0.09704258,-0.030095309,0.03685196,0.10379923,0.1707465,0.23769377,0.30464104,0.37158832,0.4385356,0.50548285,0.57243013,0.6393774,0.7063247,0.7732719,0.8402192,0.9071665,0.97411376],"mean":-0.01272368,"std":0.30903846}
{"counts":[1,0,1,3,8,3,3,10,22,28,26,41,53,61,62,57,48,47,33,36,26,18,15,14,10,6,2,3,1,2],"wall_time":1.754172771348e9,"step":7,"max":0.9693658,"min":-1.0285025,"count":640,"bins":[-1.0285025,-0.96190685,-0.89531124,-0.8287156,-0.76212,-0.6955244,-0.62892884,-0.5623332,-0.4957376,-0.429142,-0.36254638,-0.29595077,-0.22935517,-0.16275956,-0.09616395,-0.029568344,0.037027262,0.10362287,0.17021848,0.23681408,0.3034097,0.3700053,0.43660092,0.50319654,0.56979215,0.6363877,0.7029833,0.76957893,0.83617455,0.90277016,0.9693658],"mean":-0.012722488,"std":0.309095}
{"counts":[1,0,1,3,8,3,3,10,24,29,26,40,51,63,61,57,49,45,34,37,24,20,13,15,9,6,2,3,1,2],"wall_time":1.754172772636e9,"step":8,"max":0.96955746,"min":-1.0255197,"count":640,"bins":[-1.0255197,-0.95901716,-0.8925146,-0.826012,-0.75950944,-0.6930069,-0.6265043,-0.56000173,-0.49349913,-0.42699656,-0.360494,-0.29399142,-0.22748885,-0.16098627,-0.0944837,-0.027981132,0.038521443,0.10502402,0.17152658,0.23802917,0.30453172,0.3710343,0.43753687,0.50403947,0.57054204,0.6370446,0.7035472,0.77004975,0.8365523,0.9030549,0.96955746],"mean":-0.012682667,"std":0.3091193}
{"counts":[1,0,1,3,8,3,3,11,25,27,27,40,52,60,63,56,49,47,33,36,24,20,13,16,8,6,2,3,1,2],"wall_time":1.75417277386e9,"step":9,"max":0.9680089,"min":-1.0226834,"count":640,"bins":[-1.0226834,-0.95632696,-0.88997054,-0.8236142,-0.75725776,-0.69090134,-0.6245449,-0.5581885,-0.4918321,-0.42547572,-0.3591193,-0.29276288,-0.22640648,-0.16005006,-0.09369366,-0.027337253,0.039019156,0.105375566,0.17173198,0.23808838,0.3044448,0.3708012,0.4371576,0.503514,0.5698704,0.63622683,0.70258325,0.7689397,0.83529603,0.90165246,0.9680089],"mean":-0.0127035305,"std":0.30913636}
{"counts":[1,0,1,2,9,3,2,12,18,31,25,39,56,59,63,57,49,47,34,35,24,19,17,13,10,6,3,2,2,1],"wall_time":1.754172775049e9,"step":10,"max":0.9745311,"min":-1.0355585,"count":640,"bins":[-1.0355585,-0.96855545,-0.9015525,-0.8345495,-0.76754653,-0.7005435,-0.6335406,-0.56653756,-0.49953458,-0.4325316,-0.3655286,-0.29852563,-0.23152263,-0.16451965,-0.09751666,-0.030513674,0.03648931,0.1034923,0.17049529,0.23749827,0.30450127,0.37150425,0.43850723,0.5055102,0.5725132,0.6395162,0.7065192,0.77352214,0.84052515,0.9075281,0.9745311],"mean":-0.012755302,"std":0.30900857}
