{"counts":[1,0,4,2,2,0,1,1,2,1,1,2,3,1,0,3,3,1,0,1,1,1,0,0,0,0,0,0,0,1],"wall_time":1.754172764538e9,"step":1,"max":1.0138246,"min":0.9820653,"count":32,"bins":[0.9820653,0.98312396,0.9841826,0.98524123,0.9862999,0.9873585,0.98841715,0.9894758,0.9905345,0.9915931,0.99265176,0.9937104,0.99476904,0.9958277,0.9968863,0.99794495,0.9990036,1.0000622,1.0011209,1.0021795,1.0032382,1.0042968,1.0053555,1.006414,1.0074728,1.0085313,1.00959,1.0106486,1.0117073,1.0127659,1.0138246],"mean":0.99386054,"std":0.007323136}
{"counts":[4,1,1,0,1,1,2,3,3,0,2,3,1,2,1,2,1,1,0,1,1,0,0,0,0,0,0,0,0,1],"wall_time":1.7541727657e9,"step":2,"max":1.0213606,"min":0.97275704,"count":32,"bins":[0.97275704,0.97437716,0.97599727,0.9776174,0.9792375,0.9808577,0.9824778,0.9840979,0.985718,0.9873381,0.98895824,0.99057835,0.99219847,0.9938186,0.9954387,0.99705887,0.998679,1.0002991,1.0019192,1.0035393,1.0051595,1.0067796,1.0083997,1.0100198,1.01164,1.01326,1.0148802,1.0165002,1.0181204,1.0197405,1.0213606],"mean":0.9889228,"std":0.010945983}
{"counts":[2,2,0,2,0,2,2,1,1,4,1,4,1,3,1,1,2,1,1,0,0,0,0,0,0,0,0,0,0,1],"wall_time":1.754172766775e9,"step":3,"max":1.0303739,"min":0.96118873,"count":32,"bins":[0.96118873,0.9634949,0.96580106,0.9681073,0.97041345,0.9727196,0.9750258,0.97733194,0.9796381,0.9819443,0.9842505,0.98655665,0.9888628,0.991169,0.99347514,0.99578136,0.9980875,1.0003936,1.0026999,1.0050061,1.0073122,1.0096184,1.0119245,1.0142307,1.016537,1.018843,1.0211493,1.0234554,1.0257616,1.0280677,1.0303739],"mean":0.98486286,"std":0.014473994}
{"counts":[1,0,1,2,2,1,0,0,2,4,2,3,1,2,1,3,4,1,0,1,0,0,0,0,0,0,0,0,0,1],"wall_time":1.754172767985e9,"step":4,"max":1.0345938,"min":0.95006967,"count":32,"bins":[0.95006967,0.9528871,0.9557046,0.9585221,0.96133953,0.96415704,0.9669745,0.96979195,0.97260946,0.9754269,0.97824436,0.9810619,0.9838793,0.9866968,0.9895143,0.99233174,0.9951492,0.9979667,1.0007842,1.0036017,1.0064191,1.0092366,1.0120541,1.0148715,1.017689,1.0205065,1.0233239,1.0261414,1.0289589,1.0317763,1.0345938],"mean":0.98233557,"std":0.016855525}
{"counts":[1,0,2,1,2,1,0,0,3,3,4,2,1,2,3,3,0,2,0,1,0,0,0,0,0,0,0,0,0,1],"wall_time":1.75417276908e9,"step":5,"max":1.0445812,"min":0.9429576,"count":32,"bins":[0.9429576,0.94634503,0.9497325,0.95311993,0.9565074,0.95989484,0.9632823,0.96666974,0.9700572,0.97344464,0.9768321,0.98021954,0.983607,0.98699445,0.9903819,0.9937694,0.99715686,1.0005443,1.0039318,1.0073192,1.0107067,1.0140941,1.0174816,1.020869,1.0242565,1.0276439,1.0310314,1.0344188,1.0378063,1.0411937,1.0445812],"mean":0.98056215,"std":0.020156315}
{"counts":[1,1,0,1,3,1,0,2,4,2,2,3,0,3,1,3,1,1,1,1,0,0,0,0,0,0,0,0,0,1],"wall_time":1.754172770245e9,"step":6,"max":1.0494456,"min":0.93742687,"count":32,"bins":[0.93742687,0.9411608,0.9448948,0.9486287,0.9523627,0.95609665,0.95983064,0.9635646,0.9672985,0.9710325,0.97476643,0.9785004,0.98223436,0.98596835,0.9897023,0.9934363,0.9971702,1.0009042,1.0046381,1.0083721,1.0121061,1.01584,1.0195739,1.0233079,1.0270419,1.0307758,1.0345098,1.0382438,1.0419778,1.0457116,1.0494456],"mean":0.97838855,"std":0.022524208}
{"counts":[1,1,0,2,2,1,2,2,3,1,4,1,1,3,2,0,3,0,1,1,0,0,0,0,0,0,0,0,0,1],"wall_time":1.754172771358e9,"step":7,"max":1.0573721,"min":0.9325271,"count":32,"bins":[0.9325271,0.9366886,0.94085014,0.9450116,0.9491731,0.9533346,0.9574961,0.96165764,0.9658191,0.9699806,0.97414213,0.9783036,0.9824651,0.9866266,0.9907881,0.99494964,0.9991111,1.0032727,1.0074341,1.0115956,1.0157571,1.0199186,1.0240802,1.0282416,1.0324031,1.0365646,1.0407261,1.0448875,1.0490491,1.0532106,1.0573721],"mean":0.9765961,"std":0.025382923}
{"counts":[1,1,0,2,2,2,3,0,3,1,4,1,1,5,0,3,1,0,0,1,0,0,0,0,0,0,0,0,0,1],"wall_time":1.754172772642e9,"step":8,"max":1.066866,"min":0.9274557,"count":32,"bins":[0.9274557,0.93210274,0.93674976,0.9413968,0.9460438,0.9506908,0.95533776,0.9599848,0.9646318,0.9692788,0.9739258,0.97857285,0.98321986,0.9878669,0.9925139,0.9971609,1.0018079,1.006455,1.011102,1.015749,1.020396,1.0250429,1.0296899,1.0343369,1.038984,1.043631,1.048278,1.052925,1.057572,1.062219,1.066866],"mean":0.9752822,"std":0.027633341}
{"counts":[1,1,2,0,3,1,3,1,2,3,2,0,3,4,2,1,1,0,0,1,0,0,0,0,0,0,0,0,0,1],"wall_time":1.754172773871e9,"step":9,"max":1.071056,"min":0.9260891,"count":32,"bins":[0.9260891,0.9309213,0.9357535,0.9405858,0.945418,0.95025027,0.9550825,0.9599147,0.96474695,0.96957916,0.9744114,0.97924364,0.9840759,0.9889081,0.9937403,0.9985726,1.0034049,1.008237,1.0130693,1.0179015,1.0227337,1.027566,1.0323982,1.0372305,1.0420626,1.0468949,1.0517272,1.0565593,1.0613916,1.0662239,1.071056],"mean":0.9747021,"std":0.02897798}
{"counts":[1,0,2,1,2,1,0,0,3,3,4,2,1,2,3,3,0,2,0,1,0,0,0,0,0,0,0,0,0,1],"wall_time":1.754172775067e9,"step":10,"max":1.0445812,"min":0.9429576,"count":32,"bins":[0.9429576,0.94634503,0.9497325,0.95311993,0.9565074,0.95989484,0.9632823,0.96666974,0.9700572,0.97344464,0.9768321,0.98021954,0.983607,0.98699445,0.9903819,0.9937694,0.99715686,1.0005443,1.0039318,1.0073192,1.0107067,1.0140941,1.0174816,1.020869,1.0242565,1.0276439,1.0310314,1.0344188,1.0378063,1.0411937,1.0445812],"mean":0.98056215,"std":0.020156315}
