{"counts":[1,1,0,0,4,3,1,1,1,4,2,4,4,2,1,4,5,3,2,4,2,1,4,4,2,2,0,0,1,1],"wall_time":1.754172764529e9,"step":1,"max":1.0176774,"min":0.98382753,"count":64,"bins":[0.98382753,0.98495585,0.98608416,0.98721254,0.98834085,0.9894692,0.9905975,0.99172586,0.9928542,0.9939825,0.9951108,0.9962392,0.9973675,0.9984958,0.99962413,1.0007524,1.0018808,1.0030091,1.0041375,1.0052658,1.0063941,1.0075225,1.0086508,1.0097791,1.0109074,1.0120357,1.0131642,1.0142925,1.0154208,1.0165491,1.0176774],"mean":1.0009711,"std":0.007909982}
{"counts":[1,2,3,0,0,2,2,2,2,2,3,5,3,1,3,2,1,5,2,4,5,2,2,2,1,3,3,0,0,1],"wall_time":1.754172765665e9,"step":2,"max":1.0276836,"min":0.9767179,"count":64,"bins":[0.9767179,0.97841674,0.9801156,0.98181444,0.9835133,0.9852122,0.98691106,0.9886099,0.99030876,0.9920076,0.99370646,0.9954053,0.99710417,0.998803,1.0005019,1.0022007,1.0038996,1.0055984,1.0072973,1.0089961,1.0106951,1.012394,1.0140928,1.0157917,1.0174905,1.0191894,1.0208882,1.0225871,1.0242859,1.0259848,1.0276836],"mean":1.0022844,"std":0.01259403}
{"counts":[2,0,3,2,0,1,3,1,2,3,2,1,3,5,1,3,3,1,3,8,5,2,1,1,3,1,0,2,1,1],"wall_time":1.754172766772e9,"step":3,"max":1.034692,"min":0.9711825,"count":64,"bins":[0.9711825,0.9732995,0.9754165,0.97753346,0.97965044,0.9817675,0.98388445,0.98600143,0.9881184,0.9902354,0.99235237,0.99446934,0.9965863,0.9987033,1.0008203,1.0029373,1.0050542,1.0071713,1.0092882,1.0114052,1.0135223,1.0156392,1.0177562,1.0198731,1.0219902,1.0241071,1.0262241,1.028341,1.0304581,1.032575,1.034692],"mean":1.0035607,"std":0.0155355595}
{"counts":[2,1,0,3,1,3,1,2,0,1,1,6,2,1,1,6,2,2,2,4,8,0,2,2,2,3,2,2,1,1],"wall_time":1.754172767979e9,"step":4,"max":1.03772,"min":0.967289,"count":64,"bins":[0.967289,0.9696367,0.9719844,0.9743321,0.97667974,0.97902745,0.98137516,0.98372287,0.9860706,0.9884183,0.990766,0.9931137,0.99546134,0.99780905,1.0001568,1.0025045,1.0048522,1.0071999,1.0095476,1.0118953,1.014243,1.0165907,1.0189384,1.021286,1.0236337,1.0259814,1.0283291,1.0306768,1.0330245,1.0353723,1.03772],"mean":1.0046364,"std":0.018150732}
{"counts":[4,0,1,2,0,1,2,1,3,1,5,0,4,1,2,4,3,1,4,3,5,2,1,2,2,3,2,3,0,2],"wall_time":1.754172769076e9,"step":5,"max":1.0415819,"min":0.96547383,"count":64,"bins":[0.96547383,0.9680108,0.9705477,0.9730846,0.9756216,0.97815853,0.9806954,0.9832324,0.98576933,0.9883062,0.9908432,0.9933801,0.995917,0.998454,1.0009909,1.0035279,1.0060648,1.0086017,1.0111387,1.0136756,1.0162126,1.0187495,1.0212864,1.0238234,1.0263603,1.0288972,1.0314342,1.0339711,1.036508,1.039045,1.0415819],"mean":1.0056204,"std":0.020399386}
{"counts":[1,3,1,1,1,2,1,2,1,4,1,2,4,2,1,2,5,1,2,2,5,2,4,1,2,3,2,1,2,3],"wall_time":1.754172770232e9,"step":6,"max":1.044832,"min":0.9613326,"count":64,"bins":[0.9613326,0.9641159,0.9668992,0.9696826,0.9724659,0.9752492,0.97803247,0.9808158,0.9835991,0.9863824,0.9891657,0.9919491,0.9947324,0.9975157,1.000299,1.0030823,1.0058656,1.0086489,1.0114323,1.0142156,1.0169989,1.0197822,1.0225655,1.0253488,1.0281321,1.0309154,1.0336988,1.0364821,1.0392654,1.0420487,1.044832],"mean":1.006691,"std":0.022583721}
{"counts":[1,2,0,4,0,0,3,3,0,3,3,3,2,3,1,3,2,3,1,7,4,1,3,4,2,0,2,3,0,1],"wall_time":1.754172771355e9,"step":7,"max":1.0533514,"min":0.9578778,"count":64,"bins":[0.9578778,0.9610603,0.9642427,0.96742517,0.97060764,0.9737901,0.9769725,0.980155,0.98333746,0.9865199,0.98970234,0.9928848,0.9960672,0.9992497,1.0024321,1.0056146,1.008797,1.0119795,1.015162,1.0183444,1.0215269,1.0247093,1.0278918,1.0310743,1.0342567,1.0374391,1.0406216,1.043804,1.0469865,1.050169,1.0533514],"mean":1.0073893,"std":0.024162965}
{"counts":[1,1,0,2,1,1,3,1,3,3,1,6,0,1,4,0,4,3,4,4,3,3,1,5,3,2,1,1,1,1],"wall_time":1.754172772638e9,"step":8,"max":1.0582064,"min":0.95076644,"count":64,"bins":[0.95076644,0.9543478,0.95792913,0.9615104,0.96509176,0.9686731,0.97225446,0.9758358,0.9794171,0.98299843,0.9865798,0.9901611,0.99374247,0.99732375,1.0009052,1.0044864,1.0080677,1.0116491,1.0152304,1.0188118,1.0223931,1.0259744,1.0295558,1.0331371,1.0367185,1.0402998,1.043881,1.0474625,1.0510437,1.0546252,1.0582064],"mean":1.0081261,"std":0.026129993}
{"counts":[1,1,0,0,3,0,2,2,3,4,1,4,3,0,3,1,1,4,3,5,5,4,2,4,3,1,2,0,0,2],"wall_time":1.754172773862e9,"step":9,"max":1.0593535,"min":0.94811004,"count":64,"bins":[0.94811004,0.95181817,0.9555263,0.9592344,0.9629425,0.9666506,0.9703587,0.97406685,0.977775,0.9814831,0.98519117,0.9888993,0.9926074,0.99631554,1.0000236,1.0037317,1.0074399,1.011148,1.0148561,1.0185642,1.0222723,1.0259805,1.0296886,1.0333967,1.0371048,1.0408128,1.044521,1.0482291,1.0519372,1.0556453,1.0593535],"mean":1.0082769,"std":0.026450293}
{"counts":[4,0,1,2,0,1,2,1,3,1,5,0,4,1,2,4,3,1,4,3,5,2,1,2,2,3,2,3,0,2],"wall_time":1.754172775053e9,"step":10,"max":1.0415819,"min":0.96547383,"count":64,"bins":[0.96547383,0.9680108,0.9705477,0.9730846,0.9756216,0.97815853,0.9806954,0.9832324,0.98576933,0.9883062,0.9908432,0.9933801,0.995917,0.998454,1.0009909,1.0035279,1.0060648,1.0086017,1.0111387,1.0136756,1.0162126,1.0187495,1.0212864,1.0238234,1.0263603,1.0288972,1.0314342,1.0339711,1.036508,1.039045,1.0415819],"mean":1.0056204,"std":0.020399386}
