{"counts":[1,0,0,1,2,1,2,10,14,35,50,67,116,129,190,238,205,208,207,162,146,94,71,42,27,16,7,5,1,1],"wall_time":1.754172764536e9,"step":1,"max":0.44158462,"min":-0.572108,"count":2048,"bins":[-0.572108,-0.5383182,-0.50452846,-0.4707387,-0.43694896,-0.4031592,-0.36936945,-0.3355797,-0.30178994,-0.2680002,-0.23421045,-0.2004207,-0.16663094,-0.13284118,-0.09905143,-0.06526168,-0.031471923,0.0023178288,0.03610758,0.06989733,0.103687085,0.13747685,0.1712666,0.20505634,0.2388461,0.27263585,0.3064256,0.34021536,0.3740051,0.40779486,0.44158462],"mean":-0.0018742548,"std":0.12504748}
{"counts":[1,0,0,1,2,1,3,8,15,36,42,70,110,128,185,235,208,210,203,170,149,96,70,43,32,14,7,7,1,1],"wall_time":1.754172765689e9,"step":2,"max":0.4387633,"min":-0.57659477,"count":2048,"bins":[-0.57659477,-0.5427495,-0.5089042,-0.47505897,-0.4412137,-0.40736842,-0.37352315,-0.3396779,-0.30583262,-0.27198735,-0.23814209,-0.20429681,-0.17045155,-0.13660628,-0.10276101,-0.06891574,-0.03507047,-0.0012252022,0.032620065,0.06646533,0.1003106,0.13415587,0.16800115,0.2018464,0.23569168,0.26953694,0.30338222,0.3372275,0.37107274,0.40491802,0.4387633],"mean":-0.0029059655,"std":0.1253648}
{"counts":[1,0,0,1,2,1,3,7,16,35,44,66,112,123,184,232,210,213,196,171,155,101,69,42,34,14,8,4,3,1],"wall_time":1.754172766773e9,"step":3,"max":0.43740982,"min":-0.5796767,"count":2048,"bins":[-0.5796767,-0.5457738,-0.5118709,-0.47796804,-0.44406515,-0.41016227,-0.3762594,-0.3423565,-0.30845362,-0.27455074,-0.24064785,-0.20674497,-0.17284209,-0.1389392,-0.10503632,-0.071133435,-0.03723055,-0.0033276677,0.030575216,0.0644781,0.09838098,0.13228387,0.16618675,0.20008963,0.23399252,0.2678954,0.30179828,0.33570117,0.36960405,0.40350693,0.43740982],"mean":-0.0042005684,"std":0.12574974}
{"counts":[1,0,0,1,2,1,1,7,16,32,38,68,109,118,177,229,214,220,192,180,148,113,70,48,30,17,8,4,3,1],"wall_time":1.754172767979e9,"step":4,"max":0.43584022,"min":-0.58720195,"count":2048,"bins":[-0.58720195,-0.5531005,-0.51899916,-0.48489773,-0.45079634,-0.4166949,-0.3825935,-0.34849212,-0.31439072,-0.2802893,-0.2461879,-0.21208648,-0.17798509,-0.14388368,-0.10978227,-0.07568087,-0.041579463,-0.0074780555,0.02662335,0.060724758,0.09482616,0.12892757,0.16302897,0.19713038,0.23123178,0.2653332,0.2994346,0.333536,0.3676374,0.40173882,0.43584022],"mean":-0.004728431,"std":0.12595691}
{"counts":[1,0,0,1,2,1,1,7,16,29,39,72,102,123,177,223,221,220,195,176,148,112,74,45,33,15,7,4,3,1],"wall_time":1.75417276908e9,"step":5,"max":0.43816385,"min":-0.5921201,"count":2048,"bins":[-0.5921201,-0.5577773,-0.5234345,-0.48909172,-0.45474893,-0.4204061,-0.3860633,-0.3517205,-0.31737772,-0.28303492,-0.24869213,-0.21434933,-0.18000653,-0.14566372,-0.11132093,-0.07697813,-0.042635333,-0.008292535,0.026050264,0.06039306,0.09473586,0.12907866,0.16342145,0.19776426,0.23210706,0.26644987,0.30079266,0.33513546,0.36947826,0.40382105,0.43816385],"mean":-0.0051298207,"std":0.12616652}
{"counts":[1,0,0,1,1,2,0,8,13,26,40,63,96,118,176,213,225,223,201,180,155,116,78,47,33,17,7,3,4,1],"wall_time":1.75417277024e9,"step":6,"max":0.4353788,"min":-0.5999208,"count":2048,"bins":[-0.5999208,-0.56541085,-0.53090084,-0.49639085,-0.46188086,-0.42737088,-0.3928609,-0.3583509,-0.32384092,-0.28933093,-0.25482094,-0.22031096,-0.18580097,-0.15129098,-0.116781,-0.08227101,-0.047761023,-0.013251036,0.02125895,0.055768937,0.09027892,0.12478891,0.1592989,0.19380888,0.22831887,0.26282886,0.29733884,0.33184883,0.36635882,0.4008688,0.4353788],"mean":-0.0057350695,"std":0.12643516}
{"counts":[1,0,0,1,0,3,0,8,13,28,34,63,96,114,167,210,223,226,203,176,150,138,74,51,36,18,5,5,4,1],"wall_time":1.754172771357e9,"step":7,"max":0.43055776,"min":-0.60168326,"count":2048,"bins":[-0.60168326,-0.5672752,-0.5328672,-0.49845916,-0.46405113,-0.4296431,-0.39523506,-0.36082703,-0.326419,-0.29201096,-0.25760293,-0.22319488,-0.18878685,-0.15437882,-0.11997078,-0.08556275,-0.051154718,-0.016746683,0.017661352,0.052069385,0.08647742,0.120885454,0.15529348,0.18970153,0.22410956,0.2585176,0.29292563,0.32733366,0.3617417,0.39614972,0.43055776],"mean":-0.0061888234,"std":0.12662494}
{"counts":[1,0,0,0,1,3,0,7,12,25,34,61,89,121,152,214,223,218,203,183,154,141,80,55,37,18,6,4,5,1],"wall_time":1.75417277264e9,"step":8,"max":0.42673293,"min":-0.605922,"count":2048,"bins":[-0.605922,-0.5715002,-0.5370783,-0.5026565,-0.46823466,-0.43381283,-0.399391,-0.36496916,-0.33054733,-0.2961255,-0.26170367,-0.22728185,-0.19286002,-0.15843819,-0.12401636,-0.08959453,-0.055172697,-0.020750867,0.013670963,0.048092794,0.08251462,0.11693645,0.15135829,0.18578011,0.22020194,0.25462377,0.2890456,0.32346743,0.35788926,0.3923111,0.42673293],"mean":-0.006667301,"std":0.12678893}
{"counts":[1,0,0,1,0,3,0,7,12,24,35,59,93,120,150,218,216,215,211,175,157,141,79,56,38,20,6,4,6,1],"wall_time":1.754172773865e9,"step":9,"max":0.42464265,"min":-0.6041105,"count":2048,"bins":[-0.6041105,-0.56981874,-0.53552693,-0.5012352,-0.46694338,-0.43265164,-0.39835986,-0.3640681,-0.32977632,-0.29548454,-0.26119277,-0.226901,-0.19260922,-0.15831746,-0.12402569,-0.08973391,-0.055442143,-0.021150371,0.013141399,0.04743317,0.08172494,0.116016716,0.15030849,0.18460025,0.21889202,0.25318378,0.28747556,0.32176733,0.3560591,0.39035088,0.42464265],"mean":-0.0066591837,"std":0.12680805}
{"counts":[1,0,0,1,2,1,1,7,16,29,39,72,102,123,177,223,221,220,195,176,148,112,74,45,33,15,7,4,3,1],"wall_time":1.754172775059e9,"step":10,"max":0.43816385,"min":-0.5921201,"count":2048,"bins":[-0.5921201,-0.5577773,-0.5234345,-0.48909172,-0.45474893,-0.4204061,-0.3860633,-0.3517205,-0.31737772,-0.28303492,-0.24869213,-0.21434933,-0.18000653,-0.14566372,-0.11132093,-0.07697813,-0.042635333,-0.008292535,0.026050264,0.06039306,0.09473586,0.12907866,0.16342145,0.19776426,0.23210706,0.26644987,0.30079266,0.33513546,0.36947826,0.40382105,0.43816385],"mean":-0.0051298207,"std":0.12616652}
