{"counts":[2,0,1],"wall_time":1.754172764557e9,"step":1,"max":0.011694256,"min":-0.006916544,"count":3,"bins":[-0.006916544,-0.0007129439,0.005490656,0.011694256],"mean":-0.00015437044,"std":0.010295362}
{"counts":[2,0,1],"wall_time":1.754172765706e9,"step":2,"max":0.01254717,"min":-0.0073888465,"count":3,"bins":[-0.0073888465,-0.0007435077,0.005901831,0.01254717],"mean":-0.00015185431,"std":0.011033428}
{"counts":[2,0,1],"wall_time":1.754172766776e9,"step":3,"max":0.015139033,"min":-0.009881903,"count":3,"bins":[-0.009881903,-0.0015415912,0.006798721,0.015139033],"mean":2.589232e-5,"std":0.013297877}
{"counts":[2,0,1],"wall_time":1.754172767987e9,"step":4,"max":0.012356305,"min":-0.0068508256,"count":3,"bins":[-0.0068508256,-0.0004484489,0.005953928,0.012356305],"mean":-7.170532e-5,"std":0.010777798}
{"counts":[2,0,1],"wall_time":1.754172769088e9,"step":5,"max":0.011103466,"min":-0.0073789936,"count":3,"bins":[-0.0073789936,-0.0012181737,0.0049426463,0.011103466],"mean":-4.489689e-5,"std":0.009813858}
{"counts":[2,0,1],"wall_time":1.754172770248e9,"step":6,"max":0.009438926,"min":-0.0062218346,"count":3,"bins":[-0.0062218346,-0.001001581,0.004218673,0.009438926],"mean":-9.8419376e-5,"std":0.008369949}
{"counts":[1,1,1],"wall_time":1.754172771359e9,"step":7,"max":0.009596093,"min":-0.009596471,"count":3,"bins":[-0.009596471,-0.0031989496,0.0031985715,0.009596093],"mean":4.2359654e-5,"std":0.009596565}
{"counts":[1,1,1],"wall_time":1.754172772644e9,"step":8,"max":0.0088148,"min":-0.007880588,"count":3,"bins":[-0.007880588,-0.0023154588,0.0032496704,0.0088148],"mean":-1.0598451e-5,"std":0.008388599}
{"counts":[1,1,1],"wall_time":1.754172773876e9,"step":9,"max":0.0071701594,"min":-0.005881187,"count":3,"bins":[-0.005881187,-0.0015307382,0.0028197106,0.0071701594],"mean":-7.1060844e-5,"std":0.006642321}
{"counts":[2,0,1],"wall_time":1.754172775073e9,"step":10,"max":0.011103466,"min":-0.0073789936,"count":3,"bins":[-0.0073789936,-0.0012181737,0.0049426463,0.011103466],"mean":-4.489689e-5,"std":0.009813858}
