{"counts":[2,0,1,1,2,2,2,2,1,1,2,2,1,2,0,3,3,0,0,0,1,1,1,0,0,0,1,0,0,1],"wall_time":1.754172764547e9,"step":1,"max":0.013424707,"min":-0.015350782,"count":32,"bins":[-0.015350782,-0.014391599,-0.013432416,-0.012473233,-0.011514051,-0.010554868,-0.009595685,-0.008636502,-0.0076773185,-0.0067181354,-0.005758953,-0.0047997697,-0.0038405866,-0.0028814038,-0.0019222208,-0.00096303783,-3.8548683e-6,0.0009553281,0.0019145111,0.002873694,0.003832877,0.00479206,0.005751243,0.006710426,0.007669609,0.008628792,0.009587975,0.010547157,0.0115063405,0.012465524,0.013424707],"mean":-0.0041055484,"std":0.0070436755}
{"counts":[1,2,0,2,0,2,0,3,2,3,0,1,4,2,2,2,0,4,0,0,0,0,0,0,0,1,0,0,0,1],"wall_time":1.754172765704e9,"step":2,"max":0.020512013,"min":-0.023450095,"count":32,"bins":[-0.023450095,-0.02198469,-0.020519288,-0.019053884,-0.017588481,-0.016123077,-0.014657673,-0.01319227,-0.0117268665,-0.010261463,-0.0087960595,-0.0073306556,-0.005865252,-0.0043998486,-0.002934445,-0.0014690412,-3.6376218e-6,0.001461766,0.0029271697,0.004392573,0.0058579766,0.0073233806,0.008788784,0.0102541875,0.011719591,0.013184994,0.014650398,0.016115801,0.017581206,0.019046608,0.020512013],"mean":-0.0068589416,"std":0.0096737025}
{"counts":[1,1,2,1,1,1,2,2,1,2,3,4,1,2,4,0,0,1,0,1,0,0,0,0,1,0,0,0,0,1],"wall_time":1.754172766775e9,"step":3,"max":0.027732603,"min":-0.03035656,"count":32,"bins":[-0.03035656,-0.028420255,-0.02648395,-0.024547644,-0.022611339,-0.020675033,-0.018738728,-0.016802423,-0.014866116,-0.012929811,-0.010993506,-0.0090572005,-0.0071208947,-0.0051845894,-0.0032482839,-0.0013119783,0.0006243271,0.0025606325,0.004496938,0.0064332434,0.008369549,0.0103058545,0.01224216,0.014178465,0.016114771,0.018051077,0.019987382,0.021923687,0.023859993,0.025796298,0.027732603],"mean":-0.00952655,"std":0.012425987}
{"counts":[2,2,1,0,0,1,2,1,4,1,3,2,2,3,1,2,2,0,0,0,0,0,1,1,0,0,0,0,0,1],"wall_time":1.754172767985e9,"step":4,"max":0.028112255,"min":-0.03301694,"count":32,"bins":[-0.03301694,-0.030979298,-0.02894166,-0.026904019,-0.02486638,-0.02282874,-0.0207911,-0.01875346,-0.01671582,-0.01467818,-0.0126405405,-0.010602901,-0.008565261,-0.0065276213,-0.0044899816,-0.0024523418,-0.00041470205,0.0016229377,0.0036605776,0.0056982175,0.0077358573,0.009773497,0.011811136,0.013848777,0.015886417,0.017924055,0.019961696,0.021999335,0.024036976,0.026074614,0.028112255],"mean":-0.010709258,"std":0.013656405}
{"counts":[2,1,0,2,0,0,1,2,4,4,1,2,2,2,2,1,1,1,1,0,1,1,0,0,0,0,0,0,0,1],"wall_time":1.75417276908e9,"step":5,"max":0.034801293,"min":-0.03885796,"count":32,"bins":[-0.03885796,-0.03640265,-0.03394734,-0.031492032,-0.029036725,-0.026581418,-0.024126109,-0.0216708,-0.019215493,-0.016760183,-0.014304875,-0.011849566,-0.009394258,-0.0069389497,-0.0044836416,-0.002028333,0.0004269754,0.0028822839,0.005337592,0.007792901,0.010248209,0.012703517,0.015158826,0.017614134,0.020069443,0.022524752,0.024980059,0.027435368,0.029890677,0.032345984,0.034801293],"mean":-0.0115672825,"std":0.015672697}
{"counts":[2,0,1,2,0,1,1,2,4,1,2,1,2,3,2,1,1,1,1,0,2,1,0,0,0,0,0,0,0,1],"wall_time":1.754172770246e9,"step":6,"max":0.034649454,"min":-0.0410988,"count":32,"bins":[-0.0410988,-0.038573857,-0.036048915,-0.033523973,-0.030999033,-0.02847409,-0.025949148,-0.023424206,-0.020899266,-0.018374324,-0.015849382,-0.0133244395,-0.010799498,-0.008274556,-0.0057496144,-0.0032246727,-0.00069973094,0.0018252109,0.004350153,0.0068750945,0.009400036,0.011924978,0.01444992,0.01697486,0.019499803,0.022024745,0.024549687,0.02707463,0.02959957,0.032124512,0.034649454],"mean":-0.012280025,"std":0.016770901}
{"counts":[1,0,0,1,3,2,0,2,4,2,2,2,0,4,3,0,1,1,1,1,0,0,0,1,0,0,0,0,0,1],"wall_time":1.754172771358e9,"step":7,"max":0.04351145,"min":-0.04704086,"count":32,"bins":[-0.04704086,-0.044022452,-0.04100404,-0.03798563,-0.03496722,-0.03194881,-0.0289304,-0.025911989,-0.022893578,-0.019875167,-0.016856758,-0.013838347,-0.010819936,-0.007801526,-0.004783116,-0.0017647054,0.001253705,0.0042721154,0.007290526,0.010308936,0.013327346,0.016345756,0.019364167,0.022382578,0.025400989,0.028419398,0.03143781,0.03445622,0.03747463,0.04049304,0.04351145],"mean":-0.012773163,"std":0.018914443}
{"counts":[1,0,0,4,0,1,3,0,2,3,3,3,1,2,1,2,1,1,1,1,0,0,0,1,0,0,0,0,0,1],"wall_time":1.754172772643e9,"step":8,"max":0.045103412,"min":-0.04862606,"count":32,"bins":[-0.04862606,-0.045501746,-0.04237743,-0.039253116,-0.036128797,-0.03300448,-0.029880166,-0.02675585,-0.023631535,-0.02050722,-0.017382903,-0.014258588,-0.011134272,-0.008009956,-0.0048856405,-0.0017613247,0.001362991,0.004487307,0.0076116226,0.010735938,0.013860255,0.01698457,0.020108886,0.023233201,0.026357517,0.029481834,0.032606147,0.035730466,0.03885478,0.041979097,0.045103412],"mean":-0.013704101,"std":0.019778231}
{"counts":[1,0,2,1,2,1,2,2,0,5,3,2,1,1,1,3,0,2,1,0,0,0,1,0,0,0,0,0,0,1],"wall_time":1.754172773873e9,"step":9,"max":0.049507037,"min":-0.049012996,"count":32,"bins":[-0.049012996,-0.045728996,-0.042444993,-0.039160993,-0.035876993,-0.03259299,-0.02930899,-0.026024988,-0.022740988,-0.019456986,-0.016172985,-0.012888984,-0.009604983,-0.006320982,-0.0030369808,0.00024702027,0.0035310213,0.0068150223,0.010099024,0.013383024,0.016667025,0.019951027,0.023235029,0.026519028,0.02980303,0.03308703,0.036371034,0.039655033,0.042939033,0.046223037,0.049507037],"mean":-0.013622181,"std":0.020782463}
{"counts":[2,1,0,2,0,0,1,2,4,4,1,2,2,2,2,1,1,1,1,0,1,1,0,0,0,0,0,0,0,1],"wall_time":1.75417277507e9,"step":10,"max":0.034801293,"min":-0.03885796,"count":32,"bins":[-0.03885796,-0.03640265,-0.03394734,-0.031492032,-0.029036725,-0.026581418,-0.024126109,-0.0216708,-0.019215493,-0.016760183,-0.014304875,-0.011849566,-0.009394258,-0.0069389497,-0.0044836416,-0.002028333,0.0004269754,0.0028822839,0.005337592,0.007792901,0.010248209,0.012703517,0.015158826,0.017614134,0.020069443,0.022524752,0.024980059,0.027435368,0.029890677,0.032345984,0.034801293],"mean":-0.0115672825,"std":0.015672697}
