{"wall_time":1.754172763919e9,"step":1,"value":1.0}
{"wall_time":1.754172765657e9,"step":2,"value":2.0}
{"wall_time":1.754172766767e9,"step":3,"value":3.0}
{"wall_time":1.754172767978e9,"step":4,"value":4.0}
{"wall_time":1.754172769074e9,"step":5,"value":5.0}
{"wall_time":1.754172770228e9,"step":6,"value":6.0}
{"wall_time":1.754172771348e9,"step":7,"value":7.0}
{"wall_time":1.754172772635e9,"step":8,"value":8.0}
{"wall_time":1.75417277386e9,"step":9,"value":9.0}
{"wall_time":1.754172775049e9,"step":10,"value":10.0}
