{"wall_time":1.754172763917e9,"step":1,"value":1.2265679}
{"wall_time":1.754172765656e9,"step":2,"value":1.1680857}
{"wall_time":1.754172766767e9,"step":3,"value":1.1445178}
{"wall_time":1.754172767977e9,"step":4,"value":1.1409099}
{"wall_time":1.754172769073e9,"step":5,"value":1.1247978}
{"wall_time":1.754172770226e9,"step":6,"value":1.1252093}
{"wall_time":1.754172771348e9,"step":7,"value":1.1137664}
{"wall_time":1.754172772633e9,"step":8,"value":1.1065799}
{"wall_time":1.754172773859e9,"step":9,"value":1.1095033}
{"wall_time":1.754172775045e9,"step":10,"value":1.0821173}
