{"wall_time":1.754172763827e9,"step":1,"value":0.51900005}
{"wall_time":1.754172765656e9,"step":2,"value":0.25099993}
{"wall_time":1.754172766767e9,"step":3,"value":0.26199985}
{"wall_time":1.754172767977e9,"step":4,"value":0.24499989}
{"wall_time":1.754172769073e9,"step":5,"value":0.24500012}
{"wall_time":1.754172770226e9,"step":6,"value":0.2579999}
{"wall_time":1.754172771348e9,"step":7,"value":0.27100015}
{"wall_time":1.754172772633e9,"step":8,"value":0.35299993}
{"wall_time":1.754172773858e9,"step":9,"value":0.26200008}
{"wall_time":1.754172775045e9,"step":10,"value":0.26600003}
