{"wall_time":1.754172763919e9,"step":1,"value":0.3075}
{"wall_time":1.754172765657e9,"step":2,"value":0.32625}
{"wall_time":1.754172766767e9,"step":3,"value":0.3275}
{"wall_time":1.754172767978e9,"step":4,"value":0.37}
{"wall_time":1.754172769074e9,"step":5,"value":0.3575}
{"wall_time":1.754172770227e9,"step":6,"value":0.34875}
{"wall_time":1.754172771348e9,"step":7,"value":0.365}
{"wall_time":1.754172772635e9,"step":8,"value":0.38625}
{"wall_time":1.754172773859e9,"step":9,"value":0.36875}
{"wall_time":1.754172775049e9,"step":10,"value":0.40125}
