{"counts":[2,2,1,1,2,7,6,9,15,13,50,97,222,447,451,279,154,101,77,36,23,17,6,10,8,4,2,1,3,2],"wall_time":1.754109586135e9,"step":1,"max":0.03358851,"min":-0.029205218,"count":2048,"bins":[-0.029205218,-0.027112093,-0.02501897,-0.022925844,-0.020832721,-0.018739596,-0.016646473,-0.0145533485,-0.012460223,-0.010367099,-0.008273975,-0.0061808513,-0.0040877266,-0.0019946026,9.8521756e-5,0.002191646,0.00428477,0.0063778944,0.008471019,0.010564143,0.012657267,0.014750391,0.016843516,0.01893664,0.021029765,0.023122888,0.025216013,0.027309136,0.029402262,0.031495385,0.03358851],"mean":0.0013647109,"std":0.005820835}
{"counts":[1,0,0,0,2,0,3,11,7,16,30,50,89,210,368,504,327,175,106,69,38,19,11,6,2,1,0,1,1,1],"wall_time":1.754109587308e9,"step":2,"max":0.028949292,"min":-0.029434435,"count":2048,"bins":[-0.029434435,-0.02748831,-0.025542187,-0.023596063,-0.021649938,-0.019703813,-0.01775769,-0.015811566,-0.013865441,-0.011919317,-0.009973193,-0.008027068,-0.006080944,-0.00413482,-0.0021886956,-0.00024257135,0.0017035529,0.0036496771,0.0055958014,0.0075419256,0.00948805,0.011434174,0.013380298,0.015326423,0.017272547,0.019218672,0.021164795,0.023110919,0.025057044,0.027003169,0.028949292],"mean":0.0008004201,"std":0.004735952}
{"counts":[2,0,2,2,0,1,7,8,9,30,50,92,157,264,328,376,281,149,88,80,38,28,14,17,6,6,4,2,4,3],"wall_time":1.754109588395e9,"step":3,"max":0.022257349,"min":-0.02334521,"count":2048,"bins":[-0.02334521,-0.021825124,-0.02030504,-0.018784953,-0.017264869,-0.015744783,-0.014224698,-0.012704613,-0.011184528,-0.009664442,-0.008144357,-0.0066242716,-0.0051041865,-0.003584101,-0.002064016,-0.00054393057,0.0009761547,0.00249624,0.0040163253,0.0055364105,0.0070564956,0.008576581,0.010096666,0.011616752,0.013136837,0.014656922,0.016177008,0.017697092,0.019217178,0.020737262,0.022257349],"mean":-5.5212833e-5,"std":0.004626046}
{"counts":[1,1,0,1,4,5,3,4,15,17,39,47,99,148,206,339,316,251,196,100,99,39,46,23,24,9,7,4,1,4],"wall_time":1.75410958952e9,"step":4,"max":0.020174641,"min":-0.023879083,"count":2048,"bins":[-0.023879083,-0.022410626,-0.020942168,-0.019473711,-0.018005254,-0.016536795,-0.015068338,-0.013599881,-0.012131423,-0.0106629655,-0.009194508,-0.007726051,-0.006257593,-0.004789136,-0.0033206784,-0.0018522209,-0.0003837634,0.001084694,0.0025531515,0.004021609,0.0054900665,0.0069585238,0.008426981,0.009895439,0.011363897,0.012832354,0.014300811,0.01576927,0.017237727,0.018706184,0.020174641],"mean":0.00028071846,"std":0.0048404527}
{"counts":[1,3,2,4,4,4,11,15,23,28,61,90,128,241,365,329,238,166,116,89,42,31,25,13,7,4,4,1,1,2],"wall_time":1.754109590581e9,"step":5,"max":0.020629195,"min":-0.019818002,"count":2048,"bins":[-0.019818002,-0.018469762,-0.017121522,-0.015773283,-0.014425043,-0.013076803,-0.011728562,-0.010380323,-0.009032083,-0.007683843,-0.006335603,-0.0049873632,-0.0036391232,-0.0022908833,-0.0009426434,0.00040559657,0.0017538365,0.0031020765,0.0044503165,0.0057985564,0.007146796,0.0084950365,0.009843276,0.011191516,0.012539756,0.013887996,0.015236236,0.016584476,0.017932715,0.019280955,0.020629195],"mean":0.00072480855,"std":0.0043902746}
{"counts":[1,0,0,1,0,3,4,13,18,38,42,94,113,209,280,402,309,203,129,73,49,28,15,10,4,3,2,2,2,1],"wall_time":1.754109591822e9,"step":6,"max":0.02212213,"min":-0.024138838,"count":2048,"bins":[-0.024138838,-0.022596806,-0.021054773,-0.01951274,-0.01797071,-0.016428677,-0.014886645,-0.013344612,-0.01180258,-0.0102605475,-0.008718516,-0.007176483,-0.005634451,-0.0040924186,-0.0025503864,-0.0010083541,0.00053367816,0.0020757103,0.0036177426,0.005159775,0.006701807,0.008243839,0.009785872,0.011327904,0.012869936,0.014411968,0.015954,0.017496033,0.019038064,0.020580098,0.02212213],"mean":-0.00026623928,"std":0.004503641}
{"counts":[2,1,0,3,5,15,8,8,17,35,35,56,112,168,325,431,304,211,125,75,38,26,15,17,9,2,1,2,1,1],"wall_time":1.754109592952e9,"step":7,"max":0.020965446,"min":-0.021772718,"count":2048,"bins":[-0.021772718,-0.020348113,-0.018923508,-0.017498901,-0.016074296,-0.014649691,-0.013225085,-0.01180048,-0.010375874,-0.008951269,-0.0075266636,-0.006102058,-0.0046774526,-0.0032528471,-0.0018282416,-0.00040363614,0.0010209694,0.0024455748,0.0038701803,0.005294786,0.0067193913,0.008143997,0.009568602,0.010993208,0.012417813,0.013842419,0.015267024,0.016691629,0.018116236,0.01954084,0.020965446],"mean":0.00031846086,"std":0.0043308246}
{"counts":[1,1,3,6,3,9,15,15,52,74,92,214,301,405,283,157,132,93,61,43,31,16,15,7,6,7,3,2,0,1],"wall_time":1.754109594021e9,"step":8,"max":0.028104892,"min":-0.021916606,"count":2048,"bins":[-0.021916606,-0.020249221,-0.01858184,-0.016914455,-0.015247072,-0.013579689,-0.011912306,-0.010244923,-0.00857754,-0.0069101565,-0.005242773,-0.0035753897,-0.0019080065,-0.00024062327,0.00142676,0.0030941432,0.0047615264,0.00642891,0.008096293,0.009763677,0.01143106,0.013098443,0.014765826,0.01643321,0.018100593,0.019767975,0.02143536,0.023102742,0.024770126,0.026437508,0.028104892],"mean":0.0011908183,"std":0.0054005133}
{"counts":[1,0,2,3,2,4,6,8,10,18,36,68,122,201,270,363,372,208,149,91,51,30,12,10,5,4,1,0,0,1],"wall_time":1.754109595083e9,"step":9,"max":0.019668285,"min":-0.022977455,"count":2048,"bins":[-0.022977455,-0.02155593,-0.020134406,-0.01871288,-0.017291356,-0.015869832,-0.0144483065,-0.013026782,-0.011605257,-0.010183733,-0.008762208,-0.0073406836,-0.005919159,-0.0044976342,-0.0030761096,-0.0016545849,-0.00023306024,0.0011884643,0.0026099891,0.004031514,0.0054530385,0.006874563,0.008296087,0.0097176125,0.011139137,0.012560662,0.013982186,0.015403711,0.016825236,0.01824676,0.019668285],"mean":-0.000686147,"std":0.004018433}
{"counts":[1,0,6,4,5,11,25,25,37,70,108,187,262,435,341,213,124,66,49,39,19,8,6,0,4,1,0,1,0,1],"wall_time":1.754109596219e9,"step":10,"max":0.026992451,"min":-0.022488426,"count":2048,"bins":[-0.022488426,-0.020839063,-0.0191897,-0.01754034,-0.015890976,-0.014241613,-0.0125922505,-0.010942888,-0.0092935255,-0.007644163,-0.0059948005,-0.004345438,-0.0026960752,-0.0010467127,0.0006026499,0.0022520125,0.003901375,0.0055507375,0.0072001005,0.0088494625,0.010498825,0.012148188,0.01379755,0.015446913,0.017096275,0.018745638,0.020395001,0.022044364,0.023693725,0.025343088,0.026992451],"mean":-3.1283642e-5,"std":0.004812932}
{"counts":[1,0,0,3,1,1,1,7,4,7,13,25,36,54,105,164,277,536,341,188,109,60,38,28,25,9,7,4,2,2],"wall_time":1.754109597291e9,"step":11,"max":0.018071383,"min":-0.026033897,"count":2048,"bins":[-0.026033897,-0.02456372,-0.023093546,-0.02162337,-0.020153193,-0.018683016,-0.017212842,-0.015742665,-0.014272489,-0.012802313,-0.011332137,-0.009861961,-0.0083917845,-0.006921609,-0.005451433,-0.003981257,-0.0025110808,-0.0010409049,0.00042927117,0.0018994472,0.003369623,0.0048397994,0.0063099754,0.007780151,0.009250327,0.0107205035,0.012190679,0.013660856,0.015131031,0.016601207,0.018071383],"mean":-0.00012553827,"std":0.004130199}
{"counts":[3,1,2,2,1,2,7,6,6,10,26,39,59,86,147,256,537,284,189,151,95,42,34,28,14,7,9,2,1,2],"wall_time":1.754109598394e9,"step":12,"max":0.021969648,"min":-0.026298285,"count":2048,"bins":[-0.026298285,-0.024689354,-0.023080422,-0.021471491,-0.01986256,-0.018253628,-0.016644698,-0.015035767,-0.013426836,-0.011817905,-0.010208974,-0.008600042,-0.0069911117,-0.00538218,-0.0037732492,-0.0021643182,-0.0005553871,0.001053544,0.002662475,0.004271406,0.005880337,0.007489268,0.009098199,0.010707131,0.012316061,0.013924993,0.015533924,0.017142855,0.018751785,0.020360718,0.021969648],"mean":0.0007218536,"std":0.0049089533}
{"counts":[4,1,1,3,5,6,2,5,17,13,15,38,74,134,303,601,328,176,106,80,64,31,18,10,6,2,3,1,0,1],"wall_time":1.754109599532e9,"step":13,"max":0.021681428,"min":-0.023667656,"count":2048,