{"counts":[1,1,1,0,1,0,1,1,0,2,1,2,3,2,3,8,8,6,7,4,6,1,1,3,0,0,0,0,0,1],"wall_time":1.754109586049e9,"step":1,"max":0.015493885,"min":-0.0199972,"count":64,"bins":[-0.0199972,-0.018814163,-0.017631128,-0.016448092,-0.015265055,-0.014082019,-0.012898983,-0.011715947,-0.010532911,-0.009349874,-0.008166838,-0.006983802,-0.005800766,-0.00461773,-0.003434694,-0.0022516577,-0.0010686215,0.00011441465,0.0012974509,0.0024804869,0.0036635231,0.0048465594,0.0060295956,0.0072126314,0.008395668,0.009578704,0.01076174,0.011944776,0.013127812,0.014310849,0.015493885],"mean":-0.0011155361,"std":0.0063983817}
{"counts":[1,0,0,1,0,0,0,0,0,3,4,2,3,3,5,3,6,7,6,7,5,3,2,1,0,0,0,1,0,1],"wall_time":1.754109587291e9,"step":2,"max":0.009850114,"min":-0.014765227,"count":64,"bins":[-0.014765227,-0.013944716,-0.013124204,-0.012303693,-0.011483182,-0.01066267,-0.009842159,-0.009021647,-0.008201136,-0.007380625,-0.0065601137,-0.0057396023,-0.004919091,-0.0040985793,-0.003278068,-0.0024575568,-0.0016370454,-0.00081653404,3.9773063e-6,0.00082448864,0.0016450001,0.0024655114,0.0032860227,0.004106534,0.0049270457,0.0057475567,0.006568068,0.0073885797,0.008209091,0.009029603,0.009850114],"mean":-0.001219013,"std":0.0041046934}
{"counts":[1,0,0,0,0,1,1,0,1,1,4,3,5,5,5,7,9,9,2,2,1,3,2,1,0,0,0,0,0,1],"wall_time":1.754109588392e9,"step":3,"max":0.013410298,"min":-0.015224667,"count":64,"bins":[-0.015224667,-0.014270169,-0.013315669,-0.012361171,-0.011406672,-0.010452173,-0.009497674,-0.008543176,-0.0075886766,-0.0066341776,-0.0056796786,-0.00472518,-0.003770681,-0.0028161823,-0.0018616834,-0.00090718456,4.731429e-5,0.0010018131,0.001956312,0.0029108108,0.0038653098,0.0048198085,0.0057743075,0.006728806,0.007683305,0.008637804,0.009592303,0.010546802,0.0115013,0.0124558,0.013410298],"mean":-0.00047659443,"std":0.004390488}
{"counts":[3,1,1,3,3,1,3,0,1,2,1,1,2,3,3,6,0,2,3,3,2,2,4,3,1,2,1,2,3,2],"wall_time":1.754109589504e9,"step":4,"max":0.005408663,"min":-0.008501274,"count":64,"bins":[-0.008501274,-0.008037609,-0.0075739445,-0.00711028,-0.0066466155,-0.006182951,-0.0057192864,-0.005255622,-0.0047919573,-0.004328293,-0.003864628,-0.0034009635,-0.002937299,-0.0024736344,-0.00200997,-0.0015463054,-0.0010826408,-0.00061897625,-0.00015531173,0.0003083528,0.00077201735,0.0012356819,0.0016993465,0.002163011,0.0026266756,0.0030903402,0.0035540047,0.0040176692,0.004481334,0.0049449983,0.005408663],"mean":-0.0012575311,"std":0.0039618528}
{"counts":[1,0,0,0,0,0,0,0,0,1,0,1,1,4,0,3,0,5,5,5,5,4,4,5,6,3,5,2,1,3],"wall_time":1.754109590578e9,"step":5,"max":0.0043008206,"min":-0.015396783,"count":64,"bins":[-0.015396783,-0.014740196,-0.01408361,-0.013427023,-0.012770436,-0.012113849,-0.011457263,-0.0108006755,-0.010144088,-0.009487502,-0.008830915,-0.008174328,-0.0075177415,-0.006861155,-0.006204568,-0.0055479812,-0.0048913946,-0.0042348076,-0.003578221,-0.0029216341,-0.0022650473,-0.0016084604,-0.0009518737,-0.0002952869,0.0003612999,0.0010178867,0.0016744735,0.0023310604,0.002987647,0.0036442338,0.0043008206],"mean":-0.0016649086,"std":0.0035585854}
{"counts":[1,0,0,0,0,0,1,2,1,3,0,5,5,10,3,7,4,6,3,1,6,2,1,1,1,0,0,0,0,1],"wall_time":1.754109591809e9,"step":6,"max":0.01435525,"min":-0.013859643,"count":64,"bins":[-0.013859643,-0.012919147,-0.0119786495,-0.011038153,-0.010097657,-0.00915716,-0.008216664,-0.0072761676,-0.0063356715,-0.005395175,-0.0044546784,-0.003514182,-0.0025736857,-0.0016331893,-0.0006926929,0.00024780352,0.0011883,0.0021287964,0.0030692928,0.0040097893,0.0049502854,0.005890782,0.0068312786,0.0077717747,0.008712271,0.009652767,0.010593264,0.0115337605,0.012474257,0.013414754,0.01435525],"mean":0.00047126084,"std":0.004526926}
{"counts":[1,0,0,0,0,0,1,6,1,4,5,3,3,10,8,6,2,6,0,3,2,1,1,0,0,0,0,0,0,1],"wall_time":1.75410959293e9,"step":7,"max":0.011081025,"min":-0.009721842,"count":64,"bins":[-0.009721842,-0.009028412,-0.008334984,-0.007641555,-0.006948126,-0.006254697,-0.0055612684,-0.0048678396,-0.0041744104,-0.0034809816,-0.0027875528,-0.002094124,-0.001400695,-0.0007072661,-1.3837218e-5,0.00067959167,0.0013730206,0.0020664495,0.0027598783,0.0034533073,0.004146736,0.004840165,0.0055335937,0.006227023,0.0069204518,0.0076138806,0.00830731,0.009000738,0.009694167,0.010387596,0.011081025],"mean":-0.00015366827,"std":0.0032281352}
{"counts":[1,0,0,1,1,2,1,1,1,2,1,0,1,0,4,7,1,2,7,9,5,5,0,5,2,1,2,0,0,2],"wall_time":1.754109594004e9,"step":8,"max":0.005441039,"min":-0.01491775,"count":64,"bins":[-0.01491775,-0.014239124,-0.013560497,-0.012881871,-0.0122032445,-0.011524619,-0.010845992,-0.010167366,-0.00948874,-0.008810113,-0.008131487,-0.0074528605,-0.0067742346,-0.006095608,-0.005416982,-0.0047383555,-0.004059729,-0.003381103,-0.0027024767,-0.0020238503,-0.0013452241,-0.00066659774,1.2028528e-5,0.0006906548,0.0013692811,0.0020479073,0.0027265337,0.00340516,0.004083786,0.0047624125,0.005441039],"mean":-0.0030394606,"std":0.0042744894}
{"counts":[1,0,1,0,0,2,1,3,3,6,4,6,2,4,3,3,6,2,5,6,1,1,0,0,1,1,0,0,1,1],"wall_time":1.754109595081e9,"step":9,"max":0.009393895,"min":-0.004440007,"count":64,"bins":[-0.004440007,-0.003978877,-0.0035177467,-0.0030566165,-0.0025954866,-0.0021343564,-0.0016732265,-0.0012120964,-0.0007509663,-0.00028983626,0.00017129381,0.00063242385,0.001093554,0.001554684,0.002015814,0.0024769441,0.0029380743,0.0033992042,0.0038603344,0.0043214643,0.0047825943,0.0052437247,0.0057048546,0.0061659846,0.0066271145,0.007088245,0.007549375,0.008010505,0.008471635,0.008932765,0.009393895],"mean":0.0020255616,"std":0.0026903367}
{"counts":[2,0,0,1,2,0,0,1,5,0,2,3,2,2,2,6,3,6,6,8,4,2,2,0,0,3,0,0,1,1],"wall_time":1.754109596198e9,"step":10,"max":0.007976023,"min":-0.012690434,"count":64,"bins":[-0.012690434,-0.012001553,-0.01131267,-0.010623788,-0.009934907,-0.009246024,-0.008557143,-0.007868261,-0.007179379,-0.0064904974,-0.0058016153,-0.005112733,-0.0044238516,-0.0037349695,-0.0030460877,-0.0023572058,-0.001668324,-0.000979442,-0.00029056016,0.00039832172,0.0010872036,0.0017760855,0.0024649673,0.0031538494,0.0038427312,0.004531613,0.005220495,0.005909377,0.006598259,0.0072871405,0.007976023],"mean":-0.0017030581,"std":0.0043148347}
{"counts":[1,0,0,0,1,1,4,1,3,4,4,4,6,4,2,4,8,2,4,4,0,2,1,0,3,0,0,0,0,1],"wall_time":1.754109597279e9,"step":11,"max":0.010154053,"min":-0.007701873,"count":64,"bins":[-0.007701873,-0.0071066753,-0.0065114778,-0.00591628,-0.0053210827,-0.004725885,-0.0041306876,-0.0035354903,-0.0029402927,-0.0023450952,-0.0017498977,-0.0011547002,-0.00055950263,3.5694862e-5,0.0006308924,0.0012260899,0.0018212874,0.002416485,0.0030116825,0.0036068799,0.0042020776,0.004797275,0.0053924727,0.00598767,0.0065828674,0.007178065,0.0077732624,0.00836846,0.008963658,0.009558856,0.010154053],"mean":0.00073096086,"std":0.0032967415}
{"counts":[2,0,2,0,2,1,0,0,1,1,4,8,12,13,3,5,1,3,1,1,3,0,0,0,0,0,0,0,0,1],"wall_time":1.754109598387e9,"step":12,"max":0.013835259,"min":-0.011532297,"count":64,"bins":[-0.011532297,-0.010686712,-0.009841127,-0.008995541,-0.008149956,-0.0073043713,-0.0064587863,-0.005613201,-0.004767616,-0.0039220303,-0.0030764453,-0.00223086,-0.0013852749,-0.0005396897,0.00030589552,0.0011514807,0.001997066,0.0028426512,0.0036882362,0.0045338217,0.0053794067,0.0062249918,0.0070705772,0.007916163,0.008761748,0.009607333,0.010452918,0.011298503,0.012144089,0.012989674,0.013835259],"mean":-0.0007283082,"std":0.0040794443}
{"counts":[1,2,0,0,3,1,2,1,4,5,5,7,4,1,9,5,2,5,4,0,1,0,0,0,1,0,0,0,0,1],"wall_time":1.754109599527e9,"step":13,"max":0.010680672,"min":-0.0076841963,"count":64,"bins":[-0.0076841963,-0.0070720343,-0.006459872,-0.0058477097,-0.005235547,-0.004623385,-0.0040112226,-0.0033990603,-0.0027868983,-0.002174736,-0.0015625736,-0.00095041137,-0.00033824908,0.00027391317,0.00088607543,0.0014982377,0.0021104,0.0027225623,0.0033347246,0.003946887,0.004559049,0.0051712114,0.0057833735,0.006395536,0.007007698,0.0076198606,0.008232023,0.008844185,0.009456348,0.01006851,0.010680672],"mean":-2.4324996e-5,