{"counts":[1,0,0,0,0,0,3,1,4,8,12,15,21,35,70,108,128,86,57,36,19,14,9,4,3,1,0,3,1,1],"wall_time":1.754109586048e9,"step":1,"max":0.018579366,"min":-0.02220024,"count":640,"bins":[-0.02220024,-0.02084092,-0.0194816,-0.01812228,-0.016762959,-0.015403639,-0.014044318,-0.012684998,-0.011325679,-0.009966359,-0.008607038,-0.0072477176,-0.005888398,-0.0045290776,-0.0031697573,-0.0018104371,-0.00045111688,0.0009082033,0.0022675234,0.0036268437,0.0049861637,0.006345484,0.007704804,0.009064124,0.010423444,0.011782764,0.013142085,0.014501405,0.015860725,0.017220046,0.018579366],"mean":1.9423183e-5,"std":0.0041242316}
{"counts":[2,1,1,3,6,6,8,16,21,29,43,68,79,111,88,57,42,16,10,10,7,6,1,3,1,2,1,0,0,2],"wall_time":1.754109587291e9,"step":2,"max":0.015600129,"min":-0.012384291,"count":640,"bins":[-0.012384291,-0.011451477,-0.010518663,-0.009585849,-0.008653034,-0.007720221,-0.0067874067,-0.0058545927,-0.004921779,-0.003988965,-0.0030561509,-0.0021233368,-0.0011905229,-0.0002577089,0.00067510514,0.0016079191,0.0025407332,0.003473547,0.004406361,0.005339175,0.006271989,0.007204803,0.008137617,0.009070431,0.010003245,0.010936059,0.011868873,0.012801687,0.013734501,0.014667315,0.015600129],"mean":-6.2594765e-5,"std":0.003322429}
{"counts":[1,0,1,0,0,1,0,1,0,2,2,7,7,15,33,40,73,128,129,89,52,26,13,8,3,3,0,3,2,1],"wall_time":1.754109588391e9,"step":3,"max":0.020074632,"min":-0.029834205,"count":640,"bins":[-0.029834205,-0.028170578,-0.02650695,-0.024843322,-0.023179693,-0.021516066,-0.019852437,-0.01818881,-0.016525183,-0.014861554,-0.013197926,-0.011534298,-0.009870671,-0.008207043,-0.0065434147,-0.0048797866,-0.0032161588,-0.0015525308,0.0001110971,0.001774725,0.0034383528,0.0051019806,0.0067656087,0.008429237,0.010092865,0.011756493,0.013420121,0.015083748,0.016747376,0.018411005,0.020074632],"mean":5.9429633e-5,"std":0.004651994}
{"counts":[1,1,1,3,3,8,5,9,7,18,23,27,40,47,71,69,71,58,45,45,22,22,14,10,2,4,5,4,3,2],"wall_time":1.7541095895e9,"step":4,"max":0.010881314,"min":-0.013299003,"count":640,"bins":[-0.013299003,-0.012492993,-0.011686982,-0.010880971,-0.010074961,-0.009268951,-0.008462939,-0.007656929,-0.0068509188,-0.006044908,-0.0052388976,-0.004432887,-0.0036268763,-0.0028208657,-0.0020148552,-0.0012088446,-0.000402834,0.00040317656,0.0012091871,0.0020151976,0.0028212082,0.0036272188,0.0044332296,0.00523924,0.0060452507,0.006851261,0.007657272,0.008463282,0.0092692925,0.010075304,0.010881314],"mean":-0.0005675322,"std":0.003541412}
{"counts":[1,0,1,1,0,5,11,19,12,34,40,102,109,120,67,46,31,15,11,9,3,1,1,0,0,0,0,0,0,1],"wall_time":1.754109590575e9,"step":5,"max":0.020030579,"min":-0.015586829,"count":640,"bins":[-0.015586829,-0.014399582,-0.013212335,-0.012025088,-0.010837841,-0.009650595,-0.008463347,-0.0072761006,-0.0060888533,-0.0049016066,-0.0037143596,-0.0025271128,-0.0013398658,-0.00015261893,0.001034628,0.002221875,0.003409122,0.004596369,0.0057836156,0.0069708624,0.008158109,0.009345356,0.010532604,0.01171985,0.012907097,0.014094344,0.015281591,0.016468838,0.017656084,0.018843332,0.020030579],"mean":-0.00033115613,"std":0.0033959928}
{"counts":[1,2,0,3,5,5,3,13,18,23,43,52,63,75,86,78,55,31,30,19,14,8,5,1,3,0,0,1,2,1],"wall_time":1.754109591806e9,"step":6,"max":0.014984215,"min":-0.0140363835,"count":640,"bins":[-0.0140363835,-0.01306903,-0.012101677,-0.011134324,-0.01016697,-0.009199617,-0.008232264,-0.0072649107,-0.006297557,-0.005330204,-0.004362851,-0.0033954976,-0.0024281442,-0.001460791,-0.0004934377,0.0004739156,0.0014412688,0.002408622,0.0033759754,0.0043433285,0.005310682,0.006278035,0.0072453883,0.008212741,0.009180095,0.010147449,0.011114801,0.012082155,0.013049508,0.014016861,0.014984215],"mean":-0.0004131315,"std":0.0036458266}
{"counts":[2,0,0,1,2,4,5,6,13,16,36,47,83,89,123,78,50,23,20,10,8,5,7,6,1,2,0,1,0,2],"wall_time":1.754109592927e9,"step":7,"max":0.014417037,"min":-0.012852578,"count":640,"bins":[-0.012852578,-0.011943591,-0.011034604,-0.010125617,-0.00921663,-0.008307642,-0.007398655,-0.006489668,-0.005580681,-0.004671694,-0.0037627064,-0.0028537193,-0.0019447322,-0.0010357449,-0.00012675772,0.0007822295,0.0016912167,0.002600204,0.003509191,0.0044181785,0.0053271656,0.0062361527,0.00714514,0.008054127,0.008963115,0.009872101,0.010781089,0.0116900755,0.012599063,0.01350805,0.014417037],"mean":2.261917e-5,"std":0.0030836645}
{"counts":[2,1,0,0,6,1,4,8,7,8,18,25,25,43,68,80,99,76,49,32,25,18,12,6,5,8,7,2,4,1],"wall_time":1.754109594e9,"step":8,"max":0.011461403,"min":-0.013528377,"count":640,"bins":[-0.013528377,-0.012695384,-0.011862392,-0.011029399,-0.010196406,-0.009363414,-0.008530421,-0.007697428,-0.0068644355,-0.006031443,-0.0051984503,-0.0043654577,-0.0035324648,-0.0026994722,-0.0018664795,-0.0010334868,-0.00020049413,0.00063249853,0.0014654913,0.0022984839,0.0031314765,0.0039644693,0.004797462,0.0056304545,0.006463447,0.0072964397,0.008129433,0.008962425,0.009795418,0.010628411,0.011461403],"mean":-2.587328e-5,"std":0.003410496}
{"counts":[1,1,0,1,0,1,1,2,2,0,2,11,15,23,31,55,72,110,112,58,64,25,18,16,7,4,3,1,1,3],"wall_time":1.75410959508e9,"step":9,"max":0.010530927,"min":-0.015530713,"count":640,"bins":[-0.015530713,-0.014661992,-0.01379327,-0.012924549,-0.012055827,-0.011187106,-0.0103183845,-0.009449664,-0.008580943,-0.007712221,-0.0068434994,-0.005974778,-0.005106057,-0.0042373356,-0.0033686142,-0.0024998928,-0.0016311716,-0.00076245016,0.00010627117,0.0009749925,0.0018437138,0.002712435,0.0035811565,0.004449878,0.0053185993,0.0061873207,0.007056042,0.0079247635,0.008793484,0.009662206,0.010530927],"mean":-2.9594626e-6,"std":0.0028605699}
{"counts":[2,1,3,7,6,11,13,21,38,33,77,98,113,68,49,42,26,8,8,8,1,1,1,2,0,1,0,0,0,2],"wall_time":1.754109596191e9,"step":10,"max":0.017255407,"min":-0.011908128,"count":640,"bins":[-0.011908128,-0.01093601,-0.009963892,-0.008991774,-0.008019657,-0.0070475386,-0.006075421,-0.005103303,-0.0041311854,-0.0031590676,-0.0021869496,-0.0012148318,-0.00024271403,0.0007294038,0.0017015216,0.0026736395,0.0036457572,0.004617875,0.0055899927,0.006562111,0.0075342287,0.0085063465,0.009478464,0.010450582,0.0114227,0.012394818,0.013366936,0.014339053,0.015311171,0.016283289,0.017255407],"mean":-0.00020529298,"std":0.0033519818}
{"counts":[1,0,0,1,2,2,0,4,5,4,20,11,28,56,86,129,94,79,42,28,13,9,8,6,4,4,2,0,0,2],"wall_time":1.754109597274e9,"step":11,"max":0.013267985,"min":-0.014632454,"count":640,"bins":[-0.014632454,-0.013702439,-0.012772425,-0.01184241,-0.010912396,-0.009982381,-0.009052366,-0.008122352,-0.007192337,-0.0062623224,-0.005332308,-0.0044022934,-0.0034722786,-0.002542264,-0.0016122494,-0.00068223476,0.00024777986,0.0011777945,0.002107809,0.0030378238,0.0039678384,0.004897853,0.0058278674,0.0067578824,0.007687897,0.0086179115,0.0095479265,0.010477941,0.011407956,0.01233797,0.013267985],"mean":0.0001479846,"std":0.0029887988}
{"counts":[1,0,0,1,0,1,2,2,5,9,10,12,17,42,91,118,130,86,50,29,15,6,6,3,0,2,1,0,0,1],"wall_time":1.754109598386e9,"step":12,"max":0.015235946,"min":-0.017698955,"count":640,"bins":[-0.017698955,-0.016601125,-0.015503295,-0.014405465,-0.013307635,-0.012209805,-0.011111975,-0.010014145,-0.008916315,-0.007818485,-0.0067206547,-0.0056228247,-0.0045249946,-0.0034271646,-0.0023293346,-0.0012315046,-0.00013367459,0.0009641554,0.0020619854,0.0031598154,0.0042576455,0.0053554755,0.0064533055,0.0075511355,0.0086489655,0.0097467955,0.0108446255,0.011942456,0.013040286,0.014138116,0.015235946],"mean":-0.00015874456,"std":0.0030538705}
{"counts":[1,0,2,3,0,4,6,11,13,9,34,52,75,94,106,75,60,40,22,16,7,5,1,1,2,0,0,0,0,1],"wall_time":1.754109599525e9,"step":13,"max":0.012175204,"min":-0.010973276,"count":640,