{"counts":[1,0,1,0,0,1,0,0,0,0,1,0,0,3,3,2,3,1,3,8,8,3,7,7,3,3,1,2,1,2],"wall_time":1.754109586134e9,"step":1,"max":0.009384422,"min":-0.022060756,"count":64,"bins":[-0.022060756,-0.021012584,-0.01996441,-0.018916238,-0.017868066,-0.016819892,-0.01577172,-0.014723548,-0.013675375,-0.012627202,-0.01157903,-0.010530857,-0.009482685,-0.008434512,-0.0073863394,-0.006338167,-0.0052899946,-0.004241822,-0.0031936492,-0.0021454766,-0.0010973042,-4.913155e-5,0.000999041,0.0020472135,0.003095386,0.004143559,0.0051917313,0.006239904,0.0072880764,0.008336249,0.009384422],"mean":-0.00105906,"std":0.0059163016}
{"counts":[1,0,0,1,1,0,3,1,1,1,4,3,3,3,4,5,1,6,5,3,6,3,4,2,1,0,0,1,0,1],"wall_time":1.754109587297e9,"step":2,"max":0.0069695897,"min":-0.010290874,"count":64,"bins":[-0.010290874,-0.009715525,-0.009140177,-0.008564828,-0.007989479,-0.00741413,-0.0068387813,-0.0062634326,-0.005688084,-0.005112735,-0.0045373864,-0.0039620376,-0.0033866887,-0.00281134,-0.002235991,-0.0016606422,-0.0010852934,-0.0005099446,6.540418e-5,0.00064075296,0.0012161018,0.0017914505,0.0023667994,0.0029421481,0.0035174969,0.0040928456,0.0046681943,0.0052435435,0.0058188923,0.006394241,0.0069695897],"mean":-0.0011031184,"std":0.0033708094}
{"counts":[2,1,1,0,0,0,2,0,8,2,4,2,3,5,5,5,5,5,4,1,1,2,0,2,3,0,0,0,0,1],"wall_time":1.754109588394e9,"step":3,"max":0.008679502,"min":-0.008239964,"count":64,"bins":[-0.008239964,-0.0076759816,-0.0071119997,-0.0065480173,-0.0059840353,-0.005420053,-0.004856071,-0.0042920886,-0.0037281064,-0.0031641242,-0.002600142,-0.0020361599,-0.0014721777,-0.00090819556,-0.00034421336,0.00021976884,0.000783751,0.0013477332,0.0019117154,0.0024756975,0.0030396797,0.003603662,0.0041676443,0.0047316262,0.0052956087,0.0058595906,0.006423573,0.006987555,0.0075515374,0.00811552,0.008679502],"mean":-0.00031146844,"std":0.003419333}
{"counts":[1,3,2,0,2,2,4,4,0,0,4,2,1,3,5,2,2,2,4,1,2,8,1,4,2,0,0,1,1,1],"wall_time":1.75410958951e9,"step":4,"max":0.0057882443,"min":-0.0076705646,"count":64,"bins":[-0.0076705646,-0.0072219376,-0.0067733107,-0.006324684,-0.005876057,-0.00542743,-0.004978803,-0.004530176,-0.0040815487,-0.003632922,-0.003184295,-0.002735668,-0.002287041,-0.0018384141,-0.0013897871,-0.00094116013,-0.00049253315,-4.390621e-5,0.00040472075,0.0008533477,0.0013019746,0.0017506017,0.0021992286,0.0026478556,0.0030964825,0.0035451094,0.0039937366,0.0044423635,0.0048909904,0.0053396174,0.0057882443],"mean":-0.00113311,"std":0.0034466004}
{"counts":[1,0,0,0,0,0,0,0,0,1,1,0,1,1,1,2,4,8,3,5,6,3,5,7,1,7,2,1,3,1],"wall_time":1.75410959058e9,"step":5,"max":0.0042569665,"min":-0.013637604,"count":64,"bins":[-0.013637604,-0.013041118,-0.012444633,-0.011848147,-0.011251661,-0.010655176,-0.01005869,-0.009462205,-0.008865719,-0.008269233,-0.007672747,-0.0070762616,-0.006479776,-0.0058832904,-0.0052868044,-0.004690319,-0.0040938333,-0.0034973475,-0.0029008617,-0.002304376,-0.0017078904,-0.0011114047,-0.000514919,8.156669e-5,0.00067805237,0.0012745381,0.0018710238,0.0024675094,0.0030639952,0.0036604807,0.0042569665],"mean":-0.0014190119,"std":0.003091556}
{"counts":[1,0,2,1,4,1,3,9,0,6,2,2,5,4,3,2,4,2,1,1,2,4,1,0,0,1,1,1,0,1],"wall_time":1.754109591816e9,"step":6,"max":0.010868577,"min":-0.0067172996,"count":64,"bins":[-0.0067172996,-0.0061311037,-0.005544908,-0.004958712,-0.004372516,-0.00378632,-0.0032001243,-0.0026139284,-0.0020277323,-0.0014415365,-0.0008553406,-0.00026914472,0.00031705116,0.00090324704,0.001489443,0.0020756389,0.0026618347,0.0032480306,0.0038342266,0.0044204225,0.0050066183,0.005592814,0.00617901,0.006765206,0.0073514017,0.007937598,0.008523794,0.00910999,0.009696186,0.010282381,0.010868577],"mean":0.0006440819,"std":0.0039191428}
{"counts":[1,0,0,0,2,1,1,3,2,4,5,4,3,9,5,8,7,1,3,2,0,0,1,0,0,0,0,1,0,1],"wall_time":1.754109592942e9,"step":7,"max":0.010407964,"min":-0.008829067,"count":64,"bins":[-0.008829067,-0.008187833,-0.0075465986,-0.0069053643,-0.00626413,-0.0056228954,-0.004981661,-0.004340427,-0.0036991925,-0.003057958,-0.0024167236,-0.0017754893,-0.001134255,-0.0004930206,0.00014821377,0.00078944815,0.0014306825,0.0020719168,0.0027131513,0.0033543857,0.00399562,0.0046368544,0.0052780886,0.0059193233,0.0065605575,0.0072017917,0.007843026,0.008484261,0.009125495,0.00976673,0.010407964],"mean":-0.00021243049,"std":0.0031902033}
{"counts":[1,0,1,1,2,1,0,0,2,1,1,2,1,2,4,3,2,5,7,5,4,5,2,1,2,4,0,1,1,3],"wall_time":1.754109594018e9,"step":8,"max":0.00437214,"min":-0.013535929,"count":64,"bins":[-0.013535929,-0.012938993,-0.012342058,-0.011745122,-0.011148186,-0.010551251,-0.009954315,-0.00935738,-0.008760444,-0.008163508,-0.0075665726,-0.0069696372,-0.0063727014,-0.0057757655,-0.00517883,-0.0045818947,-0.003984959,-0.0033880232,-0.0027910876,-0.002194152,-0.0015972164,-0.0010002807,-0.0004033451,0.00019359053,0.00079052616,0.0013874618,0.0019843974,0.002581333,0.0031782687,0.0037752043,0.00437214],"mean":-0.0030359705,"std":0.004025582}
{"counts":[2,0,0,0,2,1,2,4,2,4,4,5,3,4,3,4,2,3,2,1,7,1,2,1,2,1,0,0,0,2],"wall_time":1.754109595082e9,"step":9,"max":0.0077178674,"min":-0.0035664327,"count":64,"bins":[-0.0035664327,-0.0031902895,-0.002814146,-0.0024380027,-0.0020618595,-0.0016857161,-0.0013095727,-0.0009334294,-0.000557286,-0.0001811427,0.00019500063,0.000571144,0.0009472873,0.0013234307,0.001699574,0.0020757173,0.0024518606,0.002828004,0.0032041473,0.0035802906,0.003956434,0.0043325773,0.004708721,0.005084864,0.0054610074,0.005837151,0.006213294,0.0065894374,0.006965581,0.007341724,0.0077178674],"mean":0.0018405791,"std":0.0024459222}
{"counts":[1,1,1,0,1,4,0,3,3,2,3,0,1,2,3,0,5,1,4,5,4,7,5,0,2,3,1,0,1,1],"wall_time":1.754109596215e9,"step":10,"max":0.0049463427,"min":-0.009510361,"count":64,"bins":[-0.009510361,-0.00902847,-0.008546581,-0.00806469,-0.0075828,-0.00710091,-0.00661902,-0.00613713,-0.00565524,-0.0051733498,-0.0046914597,-0.0042095697,-0.0037276794,-0.0032457893,-0.002763899,-0.002282009,-0.0018001188,-0.0013182288,-0.0008363387,-0.00035444854,0.00012744156,0.00060933165,0.0010912218,0.0015731119,0.002055002,0.0025368922,0.0030187822,0.0035006723,0.0039825626,0.0044644526,0.0049463427],"mean":-0.0016987696,"std":0.0034784887}
{"counts":[1,2,3,4,1,2,3,4,4,5,3,3,1,4,2,5,4,2,4,4,0,0,1,0,0,1,0,0,0,1],"wall_time":1.754109597286e9,"step":11,"max":0.009263715,"min":-0.004547266,"count":64,"bins":[-0.004547266,-0.0040868996,-0.0036265338,-0.0031661678,-0.0027058017,-0.0022454357,-0.0017850697,-0.0013247037,-0.00086433766,-0.00040397164,5.6394376e-5,0.0005167604,0.0009771264,0.0014374924,0.0018978585,0.0023582245,0.0028185905,0.0032789565,0.0037393225,0.0041996883,0.0046600546,0.005120421,0.0055807866,0.0060411524,0.0065015187,0.006961885,0.0074222507,0.0078826165,0.008342983,0.008803349,0.009263715],"mean":0.0008156361,"std":0.0029271017}
{"counts":[1,1,2,0,1,3,1,2,1,3,4,11,7,8,3,5,2,2,4,0,1,1,0,0,0,0,0,0,0,1],"wall_time":1.75410959839e9,"step":12,"max":0.010322998,"min":-0.008419349,"count":64,"bins":[-0.008419349,-0.007794604,-0.007169859,-0.0065451143,-0.005920369,-0.0052956245,-0.0046708793,-0.0040461347,-0.0034213897,-0.0027966448,-0.0021719,-0.0015471549,-0.00092241,-0.0002976651,0.00032707982,0.0009518247,0.0015765696,0.0022013145,0.0028260595,0.0034508044,0.004075549,0.004700294,0.005325039,0.005949784,0.0065745288,0.007199274,0.007824019,0.008448764,0.009073509,0.009698253,0.010322998],"mean":-0.0007642379,"std":0.003140982}
{"counts":[1,0,0,0,1,0,0,0,2,4,0,2,3,5,9,5,3,1,7,4,5,2,4,2,1,1,1,0,0,1],"wall_time":1.754109599531e9,"step":13,"max":0.007630679,"min":-0.009414699,"count":64,"bins":[-0.009414699,-0.0088465195,-0.00827834,-0.007710161,-0.0071419817,-0.006573803,-0.0060056234,-0.005437444,-0.004869265,-0.0043010856,-0.0037329064,-0.003164727,-0.0025965478,-0.0020283686,-0.0014601893,-0.00089201005,-0.00032383078,0.00024434846,0.0008125277,0.001380707,0.0019488862,0.0025170655,0.0030852447,0.003653424,0.0042216033,0.0047897827,0.0053579616,0.005926141,0.0064943205,0.0070624994,0.007630679],"mean":-2.1649259e-5,