{"counts":[2,0,0,0,0,0,0,0,1,3,0,1,3,5,3,3,2,13,7,8,2,4,4,1,1,0,0,0,0,1],"wall_time":1.754109586132e9,"step":1,"max":0.011523709,"min":-0.016303908,"count":64,"bins":[-0.016303908,-0.015376321,-0.014448734,-0.013521146,-0.012593559,-0.011665972,-0.010738385,-0.009810798,-0.00888321,-0.007955623,-0.007028036,-0.006100449,-0.0051728613,-0.0042452742,-0.003317687,-0.0023900997,-0.0014625124,-0.00053492526,0.00039266198,0.0013202492,0.0022478364,0.0031754237,0.004103011,0.005030598,0.0059581855,0.0068857726,0.00781336,0.008740947,0.009668535,0.010596122,0.011523709],"mean":-0.000590157,"std":0.004548726}
{"counts":[1,0,2,4,2,1,3,1,4,4,3,4,7,1,3,3,7,6,4,0,1,1,0,0,0,0,1,0,0,1],"wall_time":1.754109587293e9,"step":2,"max":0.01040235,"min":-0.008741893,"count":64,"bins":[-0.008741893,-0.008103752,-0.00746561,-0.0068274685,-0.006189327,-0.005551186,-0.004913044,-0.004274903,-0.0036367616,-0.00299862,-0.0023604787,-0.0017223372,-0.0010841958,-0.00044605442,0.00019208701,0.00083022844,0.0014683699,0.0021065113,0.0027446528,0.003382794,0.0040209354,0.004659077,0.0052972184,0.0059353597,0.006573501,0.007211643,0.007849784,0.008487926,0.009126067,0.009764208,0.01040235],"mean":-0.00087192765,"std":0.0037504088}
{"counts":[1,0,1,0,0,1,0,0,1,1,1,5,2,3,2,2,8,2,8,5,8,1,3,3,2,0,1,1,0,2],"wall_time":1.754109588393e9,"step":3,"max":0.006465066,"min":-0.009028796,"count":64,"bins":[-0.009028796,-0.008512334,-0.007995872,-0.0074794097,-0.006962948,-0.006446486,-0.0059300237,-0.0054135616,-0.0048970995,-0.0043806373,-0.0038641754,-0.0033477133,-0.0028312511,-0.002314789,-0.001798327,-0.0012818649,-0.00076540286,-0.00024894078,0.0002675213,0.0007839834,0.0013004454,0.0018169075,0.0023333696,0.0028498317,0.0033662939,0.0038827558,0.004399218,0.00491568,0.005432142,0.005948604,0.006465066],"mean":1.6972544e-6,"std":0.0029545478}
{"counts":[2,0,1,0,1,0,0,5,1,4,2,6,3,5,1,5,1,5,2,1,4,4,2,3,1,1,0,2,1,1],"wall_time":1.754109589506e9,"step":4,"max":0.0050180396,"min":-0.0073810676,"count":64,"bins":[-0.0073810676,-0.006967764,-0.0065544606,-0.006141157,-0.005727853,-0.00531455,-0.004901246,-0.0044879424,-0.004074639,-0.0036613354,-0.003248032,-0.0028347282,-0.0024214247,-0.0020081212,-0.0015948176,-0.001181514,-0.00076821045,-0.00035490686,5.839672e-5,0.0004717003,0.0008850039,0.0012983074,0.001711611,0.0021249147,0.0025382182,0.0029515217,0.0033648254,0.003778129,0.0041914326,0.004604736,0.0050180396],"mean":-0.0010140213,"std":0.0027962758}
{"counts":[1,0,0,1,0,0,1,0,3,0,1,0,3,4,7,4,4,1,5,4,3,3,1,6,6,2,0,1,1,2],"wall_time":1.754109590579e9,"step":5,"max":0.003844763,"min":-0.008512724,"count":64,"bins":[-0.008512724,-0.008100808,-0.0076888916,-0.0072769755,-0.006865059,-0.006453143,-0.006041227,-0.0056293104,-0.0052173943,-0.0048054783,-0.0043935617,-0.0039816457,-0.0035697294,-0.003157813,-0.0027458968,-0.0023339805,-0.0019220643,-0.0015101482,-0.0010982319,-0.0006863157,-0.00027439944,0.00013751679,0.000549433,0.0009613493,0.0013732655,0.0017851817,0.002197098,0.0026090143,0.0030209303,0.0034328466,0.003844763],"mean":-0.0010508794,"std":0.0025269426}
{"counts":[1,1,0,0,1,1,1,3,3,0,2,5,4,3,5,4,4,3,4,3,2,0,4,1,2,1,1,3,0,2],"wall_time":1.754109591811e9,"step":6,"max":0.0068355715,"min":-0.007189684,"count":64,"bins":[-0.007189684,-0.0067221755,-0.006254667,-0.0057871584,-0.00531965,-0.0048521413,-0.004384633,-0.0039171246,-0.003449616,-0.0029821075,-0.002514599,-0.0020470903,-0.0015795819,-0.0011120733,-0.0006445648,-0.0001770563,0.0002904522,0.0007579607,0.0012254693,0.0016929777,0.0021604863,0.0026279949,0.0030955034,0.0035630118,0.0040305206,0.0044980287,0.004965537,0.005433046,0.0059005544,0.006368063,0.0068355715],"mean":0.0002725623,"std":0.0031510137}
{"counts":[1,1,2,0,2,3,1,5,6,5,8,3,7,9,7,1,0,2,0,0,0,0,0,0,0,0,0,0,0,1],"wall_time":1.754109592935e9,"step":7,"max":0.010643984,"min":-0.006291455,"count":64,"bins":[-0.006291455,-0.0057269405,-0.005162426,-0.004597911,-0.0040333965,-0.0034688818,-0.0029043672,-0.0023398525,-0.001775338,-0.0012108233,-0.0006463087,-8.179404e-5,0.0004827206,0.0010472352,0.0016117499,0.0021762645,0.0027407792,0.0033052939,0.0038698085,0.004434323,0.0049988376,0.0055633523,0.006127867,0.0066923816,0.0072568962,0.007821411,0.008385926,0.00895044,0.009514955,0.0100794695,0.010643984],"mean":-0.00026907068,"std":0.0025591664}
{"counts":[1,0,0,2,2,3,1,1,0,1,1,2,1,6,6,5,0,8,4,4,4,1,1,1,2,2,2,2,0,1],"wall_time":1.754109594009e9,"step":8,"max":0.0049819737,"min":-0.01105132,"count":64,"bins":[-0.01105132,-0.010516876,-0.009982433,-0.00944799,-0.008913547,-0.008379104,-0.00784466,-0.0073102177,-0.0067757745,-0.0062413313,-0.0057068886,-0.0051724454,-0.0046380023,-0.004103559,-0.0035691161,-0.003034673,-0.0025002297,-0.0019657868,-0.0014313436,-0.0008969005,-0.0003624574,0.00017198571,0.00070642884,0.001240872,0.001775315,0.0023097582,0.0028442012,0.0033786444,0.0039130873,0.0044475305,0.0049819737],"mean":-0.0025196674,"std":0.003543506}
{"counts":[1,0,0,0,4,3,1,5,5,4,4,6,4,6,4,3,1,2,4,0,1,1,3,0,0,0,0,0,1,1],"wall_time":1.754109595082e9,"step":9,"max":0.009194895,"min":-0.004484006,"count":64,"bins":[-0.004484006,-0.004028043,-0.0035720796,-0.0031161162,-0.0026601527,-0.0022041893,-0.001748226,-0.0012922627,-0.0008362993,-0.00038033593,7.562743e-5,0.0005315908,0.0009875542,0.0014435175,0.0018994809,0.0023554442,0.0028114077,0.0032673709,0.0037233343,0.0041792975,0.004635261,0.0050912243,0.0055471878,0.006003151,0.0064591146,0.006915078,0.0073710415,0.007827004,0.008282968,0.008738931,0.009194895],"mean":0.0012119366,"std":0.0026477224}
{"counts":[1,2,2,0,0,0,3,0,2,2,2,4,2,5,1,6,2,2,3,4,5,3,2,1,1,4,1,1,1,2],"wall_time":1.754109596212e9,"step":10,"max":0.0041919556,"min":-0.0073996102,"count":64,"bins":[-0.0073996102,-0.0070132245,-0.0066268393,-0.0062404536,-0.0058540683,-0.0054676826,-0.005081297,-0.0046949117,-0.004308526,-0.0039221407,-0.003535755,-0.0031493695,-0.002762984,-0.0023765983,-0.0019902128,-0.0016038273,-0.0012174419,-0.00083105627,-0.00044467076,-5.828524e-5,0.0003281003,0.0007144858,0.0011008714,0.0014872568,0.0018736424,0.002260028,0.0026464134,0.0030327989,0.0034191846,0.00380557,0.0041919556],"mean":-0.0011346403,"std":0.002810201}
{"counts":[1,3,3,1,2,5,5,8,6,3,7,4,3,6,3,1,0,1,0,1,0,0,0,0,0,0,0,0,0,1],"wall_time":1.754109597282e9,"step":11,"max":0.0122734485,"min":-0.0044891583,"count":64,"bins":[-0.0044891583,-0.003930405,-0.003371651,-0.0028128976,-0.002254144,-0.0016953904,-0.001136637,-0.0005778834,-1.91298e-5,0.0005396238,0.0010983773,0.0016571309,0.0022158844,0.002774638,0.0033333916,0.0038921451,0.0044508986,0.005009652,0.0055684056,0.0061271596,0.006685913,0.0072446666,0.00780342,0.008362174,0.0089209275,0.009479681,0.0100384345,0.010597188,0.0111559415,0.011714695,0.0122734485],"mean":0.00064769987,"std":0.0027666916}
{"counts":[3,0,0,1,1,0,2,5,2,2,8,6,5,2,4,5,5,4,0,3,3,1,0,0,1,0,0,0,0,1],"wall_time":1.754109598388e9,"step":12,"max":0.0077041616,"min":-0.0072688325,"count":64,"bins":[-0.0072688325,-0.0067697326,-0.006270633,-0.005771533,-0.005272433,-0.0047733337,-0.0042742337,-0.003775134,-0.003276034,-0.0027769343,-0.0022778346,-0.0017787347,-0.0012796349,-0.0007805351,-0.0002814353,0.00021766452,0.0007167643,0.0012158641,0.0017149639,0.0022140637,0.0027131636,0.0032122633,0.003711363,0.004210463,0.0047095628,0.0052086627,0.005707762,0.006206862,0.006705962,0.0072050616,0.0077041616],"mean":-0.00084489415,"std":0.002787433}
{"counts":[1,0,0,0,0,1,0,1,2,3,1,3,1,3,4,7,6,6,3,3,4,1,4,1,3,1,2,0,2,1],"wall_time":1.754109599528e9,"step":13,"max":0.005582393,"min":-0.00729182,"count":64,"bins":[-0.00729182,-0.0068626795,-0.006433539,-0.0060043987,-0.0055752583,-0.005146118,-0.0047169775,-0.004287837,-0.0038586964,-0.003429556,-0.0030004156,-0.0025712752,-0.0021421346,-0.0017129943,-0.0012838538,-0.0008547134,-0.00042557294,3.5674932e-6,0.00043270792,0.00086184836,0.0012909888,0.0017201293,0.0021492697,0.00257841,0.0030075505,0.003436691,0.0038658313,0.004294972,0.0047241123,0.0051532527,0.005582393],"mean":5.738569e-5,