{"counts":[1,0,0,0,0,2,0,1,0,4,4,2,2,2,2,2,3,1,2,1,0,0,0,0,0,0,0,0,1,2],"wall_time":1.754109586142e9,"step":1,"max":0.018037602,"min":-0.010975415,"count":32,"bins":[-0.010975415,-0.010008315,-0.009041213,-0.008074113,-0.0071070124,-0.006139912,-0.0051728114,-0.0042057107,-0.0032386102,-0.0022715097,-0.0013044091,-0.0003373086,0.000629792,0.0015968926,0.0025639932,0.0035310937,0.0044981944,0.0054652947,0.0064323954,0.007399496,0.008366597,0.009333697,0.010300797,0.011267899,0.012234999,0.013202099,0.0141692,0.015136301,0.016103402,0.017070502,0.018037602],"mean":0.0024501984,"std":0.0063332194}
{"counts":[1,0,0,0,1,0,1,0,0,1,1,3,4,1,2,0,2,1,5,1,1,1,3,0,1,0,0,1,0,1],"wall_time":1.754109587318e9,"step":2,"max":0.012081562,"min":-0.008983385,"count":32,"bins":[-0.008983385,-0.00828122,-0.007579055,-0.00687689,-0.0061747255,-0.0054725604,-0.0047703953,-0.0040682307,-0.0033660657,-0.0026639008,-0.001961736,-0.0012595712,-0.0005574062,0.00014475864,0.0008469235,0.0015490884,0.0022512532,0.002953418,0.0036555831,0.0043577477,0.005059913,0.005762078,0.0064642425,0.0071664075,0.007868572,0.008570737,0.009272902,0.009975067,0.0106772315,0.011379397,0.012081562],"mean":0.0022849385,"std":0.00452249}
{"counts":[3,0,0,0,2,0,1,0,4,0,0,2,5,1,1,3,2,1,2,0,1,2,0,0,0,0,0,0,1,1],"wall_time":1.754109588396e9,"step":3,"max":0.01013967,"min":-0.005737235,"count":32,"bins":[-0.005737235,-0.0052080047,-0.0046787746,-0.0041495445,-0.0036203142,-0.003091084,-0.0025618537,-0.0020326236,-0.0015033935,-0.0009741633,-0.00044493316,8.429702e-5,0.0006135272,0.0011427574,0.0016719875,0.0022012177,0.0027304478,0.0032596781,0.0037889082,0.0043181386,0.0048473687,0.005376599,0.005905829,0.006435059,0.006964289,0.007493519,0.00802275,0.008551979,0.00908121,0.00961044,0.01013967],"mean":0.0011983537,"std":0.0038213145}
{"counts":[1,0,0,0,0,0,0,0,0,2,0,0,5,2,2,0,0,5,4,1,5,0,0,0,0,2,1,1,0,1],"wall_time":1.754109589532e9,"step":4,"max":0.008135199,"min":-0.008863503,"count":32,"bins":[-0.008863503,-0.00829688,-0.0077302563,-0.007163633,-0.0065970095,-0.0060303863,-0.0054637627,-0.0048971395,-0.004330516,-0.0037638927,-0.0031972693,-0.0026306459,-0.0020640225,-0.0014973991,-0.00093077566,-0.00036415225,0.00020247114,0.0007690945,0.001335718,0.0019023413,0.0024689648,0.0030355882,0.0036022116,0.004168835,0.004735458,0.005302082,0.005868705,0.0064353286,0.007001952,0.0075685754,0.008135199],"mean":0.0009815402,"std":0.0034161787}
{"counts":[1,0,0,0,0,0,0,0,0,0,0,0,1,3,0,3,2,4,1,4,2,1,1,4,0,0,0,2,2,1],"wall_time":1.754109590583e9,"step":5,"max":0.008211896,"min":-0.010988243,"count":32,"bins":[-0.010988243,-0.010348238,-0.009708234,-0.009068229,-0.008428224,-0.00778822,-0.007148215,-0.0065082107,-0.005868206,-0.0052282014,-0.0045881965,-0.003948192,-0.0033081875,-0.0026681828,-0.0020281782,-0.0013881736,-0.0007481689,-0.0001081643,0.0005318403,0.0011718449,0.0018118495,0.0024518543,0.003091859,0.0037318633,0.004371868,0.005011873,0.0056518773,0.006291882,0.0069318865,0.0075718914,0.008211896],"mean":0.0013546445,"std":0.0038222773}
{"counts":[1,0,1,2,0,2,2,1,6,2,2,1,3,1,1,0,2,1,1,1,0,0,0,0,0,0,1,0,0,1],"wall_time":1.754109591831e9,"step":6,"max":0.011222685,"min":-0.0054289983,"count":32,"bins":[-0.0054289983,-0.004873942,-0.004318886,-0.00376383,-0.003208774,-0.0026537178,-0.0020986616,-0.0015436056,-0.0009885494,-0.00043349335,0.00012156274,0.00067661883,0.0012316749,0.0017867311,0.002341787,0.0028968432,0.0034518994,0.0040069553,0.0045620115,0.0051170676,0.0056721237,0.00622718,0.006782236,0.007337292,0.007892348,0.008447404,0.00900246,0.009557516,0.010112572,0.010667629,0.011222685],"mean":0.0007356886,"std":0.0035914648}
{"counts":[1,0,0,0,1,1,0,0,0,0,0,1,2,2,0,1,3,3,2,2,4,2,0,1,0,1,0,1,1,3],"wall_time":1.754109592965e9,"step":7,"max":0.0065841796,"min":-0.008503902,"count":32,"bins":[-0.008503902,-0.008000966,-0.0074980296,-0.0069950935,-0.0064921575,-0.0059892214,-0.0054862853,-0.0049833492,-0.0044804136,-0.0039774776,-0.0034745412,-0.0029716052,-0.0024686693,-0.0019657332,-0.0014627972,-0.0009598611,-0.00045692505,4.6011e-5,0.000548947,0.0010518831,0.0015548192,0.0020577551,0.0025606912,0.0030636273,0.0035665634,0.004069499,0.0045724353,0.0050753714,0.0055783074,0.0060812435,0.0065841796],"mean":0.00071816705,"std":0.0035682372}
{"counts":[3,1,0,0,1,0,1,1,2,0,4,3,3,3,5,2,0,0,1,0,1,0,0,0,0,0,0,0,0,1],"wall_time":1.754109594034e9,"step":8,"max":0.016362162,"min":-0.009070205,"count":32,"bins":[-0.009070205,-0.008222459,-0.0073747137,-0.006526968,-0.0056792223,-0.0048314766,-0.0039837314,-0.0031359857,-0.00228824,-0.0014404946,-0.0005927489,0.00025499662,0.0011027422,0.0019504877,0.0027982334,0.0036459789,0.0044937246,0.00534147,0.0061892155,0.007036961,0.007884706,0.008732452,0.009580198,0.010427943,0.011275689,0.012123435,0.0129711805,0.013818925,0.014666671,0.015514417,0.016362162],"mean":0.0005994641,"std":0.0051425244}
{"counts":[1,1,1,4,4,1,6,3,3,3,2,0,1,0,1,0,0,0,0,0,0,0,0,0,0,0,0,0,0,1],"wall_time":1.754109595086e9,"step":9,"max":0.013129881,"min":-0.0039882846,"count":32,"bins":[-0.0039882846,-0.003417679,-0.0028470736,-0.002276468,-0.0017058626,-0.0011352571,-0.00056465156,5.953945e-6,0.00057655945,0.001147165,0.0017177705,0.002288376,0.0028589815,0.003429587,0.0040001925,0.004570798,0.0051414035,0.005712009,0.0062826145,0.00685322,0.0074238256,0.007994431,0.008565037,0.009135642,0.009706248,0.010276853,0.010847459,0.011418064,0.01198867,0.012559275,0.013129881],"mean":0.00020770062,"std":0.00299502}
{"counts":[1,0,0,0,2,0,0,1,1,0,1,1,1,1,1,2,4,7,1,3,2,1,0,0,0,0,1,0,0,1],"wall_time":1.754109596221e9,"step":10,"max":0.009067632,"min":-0.009075547,"count":32,"bins":[-0.009075547,-0.008470774,-0.007866002,-0.0072612287,-0.0066564563,-0.0060516833,-0.005446911,-0.0048421384,-0.0042373654,-0.003632593,-0.0030278203,-0.0024230478,-0.0018182751,-0.0012135025,-0.00060872984,-3.9571896e-6,0.00060081546,0.0012055881,0.0018103607,0.0024151334,0.0030199059,0.0036246786,0.004229451,0.004834224,0.0054389965,0.006043769,0.006648542,0.0072533144,0.007858087,0.008462859,0.009067632],"mean":0.0004140139,"std":0.0036700172}
{"counts":[3,0,0,0,0,1,0,2,1,1,1,3,2,1,5,0,0,1,3,0,1,1,1,0,2,1,1,0,0,1],"wall_time":1.754109597298e9,"step":11,"max":0.008642081,"min":-0.0068226126,"count":32,"bins":[-0.0068226126,-0.0063071228,-0.005791633,-0.005276143,-0.0047606532,-0.0042451634,-0.0037296738,-0.003214184,-0.0026986944,-0.0021832045,-0.0016677147,-0.0011522248,-0.0006367351,-0.0001212453,0.0003942445,0.0009097343,0.0014252241,0.0019407138,0.0024562036,0.0029716934,0.0034871832,0.004002673,0.004518163,0.0050336528,0.0055491426,0.0060646324,0.006580122,0.0070956117,0.0076111015,0.008126591,0.008642081],"mean":0.00064827607,"std":0.0039378568}
{"counts":[3,0,0,2,1,3,1,1,0,2,1,3,1,2,1,1,2,1,2,0,1,2,0,1,0,0,0,0,0,1],"wall_time":1.7541095984e9,"step":12,"max":0.008964487,"min":-0.0044269008,"count":32,"bins":[-0.0044269008,-0.003980521,-0.0035341415,-0.003087762,-0.0026413824,-0.0021950027,-0.0017486231,-0.0013022436,-0.0008558639,-0.00040948432,3.6895275e-5,0.00048327487,0.00092965446,0.0013760341,0.0018224136,0.0022687933,0.002715173,0.0031615526,0.003607932,0.0040543117,0.0045006913,0.004947071,0.0053934506,0.0058398303,0.00628621,0.006732589,0.0071789687,0.0076253484,0.008071728,0.008518108,0.008964487],"mean":0.0008931096,"std":0.003284688}
{"counts":[2,0,1,1,1,3,0,2,2,2,2,2,2,3,1,0,1,1,0,1,1,1,1,1,0,0,0,0,0,1],"wall_time":1.754109599533e9,"step":13,"max":0.009407398,"min":-0.0052459706,"count":32,"bins":[-0.0052459706,-0.004757525,-0.0042690793,-0.0037806337,-0.003292188,-0.0028037424,-0.0023152968,-0.0018268512,-0.0013384055,-0.0008499599,-0.00036151428,0.00012693135,0.000615377,0.0011038226,0.0015922682,0.0020807139,0.0025691595,0.0030576051,0.0035460507,0.0040344964,0.004522942,0.0050113876,0.0054998333,0.005988279,0.0064767245,0.00696517,0.007453616,0.007942062,0.008430507,0.008918952,0.009407398],"mean":0.00047660508,