{"counts":[2,0,1],"wall_time":1.754109586152e9,"step":1,"max":0.060238726,"min":-0.045668676,"count":3,"bins":[-0.045668676,-0.010366209,0.024936259,0.060238726],"mean":-3.1044087e-10,"std":0.05443629}
{"counts":[1,1,1],"wall_time":1.754109587328e9,"step":2,"max":0.007339162,"min":-0.007853627,"count":3,"bins":[-0.007853627,-0.0027893642,0.0022748988,0.007339162],"mean":-9.313226e-10,"std":0.007609449}
{"counts":[1,1,1],"wall_time":1.754109588399e9,"step":3,"max":0.015327582,"min":-0.01864513,"count":3,"bins":[-0.01864513,-0.0073208925,0.0040033446,0.015327582],"mean":3.1044085e-9,"std":0.017227622}
{"counts":[2,0,1],"wall_time":1.754109589542e9,"step":4,"max":0.018102558,"min":-0.012898495,"count":3,"bins":[-0.012898495,-0.002564811,0.0077688736,0.018102558],"mean":-3.1044085e-9,"std":0.016142432}
{"counts":[2,0,1],"wall_time":1.75410959059e9,"step":5,"max":0.020640679,"min":-0.015281576,"count":3,"bins":[-0.015281576,-0.0033074908,0.008666594,0.020640679],"mean":3.1044087e-10,"std":0.018551067}
{"counts":[1,1,1],"wall_time":1.754109591849e9,"step":6,"max":0.019548943,"min":-0.018966574,"count":3,"bins":[-0.018966574,-0.0061280685,0.0067104376,0.019548943],"mean":-1.2417635e-9,"std":0.01926436}
{"counts":[1,0,2],"wall_time":1.754109592973e9,"step":7,"max":0.011984464,"min":-0.015378395,"count":3,"bins":[-0.015378395,-0.0062574423,0.0028635107,0.011984464],"mean":-6.2088173e-10,"std":0.013993591}
{"counts":[1,0,2],"wall_time":1.754109594055e9,"step":8,"max":0.029676814,"min":-0.05453463,"count":3,"bins":[-0.05453463,-0.026464147,0.0016063327,0.029676814],"mean":-1.2417635e-9,"std":0.0472898}
{"counts":[2,0,1],"wall_time":1.754109595093e9,"step":9,"max":0.019682933,"min":-0.014888072,"count":3,"bins":[-0.014888072,-0.003364404,0.008159264,0.019682933],"mean":6.2088173e-10,"std":0.017777279}
{"counts":[2,0,1],"wall_time":1.754109596226e9,"step":10,"max":0.03650126,"min":-0.024668003,"count":3,"bins":[-0.024668003,-0.0042782486,0.016111504,0.03650126],"mean":1.2417635e-9,"std":0.03225584}
{"counts":[1,0,2],"wall_time":1.754109597305e9,"step":11,"max":0.012453277,"min":-0.021060731,"count":3,"bins":[-0.021060731,-0.009889395,0.0012819407,0.012453277],"mean":0.0,"std":0.018340213}
{"counts":[1,1,1],"wall_time":1.754109598407e9,"step":12,"max":0.034479506,"min":-0.041784793,"count":3,"bins":[-0.041784793,-0.01636336,0.009058073,0.034479506],"mean":0.0,"std":0.038653415}
{"counts":[2,0,1],"wall_time":1.754109599535e9,"step":13,"max":0.026187837,"min":-0.016972594,"count":3,"bins":[-0.016972594,-0.0025857836,0.011801027,0.026187837],"mean":-2.483527e-9,"std":0.023008613}
{"counts":[1,1,1],"wall_time":1.754109600611e9,"step":14,"max":0.042642295,"min":-0.04338251,"count":3,"bins":[-0.04338251,-0.014707576,0.01396736,0.042642295],"mean":-1.2417635e-9,"std":0.04301718}
{"counts":[2,0,1],"wall_time":1.754109601798e9,"step":15,"max":0.036605865,"min":-0.028447932,"count":3,"bins":[-0.028447932,-0.006763333,0.014921266,0.036605865],"mean":0.0,"std":0.033285327}
{"counts":[1,1,1],"wall_time":1.754109602921e9,"step":16,"max":0.014369213,"min":-0.012678456,"count":3,"bins":[-0.012678456,-0.003662566,0.0053533236,0.014369213],"mean":3.1044085e-9,"std":0.0136028705}
{"counts":[1,1,1],"wall_time":1.754109604047e9,"step":17,"max":0.023548095,"min":-0.025291681,"count":3,"bins":[-0.025291681,-0.009011756,0.0072681694,0.023548095],"mean":2.483527e-9,"std":0.024466528}
{"counts":[1,1,1],"wall_time":1.754109605176e9,"step":18,"max":0.021317443,"min":-0.017397974,"count":3,"bins":[-0.017397974,-0.0044928347,0.008412304,0.021317443],"mean":-6.2088173e-10,"std":0.019653056}
{"counts":[1,0,2],"wall_time":1.75410960681e9,"step":19,"max":0.006273336,"min":-0.010322059,"count":3,"bins":[-0.010322059,-0.0047902605,0.00074153766,0.006273336],"mean":1.5522043e-9,"std":0.009008103}
