{"counts":[1,0,0,0,0,0,0,0,3,2,3,1,4,7,0,2,2,0,1,1,1,0,1,1,0,0,1,0,0,1],"wall_time":1.754109586145e9,"step":1,"max":0.020317137,"min":-0.013499636,"count":32,"bins":[-0.013499636,-0.012372411,-0.011245185,-0.010117959,-0.008990733,-0.007863508,-0.0067362813,-0.0056090555,-0.00448183,-0.0033546041,-0.0022273783,-0.0011001526,2.7073174e-5,0.001154299,0.0022815247,0.0034087505,0.0045359763,0.005663202,0.006790428,0.007917654,0.009044879,0.010172105,0.011299331,0.012426557,0.013553782,0.014681009,0.015808234,0.01693546,0.018062687,0.019189911,0.020317137],"mean":0.0026513652,"std":0.006596755}
{"counts":[1,0,0,0,0,0,1,0,2,0,1,3,0,2,1,2,0,4,3,3,2,0,1,1,2,1,0,0,0,2],"wall_time":1.754109587323e9,"step":2,"max":0.007812751,"min":-0.00800554,"count":32,"bins":[-0.00800554,-0.0074782637,-0.006950987,-0.006423711,-0.005896434,-0.005369158,-0.004841882,-0.004314605,-0.003787329,-0.0032600525,-0.002732776,-0.0022054997,-0.0016782234,-0.001150947,-0.0006236706,-9.6394215e-5,0.00043088215,0.0009581585,0.001485435,0.0020127113,0.0025399877,0.003067264,0.0035945405,0.0041218167,0.0046490934,0.0051763696,0.0057036458,0.0062309224,0.0067581986,0.0072854753,0.007812751],"mean":0.0009600584,"std":0.0034811737}
{"counts":[2,1,2,0,0,2,1,0,4,2,1,1,0,1,2,1,4,0,0,1,1,2,0,0,1,1,0,0,0,2],"wall_time":1.754109588397e9,"step":3,"max":0.005096941,"min":-0.0037946645,"count":32,"bins":[-0.0037946645,-0.0034982776,-0.0032018907,-0.002905504,-0.0026091172,-0.0023127303,-0.0020163434,-0.0017199566,-0.0014235697,-0.001127183,-0.0008307961,-0.00053440925,-0.00023802239,5.836445e-5,0.0003547513,0.00065113814,0.00094752497,0.0012439118,0.0015402987,0.0018366855,0.0021330724,0.0024294592,0.0027258461,0.0030222328,0.0033186197,0.0036150066,0.003911393,0.00420778,0.004504167,0.004800554,0.005096941],"mean":6.9382615e-5,"std":0.0024224643}
{"counts":[1,0,0,0,1,0,1,2,1,2,1,3,1,1,3,4,4,1,1,1,1,0,0,0,2,0,0,0,0,1],"wall_time":1.754109589536e9,"step":4,"max":0.008743301,"min":-0.0068699126,"count":32,"bins":[-0.0068699126,-0.0063494723,-0.0058290316,-0.0053085913,-0.004788151,-0.0042677103,-0.00374727,-0.0032268295,-0.002706389,-0.0021859484,-0.001665508,-0.0011450676,-0.00062462717,-0.0001041867,0.00041625375,0.0009366942,0.0014571346,0.001977575,0.0024980155,0.003018456,0.0035388966,0.004059337,0.0045797774,0.0051002176,0.0056206584,0.0061410987,0.0066615394,0.0071819797,0.00770242,0.00822286,0.008743301],"mean":0.00043474388,"std":0.003119294}
{"counts":[1,0,0,0,0,1,1,0,1,0,0,2,3,5,3,0,3,1,2,1,1,1,0,0,2,2,0,0,0,2],"wall_time":1.754109590584e9,"step":5,"max":0.007737681,"min":-0.0071243355,"count":32,"bins":[-0.0071243355,-0.0066289348,-0.0061335345,-0.0056381337,-0.0051427335,-0.0046473327,-0.0041519324,-0.0036565317,-0.0031611312,-0.0026657307,-0.0021703301,-0.0016749295,-0.001179529,-0.00068412843,-0.00018872789,0.00030667265,0.0008020732,0.0012974738,0.0017928743,0.002288275,0.0027836754,0.003279076,0.0037744765,0.004269877,0.0047652777,0.005260678,0.0057560788,0.006251479,0.00674688,0.00724228,0.007737681],"mean":0.00087104226,"std":0.0033010044}
{"counts":[1,0,0,0,0,1,0,0,0,1,1,1,2,2,4,3,5,1,1,2,3,1,0,1,0,1,0,0,0,1],"wall_time":1.754109591834e9,"step":6,"max":0.008064023,"min":-0.010404504,"count":32,"bins":[-0.010404504,-0.009788887,-0.009173268,-0.008557651,-0.007942034,-0.007326416,-0.0067107985,-0.0060951808,-0.0054795635,-0.004863946,-0.004248328,-0.0036327105,-0.003017093,-0.0024014756,-0.001785858,-0.0011702403,-0.0005546228,6.09948e-5,0.00067661237,0.00129223,0.0019078475,0.002523465,0.0031390826,0.0037547003,0.004370318,0.0049859355,0.005601553,0.0062171705,0.006832788,0.0074484055,0.008064023],"mean":-0.0005466448,"std":0.0034425894}
{"counts":[1,0,0,0,1,1,0,0,0,0,2,0,1,0,1,1,5,1,5,3,2,1,3,0,2,0,1,0,0,1],"wall_time":1.754109592968e9,"step":7,"max":0.0071418025,"min":-0.009870884,"count":32,"bins":[-0.009870884,-0.009303794,-0.0087367045,-0.008169616,-0.007602526,-0.007035436,-0.006468347,-0.005901257,-0.0053341677,-0.004767078,-0.0041999887,-0.003632899,-0.0030658094,-0.0024987198,-0.0019316303,-0.0013645408,-0.00079745124,-0.00023036168,0.00033672788,0.0009038174,0.001470907,0.0020379964,0.002605086,0.0031721757,0.0037392653,0.0043063546,0.0048734443,0.0054405336,0.0060076234,0.0065747127,0.0071418025],"mean":7.801912e-5,"std":0.0035633731}
{"counts":[1,2,0,0,0,0,1,1,1,1,0,1,1,1,1,3,2,5,3,0,2,0,2,1,0,0,0,0,0,3],"wall_time":1.754109594037e9,"step":8,"max":0.010195203,"min":-0.01039821,"count":32,"bins":[-0.01039821,-0.009711763,-0.009025316,-0.008338869,-0.0076524215,-0.0069659743,-0.006279527,-0.00559308,-0.0049066334,-0.0042201863,-0.003533739,-0.0028472918,-0.0021608449,-0.0014743976,-0.0007879505,-0.00010150345,0.0005849436,0.0012713907,0.001957838,0.0026442849,0.003330732,0.0040171794,0.0047036265,0.005390073,0.0060765203,0.0067629674,0.0074494146,0.008135862,0.008822309,0.009508756,0.010195203],"mean":0.00050272647,"std":0.0051721535}
{"counts":[1,0,0,0,0,0,0,0,0,0,0,0,0,1,3,1,2,5,3,0,2,1,4,2,2,1,1,2,0,1],"wall_time":1.754109595088e9,"step":9,"max":0.0041688825,"min":-0.011311527,"count":32,"bins":[-0.011311527,-0.010795514,-0.0102795,-0.009763487,-0.0092474725,-0.008731459,-0.008215445,-0.007699432,-0.007183418,-0.0066674044,-0.0061513907,-0.005635377,-0.0051193633,-0.0046033496,-0.004087336,-0.0035713224,-0.0030553087,-0.002539295,-0.0020232815,-0.0015072678,-0.0009912541,-0.00047524046,4.0773208e-5,0.0005567869,0.0010728005,0.0015888142,0.002104828,0.0026208416,0.003136855,0.0036528688,0.0041688825],"mean":-0.0010929983,"std":0.0029202262}
{"counts":[1,0,0,0,0,0,1,0,3,2,3,0,1,0,0,0,0,2,4,2,4,1,1,1,1,0,1,0,2,2],"wall_time":1.754109596224e9,"step":10,"max":0.0061452,"min":-0.008577141,"count":32,"bins":[-0.008577141,-0.008086396,-0.007595652,-0.0071049067,-0.006614162,-0.0061234175,-0.005632673,-0.005141928,-0.0046511833,-0.0041604387,-0.0036696938,-0.0031789492,-0.0026882044,-0.0021974598,-0.0017067151,-0.0012159704,-0.00072522566,-0.00023448096,0.00025626374,0.0007470084,0.0012377532,0.0017284979,0.0022192425,0.0027099873,0.003200732,0.0036914768,0.0041822214,0.004672966,0.005163711,0.0056544556,0.0061452],"mean":9.4723255e-6,"std":0.0037138755}
{"counts":[1,0,1,1,1,0,0,0,3,1,2,2,4,7,1,0,2,0,0,1,1,2,0,0,0,0,0,0,0,2],"wall_time":1.7541095973e9,"step":11,"max":0.009889156,"min":-0.0069487495,"count":32,"bins":[-0.0069487495,-0.006387486,-0.0058262227,-0.005264959,-0.0047036954,-0.004142432,-0.0035811686,-0.003019905,-0.0024586415,-0.001897378,-0.0013361145,-0.00077485095,-0.00021358747,0.00034767605,0.0009089395,0.001470203,0.0020314665,0.00259273,0.0031539935,0.0037152572,0.0042765206,0.004837784,0.0053990474,0.0059603113,0.0065215747,0.007082838,0.0076441015,0.008205365,0.008766629,0.009327892,0.009889156],"mean":0.00053513073,"std":0.0037402073}
{"counts":[1,0,0,0,0,0,0,0,0,0,0,0,0,1,2,0,2,2,1,3,3,3,1,4,0,3,1,0,2,3],"wall_time":1.754109598402e9,"step":12,"max":0.0063652545,"min":-0.014095914,"count":32,"bins":[-0.014095914,-0.013413874,-0.012731836,-0.012049797,-0.011367758,-0.010685719,-0.01000368,-0.009321641,-0.008639602,-0.007957563,-0.007275524,-0.0065934854,-0.005911446,-0.0052294075,-0.0045473683,-0.0038653295,-0.0031832906,-0.0025012516,-0.0018192127,-0.0011371739,-0.00045513487,0.00022690409,0.000908943,0.001590982,0.0022730208,0.0029550598,0.0036370987,0.004319138,0.0050011766,0.005683216,0.0063652545],"mean":0.00034173785,"std":0.004078317}
{"counts":[1,0,0,0,0,0,0,0,1,0,1,1,1,2,3,5,8,1,2,2,2,0,0,1,0,0,0,0,0,1],"wall_time":1.754109599534e9,"step":13,"max":0.013037922,"min":-0.0143206185,"count":32,"bins":[-0.0143206185,-0.013408667,-0.012496715,-0.011584764,-0.010672813,-0.009760861,-0.00884891,-0.007936959,-0.0070250076,-0.0061130566,-0.005201105,-0.0042891535,-0.0033772024,-0.002465251,-0.0015532996,-0.0006413483,0.00027060305,0.0011825544,0.0020945058,0.0030064571,0.0039184084,0.00483036,0.005742311,0.0066542625,0.0075662136,0.008478166,0.009390117,0.010302068,0.011214019,0.012125971,0.013037922],"mean":0.00026736717,