{"counts":[1,0,0,0,0,0,0,0,1,2,3,3,7,4,1,1,2,2,1,1,0,0,0,0,0,1,0,1,0,1],"wall_time":1.754109586139e9,"step":1,"max":0.026349049,"min":-0.017093306,"count":32,"bins":[-0.017093306,-0.015645228,-0.014197149,-0.012749071,-0.011300992,-0.009852914,-0.008404835,-0.0069567566,-0.0055086785,-0.0040606,-0.0026125212,-0.0011644427,0.00028363577,0.0017317144,0.0031797928,0.0046278713,0.00607595,0.0075240284,0.0089721065,0.0104201855,0.011868264,0.013316343,0.014764421,0.016212499,0.017660579,0.019108657,0.020556735,0.022004813,0.023452893,0.024900971,0.026349049],"mean":0.0034710865,"std":0.008240625}
{"counts":[1,0,1,0,0,0,0,1,4,4,2,4,4,2,2,2,0,1,2,0,0,1,0,0,0,0,0,0,0,1],"wall_time":1.754109587315e9,"step":2,"max":0.017983846,"min":-0.009182883,"count":32,"bins":[-0.009182883,-0.008277326,-0.007371768,-0.0064662104,-0.005560653,-0.0046550953,-0.0037495375,-0.0028439797,-0.0019384221,-0.0010328644,-0.00012730683,0.0007782508,0.0016838085,0.0025893662,0.0034949237,0.0044004815,0.005306039,0.006211597,0.0071171545,0.008022713,0.00892827,0.009833828,0.010739385,0.011644943,0.0125505,0.013456058,0.014361615,0.015267174,0.016172731,0.017078288,0.017983846],"mean":0.0018701352,"std":0.004924561}
{"counts":[2,0,2,0,0,2,1,4,3,3,5,5,0,1,2,1,0,0,0,0,0,0,0,0,0,0,0,0,0,1],"wall_time":1.754109588395e9,"step":3,"max":0.016102131,"min":-0.0081322845,"count":32,"bins":[-0.0081322845,-0.0073244707,-0.006516657,-0.005708843,-0.004901029,-0.0040932153,-0.0032854013,-0.0024775874,-0.0016697736,-0.0008619597,-5.4145854e-5,0.000753668,0.0015614819,0.0023692958,0.0031771096,0.0039849235,0.0047927373,0.005600551,0.006408365,0.007216179,0.008023993,0.0088318065,0.009639621,0.010447434,0.011255248,0.012063062,0.012870876,0.0136786895,0.014486504,0.015294317,0.016102131],"mean":-0.00044786808,"std":0.0043040724}
{"counts":[1,0,0,1,1,0,0,2,6,3,8,1,2,4,0,1,0,0,0,0,0,1,0,0,0,0,0,0,0,1],"wall_time":1.754109589527e9,"step":4,"max":0.023046676,"min":-0.011359358,"count":32,"bins":[-0.011359358,-0.01021249,-0.009065622,-0.007918755,-0.006771887,-0.0056250193,-0.0044781514,-0.0033312836,-0.0021844157,-0.001037548,0.00010931989,0.0012561877,0.0024030556,0.0035499234,0.004696791,0.005843659,0.006990527,0.008137395,0.009284263,0.01043113,0.011577998,0.012724866,0.013871734,0.015018601,0.016165469,0.017312337,0.018459205,0.019606072,0.02075294,0.021899808,0.023046676],"mean":0.0009310897,"std":0.005870885}
{"counts":[1,1,0,0,1,0,0,1,2,5,4,6,0,2,1,0,1,0,1,1,0,0,1,1,0,0,0,1,0,2],"wall_time":1.754109590582e9,"step":5,"max":0.013170293,"min":-0.007221561,"count":32,"bins":[-0.007221561,-0.0065418324,-0.0058621042,-0.0051823757,-0.004502647,-0.0038229187,-0.0031431902,-0.0024634618,-0.0017837334,-0.0011040049,-0.00042427643,0.00025545203,0.00093518046,0.0016149089,0.0022946375,0.0029743658,0.0036540942,0.0043338225,0.005013551,0.0056932797,0.0063730082,0.0070527364,0.007732465,0.0084121935,0.009091922,0.009771651,0.010451379,0.011131107,0.011810835,0.012490564,0.013170293],"mean":0.0016719442,"std":0.004844753}
{"counts":[2,0,0,0,1,2,1,0,0,2,4,8,2,2,2,3,0,1,0,0,0,0,0,1,0,0,0,0,0,1],"wall_time":1.754109591826e9,"step":6,"max":0.016886653,"min":-0.01139846,"count":32,"bins":[-0.01139846,-0.010455622,-0.009512786,-0.008569948,-0.0076271114,-0.0066842744,-0.005741437,-0.0047986,-0.003855763,-0.0029129258,-0.0019700888,-0.0010272516,-8.441452e-5,0.0008584226,0.0018012597,0.0027440968,0.003686934,0.004629771,0.005572608,0.006515445,0.007458282,0.008401119,0.009343957,0.010286794,0.011229631,0.012172468,0.0131153045,0.014058142,0.015000979,0.015943816,0.016886653],"mean":-0.00044252098,"std":0.005372938}
{"counts":[1,0,0,0,0,0,0,0,1,1,0,0,1,1,0,1,0,6,5,3,4,1,1,1,0,2,0,1,1,1],"wall_time":1.754109592958e9,"step":7,"max":0.010819874,"min":-0.016833339,"count":32,"bins":[-0.016833339,-0.015911564,-0.014989791,-0.014068018,-0.013146244,-0.01222447,-0.011302697,-0.010380923,-0.009459149,-0.008537375,-0.007615601,-0.0066938275,-0.0057720537,-0.00485028,-0.0039285063,-0.0030067326,-0.0020849588,-0.001163185,-0.0002414113,0.00068036246,0.0016021362,0.00252391,0.0034456837,0.0043674577,0.0052892314,0.006211005,0.007132779,0.008054553,0.008976326,0.0098981,0.010819874],"mean":0.0005180922,"std":0.0054476103}
{"counts":[1,1,1,0,0,1,1,0,1,4,4,4,2,3,0,1,1,1,0,1,2,0,0,0,1,1,0,0,0,1],"wall_time":1.754109594029e9,"step":8,"max":0.024321074,"min":-0.01353588,"count":32,"bins":[-0.01353588,-0.012273981,-0.011012083,-0.009750185,-0.008488285,-0.0072263875,-0.0059644887,-0.0047025904,-0.003440692,-0.0021787935,-0.00091689517,0.0003450033,0.0016069018,0.0028688002,0.0041306987,0.005392597,0.0066544954,0.007916394,0.009178292,0.010440191,0.01170209,0.012963988,0.014225886,0.0154877845,0.016749684,0.018011581,0.01927348,0.020535378,0.021797277,0.023059174,0.024321074],"mean":0.0024433492,"std":0.008413335}
{"counts":[1,0,0,0,0,0,0,0,2,2,1,2,0,2,1,3,0,0,2,4,5,1,1,1,1,1,0,0,1,1],"wall_time":1.754109595084e9,"step":9,"max":0.0069529973,"min":-0.013316092,"count":32,"bins":[-0.013316092,-0.012640456,-0.011964819,-0.011289183,-0.010613547,-0.00993791,-0.009262274,-0.008586638,-0.007911001,-0.0072353655,-0.006559729,-0.0058840928,-0.0052084564,-0.00453282,-0.0038571837,-0.0031815474,-0.002505911,-0.0018302748,-0.0011546385,-0.00047900213,0.00019663417,0.0008722705,0.0015479068,0.0022235431,0.0028991795,0.0035748158,0.004250452,0.0049260883,0.0056017246,0.006277361,0.0069529973],"mean":-0.001754197,"std":0.0044179857}
{"counts":[1,0,0,1,0,2,1,0,1,2,2,0,0,1,1,6,3,2,3,0,1,1,0,0,1,0,0,1,0,2],"wall_time":1.75410959622e9,"step":10,"max":0.012957316,"min":-0.013078276,"count":32,"bins":[-0.013078276,-0.012210423,-0.01134257,-0.010474717,-0.009606863,-0.00873901,-0.0078711575,-0.0070033045,-0.0061354516,-0.0052675987,-0.0043997453,-0.0035318923,-0.0026640394,-0.0017961862,-0.00092833315,-6.0480088e-5,0.00080737297,0.001675226,0.0025430792,0.0034109321,0.004278785,0.0051466385,0.0060144914,0.0068823444,0.0077501973,0.00861805,0.009485903,0.010353757,0.01122161,0.012089463,0.012957316],"mean":2.7088317e-5,"std":0.006193291}
{"counts":[1,1,1,0,0,0,0,3,1,1,0,1,7,5,4,0,0,1,2,1,0,0,1,0,0,0,1,0,0,1],"wall_time":1.754109597295e9,"step":11,"max":0.014883118,"min":-0.0113420775,"count":32,"bins":[-0.0113420775,-0.010467905,-0.009593731,-0.008719558,-0.007845385,-0.0069712116,-0.0060970383,-0.0052228654,-0.004348692,-0.003474519,-0.0026003458,-0.0017261726,-0.0008519994,2.2173766e-5,0.00089634693,0.0017705201,0.0026446932,0.0035188664,0.0043930397,0.0052672126,0.006141386,0.0070155594,0.007889733,0.008763906,0.0096380785,0.010512252,0.011386425,0.012260598,0.013134771,0.014008945,0.014883118],"mean":0.00021929739,"std":0.005486195}
{"counts":[1,0,0,0,0,0,0,0,0,0,0,1,0,1,1,1,1,2,6,3,2,4,1,1,1,1,0,1,2,2],"wall_time":1.754109598396e9,"step":12,"max":0.014024464,"min":-0.023780765,"count":32,"bins":[-0.023780765,-0.02252059,-0.021260416,-0.020000242,-0.018740067,-0.017479893,-0.016219718,-0.014959545,-0.01369937,-0.012439196,-0.011179022,-0.009918847,-0.008658674,-0.0073984987,-0.0061383247,-0.0048781503,-0.003617976,-0.0023578017,-0.0010976273,0.00016254696,0.0014227213,0.0026828956,0.00394307,0.0052032443,0.0064634187,0.0077235927,0.008983768,0.010243941,0.011504116,0.01276429,0.014024464],"mean":0.0015231742,"std":0.007402639}
{"counts":[1,0,0,0,0,0,0,0,0,0,0,0,0,0,1,0,1,6,4,8,4,0,1,1,1,1,1,0,1,1],"wall_time":1.754109599533e9,"step":13,"max":0.012694858,"min":-0.022295631,"count":32,"bins":[-0.022295631,-0.021129282,-0.019962933,-0.018796582,-0.017630232,-0.016463883,-0.015297534,-0.014131184,-0.012964834,-0.011798484,-0.010632135,-0.009465786,-0.0082994355,-0.007133086,-0.0059667365,-0.0048003867,-0.003634037,-0.0024676875,-0.0013013377,-0.00013498813,0.0010313615,0.0021977113,0.0033640608,0.0045304103,0.00569676,0.00686311,0.008029459,0.009195809,0.0103621585,0.011528509,0.012694858],"mean":0.00056622294,"std":0.005762412}
{"counts":[1,1,1,0,0,1,0,1,4,0,3,3,5,1,2,3,1,0,1,0,0,0,1,0,0,2,0,0,0,1],"wall_time":1.754109600605e9,"step":14,"max":0.021322917,