{"counts":[3,1,1,6,5,4,8,3,7,7,4,4,3,5,7,5,4,3,3,4,1,0,2,2,0,0,3,0,0,1],"wall_time":1.754109586149e9,"step":1,"max":0.07052899,"min":-0.044849183,"count":96,"bins":[-0.044849183,-0.041003246,-0.037157305,-0.033311367,-0.029465428,-0.025619488,-0.021773549,-0.01792761,-0.01408167,-0.010235731,-0.0063897916,-0.0025438527,0.0013020865,0.0051480257,0.008993965,0.012839904,0.016685843,0.020531783,0.024377722,0.02822366,0.0320696,0.03591554,0.03976148,0.043607417,0.047453355,0.051299296,0.055145234,0.058991175,0.06283712,0.066683054,0.07052899],"mean":-3.0073957e-10,"std":0.025281914}
{"counts":[1,3,4,0,5,4,2,5,4,7,2,7,8,7,8,3,3,9,3,2,4,3,0,1,0,0,0,0,0,1],"wall_time":1.754109587326e9,"step":2,"max":0.049773395,"min":-0.034025557,"count":96,"bins":[-0.034025557,-0.031232258,-0.028438961,-0.025645662,-0.022852363,-0.020059066,-0.017265767,-0.014472469,-0.01167917,-0.008885872,-0.006092573,-0.0032992747,-0.0005059764,0.002287322,0.0050806203,0.007873919,0.010667217,0.013460516,0.016253814,0.019047113,0.02184041,0.02463371,0.027427008,0.030220306,0.033013605,0.0358069,0.038600203,0.0413935,0.044186797,0.046980098,0.049773395],"mean":-1.086543e-9,"std":0.016349722}
{"counts":[1,0,3,1,0,1,3,7,5,7,3,4,9,5,10,8,6,3,4,5,3,4,1,1,0,1,0,0,0,1],"wall_time":1.754109588399e9,"step":3,"max":0.047455072,"min":-0.038855553,"count":96,"bins":[-0.038855553,-0.035978533,-0.03310151,-0.03022449,-0.02734747,-0.024470448,-0.021593427,-0.018716406,-0.015839387,-0.0129623655,-0.010085344,-0.0072083236,-0.004331303,-0.0014542819,0.001422739,0.00429976,0.0071767806,0.010053801,0.012930823,0.015807843,0.018684864,0.021561885,0.024438906,0.027315926,0.030192947,0.03306997,0.035946988,0.03882401,0.04170103,0.044578053,0.047455072],"mean":3.783498e-10,"std":0.015654609}
{"counts":[1,1,2,4,2,2,0,1,1,4,2,2,9,6,4,5,4,1,6,4,2,3,7,8,3,0,4,3,3,2],"wall_time":1.754109589538e9,"step":4,"max":0.02451375,"min":-0.030383239,"count":96,"bins":[-0.030383239,-0.028553339,-0.026723439,-0.024893539,-0.023063641,-0.021233741,-0.019403841,-0.017573941,-0.015744042,-0.013914142,-0.012084243,-0.010254343,-0.008424443,-0.006594544,-0.004764644,-0.0029347446,-0.001104845,0.0007250546,0.0025549543,0.004384854,0.0062147533,0.008044653,0.0098745525,0.011704452,0.013534352,0.015364251,0.017194152,0.01902405,0.02085395,0.02268385,0.02451375],"mean":-1.2223609e-9,"std":0.013762427}
{"counts":[2,0,0,4,1,1,0,2,4,5,4,4,5,5,5,8,3,4,4,7,4,3,4,4,2,3,3,2,1,2],"wall_time":1.754109590586e9,"step":5,"max":0.034861736,"min":-0.040098086,"count":96,"bins":[-0.040098086,-0.037599426,-0.035100766,-0.032602105,-0.030103443,-0.027604783,-0.02510612,-0.02260746,-0.0201088,-0.01761014,-0.015111479,-0.012612818,-0.010114158,-0.0076154964,-0.0051168357,-0.002618175,-0.00011951427,0.0023791464,0.004877807,0.007376468,0.009875129,0.012373789,0.01487245,0.01737111,0.01986977,0.022368433,0.024867093,0.027365753,0.029864414,0.032363076,0.034861736],"mean":5.820766e-11,"std":0.017153805}
{"counts":[1,1,0,1,0,0,0,2,2,8,0,0,7,4,8,6,6,6,13,8,5,2,4,5,2,2,0,1,1,1],"wall_time":1.754109591838e9,"step":6,"max":0.039224744,"min":-0.049600597,"count":96,"bins":[-0.049600597,-0.04663975,-0.04367891,-0.040718064,-0.037757218,-0.034796372,-0.03183553,-0.028874684,-0.02591384,-0.022952994,-0.01999215,-0.017031306,-0.014070461,-0.011109617,-0.008148772,-0.005187927,-0.0022270822,0.00073376263,0.0036946074,0.006655452,0.009616297,0.012577142,0.0155379865,0.01849883,0.021459676,0.02442052,0.027381364,0.03034221,0.033303056,0.036263898,0.039224744],"mean":-2.2312936e-10,"std":0.016324993}
{"counts":[1,0,0,0,0,1,0,0,1,4,1,6,5,5,8,5,7,9,5,7,7,8,5,4,1,3,2,0,0,1],"wall_time":1.754109592971e9,"step":7,"max":0.041517735,"min":-0.056887407,"count":96,"bins":[-0.056887407,-0.053607237,-0.050327063,-0.047046892,-0.043766722,-0.04048655,-0.037206378,-0.033926208,-0.030646035,-0.027365865,-0.024085693,-0.020805521,-0.01752535,-0.014245179,-0.010965007,-0.007684836,-0.004404665,-0.0011244934,0.0021556779,0.0054358495,0.008716021,0.011996192,0.015276363,0.018556535,0.021836706,0.025116878,0.02839705,0.03167722,0.03495739,0.038237564,0.041517735],"mean":2.910383e-10,"std":0.016469134}
{"counts":[1,0,0,0,0,0,0,0,0,1,2,3,2,4,6,4,4,5,5,10,8,8,7,4,8,3,5,1,2,3],"wall_time":1.754109594043e9,"step":8,"max":0.041801903,"min":-0.08039279,"count":96,"bins":[-0.08039279,-0.076319635,-0.07224648,-0.06817333,-0.06410017,-0.06002701,-0.055953853,-0.0518807,-0.04780754,-0.043734383,-0.03966123,-0.03558807,-0.031514913,-0.027441759,-0.0233686,-0.019295445,-0.015222288,-0.011149132,-0.007075975,-0.0030028184,0.001070338,0.0051434943,0.009216651,0.013289807,0.017362963,0.021436121,0.025509277,0.029582433,0.03365559,0.037728745,0.041801903],"mean":-2.3283064e-10,"std":0.021005554}
{"counts":[1,0,0,0,0,1,0,3,3,9,4,7,4,3,5,4,7,10,8,10,6,5,0,2,1,1,0,1,0,1],"wall_time":1.75410959509e9,"step":9,"max":0.035802104,"min":-0.039216965,"count":96,"bins":[-0.039216965,-0.03671633,-0.034215692,-0.031715058,-0.029214423,-0.026713787,-0.024213152,-0.021712516,-0.01921188,-0.016711244,-0.014210609,-0.011709973,-0.009209338,-0.006708702,-0.0042080665,-0.0017074309,0.0007932047,0.0032938404,0.005794476,0.008295111,0.010795747,0.0132963825,0.015797019,0.018297654,0.02079829,0.023298925,0.025799561,0.028300196,0.030800832,0.03330147,0.035802104],"mean":-2.4980787e-10,"std":0.013019614}
{"counts":[1,0,0,2,5,1,2,3,4,7,6,7,8,4,1,2,4,1,8,3,4,0,6,3,1,6,0,4,2,1],"wall_time":1.754109596226e9,"step":10,"max":0.03428457,"min":-0.035630178,"count":96,"bins":[-0.035630178,-0.033299685,-0.030969195,-0.028638704,-0.02630821,-0.02397772,-0.021647228,-0.019316737,-0.016986245,-0.014655754,-0.012325262,-0.00999477,-0.007664279,-0.0053337873,-0.0030032957,-0.0006728042,0.0016576874,0.003988179,0.0063186707,0.008649162,0.010979653,0.013310146,0.015640637,0.017971128,0.02030162,0.02263211,0.024962602,0.027293095,0.029623587,0.031954076,0.03428457],"mean":3.4924597e-10,"std":0.016689263}
{"counts":[1,0,1,0,2,1,3,2,2,5,7,1,3,2,8,8,9,11,6,6,4,3,0,5,0,3,1,0,1,1],"wall_time":1.754109597304e9,"step":11,"max":0.0462226,"min":-0.050458882,"count":96,"bins":[-0.050458882,-0.047236167,-0.044013448,-0.040790733,-0.037568018,-0.034345303,-0.031122586,-0.027899869,-0.024677154,-0.021454437,-0.018231722,-0.015009005,-0.011786289,-0.008563573,-0.0053408565,-0.0021181405,0.0011045757,0.0043272916,0.0075500077,0.010772724,0.01399544,0.017218156,0.020440873,0.023663588,0.026886305,0.03010902,0.033331737,0.036554452,0.039777167,0.042999886,0.0462226],"mean":7.761022e-11,"std":0.018657845}
{"counts":[1,2,2,0,0,0,2,0,1,3,4,7,4,5,6,5,10,5,8,6,7,4,6,1,0,2,2,2,0,1],"wall_time":1.754109598405e9,"step":12,"max":0.04280846,"min":-0.05014514,"count":96,"bins":[-0.05014514,-0.047046687,-0.043948237,-0.040849783,-0.03775133,-0.034652874,-0.031554423,-0.028455969,-0.025357515,-0.022259062,-0.019160608,-0.016062155,-0.012963702,-0.009865249,-0.006766795,-0.0036683418,-0.00056988845,0.0025285648,0.0056270184,0.008725472,0.011823925,0.014922379,0.018020831,0.021119285,0.024217738,0.027316192,0.030414645,0.0335131,0.036611553,0.039710004,0.04280846],"mean":7.9065404e-10,"std":0.018395692}
{"counts":[1,1,0,0,0,0,0,0,4,3,3,4,4,5,5,7,11,8,7,5,7,2,5,4,5,3,0,0,1,1],"wall_time":1.754109599535e9,"step":13,"max":0.041660026,"min":-0.05529989,"count":96,"bins":[-0.05529989,-0.05206789,-0.048835896,-0.045603897,-0.0423719,-0.039139904,-0.035907906,-0.03267591,-0.029443912,-0.026211916,-0.022979917,-0.01974792,-0.016515924,-0.013283926,-0.010051929,-0.006819932,-0.0035879347,-0.00035593746,0.0028760596,0.0061080568,0.009340054,0.012572051,0.015804049,0.019036045,0.022268042,0.02550004,0.028732037,0.031964034,0.035196032,0.038428027,0.041660026],"mean":-3.298434e-10,"std":0.017178884}
{"counts":[1,0,2,0,1,0,1,2,3,4,5,6,4,4,10,5,2,6,3,3,7,4,3,7,3,4,4,0,1,1],"wall_time":1.75410960061e9,"step":14,"max":0.038711414,"min":-0.048070543,"count":96,