{"wall_time":1.754151429016e9,"step":1,"value":1.0}
{"wall_time":1.754151432923e9,"step":2,"value":2.0}
{"wall_time":1.754151435166e9,"step":3,"value":3.0}
{"wall_time":1.754151437511e9,"step":4,"value":4.0}
{"wall_time":1.754151439513e9,"step":5,"value":5.0}
{"wall_time":1.754151441724e9,"step":6,"value":6.0}
{"wall_time":1.754151444023e9,"step":7,"value":7.0}
{"wall_time":1.754151446574e9,"step":8,"value":8.0}
{"wall_time":1.754151449015e9,"step":9,"value":9.0}
{"wall_time":1.754151451266e9,"step":10,"value":10.0}
{"wall_time":1.754151453726e9,"step":11,"value":11.0}
{"wall_time":1.754151456247e9,"step":12,"value":12.0}
{"wall_time":1.754151459683e9,"step":13,"value":13.0}
