{"wall_time":1.754151428767e9,"step":1,"value":0.69499993}
{"wall_time":1.754151432919e9,"step":2,"value":0.5009999}
{"wall_time":1.754151435159e9,"step":3,"value":0.4499998}
{"wall_time":1.754151437506e9,"step":4,"value":0.51900005}
{"wall_time":1.754151439509e9,"step":5,"value":0.44099998}
{"wall_time":1.754151441718e9,"step":6,"value":0.46600008}
{"wall_time":1.754151444016e9,"step":7,"value":0.48600006}
{"wall_time":1.754151446565e9,"step":8,"value":0.6430001}
{"wall_time":1.754151449013e9,"step":9,"value":0.57099986}
{"wall_time":1.754151451263e9,"step":10,"value":0.48500013}
{"wall_time":1.754151453719e9,"step":11,"value":0.569}
{"wall_time":1.754151456245e9,"step":12,"value":0.5419998}
{"wall_time":1.754151459683e9,"step":13,"value":0.503}
