{"wall_time":1.754151429016e9,"step":1,"value":0.33375}
{"wall_time":1.754151432922e9,"step":2,"value":0.35625}
{"wall_time":1.754151435165e9,"step":3,"value":0.3425}
{"wall_time":1.754151437509e9,"step":4,"value":0.37625}
{"wall_time":1.754151439513e9,"step":5,"value":0.39625}
{"wall_time":1.754151441723e9,"step":6,"value":0.385}
{"wall_time":1.754151444021e9,"step":7,"value":0.37625}
{"wall_time":1.754151446574e9,"step":8,"value":0.37625}
{"wall_time":1.754151449015e9,"step":9,"value":0.39}
{"wall_time":1.754151451264e9,"step":10,"value":0.38125}
{"wall_time":1.754151453725e9,"step":11,"value":0.37875}
{"wall_time":1.754151456245e9,"step":12,"value":0.39375}
{"wall_time":1.754151459683e9,"step":13,"value":0.37375}
