{"wall_time":1.754151429016e9,"step":1,"value":1.1895345}
{"wall_time":1.754151432923e9,"step":2,"value":1.1640763}
{"wall_time":1.754151435165e9,"step":3,"value":1.1430327}
{"wall_time":1.754151437511e9,"step":4,"value":1.1208616}
{"wall_time":1.754151439513e9,"step":5,"value":1.1068538}
{"wall_time":1.754151441724e9,"step":6,"value":1.1074504}
{"wall_time":1.754151444023e9,"step":7,"value":1.1077969}
{"wall_time":1.754151446574e9,"step":8,"value":1.1146954}
{"wall_time":1.754151449015e9,"step":9,"value":1.10129}
{"wall_time":1.754151451266e9,"step":10,"value":1.1117392}
{"wall_time":1.754151453725e9,"step":11,"value":1.1080964}
{"wall_time":1.754151456247e9,"step":12,"value":1.0920682}
{"wall_time":1.754151459683e9,"step":13,"value":1.1110044}
