{"counts":[1,0,1,4,1,3,3,0,1,1,0,1,0,0,0,0,2,0,0,1,0,1,1,0,0,1,1,4,2,3],"wall_time":1.754172814378e9,"step":1,"max":0.014749991,"min":-0.022082208,"count":32,"bins":[-0.022082208,-0.020854468,-0.019626727,-0.018398987,-0.017171249,-0.015943509,-0.014715768,-0.013488028,-0.012260288,-0.011032548,-0.009804809,-0.008577068,-0.007349328,-0.0061215884,-0.004893848,-0.0036661085,-0.0024383685,-0.0012106285,1.7111375e-5,0.0012448513,0.0024725914,0.0037003313,0.004928071,0.0061558113,0.007383551,0.008611291,0.009839031,0.011066771,0.012294511,0.013522251,0.014749991],"mean":-0.0032102072,"std":0.013137056}
{"counts":[1,0,0,1,5,1,3,1,1,0,1,0,0,1,1,0,1,1,1,1,1,0,0,1,2,3,0,2,2,1],"wall_time":1.754172815605e9,"step":2,"max":0.023661809,"min":-0.03464375,"count":32,"bins":[-0.03464375,-0.032700233,-0.030756714,-0.028813194,-0.026869675,-0.024926158,-0.022982638,-0.02103912,-0.019095602,-0.017152082,-0.015208564,-0.013265045,-0.011321527,-0.009378009,-0.0074344897,-0.005490971,-0.0035474522,-0.0016039335,0.00033958518,0.0022831038,0.0042266226,0.006170141,0.00811366,0.010057178,0.012000697,0.013944216,0.015887734,0.017831253,0.019774772,0.02171829,0.023661809],"mean":-0.004879673,"std":0.018805312}
{"counts":[1,1,0,2,3,0,1,4,1,0,0,0,0,0,2,1,1,1,1,2,0,2,0,0,0,1,3,0,2,3],"wall_time":1.75417281681e9,"step":3,"max":0.024283055,"min":-0.04001452,"count":32,"bins":[-0.04001452,-0.037871268,-0.035728015,-0.033584762,-0.03144151,-0.029298257,-0.027155004,-0.025011752,-0.022868501,-0.020725248,-0.018581996,-0.016438743,-0.01429549,-0.012152238,-0.010008985,-0.007865733,-0.00572248,-0.0035792275,-0.001435975,0.0007072775,0.00285053,0.0049937824,0.007137035,0.009280288,0.01142354,0.013566793,0.015710045,0.017853297,0.01999655,0.022139803,0.024283055],"mean":-0.0068066083,"std":0.021130413}
{"counts":[1,1,2,1,1,1,2,1,1,2,0,1,0,1,1,0,0,3,1,2,0,0,2,1,1,1,0,0,1,4],"wall_time":1.754172818195e9,"step":4,"max":0.02821145,"min":-0.04655919,"count":32,"bins":[-0.04655919,-0.044066835,-0.04157448,-0.039082125,-0.03658977,-0.034097414,-0.03160506,-0.029112706,-0.02662035,-0.024127997,-0.021635642,-0.019143287,-0.016650934,-0.014158579,-0.011666223,-0.009173869,-0.0066815144,-0.0041891597,-0.0016968052,0.00079554936,0.003287904,0.0057802587,0.008272613,0.010764968,0.013257323,0.015749678,0.018242031,0.020734387,0.023226742,0.025719095,0.02821145],"mean":-0.008997334,"std":0.02420099}
{"counts":[3,1,1,0,2,1,1,0,4,0,0,1,1,1,2,0,3,0,1,0,2,2,0,0,2,0,1,0,1,2],"wall_time":1.75417281931e9,"step":5,"max":0.03405093,"min":-0.046885062,"count":32,"bins":[-0.046885062,-0.044187196,-0.04148933,-0.038791463,-0.036093596,-0.03339573,-0.030697864,-0.027999997,-0.02530213,-0.022604264,-0.019906398,-0.017208531,-0.014510665,-0.011812799,-0.009114932,-0.006417066,-0.0037191994,-0.001021333,0.0016765334,0.0043744,0.007072266,0.009770133,0.012467999,0.015165865,0.017863732,0.020561598,0.023259465,0.025957331,0.028655197,0.031353064,0.03405093],"mean":-0.009671359,"std":0.024620648}
{"counts":[1,2,1,1,0,0,4,0,1,2,0,2,1,0,0,5,1,0,0,0,2,2,1,0,0,2,0,1,0,3],"wall_time":1.754172820475e9,"step":6,"max":0.034902684,"min":-0.05344167,"count":32,"bins":[-0.05344167,-0.050496858,-0.047552045,-0.044607233,-0.04166242,-0.03871761,-0.0357728,-0.03282799,-0.029883176,-0.026938364,-0.023993552,-0.02104874,-0.018103927,-0.015159116,-0.012214305,-0.009269493,-0.006324681,-0.003379869,-0.00043505727,0.0025097546,0.0054545663,0.0083993785,0.01134419,0.014289002,0.017233813,0.020178625,0.023123438,0.02606825,0.02901306,0.031957872,0.034902684],"mean":-0.010446883,"std":0.026571522}
{"counts":[1,0,2,0,2,0,1,2,0,2,2,0,1,1,1,4,1,0,0,1,0,2,3,0,0,0,2,0,0,4],"wall_time":1.754172821762e9,"step":7,"max":0.035243757,"min":-0.060613405,"count":32,"bins":[-0.060613405,-0.057418168,-0.054222926,-0.05102769,-0.04783245,-0.04463721,-0.041441973,-0.038246732,-0.035051495,-0.031856257,-0.028661018,-0.025465779,-0.02227054,-0.0190753,-0.015880063,-0.012684824,-0.009489586,-0.0062943464,-0.0030991076,9.613099e-5,0.0032913696,0.0064866086,0.009681847,0.012877086,0.016072325,0.019267563,0.022462802,0.025658041,0.02885328,0.03204852,0.035243757],"mean":-0.011272198,"std":0.028497932}
{"counts":[1,0,2,0,2,0,1,2,0,2,1,1,1,1,1,4,0,1,0,0,2,3,1,0,0,2,0,0,1,3],"wall_time":1.75417282357e9,"step":8,"max":0.035781056,"min":-0.061978385,"count":32,"bins":[-0.061978385,-0.058719736,-0.05546109,-0.05220244,-0.04894379,-0.045685146,-0.042426497,-0.039167847,-0.035909202,-0.032650553,-0.029391905,-0.026133256,-0.022874609,-0.019615961,-0.016357312,-0.013098665,-0.009840016,-0.0065813684,-0.0033227205,-6.407251e-5,0.0031945754,0.0064532235,0.009711872,0.012970519,0.016229168,0.019487815,0.022746464,0.026005112,0.029263759,0.032522406,0.035781056],"mean":-0.01160932,"std":0.028312566}
{"counts":[1,1,2,1,1,1,2,1,1,2,0,1,0,1,1,0,0,3,1,2,0,0,2,1,1,1,0,0,1,4],"wall_time":1.754172825373e9,"step":9,"max":0.02821145,"min":-0.04655919,"count":32,"bins":[-0.04655919,-0.044066835,-0.04157448,-0.039082125,-0.03658977,-0.034097414,-0.03160506,-0.029112706,-0.02662035,-0.024127997,-0.021635642,-0.019143287,-0.016650934,-0.014158579,-0.011666223,-0.009173869,-0.0066815144,-0.0041891597,-0.0016968052,0.00079554936,0.003287904,0.0057802587,0.008272613,0.010764968,0.013257323,0.015749678,0.018242031,0.020734387,0.023226742,0.025719095,0.02821145],"mean":-0.008997334,"std":0.02420099}
