{"counts":[1,1,2,4,2,3,0,0,1,0,1,0,1,0,0,2,0,0,1,0,0,1,0,1,0,0,2,3,3,3],"wall_time":1.754172814387e9,"step":1,"max":0.014533347,"min":-0.020753816,"count":32,"bins":[-0.020753816,-0.019577578,-0.018401338,-0.0172251,-0.01604886,-0.014872622,-0.013696383,-0.012520145,-0.011343906,-0.010167667,-0.008991428,-0.00781519,-0.0066389507,-0.0054627117,-0.004286473,-0.0031102342,-0.0019339954,-0.0007577566,0.00041848217,0.001594721,0.0027709596,0.0039471984,0.0051234374,0.006299676,0.007475915,0.008652153,0.009828392,0.011004631,0.0121808695,0.013357108,0.014533347],"mean":-0.0029795766,"std":0.013188398}
{"counts":[1,1,0,5,1,3,2,0,0,0,1,0,0,2,0,2,0,1,1,1,0,0,0,1,2,2,3,0,0,3],"wall_time":1.754172815616e9,"step":2,"max":0.023798874,"min":-0.031910036,"count":32,"bins":[-0.031910036,-0.030053072,-0.028196108,-0.026339145,-0.024482181,-0.022625217,-0.020768253,-0.01891129,-0.017054327,-0.015197363,-0.0133404,-0.0114834355,-0.009626472,-0.0077695083,-0.0059125447,-0.004055581,-0.0021986174,-0.00034165377,0.0015153099,0.0033722736,0.005229237,0.0070862006,0.008943165,0.010800128,0.012657092,0.014514055,0.01637102,0.018227983,0.020084945,0.02194191,0.023798874],"mean":-0.0045859246,"std":0.018814804}
{"counts":[2,0,2,2,1,2,2,2,0,0,0,0,0,2,0,3,2,0,1,0,1,1,0,0,1,3,1,1,2,1],"wall_time":1.754172816811e9,"step":3,"max":0.02738184,"min":-0.038627315,"count":32,"bins":[-0.038627315,-0.03642701,-0.034226704,-0.0320264,-0.029826095,-0.02762579,-0.025425484,-0.023225179,-0.021024873,-0.01882457,-0.016624264,-0.014423959,-0.0122236535,-0.010023348,-0.0078230435,-0.005622738,-0.0034224328,-0.0012221277,0.0009781774,0.0031784826,0.005378788,0.007579093,0.009779398,0.011979703,0.014180008,0.016380314,0.01858062,0.020780925,0.022981228,0.025181534,0.02738184],"mean":-0.0065333387,"std":0.021329481}
{"counts":[1,1,2,1,1,3,0,2,2,0,0,1,0,1,1,1,3,1,0,1,0,1,1,2,1,0,1,0,2,2],"wall_time":1.7541728182e9,"step":4,"max":0.03158354,"min":-0.04582968,"count":32,"bins":[-0.04582968,-0.04324924,-0.040668797,-0.03808836,-0.035507917,-0.032927476,-0.030347036,-0.027766595,-0.025186155,-0.022605713,-0.020025274,-0.017444832,-0.014864392,-0.012283951,-0.00970351,-0.00712307,-0.0045426292,-0.0019621884,0.00061825215,0.0031986928,0.0057791336,0.008359574,0.010940014,0.013520456,0.016100897,0.018681336,0.021261778,0.023842217,0.026422659,0.029003099,0.03158354],"mean":-0.008417409,"std":0.024235385}
{"counts":[2,1,2,1,0,2,1,3,1,0,0,1,0,1,4,2,1,0,0,1,1,1,1,1,1,0,0,2,0,2],"wall_time":1.754172819311e9,"step":5,"max":0.035451088,"min":-0.046007287,"count":32,"bins":[-0.046007287,-0.04329201,-0.04057673,-0.037861448,-0.03514617,-0.03243089,-0.029715613,-0.027000332,-0.024285054,-0.021569774,-0.018854495,-0.016139217,-0.013423936,-0.010708658,-0.007993379,-0.0052780993,-0.0025628202,0.00015245899,0.0028677383,0.005583017,0.0082982965,0.011013576,0.013728855,0.016444134,0.019159414,0.021874692,0.02458997,0.027305251,0.03002053,0.03273581,0.035451088],"mean":-0.008968793,"std":0.024702843}
{"counts":[1,1,3,0,0,3,0,2,1,1,1,2,0,1,0,4,2,0,0,1,1,2,0,0,2,0,1,0,0,3],"wall_time":1.754172820478e9,"step":6,"max":0.037384406,"min":-0.051576614,"count":32,"bins":[-0.051576614,-0.048611246,-0.04564588,-0.042680513,-0.039715145,-0.036749776,-0.03378441,-0.030819044,-0.027853675,-0.024888309,-0.02192294,-0.018957574,-0.015992206,-0.013026839,-0.010061472,-0.0070961043,-0.004130737,-0.0011653696,0.0017999976,0.004765365,0.007730732,0.0106961,0.0136614675,0.016626835,0.019592201,0.02255757,0.025522936,0.028488304,0.031453673,0.034419037,0.037384406],"mean":-0.009789667,"std":0.026477544}
{"counts":[1,1,0,2,0,2,2,1,1,1,1,0,2,2,2,2,0,1,0,1,1,1,2,0,0,2,0,0,2,2],"wall_time":1.754172821767e9,"step":7,"max":0.038934793,"min":-0.05840408,"count":32,"bins":[-0.05840408,-0.05515945,-0.051914822,-0.048670195,-0.045425564,-0.042180933,-0.038936306,-0.03569168,-0.032447048,-0.029202418,-0.02595779,-0.02271316,-0.019468531,-0.016223902,-0.012979273,-0.009734644,-0.0064900145,-0.0032453854,-7.5623393e-7,0.003243873,0.006488502,0.009733131,0.01297776,0.01622239,0.019467019,0.022711648,0.025956277,0.029200906,0.032445535,0.035690166,0.038934793],"mean":-0.010519922,"std":0.028286884}
{"counts":[1,0,1,2,0,1,3,1,1,1,1,0,1,2,2,3,0,1,0,1,2,2,0,1,1,0,0,1,2,1],"wall_time":1.754172823579e9,"step":8,"max":0.040470697,"min":-0.05958892,"count":32,"bins":[-0.05958892,-0.0562536,-0.052918278,-0.04958296,-0.04624764,-0.04291232,-0.039576996,-0.036241677,-0.032906357,-0.029571036,-0.026235715,-0.022900393,-0.019565074,-0.016229752,-0.012894432,-0.009559112,-0.0062237913,-0.0028884704,0.00044685006,0.0037821706,0.007117491,0.010452812,0.013788132,0.017123453,0.020458773,0.023794094,0.027129415,0.030464735,0.033800054,0.037135378,0.040470697],"mean":-0.010800466,"std":0.02817461}
{"counts":[1,1,2,1,1,3,0,2,2,0,0,1,0,1,1,1,3,1,0,1,0,1,1,2,1,0,1,0,2,2],"wall_time":1.754172825377e9,"step":9,"max":0.03158354,"min":-0.04582968,"count":32,"bins":[-0.04582968,-0.04324924,-0.040668797,-0.03808836,-0.035507917,-0.032927476,-0.030347036,-0.027766595,-0.025186155,-0.022605713,-0.020025274,-0.017444832,-0.014864392,-0.012283951,-0.00970351,-0.00712307,-0.0045426292,-0.0019621884,0.00061825215,0.0031986928,0.0057791336,0.008359574,0.010940014,0.013520456,0.016100897,0.018681336,0.021261778,0.023842217,0.026422659,0.029003099,0.03158354],"mean":-0.008417409,"std":0.024235385}
