{"counts":[1,0,2],"wall_time":1.754172814394e9,"step":1,"max":0.015270459,"min":-0.017519183,"count":3,"bins":[-0.017519183,-0.006589303,0.004340578,0.015270459],"mean":0.002490892,"std":0.01754994}
{"counts":[1,0,2],"wall_time":1.754172815623e9,"step":2,"max":0.022110969,"min":-0.025270402,"count":3,"bins":[-0.025270402,-0.009476612,0.0063171783,0.022110969],"mean":0.0031027368,"std":0.02504046}
{"counts":[1,1,1],"wall_time":1.754172816813e9,"step":3,"max":0.028899033,"min":-0.028059222,"count":3,"bins":[-0.028059222,-0.009073137,0.009912948,0.028899033],"mean":0.0031354774,"std":0.028864922}
{"counts":[1,1,1],"wall_time":1.754172818204e9,"step":4,"max":0.031977907,"min":-0.031565364,"count":3,"bins":[-0.031565364,-0.010384274,0.010796816,0.031977907],"mean":0.0032974463,"std":0.032219604}
{"counts":[1,1,1],"wall_time":1.754172819315e9,"step":5,"max":0.034542937,"min":-0.031881303,"count":3,"bins":[-0.031881303,-0.00973989,0.012401524,0.034542937],"mean":0.003257418,"std":0.033379335}
{"counts":[1,1,1],"wall_time":1.754172820487e9,"step":6,"max":0.037278518,"min":-0.03444145,"count":3,"bins":[-0.03444145,-0.010534793,0.0133718625,0.037278518],"mean":0.0033800576,"std":0.036020566}
{"counts":[1,1,1],"wall_time":1.754172821771e9,"step":7,"max":0.041949548,"min":-0.035407186,"count":3,"bins":[-0.035407186,-0.009621608,0.01616397,0.041949548],"mean":0.0034801215,"std":0.038680058}
{"counts":[1,1,1],"wall_time":1.754172823588e9,"step":8,"max":0.040672664,"min":-0.035338912,"count":3,"bins":[-0.035338912,-0.01000172,0.015335471,0.040672664],"mean":0.003459261,"std":0.03803056}
{"counts":[1,1,1],"wall_time":1.754172825391e9,"step":9,"max":0.031977907,"min":-0.031565364,"count":3,"bins":[-0.031565364,-0.010384274,0.010796816,0.031977907],"mean":0.0032974463,"std":0.032219604}
