{"counts":[2,0,0,0,4,0,2,2,1,1,3,2,2,1,4,1,2,3,4,2,5,3,1,2,5,1,3,3,3,2],"wall_time":1.754172814362e9,"step":1,"max":1.0170177,"min":0.98057276,"count":64,"bins":[0.98057276,0.98178756,0.9830024,0.9842173,0.9854321,0.9866469,0.98786175,0.9890766,0.9902914,0.9915062,0.9927211,0.99393594,0.99515074,0.99636555,0.9975804,0.9987953,1.00001,1.0012249,1.0024397,1.0036546,1.0048695,1.0060842,1.0072991,1.0085139,1.0097287,1.0109435,1.0121584,1.0133733,1.0145881,1.0158029,1.0170177],"mean":1.0018232,"std":0.009552644}
{"counts":[1,1,1,0,2,2,0,2,2,1,2,3,1,3,2,1,3,2,6,2,2,5,3,2,5,3,3,2,1,1],"wall_time":1.75417281559e9,"step":2,"max":1.0279477,"min":0.97028106,"count":64,"bins":[0.97028106,0.97220325,0.9741255,0.97604775,0.97796994,0.97989213,0.9818144,0.98373663,0.9856588,0.987581,0.98950326,0.9914255,0.9933477,0.9952699,0.99719214,0.9991144,1.0010366,1.0029588,1.004881,1.0068033,1.0087254,1.0106477,1.0125699,1.0144922,1.0164144,1.0183365,1.0202588,1.022181,1.0241032,1.0260254,1.0279477],"mean":1.0034966,"std":0.0144444965}
{"counts":[1,0,1,0,2,1,2,2,2,1,0,2,2,2,2,4,3,1,3,0,4,4,4,2,3,4,6,2,1,3],"wall_time":1.754172816807e9,"step":3,"max":1.030686,"min":0.9641919,"count":64,"bins":[0.9641919,0.9664084,0.96862483,0.97084135,0.9730578,0.97527426,0.9774907,0.9797072,0.9819237,0.98414016,0.9863566,0.9885731,0.99078953,0.99300605,0.9952225,0.99743897,0.9996554,1.001872,1.0040884,1.0063049,1.0085213,1.0107378,1.0129542,1.0151707,1.0173872,1.0196037,1.0218202,1.0240366,1.0262531,1.0284696,1.030686],"mean":1.0048327,"std":0.017068608}
{"counts":[1,0,1,0,1,1,2,1,1,4,0,0,1,2,3,3,2,2,3,6,0,3,1,6,2,5,3,5,2,3],"wall_time":1.754172818186e9,"step":4,"max":1.0344862,"min":0.958328,"count":64,"bins":[0.958328,0.96086663,0.9634052,0.9659438,0.96848243,0.97102106,0.9735596,0.97609824,0.97863686,0.9811755,0.98371404,0.98625267,0.9887913,0.9913299,0.99386847,0.9964071,0.9989457,1.0014843,1.004023,1.0065615,1.0091001,1.0116388,1.0141773,1.0167159,1.0192546,1.0217931,1.0243318,1.0268704,1.0294089,1.0319476,1.0344862],"mean":1.0067109,"std":0.019284489}
{"counts":[1,1,0,0,1,1,2,2,0,1,3,0,1,2,3,3,3,4,3,2,2,3,3,2,4,5,4,6,0,2],"wall_time":1.754172819308e9,"step":5,"max":1.0377753,"min":0.9549209,"count":64,"bins":[0.9549209,0.9576827,0.9604445,0.96320635,0.96596813,0.96873,0.97149175,0.9742536,0.9770154,0.9797772,0.982539,0.98530084,0.9880626,0.99082446,0.99358624,0.9963481,0.9991099,1.0018717,1.0046335,1.0073954,1.0101571,1.012919,1.0156808,1.0184426,1.0212044,1.0239662,1.026728,1.0294899,1.0322516,1.0350134,1.0377753],"mean":1.006803,"std":0.020514587}
{"counts":[2,0,0,0,3,0,1,3,0,1,2,1,3,2,2,2,3,3,5,3,2,2,1,5,6,3,5,1,1,2],"wall_time":1.754172820471e9,"step":6,"max":1.0432876,"min":0.9538876,"count":64,"bins":[0.9538876,0.9568676,0.95984757,0.96282756,0.9658076,0.9687876,0.9717676,0.9747476,0.9777276,0.9807076,0.9836876,0.9866676,0.9896476,0.9926276,0.9956076,0.9985876,1.0015676,1.0045476,1.0075276,1.0105076,1.0134876,1.0164676,1.0194476,1.0224277,1.0254077,1.0283877,1.0313677,1.0343477,1.0373276,1.0403076,1.0432876],"mean":1.0078441,"std":0.022449331}
{"counts":[1,0,2,0,0,3,0,2,1,2,1,2,0,4,5,0,4,2,7,1,0,3,5,4,7,2,2,1,2,1],"wall_time":1.754172821753e9,"step":7,"max":1.0508647,"min":0.9489305,"count":64,"bins":[0.9489305,0.9523283,0.9557261,0.9591239,0.96252173,0.96591955,0.9693173,0.97271514,0.97611296,0.9795108,0.98290855,0.98630637,0.9897042,0.993102,0.9964998,0.9998976,1.0032954,1.0066932,1.0100911,1.0134888,1.0168866,1.0202844,1.0236822,1.02708,1.0304779,1.0338757,1.0372735,1.0406712,1.044069,1.0474669,1.0508647],"mean":1.0090582,"std":0.024568034}
{"counts":[1,0,2,0,1,2,1,1,0,3,2,1,1,3,4,2,0,8,5,0,0,4,6,3,5,4,1,1,2,1],"wall_time":1.754172823559e9,"step":8,"max":1.0522283,"min":0.948344,"count":64,"bins":[0.948344,0.9518068,0.95526963,0.9587324,0.9621952,0.96565807,0.96912086,0.97258365,0.9760465,0.9795093,0.9829721,0.98643494,0.9898977,0.9933605,0.9968234,1.0002862,1.003749,1.0072118,1.0106746,1.0141374,1.0176002,1.0210631,1.0245259,1.0279887,1.0314515,1.0349143,1.038377,1.04184,1.0453027,1.0487655,1.0522283],"mean":1.0093484,"std":0.024938678}
{"counts":[1,0,1,0,1,1,2,1,1,4,0,0,1,2,3,3,2,2,3,6,0,3,1,6,2,5,3,5,2,3],"wall_time":1.754172825365e9,"step":9,"max":1.0344862,"min":0.958328,"count":64,"bins":[0.958328,0.96086663,0.9634052,0.9659438,0.96848243,0.97102106,0.9735596,0.97609824,0.97863686,0.9811755,0.98371404,0.98625267,0.9887913,0.9913299,0.99386847,0.9964071,0.9989457,1.0014843,1.004023,1.0065615,1.0091001,1.0116388,1.0141773,1.0167159,1.0192546,1.0217931,1.0243318,1.0268704,1.0294089,1.0319476,1.0344862],"mean":1.0067109,"std":0.019284489}
