{"counts":[2,0,3,3,2,1,2,0,0,2,0,0,1,1,2,0,1,0,0,4,2,0,0,0,2,1,1,1,0,1],"wall_time":1.754172814385e9,"step":1,"max":1.0152143,"min":0.98104197,"count":32,"bins":[0.98104197,0.9821811,0.9833201,0.9844592,0.98559827,0.9867374,0.9878764,0.9890155,0.9901546,0.99129367,0.9924328,0.9935718,0.9947109,0.99584997,0.9969891,0.9981282,0.9992672,1.0004063,1.0015454,1.0026845,1.0038235,1.0049626,1.0061017,1.0072408,1.0083798,1.009519,1.010658,1.0117971,1.0129361,1.0140753,1.0152143],"mean":0.99581605,"std":0.010479316}
{"counts":[3,2,1,0,1,2,1,1,2,1,0,1,1,2,0,3,2,2,0,0,1,2,0,1,0,1,0,0,0,2],"wall_time":1.75417281561e9,"step":2,"max":1.0232732,"min":0.96994364,"count":32,"bins":[0.96994364,0.9717213,0.97349894,0.9752766,0.97705424,0.9788319,0.9806096,0.98238724,0.9841649,0.98594254,0.9877202,0.98949784,0.9912755,0.99305314,0.9948308,0.99660844,0.9983861,1.0001638,1.0019414,1.0037191,1.0054967,1.0072744,1.009052,1.0108297,1.0126073,1.014385,1.0161626,1.0179403,1.0197179,1.0214956,1.0232732],"mean":0.99219793,"std":0.015225981}
{"counts":[1,0,3,1,0,0,1,4,0,0,2,2,2,0,2,2,0,2,2,1,2,1,1,0,1,0,1,0,0,1],"wall_time":1.75417281681e9,"step":3,"max":1.0276932,"min":0.9570165,"count":32,"bins":[0.9570165,0.9593724,0.9617283,0.9640842,0.9664401,0.96879596,0.9711518,0.97350776,0.97586364,0.9782195,0.9805754,0.9829313,0.9852872,0.98764306,0.98999894,0.99235487,0.99471074,0.9970666,0.9994225,1.0017784,1.0041343,1.0064901,1.008846,1.011202,1.0135578,1.0159137,1.0182697,1.0206255,1.0229814,1.0253372,1.0276932],"mean":0.9890608,"std":0.017877055}
{"counts":[1,1,0,3,0,0,0,2,2,1,1,1,2,4,0,0,2,3,2,3,0,1,0,1,1,0,0,0,0,1],"wall_time":1.754172818198e9,"step":4,"max":1.0319933,"min":0.9497778,"count":32,"bins":[0.9497778,0.9525183,0.9552588,0.95799935,0.96073985,0.96348035,0.96622086,0.9689614,0.9717019,0.9744424,0.9771829,0.9799235,0.982664,0.9854045,0.988145,0.99088556,0.99362606,0.99636656,0.99910706,1.0018476,1.0045881,1.0073286,1.0100691,1.0128096,1.0155501,1.0182906,1.0210313,1.0237718,1.0265123,1.0292528,1.0319933],"mean":0.9869592,"std":0.01956271}
{"counts":[1,0,3,1,0,0,0,2,2,1,1,5,1,1,0,3,3,1,4,0,1,0,1,0,0,0,0,0,0,1],"wall_time":1.75417281931e9,"step":5,"max":1.0375404,"min":0.9468504,"count":32,"bins":[0.9468504,0.9498734,0.9528964,0.9559194,0.9589424,0.9619654,0.9649884,0.9680114,0.9710344,0.97405744,0.9770804,0.98010343,0.9831264,0.98614943,0.9891724,0.9921954,0.9952184,0.9982414,1.0012645,1.0042875,1.0073104,1.0103334,1.0133564,1.0163795,1.0194024,1.0224254,1.0254484,1.0284715,1.0314945,1.0345174,1.0375404],"mean":0.9853739,"std":0.019911}
{"counts":[1,0,1,1,0,2,0,0,4,0,1,3,2,2,2,4,2,2,2,0,0,1,1,0,0,0,0,0,0,1],"wall_time":1.754172820476e9,"step":6,"max":1.0392187,"min":0.9396346,"count":32,"bins":[0.9396346,0.94295406,0.94627357,0.949593,0.9529125,0.95623195,0.95955145,0.9628709,0.96619034,0.96950984,0.9728293,0.9761488,0.9794682,0.9827877,0.9861072,0.9894267,0.9927461,0.99606556,0.99938506,1.0027045,1.006024,1.0093435,1.0126629,1.0159824,1.0193019,1.0226213,1.0259408,1.0292603,1.0325798,1.0358992,1.0392187],"mean":0.9830808,"std":0.020267215}
{"counts":[1,1,0,1,0,0,1,2,0,3,0,3,2,2,3,4,4,0,1,1,0,0,1,1,0,0,0,0,0,1],"wall_time":1.754172821763e9,"step":7,"max":1.0384877,"min":0.9361688,"count":32,"bins":[0.9361688,0.9395794,0.94299006,0.9464007,0.9498113,0.9532219,0.95663255,0.9600432,0.9634538,0.96686447,0.9702751,0.97368574,0.9770963,0.98050696,0.9839176,0.98732823,0.99073887,0.9941495,0.99756014,1.0009707,1.0043814,1.007792,1.0112027,1.0146133,1.0180238,1.0214345,1.0248451,1.0282558,1.0316664,1.0350771,1.0384877],"mean":0.98168635,"std":0.021278296}
{"counts":[2,0,0,0,1,1,0,2,1,2,2,2,1,4,1,6,2,0,1,0,1,0,2,0,0,0,0,0,0,1],"wall_time":1.75417282357e9,"step":8,"max":1.0401723,"min":0.9357182,"count":32,"bins":[0.9357182,0.9392,0.9426818,0.9461636,0.9496454,0.9531272,0.956609,0.9600908,0.9635726,0.9670544,0.97053623,0.97401804,0.97749984,0.98098165,0.98446345,0.98794526,0.99142706,0.99490887,0.9983907,1.0018725,1.0053543,1.008836,1.0123179,1.0157998,1.0192815,1.0227633,1.0262451,1.029727,1.0332087,1.0366905,1.0401723],"mean":0.98123014,"std":0.02155891}
{"counts":[1,1,0,3,0,0,0,2,2,1,1,1,2,4,0,0,2,3,2,3,0,1,0,1,1,0,0,0,0,1],"wall_time":1.754172825377e9,"step":9,"max":1.0319933,"min":0.9497778,"count":32,"bins":[0.9497778,0.9525183,0.9552588,0.95799935,0.96073985,0.96348035,0.96622086,0.9689614,0.9717019,0.9744424,0.9771829,0.9799235,0.982664,0.9854045,0.988145,0.99088556,0.99362606,0.99636656,0.99910706,1.0018476,1.0045881,1.0073286,1.0100691,1.0128096,1.0155501,1.0182906,1.0210313,1.0237718,1.0265123,1.0292528,1.0319933],"mean":0.9869592,"std":0.01956271}
