{"counts":[1,2,0,2,1,4,3,0,2,3,2,5,0,3,2,1,0,2,2,3,3,2,4,1,4,1,5,2,3,1],"wall_time":1.754172814349e9,"step":1,"max":0.018049566,"min":-0.018758118,"count":64,"bins":[-0.018758118,-0.017531196,-0.016304273,-0.01507735,-0.013850427,-0.012623504,-0.011396581,-0.010169659,-0.008942735,-0.007715813,-0.00648889,-0.0052619674,-0.0040350445,-0.0028081217,-0.0015811989,-0.00035427604,0.00087264675,0.0020995697,0.0033264924,0.0045534153,0.005780338,0.007007261,0.008234183,0.009461107,0.010688029,0.011914952,0.013141875,0.014368798,0.01559572,0.016822644,0.018049566],"mean":0.0011409095,"std":0.010445483}
{"counts":[1,1,1,2,4,1,0,3,3,0,2,1,1,6,1,1,2,4,4,1,5,2,3,2,2,3,0,3,2,3],"wall_time":1.754172815589e9,"step":2,"max":0.028251713,"min":-0.027984137,"count":64,"bins":[-0.027984137,-0.026109608,-0.02423508,-0.022360552,-0.020486023,-0.018611494,-0.016736967,-0.014862439,-0.01298791,-0.011113382,-0.009238853,-0.007364325,-0.005489797,-0.0036152685,-0.0017407401,0.00013378821,0.0020083166,0.003882845,0.0057573733,0.0076319017,0.00950643,0.011380958,0.013255486,0.015130015,0.017004544,0.01887907,0.0207536,0.022628129,0.024502657,0.026377184,0.028251713],"mean":0.0027165734,"std":0.01538188}
{"counts":[2,1,2,0,2,2,2,2,1,5,2,0,2,3,2,2,3,2,2,3,6,2,2,3,2,4,1,1,2,1],"wall_time":1.754172816806e9,"step":3,"max":0.035488427,"min":-0.031178052,"count":64,"bins":[-0.031178052,-0.028955836,-0.02673362,-0.024511404,-0.022289189,-0.020066973,-0.017844755,-0.01562254,-0.013400324,-0.011178108,-0.008955892,-0.0067336764,-0.00451146,-0.0022892444,-6.7028406e-5,0.0021551875,0.0043774033,0.0065996195,0.008821836,0.0110440515,0.013266267,0.015488483,0.017710699,0.019932915,0.02215513,0.024377346,0.026599564,0.02882178,0.031043995,0.03326621,0.035488427],"mean":0.0038112048,"std":0.017635306}
{"counts":[2,2,0,1,0,1,3,1,4,3,1,3,3,2,1,2,2,1,4,2,3,6,3,2,2,3,4,1,0,2],"wall_time":1.754172818179e9,"step":4,"max":0.040355053,"min":-0.035313096,"count":64,"bins":[-0.035313096,-0.032790825,-0.030268552,-0.02774628,-0.02522401,-0.022701738,-0.020179465,-0.017657194,-0.015134923,-0.012612651,-0.01009038,-0.007568108,-0.0050458363,-0.0025235647,-1.2931724e-6,0.0025209785,0.00504325,0.0075655216,0.010087794,0.012610065,0.015132337,0.017654609,0.02017688,0.022699151,0.025221422,0.027743695,0.030265966,0.03278824,0.03531051,0.03783278,0.040355053],"mean":0.0057780566,"std":0.019784557}
{"counts":[1,1,2,0,2,1,2,4,2,3,1,4,2,2,1,2,5,3,3,4,2,2,2,8,3,0,1,0,0,1],"wall_time":1.754172819308e9,"step":5,"max":0.047714215,"min":-0.038012497,"count":64,"bins":[-0.038012497,-0.03515494,-0.032297384,-0.029439826,-0.026582269,-0.023724712,-0.020867154,-0.018009597,-0.015152041,-0.012294483,-0.009436927,-0.0065793693,-0.0037218123,-0.0008642553,0.0019933018,0.004850859,0.007708416,0.010565973,0.01342353,0.016281087,0.019138644,0.021996202,0.024853759,0.027711315,0.030568872,0.03342643,0.036283985,0.039141543,0.0419991,0.044856656,0.047714215],"mean":0.0056590014,"std":0.020750098}
{"counts":[1,1,2,1,2,0,2,2,4,3,5,0,1,4,2,2,3,0,5,3,4,2,6,4,3,0,1,0,0,1],"wall_time":1.754172820471e9,"step":6,"max":0.052686274,"min":-0.04161814,"count":64,"bins":[-0.04161814,-0.038474657,-0.03533118,-0.032187697,-0.029044216,-0.025900736,-0.022757256,-0.019613776,-0.016470294,-0.013326814,-0.010183334,-0.007039854,-0.0038963736,-0.0007528931,0.0023905872,0.0055340677,0.008677548,0.011821029,0.014964509,0.01810799,0.02125147,0.02439495,0.02753843,0.030681912,0.03382539,0.036968872,0.040112354,0.043255832,0.046399314,0.049542792,0.052686274],"mean":0.0063827457,"std":0.022768812}
{"counts":[2,0,2,1,1,0,2,3,3,4,2,2,2,5,1,4,0,1,4,2,5,3,5,3,4,1,1,0,0,1],"wall_time":1.754172821751e9,"step":7,"max":0.05858443,"min":-0.04624107,"count":64,"bins":[-0.04624107,-0.042746887,-0.039252706,-0.03575852,-0.032264337,-0.028770154,-0.025275972,-0.021781787,-0.018287605,-0.014793421,-0.011299238,-0.007805054,-0.004310871,-0.0008166876,0.0026774958,0.006171679,0.009665863,0.013160046,0.016654229,0.020148413,0.023642596,0.027136778,0.030630963,0.034125146,0.03761933,0.041113514,0.044607695,0.04810188,0.051596064,0.055090245,0.05858443],"mean":0.0074548754,"std":0.025314594}
{"counts":[2,0,2,1,1,0,2,3,4,3,3,1,5,1,4,2,0,1,3,3,4,7,2,4,3,1,1,0,0,1],"wall_time":1.754172823557e9,"step":8,"max":0.059240054,"min":-0.046016783,"count":64,"bins":[-0.046016783,-0.042508222,-0.03899966,-0.035491098,-0.031982537,-0.028473977,-0.024965415,-0.021456854,-0.017948292,-0.014439732,-0.010931171,-0.007422609,-0.003914048,-0.00040548656,0.0031030746,0.006611636,0.010120197,0.0136287585,0.017137319,0.020645881,0.024154441,0.027663004,0.031171564,0.034680124,0.03818869,0.04169725,0.04520581,0.04871437,0.052222934,0.055731494,0.059240054],"mean":0.0076355473,"std":0.02538917}
{"counts":[2,2,0,1,0,1,3,1,4,3,1,3,3,2,1,2,2,1,4,2,3,6,3,2,2,3,4,1,0,2],"wall_time":1.754172825362e9,"step":9,"max":0.040355053,"min":-0.035313096,"count":64,"bins":[-0.035313096,-0.032790825,-0.030268552,-0.02774628,-0.02522401,-0.022701738,-0.020179465,-0.017657194,-0.015134923,-0.012612651,-0.01009038,-0.007568108,-0.0050458363,-0.0025235647,-1.2931724e-6,0.0025209785,0.00504325,0.0075655216,0.010087794,0.012610065,0.015132337,0.017654609,0.02017688,0.022699151,0.025221422,0.027743695,0.030265966,0.03278824,0.03531051,0.03783278,0.040355053],"mean":0.0057780566,"std":0.019784557}
