{"counts":[1,0,1,1,1,2,3,2,1,3,7,4,1,5,11,7,6,4,8,7,7,1,1,4,4,1,2,0,0,1],"wall_time":1.754172814392e9,"step":1,"max":0.3861366,"min":-0.41365734,"count":96,"bins":[-0.41365734,-0.38699755,-0.36033773,-0.33367795,-0.30701816,-0.28035834,-0.25369856,-0.22703876,-0.20037895,-0.17371915,-0.14705937,-0.120399565,-0.09373976,-0.06707997,-0.04042017,-0.013760373,0.012899425,0.039559223,0.06621902,0.09287882,0.11953861,0.1461984,0.17285821,0.19951801,0.22617781,0.2528376,0.2794974,0.3061572,0.332817,0.3594768,0.3861366],"mean":0.0033384005,"std":0.1567988}
{"counts":[1,0,1,1,1,2,2,3,0,6,3,6,2,4,7,11,6,3,9,6,7,2,1,5,3,1,2,0,0,1],"wall_time":1.75417281562e9,"step":2,"max":0.38115373,"min":-0.4112879,"count":96,"bins":[-0.4112879,-0.38487318,-0.35845846,-0.33204374,-0.30562901,-0.2792143,-0.25279957,-0.22638485,-0.19997014,-0.17355542,-0.1471407,-0.12072597,-0.09431125,-0.06789653,-0.041481808,-0.015067086,0.011347636,0.037762355,0.06417708,0.090591796,0.11700652,0.14342125,0.16983597,0.19625068,0.2226654,0.24908012,0.27549484,0.30190957,0.3283243,0.354739,0.38115373],"mean":0.003817763,"std":0.15427731}
{"counts":[1,0,1,1,1,2,2,2,1,5,4,6,2,3,8,11,7,2,9,6,7,1,3,2,5,1,2,0,0,1],"wall_time":1.754172816812e9,"step":3,"max":0.3780056,"min":-0.40982616,"count":96,"bins":[-0.40982616,-0.3835651,-0.35730404,-0.33104298,-0.3047819,-0.27852088,-0.25225982,-0.22599874,-0.1997377,-0.17347664,-0.14721557,-0.12095451,-0.09469346,-0.0684324,-0.04217134,-0.015910283,0.010350776,0.036611833,0.062872894,0.08913395,0.11539501,0.14165607,0.16791713,0.19417818,0.22043924,0.2467003,0.27296135,0.2992224,0.32548347,0.35174453,0.3780056],"mean":0.0039465968,"std":0.15235844}
{"counts":[1,0,0,2,2,1,1,3,1,5,3,7,2,4,6,13,5,3,7,8,7,1,3,2,5,1,2,0,0,1],"wall_time":1.754172818203e9,"step":4,"max":0.37341318,"min":-0.40596712,"count":96,"bins":[-0.40596712,-0.37998778,-0.35400844,-0.3280291,-0.30204976,-0.2760704,-0.25009105,-0.22411172,-0.19813237,-0.17215303,-0.14617369,-0.120194346,-0.094215,-0.06823566,-0.042256314,-0.01627697,0.009702372,0.035681717,0.061661057,0.087640405,0.113619745,0.13959908,0.16557842,0.19155778,0.21753712,0.24351646,0.26949582,0.29547516,0.3214545,0.34743384,0.37341318],"mean":0.0039988123,"std":0.1513002}
{"counts":[1,0,1,1,2,1,1,2,2,5,3,6,3,5,5,12,6,3,5,9,8,1,3,2,5,1,2,0,0,1],"wall_time":1.754172819313e9,"step":5,"max":0.36821693,"min":-0.4033182,"count":96,"bins":[-0.4033182,-0.37760037,-0.35188252,-0.3261647,-0.30044684,-0.274729,-0.24901117,-0.22329333,-0.1975755,-0.17185766,-0.14613982,-0.12042198,-0.09470414,-0.068986304,-0.04326847,-0.017550632,0.008167205,0.033885043,0.05960288,0.08532072,0.11103856,0.13675639,0.16247423,0.18819207,0.21390991,0.23962775,0.26534557,0.29106343,0.31678125,0.3424991,0.36821693],"mean":0.004048888,"std":0.15041265}
{"counts":[1,0,1,1,2,1,1,3,1,5,5,6,2,5,6,13,3,4,6,7,8,1,3,2,5,1,2,0,0,1],"wall_time":1.754172820481e9,"step":6,"max":0.3667673,"min":-0.39576456,"count":96,"bins":[-0.39576456,-0.37034684,-0.3449291,-0.31951138,-0.29409364,-0.26867592,-0.2432582,-0.21784046,-0.19242273,-0.167005,-0.14158727,-0.11616955,-0.09075182,-0.06533409,-0.039916363,-0.014498636,0.010919092,0.03633682,0.061754547,0.08717228,0.11259001,0.13800773,0.16342546,0.18884319,0.21426092,0.23967865,0.26509637,0.2905141,0.31593183,0.34134957,0.3667673],"mean":0.0040996117,"std":0.14922318}
{"counts":[1,0,0,2,2,1,1,2,2,6,5,5,2,5,5,14,3,4,6,8,7,1,3,2,5,1,2,0,0,1],"wall_time":1.754172821767e9,"step":7,"max":0.36747283,"min":-0.3925645,"count":96,"bins":[-0.3925645,-0.36722994,-0.34189534,-0.31656078,-0.2912262,-0.2658916,-0.24055704,-0.21522246,-0.18988788,-0.1645533,-0.13921873,-0.11388415,-0.08854957,-0.063214995,-0.037880417,-0.012545839,0.012788739,0.038123317,0.06345789,0.08879247,0.11412705,0.13946162,0.1647962,0.19013079,0.21546537,0.24079993,0.26613453,0.2914691,0.31680366,0.34213826,0.36747283],"mean":0.0041711684,"std":0.14834613}
{"counts":[1,0,0,2,2,1,1,3,1,6,4,6,2,4,6,14,3,4,6,8,7,2,2,2,5,1,2,0,0,1],"wall_time":1.754172823585e9,"step":8,"max":0.36646098,"min":-0.3911603,"count":96,"bins":[-0.3911603,-0.36590627,-0.34065223,-0.3153982,-0.29014415,-0.2648901,-0.23963605,-0.21438201,-0.18912797,-0.16387393,-0.13861988,-0.11336584,-0.088111795,-0.062857755,-0.03760371,-0.012349665,0.012904378,0.03815842,0.063412465,0.088666506,0.11392055,0.1391746,0.16442864,0.18968268,0.21493672,0.24019076,0.26544482,0.29069886,0.3159529,0.34120694,0.36646098],"mean":0.0041395896,"std":0.14800695}
{"counts":[1,0,0,2,2,1,1,3,1,5,3,7,2,4,6,13,5,3,7,8,7,1,3,2,5,1,2,0,0,1],"wall_time":1.754172825385e9,"step":9,"max":0.37341318,"min":-0.40596712,"count":96,"bins":[-0.40596712,-0.37998778,-0.35400844,-0.3280291,-0.30204976,-0.2760704,-0.25009105,-0.22411172,-0.19813237,-0.17215303,-0.14617369,-0.120194346,-0.094215,-0.06823566,-0.042256314,-0.01627697,0.009702372,0.035681717,0.061661057,0.087640405,0.113619745,0.13959908,0.16557842,0.19155778,0.21753712,0.24351646,0.26949582,0.29547516,0.3214545,0.34743384,0.37341318],"mean":0.0039988123,"std":0.1513002}
