{"counts":[1,0,0,1,1,3,3,11,19,11,22,31,34,47,56,48,46,50,65,48,34,24,20,22,16,9,11,3,1,3],"wall_time":1.754172814342e9,"step":1,"max":0.9020105,"min":-1.1221445,"count":640,"bins":[-1.1221445,-1.0546726,-0.9872008,-0.919729,-0.85225713,-0.7847853,-0.71731347,-0.64984167,-0.5823698,-0.51489794,-0.44742614,-0.3799543,-0.31248248,-0.24501064,-0.17753881,-0.11006698,-0.042595148,0.024876684,0.092348516,0.15982035,0.22729218,0.294764,0.36223584,0.42970768,0.4971795,0.56465137,0.6321232,0.699595,0.76706684,0.8345387,0.9020105],"mean":0.0027631246,"std":0.31847692}
{"counts":[1,0,0,1,0,3,4,12,19,10,22,30,38,48,52,50,45,48,66,52,31,25,18,24,14,10,10,3,1,3],"wall_time":1.754172815587e9,"step":2,"max":0.9060967,"min":-1.1237067,"count":640,"bins":[-1.1237067,-1.0560466,-0.98838645,-0.92072636,-0.85306627,-0.7854061,-0.717746,-0.6500859,-0.5824258,-0.5147657,-0.44710556,-0.37944546,-0.31178534,-0.24412523,-0.17646511,-0.108805,-0.04114489,0.026515225,0.09417534,0.16183545,0.22949557,0.29715568,0.3648158,0.4324759,0.500136,0.5677961,0.63545626,0.70311636,0.77077645,0.8384366,0.9060967],"mean":0.0025787104,"std":0.31846583}
{"counts":[1,0,0,1,0,3,4,12,19,10,22,29,41,46,50,51,43,51,64,50,34,23,20,25,13,10,11,3,1,3],"wall_time":1.754172816805e9,"step":3,"max":0.9028493,"min":-1.1212742,"count":640,"bins":[-1.1212742,-1.0538034,-0.98633265,-0.91886187,-0.8513911,-0.7839203,-0.7164495,-0.6489787,-0.581508,-0.5140372,-0.44656637,-0.37909558,-0.31162483,-0.24415402,-0.17668325,-0.10921246,-0.041741673,0.025729112,0.093199894,0.16067068,0.22814147,0.29561225,0.36308303,0.43055382,0.4980246,0.5654954,0.63296616,0.70043695,0.76790774,0.8353785,0.9028493],"mean":0.0026525427,"std":0.3184994}
{"counts":[1,0,0,1,0,3,4,12,19,10,22,29,40,46,50,52,41,52,64,48,35,25,19,24,15,9,11,4,1,3],"wall_time":1.754172818175e9,"step":4,"max":0.8992911,"min":-1.1205589,"count":640,"bins":[-1.1205589,-1.0532305,-0.9859022,-0.91857386,-0.8512455,-0.7839172,-0.71658885,-0.6492605,-0.5819322,-0.51460385,-0.44727555,-0.37994722,-0.31261888,-0.24529055,-0.17796221,-0.11063388,-0.04330555,0.024022784,0.091351114,0.15867944,0.22600777,0.29333612,0.36066446,0.42799276,0.4953211,0.5626494,0.62997776,0.6973061,0.76463443,0.83196276,0.8992911],"mean":0.002580143,"std":0.31853506}
{"counts":[1,0,0,1,0,3,4,12,19,10,23,26,39,48,51,50,43,47,66,49,36,26,19,21,17,10,11,4,1,3],"wall_time":1.754172819307e9,"step":5,"max":0.8923384,"min":-1.1189566,"count":640,"bins":[-1.1189566,-1.0519134,-0.98487025,-0.91782707,-0.8507839,-0.78374076,-0.7166976,-0.6496544,-0.58261126,-0.5155681,-0.44852492,-0.38148174,-0.31443858,-0.24739541,-0.18035226,-0.113309085,-0.04626592,0.020777246,0.08782041,0.15486358,0.22190674,0.2889499,0.35599306,0.42303625,0.4900794,0.5571226,0.6241657,0.6912089,0.7582521,0.8252952,0.8923384],"mean":0.0026958534,"std":0.31856674}
{"counts":[1,0,0,1,0,4,3,12,19,10,24,29,38,46,50,53,37,49,70,46,36,25,21,20,17,10,11,4,1,3],"wall_time":1.75417282047e9,"step":6,"max":0.8918605,"min":-1.1154107,"count":640,"bins":[-1.1154107,-1.0485017,-0.98159266,-0.9146836,-0.84777457,-0.78086555,-0.7139565,-0.64704746,-0.5801384,-0.51322937,-0.44632033,-0.37941128,-0.31250224,-0.2455932,-0.17868418,-0.11177513,-0.044866093,0.022042949,0.08895199,0.15586103,0.22277007,0.2896791,0.35658816,0.4234972,0.49040622,0.5573153,0.6242243,0.6911333,0.7580424,0.8249514,0.8918605],"mean":0.0028368516,"std":0.31859714}
{"counts":[1,0,0,1,1,3,3,12,19,9,24,34,35,46,49,53,37,49,71,44,39,23,23,17,18,10,10,5,1,3],"wall_time":1.754172821748e9,"step":7,"max":0.8918261,"min":-1.1126114,"count":640,"bins":[-1.1126114,-1.0457969,-0.97898227,-0.91216767,-0.84535307,-0.77853847,-0.7117239,-0.6449093,-0.5780947,-0.5112802,-0.44446558,-0.377651,-0.3108364,-0.24402183,-0.17720725,-0.11039266,-0.043578077,0.023236508,0.09005109,0.15686567,0.22368026,0.29049483,0.35730943,0.424124,0.4909386,0.5577532,0.62456775,0.69138235,0.75819695,0.8250115,0.8918261],"mean":0.0029458643,"std":0.3186128}
{"counts":[1,0,0,1,1,3,3,12,19,9,24,35,34,47,47,55,37,49,67,46,38,25,23,17,18,10,10,4,2,3],"wall_time":1.754172823553e9,"step":8,"max":0.8908974,"min":-1.1116585,"count":640,"bins":[-1.1116585,-1.0449066,-0.9781547,-0.9114029,-0.844651,-0.77789915,-0.7111473,-0.6443954,-0.5776436,-0.5108917,-0.44413984,-0.37738797,-0.3106361,-0.24388425,-0.1771324,-0.11038053,-0.04362867,0.023123194,0.08987506,0.15662691,0.22337878,0.29013065,0.3568825,0.42363435,0.49038622,0.5571381,0.6238899,0.6906418,0.75739366,0.82414556,0.8908974],"mean":0.0029124604,"std":0.31862187}
{"counts":[1,0,0,1,0,3,4,12,19,10,22,29,40,46,50,52,41,52,64,48,35,25,19,24,15,9,11,4,1,3],"wall_time":1.754172825358e9,"step":9,"max":0.8992911,"min":-1.1205589,"count":640,"bins":[-1.1205589,-1.0532305,-0.9859022,-0.91857386,-0.8512455,-0.7839172,-0.71658885,-0.6492605,-0.5819322,-0.51460385,-0.44727555,-0.37994722,-0.31261888,-0.24529055,-0.17796221,-0.11063388,-0.04330555,0.024022784,0.091351114,0.15867944,0.22600777,0.29333612,0.36066446,0.42799276,0.4953211,0.5626494,0.62997776,0.6973061,0.76463443,0.83196276,0.8992911],"mean":0.002580143,"std":0.31853506}
