{"counts":[1,1,1,2,4,6,18,21,48,68,90,104,136,189,177,189,198,181,154,113,113,80,59,36,27,18,4,5,2,3],"wall_time":1.754172814376e9,"step":1,"max":0.4151817,"min":-0.4701473,"count":2048,"bins":[-0.4701473,-0.44063634,-0.4111254,-0.38161442,-0.35210344,-0.32259247,-0.29308152,-0.26357055,-0.23405957,-0.20454861,-0.17503764,-0.14552668,-0.11601571,-0.08650474,-0.056993775,-0.027482808,0.0020281593,0.031539127,0.061050095,0.09056106,0.12007203,0.149583,0.17909396,0.20860493,0.23811589,0.26762685,0.29713783,0.3266488,0.35615978,0.38567072,0.4151817],"mean":-0.0017732921,"std":0.12434466}
{"counts":[1,1,1,2,5,6,14,26,39,72,82,117,137,190,173,193,202,183,147,117,114,83,55,36,23,17,4,3,3,2],"wall_time":1.754172815595e9,"step":2,"max":0.4215138,"min":-0.47736102,"count":2048,"bins":[-0.47736102,-0.44739854,-0.41743603,-0.38747355,-0.35751104,-0.32754856,-0.29758605,-0.26762357,-0.23766108,-0.20769858,-0.17773609,-0.1477736,-0.1178111,-0.087848604,-0.05788611,-0.027923614,0.0020388803,0.032001372,0.061963867,0.09192636,0.12188885,0.15185136,0.18181385,0.21177633,0.24173883,0.27170134,0.30166382,0.33162633,0.3615888,0.39155132,0.4215138],"mean":-0.002669714,"std":0.124690995}
{"counts":[1,1,1,2,3,10,12,28,42,68,84,121,136,194,180,187,200,186,153,117,101,83,53,35,23,15,5,2,3,2],"wall_time":1.754172816809e9,"step":3,"max":0.42633027,"min":-0.4796541,"count":2048,"bins":[-0.4796541,-0.44945464,-0.41925514,-0.38905567,-0.3588562,-0.3286567,-0.29845724,-0.26825774,-0.23805827,-0.20785879,-0.17765932,-0.14745983,-0.11726035,-0.087060876,-0.056861397,-0.026661918,0.0035375615,0.03373704,0.06393652,0.094136,0.124335475,0.15453495,0.18473443,0.21493392,0.2451334,0.27533287,0.30553237,0.33573183,0.3659313,0.3961308,0.42633027],"mean":-0.0034748386,"std":0.12497601}
{"counts":[1,1,1,2,4,9,15,24,47,66,93,110,149,194,170,196,198,194,137,120,101,82,47,38,20,17,5,3,2,2],"wall_time":1.754172818191e9,"step":4,"max":0.42641675,"min":-0.47894034,"count":2048,"bins":[-0.47894034,-0.44876176,-0.41858318,-0.38840464,-0.35822606,-0.32804748,-0.2978689,-0.26769036,-0.23751178,-0.2073332,-0.17715465,-0.14697607,-0.1167975,-0.08661893,-0.05644036,-0.026261792,0.003916778,0.034095347,0.064273916,0.094452485,0.124631055,0.15480962,0.1849882,0.21516676,0.24534534,0.2755239,0.30570248,0.33588105,0.3660596,0.39623818,0.42641675],"mean":-0.0045744213,"std":0.12532686}
{"counts":[1,1,1,3,2,13,13,23,49,73,91,118,157,190,172,199,198,189,133,123,98,75,48,29,23,14,5,4,1,2],"wall_time":1.754172819309e9,"step":5,"max":0.4322313,"min":-0.4782728,"count":2048,"bins":[-0.4782728,-0.44792265,-0.41757253,-0.38722238,-0.35687226,-0.3265221,-0.29617196,-0.26582184,-0.2354717,-0.20512156,-0.17477143,-0.1444213,-0.11407115,-0.08372102,-0.05337088,-0.023020744,0.0073293922,0.03767953,0.068029664,0.098379806,0.12872994,0.15908007,0.1894302,0.21978036,0.25013047,0.28048062,0.31083077,0.3411809,0.37153104,0.40188116,0.4322313],"mean":-0.004744959,"std":0.12542088}
{"counts":[1,1,1,3,4,12,16,26,49,75,95,117,174,179,177,202,191,183,134,118,93,76,49,25,24,11,5,4,1,2],"wall_time":1.754172820473e9,"step":6,"max":0.43455148,"min":-0.47454152,"count":2048,"bins":[-0.47454152,-0.44423842,-0.4139353,-0.3836322,-0.35332912,-0.32302603,-0.2927229,-0.26241982,-0.23211671,-0.20181362,-0.17151052,-0.14120741,-0.11090432,-0.080601215,-0.050298117,-0.019995019,0.010308081,0.04061118,0.07091428,0.10121738,0.13152048,0.16182359,0.19212668,0.22242978,0.25273287,0.28303596,0.31333908,0.34364218,0.37394527,0.4042484,0.43455148],"mean":-0.0051939506,"std":0.1256277}
{"counts":[1,1,1,2,4,11,16,27,40,78,88,123,154,190,182,189,204,179,146,109,100,74,55,27,22,13,5,5,0,2],"wall_time":1.754172821758e9,"step":7,"max":0.43363833,"min":-0.48039538,"count":2048,"bins":[-0.48039538,-0.4499276,-0.4194598,-0.388992,-0.3585242,-0.32805642,-0.29758865,-0.26712084,-0.23665306,-0.20618527,-0.17571747,-0.14524968,-0.114781894,-0.0843141,-0.05384631,-0.023378521,0.0070892693,0.037557058,0.06802485,0.09849264,0.12896043,0.15942822,0.18989602,0.2203638,0.2508316,0.28129938,0.31176716,0.34223497,0.37270275,0.40317056,0.43363833],"mean":-0.0057582217,"std":0.12586083}
{"counts":[1,1,1,2,3,12,16,24,40,79,91,119,151,191,181,181,206,186,141,115,98,78,55,29,22,12,6,5,0,2],"wall_time":1.754172823566e9,"step":8,"max":0.431675,"min":-0.48146582,"count":2048,"bins":[-0.48146582,-0.45102778,-0.42058977,-0.39015174,-0.3597137,-0.3292757,-0.29883766,-0.26839963,-0.2379616,-0.20752357,-0.17708555,-0.14664753,-0.11620949,-0.08577147,-0.055333443,-0.024895415,0.005542612,0.035980638,0.06641866,0.09685669,0.12729472,0.15773274,0.18817078,0.2186088,0.24904683,0.27948484,0.30992287,0.3403609,0.37079895,0.40123695,0.431675],"mean":-0.005940519,"std":0.12593962}
{"counts":[1,1,1,2,4,9,15,24,47,66,93,110,149,194,170,196,198,194,137,120,101,82,47,38,20,17,5,3,2,2],"wall_time":1.754172825371e9,"step":9,"max":0.42641675,"min":-0.47894034,"count":2048,"bins":[-0.47894034,-0.44876176,-0.41858318,-0.38840464,-0.35822606,-0.32804748,-0.2978689,-0.26769036,-0.23751178,-0.2073332,-0.17715465,-0.14697607,-0.1167975,-0.08661893,-0.05644036,-0.026261792,0.003916778,0.034095347,0.064273916,0.094452485,0.124631055,0.15480962,0.1849882,0.21516676,0.24534534,0.2755239,0.30570248,0.33588105,0.3660596,0.39623818,0.42641675],"mean":-0.0045744213,"std":0.12532686}
