{"counts":[1,1,1,1,3,2,3,1,3,1,2,6,2,1,1,1,2,1,3,1,4,3,1,4,2,4,3,0,5,1],"wall_time":1.754172814366e9,"step":1,"max":0.01817057,"min":-0.0192142,"count":64,"bins":[-0.0192142,-0.01796804,-0.016721882,-0.015475723,-0.014229564,-0.012983405,-0.011737246,-0.010491087,-0.009244928,-0.007998769,-0.00675261,-0.0055064512,-0.0042602923,-0.0030141333,-0.0017679743,-0.0005218154,0.0007243436,0.0019705025,0.0032166615,0.0044628205,0.0057089794,0.0069551384,0.008201297,0.009447456,0.010693615,0.011939774,0.013185933,0.014432092,0.015678251,0.016924411,0.01817057],"mean":0.0010476925,"std":0.010465925}
{"counts":[1,1,0,2,1,6,0,2,2,1,0,3,4,2,3,0,3,4,3,1,6,3,2,1,3,2,1,3,2,2],"wall_time":1.754172815593e9,"step":2,"max":0.029069623,"min":-0.028846228,"count":64,"bins":[-0.028846228,-0.0269157,-0.024985172,-0.023054643,-0.021124115,-0.019193586,-0.017263059,-0.01533253,-0.013402001,-0.011471473,-0.009540944,-0.0076104165,-0.0056798877,-0.0037493596,-0.0018188312,0.00011169724,0.0020422256,0.003972754,0.005903282,0.0078338105,0.009764339,0.011694867,0.0136253955,0.015555925,0.017486453,0.01941698,0.02134751,0.023278037,0.025208566,0.027139094,0.029069623],"mean":0.002626867,"std":0.015281343}
{"counts":[2,1,0,2,1,2,4,0,1,4,2,3,2,3,1,1,2,3,3,3,3,3,3,4,2,3,1,2,1,2],"wall_time":1.754172816807e9,"step":3,"max":0.034527052,"min":-0.031720098,"count":64,"bins":[-0.031720098,-0.02951186,-0.027303621,-0.025095383,-0.022887144,-0.020678906,-0.018470667,-0.016262429,-0.014054191,-0.011845953,-0.009637714,-0.0074294764,-0.005221238,-0.0030129997,-0.0008047613,0.001403477,0.0036117153,0.0058199535,0.008028192,0.01023643,0.012444668,0.014652907,0.016861146,0.019069383,0.021277621,0.02348586,0.025694098,0.027902337,0.030110575,0.032318816,0.034527052],"mean":0.0038311428,"std":0.017590862}
{"counts":[2,2,0,0,1,1,3,2,2,2,2,3,6,1,1,0,3,4,0,2,6,3,3,5,2,3,1,2,1,1],"wall_time":1.754172818188e9,"step":4,"max":0.040720392,"min":-0.035328142,"count":64,"bins":[-0.035328142,-0.03279319,-0.03025824,-0.027723288,-0.025188338,-0.022653386,-0.020118436,-0.017583484,-0.015048533,-0.012513582,-0.009978631,-0.00744368,-0.0049087284,-0.0023737776,0.0001611737,0.0026961248,0.005231076,0.007766027,0.010300978,0.012835929,0.01537088,0.017905831,0.020440783,0.022975734,0.025510686,0.028045636,0.030580588,0.03311554,0.035650488,0.03818544,0.040720392],"mean":0.0057930504,"std":0.0197792}
{"counts":[1,3,0,0,1,2,3,4,2,2,2,3,4,1,0,3,4,2,5,2,2,2,6,4,4,0,0,1,0,1],"wall_time":1.754172819309e9,"step":5,"max":0.047628857,"min":-0.037293978,"count":64,"bins":[-0.037293978,-0.034463216,-0.031632457,-0.028801695,-0.025970934,-0.023140172,-0.020309411,-0.01747865,-0.014647889,-0.0118171275,-0.008986366,-0.006155605,-0.003324844,-0.00049408275,0.0023366783,0.0051674396,0.007998201,0.010828962,0.013659723,0.016490484,0.019321246,0.022152007,0.024982767,0.02781353,0.03064429,0.033475053,0.03630581,0.039136574,0.041967336,0.044798095,0.047628857],"mean":0.0056183394,"std":0.020708205}
{"counts":[1,1,2,1,1,1,1,3,5,4,1,2,2,1,4,1,4,0,4,5,1,3,5,6,1,2,0,1,0,1],"wall_time":1.754172820473e9,"step":6,"max":0.051993474,"min":-0.04119384,"count":64,"bins":[-0.04119384,-0.038087595,-0.03498135,-0.031875107,-0.028768864,-0.02566262,-0.022556376,-0.019450132,-0.01634389,-0.013237645,-0.010131401,-0.0070251576,-0.0039189137,-0.00081267,0.002293574,0.0053998176,0.0085060615,0.011612305,0.014718549,0.017824793,0.020931037,0.024037281,0.027143525,0.030249767,0.03335601,0.036462255,0.0395685,0.042674743,0.045780987,0.04888723,0.051993474],"mean":0.006381822,"std":0.022776341}
{"counts":[2,0,2,1,1,0,1,5,3,3,2,3,3,2,4,2,1,1,4,1,5,5,5,3,2,1,0,1,0,1],"wall_time":1.754172821755e9,"step":7,"max":0.059079036,"min":-0.04598927,"count":64,"bins":[-0.04598927,-0.042486995,-0.038984716,-0.03548244,-0.031980164,-0.028477887,-0.024975609,-0.021473333,-0.017971056,-0.014468779,-0.010966502,-0.0074642254,-0.003961948,-0.0004596714,0.0030426055,0.0065448824,0.010047159,0.013549436,0.017051714,0.02055399,0.024056267,0.027558545,0.03106082,0.034563098,0.038065374,0.04156765,0.04506993,0.048572205,0.05207448,0.05557676,0.059079036],"mean":0.007533056,"std":0.025331132}
{"counts":[2,1,1,1,1,0,0,6,4,3,1,3,3,3,4,1,1,1,2,4,3,5,6,2,3,1,0,1,0,1],"wall_time":1.754172823561e9,"step":8,"max":0.059332307,"min":-0.04550566,"count":64,"bins":[-0.04550566,-0.042011064,-0.03851646,-0.035021864,-0.031527266,-0.028032666,-0.024538068,-0.021043468,-0.01754887,-0.01405427,-0.010559672,-0.007065073,-0.003570474,-7.5874974e-5,0.003418724,0.006913323,0.010407922,0.013902521,0.01739712,0.020891719,0.024386318,0.027880916,0.031375516,0.034870114,0.038364712,0.041859314,0.04535391,0.04884851,0.052343108,0.05583771,0.059332307],"mean":0.0076690293,"std":0.02545265}
{"counts":[2,2,0,0,1,1,3,2,2,2,2,3,6,1,1,0,3,4,0,2,6,3,3,5,2,3,1,2,1,1],"wall_time":1.754172825368e9,"step":9,"max":0.040720392,"min":-0.035328142,"count":64,"bins":[-0.035328142,-0.03279319,-0.03025824,-0.027723288,-0.025188338,-0.022653386,-0.020118436,-0.017583484,-0.015048533,-0.012513582,-0.009978631,-0.00744368,-0.0049087284,-0.0023737776,0.0001611737,0.0026961248,0.005231076,0.007766027,0.010300978,0.012835929,0.01537088,0.017905831,0.020440783,0.022975734,0.025510686,0.028045636,0.030580588,0.03311554,0.035650488,0.03818544,0.040720392],"mean":0.0057930504,"std":0.0197792}
