{"wall_time":1.754110637692e9,"step":1,"value":1.0}
{"wall_time":1.754110639283e9,"step":2,"value":2.0}
{"wall_time":1.754110640354e9,"step":3,"value":3.0}
{"wall_time":1.754110641403e9,"step":4,"value":4.0}
{"wall_time":1.754110642532e9,"step":5,"value":5.0}
{"wall_time":1.754110643559e9,"step":6,"value":6.0}
