{"wall_time":1.754110637622e9,"step":1,"value":0.4159999}
{"wall_time":1.754110639281e9,"step":2,"value":0.23199987}
{"wall_time":1.754110640353e9,"step":3,"value":0.25300002}
{"wall_time":1.7541106414e9,"step":4,"value":0.23900008}
{"wall_time":1.754110642531e9,"step":5,"value":0.23600006}
{"wall_time":1.754110643558e9,"step":6,"value":0.22199988}
