{"wall_time":1.754110637692e9,"step":1,"value":0.31125}
{"wall_time":1.754110639282e9,"step":2,"value":0.31}
{"wall_time":1.754110640354e9,"step":3,"value":0.325}
{"wall_time":1.754110641401e9,"step":4,"value":0.36875}
{"wall_time":1.754110642532e9,"step":5,"value":0.335}
{"wall_time":1.754110643558e9,"step":6,"value":0.37875}
