{"wall_time":1.754110637692e9,"step":1,"value":1.2195193}
{"wall_time":1.754110639283e9,"step":2,"value":1.193353}
{"wall_time":1.754110640354e9,"step":3,"value":1.1592903}
{"wall_time":1.754110641401e9,"step":4,"value":1.1361085}
{"wall_time":1.754110642532e9,"step":5,"value":1.1410607}
{"wall_time":1.754110643558e9,"step":6,"value":1.127635}
