{"counts":[4,2,6,5,23,20,32,79,112,119,99,60,29,22,14,8,3,1,0,0,0,1,0,0,0,0,0,0,0,1],"wall_time":1.754110638128e9,"step":1,"max":0.03189412,"min":-0.014288316,"count":640,"bins":[-0.014288316,-0.012748901,-0.011209486,-0.009670072,-0.0081306575,-0.0065912427,-0.005051828,-0.0035124137,-0.001972999,-0.0004335845,0.0011058301,0.0026452446,0.004184659,0.005724074,0.007263488,0.008802903,0.010342318,0.011881732,0.013421146,0.014960561,0.016499976,0.01803939,0.019578805,0.02111822,0.022657635,0.02419705,0.025736462,0.027275877,0.028815292,0.030354707,0.03189412],"mean":5.670078e-5,"std":0.004258294}
{"counts":[4,4,3,3,3,7,18,19,22,26,49,71,80,80,67,49,43,31,18,11,10,7,4,4,2,2,0,0,2,1],"wall_time":1.754110639287e9,"step":2,"max":0.017183524,"min":-0.013438151,"count":640,"bins":[-0.013438151,-0.012417429,-0.011396706,-0.010375984,-0.009355261,-0.008334539,-0.0073138163,-0.006293094,-0.005272371,-0.0042516487,-0.0032309263,-0.0022102038,-0.0011894812,-0.00016875878,0.0008519637,0.0018726862,0.0028934088,0.0039141313,0.004934854,0.005955576,0.0069762985,0.007997021,0.009017744,0.010038466,0.011059188,0.012079911,0.013100633,0.014121356,0.0151420785,0.016162802,0.017183524],"mean":5.2328855e-5,"std":0.004187536}
{"counts":[1,1,0,1,3,2,7,3,12,13,16,28,27,56,73,112,90,54,34,22,35,10,14,6,5,7,4,3,0,1],"wall_time":1.754110640355e9,"step":3,"max":0.017569782,"min":-0.019157356,"count":640,"bins":[-0.019157356,-0.017933117,-0.01670888,-0.015484642,-0.014260404,-0.013036166,-0.011811928,-0.01058769,-0.009363452,-0.0081392145,-0.0069149765,-0.0056907386,-0.0044665006,-0.0032422626,-0.0020180247,-0.0007937867,0.0004304512,0.0016546891,0.0028789272,0.004103165,0.005327403,0.006551641,0.007775879,0.009000117,0.010224354,0.011448593,0.01267283,0.013897069,0.015121306,0.016345544,0.017569782],"mean":0.00012644424,"std":0.0047789975}
{"counts":[1,0,0,0,0,1,1,1,1,7,4,7,16,19,29,53,49,92,105,85,60,44,29,11,10,5,4,3,1,2],"wall_time":1.754110641403e9,"step":4,"max":0.013344576,"min":-0.02086645,"count":640,"bins":[-0.02086645,-0.019726083,-0.018585715,-0.017445348,-0.01630498,-0.015164613,-0.014024245,-0.012883877,-0.01174351,-0.010603142,-0.009462775,-0.0083224075,-0.00718204,-0.006041672,-0.004901305,-0.0037609371,-0.0026205697,-0.0014802021,-0.00033983457,0.00080053293,0.0019409005,0.003081268,0.0042216354,0.005362003,0.0065023704,0.007642738,0.008783106,0.009923473,0.01106384,0.012204208,0.013344576],"mean":-7.321705e-5,"std":0.0038099275}
{"counts":[2,0,0,1,1,4,4,4,16,11,36,61,86,123,110,72,36,26,19,17,6,1,1,2,0,0,0,0,0,1],"wall_time":1.754110642533e9,"step":5,"max":0.022853315,"min":-0.019674998,"count":640,"bins":[-0.019674998,-0.018257387,-0.016839776,-0.015422166,-0.014004556,-0.012586946,-0.011169335,-0.009751725,-0.008334114,-0.006916504,-0.0054988936,-0.004081283,-0.0026636727,-0.0012460623,0.00017154813,0.0015891585,0.0030067689,0.004424379,0.00584199,0.0072596003,0.008677211,0.010094821,0.011512431,0.012930042,0.014347652,0.015765263,0.017182874,0.018600484,0.020018093,0.021435704,0.022853315],"mean":-0.00011649691,"std":0.0040934705}
{"counts":[3,1,1,4,6,8,13,22,30,41,78,95,123,76,51,37,21,10,5,8,1,1,2,1,0,1,0,0,0,1],"wall_time":1.754110643559e9,"step":6,"max":0.022277268,"min":-0.01511481,"count":640,"bins":[-0.01511481,-0.013868407,-0.012622005,-0.011375602,-0.0101292,-0.008882797,-0.007636395,-0.0063899923,-0.0051435893,-0.0038971868,-0.0026507843,-0.0014043817,-0.00015797913,0.0010884234,0.0023348262,0.0035812287,0.004827631,0.0060740337,0.0073204366,0.008566839,0.009813242,0.011059645,0.012306047,0.01355245,0.014798852,0.016045254,0.017291658,0.01853806,0.019784462,0.021030866,0.022277268],"mean":-0.000111975576,"std":0.0039935475}
