{"counts":[1,0,0,0,1,1,1,1,3,5,6,12,12,7,5,3,2,1,1,0,0,1,0,0,0,0,0,0,0,1],"wall_time":1.754110638129e9,"step":1,"max":0.03186028,"min":-0.021825984,"count":64,"bins":[-0.021825984,-0.020036442,-0.0182469,-0.016457358,-0.0146678155,-0.012878274,-0.011088731,-0.009299189,-0.007509647,-0.0057201046,-0.0039305626,-0.0021410203,-0.00035147817,0.001438064,0.0032276062,0.0050171483,0.0068066907,0.008596233,0.010385775,0.012175317,0.013964859,0.015754402,0.017543944,0.019333486,0.021123027,0.02291257,0.024702111,0.026491655,0.028281197,0.030070739,0.03186028],"mean":0.00010244415,"std":0.007079005}
{"counts":[1,1,0,0,0,0,1,3,1,3,2,5,6,3,6,10,2,5,2,0,3,1,2,0,1,1,3,1,0,1],"wall_time":1.754110639293e9,"step":2,"max":0.012191533,"min":-0.012940124,"count":64,"bins":[-0.012940124,-0.012102402,-0.01126468,-0.010426958,-0.009589236,-0.008751514,-0.0079137925,-0.0070760706,-0.0062383483,-0.0054006265,-0.0045629046,-0.003725183,-0.0028874609,-0.002049739,-0.0012120171,-0.00037429528,0.0004634266,0.0013011486,0.0021388703,0.0029765924,0.0038143143,0.004652036,0.0054897578,0.00632748,0.007165202,0.008002924,0.008840646,0.0096783675,0.010516089,0.011353811,0.012191533],"mean":-0.00018103748,"std":0.0049941153}
{"counts":[1,1,0,2,1,1,2,1,2,0,7,5,4,4,9,5,4,7,4,0,1,1,0,0,0,0,0,1,0,1],"wall_time":1.754110640355e9,"step":3,"max":0.014392423,"min":-0.012269648,"count":64,"bins":[-0.012269648,-0.011380912,-0.010492177,-0.009603441,-0.008714705,-0.007825969,-0.0069372337,-0.0060484977,-0.005159762,-0.0042710262,-0.0033822907,-0.002493555,-0.0016048193,-0.00071608357,0.00017265211,0.0010613878,0.0019501236,0.0028388593,0.0037275949,0.004616331,0.0055050664,0.006393802,0.007282538,0.008171273,0.009060009,0.009948745,0.01083748,0.011726216,0.012614952,0.013503687,0.014392423],"mean":-0.00032599884,"std":0.004687291}
{"counts":[1,0,0,0,0,0,1,3,1,1,2,3,4,3,8,11,5,6,4,4,1,3,1,1,0,0,0,0,0,1],"wall_time":1.754110641403e9,"step":4,"max":0.015664466,"min":-0.018331049,"count":64,"bins":[-0.018331049,-0.017197866,-0.016064681,-0.014931497,-0.013798314,-0.01266513,-0.011531946,-0.010398762,-0.009265578,-0.008132394,-0.006999211,-0.005866027,-0.004732843,-0.0035996593,-0.0024664754,-0.0013332916,-0.00020010782,0.000933076,0.0020662597,0.0031994437,0.0043326276,0.005465811,0.006598995,0.007732179,0.008865363,0.009998547,0.011131731,0.012264914,0.013398098,0.014531282,0.015664466],"mean":-0.00096945587,"std":0.0052734828}
{"counts":[3,0,0,3,0,2,3,2,1,2,3,5,7,3,2,3,1,5,5,3,1,3,2,0,2,1,1,0,0,1],"wall_time":1.754110642534e9,"step":5,"max":0.007407981,"min":-0.008614435,"count":64,"bins":[-0.008614435,-0.008080354,-0.007546274,-0.007012193,-0.0064781127,-0.005944032,-0.005409952,-0.0048758714,-0.0043417905,-0.00380771,-0.0032736296,-0.0027395491,-0.0022054685,-0.001671388,-0.0011373075,-0.00060322694,-6.9146416e-5,0.0004649341,0.0009990146,0.0015330951,0.0020671757,0.0026012561,0.0031353368,0.0036694172,0.004203498,0.0047375783,0.0052716588,0.005805739,0.00633982,0.0068739005,0.007407981],"mean":-0.001187812,"std":0.0035659631}
{"counts":[2,0,0,1,0,2,3,3,3,3,3,3,9,7,4,4,3,1,5,1,4,0,0,1,0,0,0,0,1,1],"wall_time":1.75411064356e9,"step":6,"max":0.015470908,"min":-0.011219161,"count":64,"bins":[-0.011219161,-0.010329491,-0.009439822,-0.008550154,-0.007660485,-0.0067708157,-0.005881147,-0.004991478,-0.004101809,-0.00321214,-0.002322471,-0.0014328022,-0.0005431332,0.0003465358,0.0012362048,0.0021258737,0.0030155426,0.0039052116,0.0047948807,0.0056845495,0.0065742186,0.0074638873,0.0083535565,0.009243226,0.010132894,0.011022563,0.011912232,0.012801901,0.01369157,0.014581239,0.015470908],"mean":0.00053020817,"std":0.005008256}
