{"counts":[1,0,1,0,0,0,1,1,5,2,3,9,11,8,9,4,2,3,1,1,1,0,0,0,0,0,0,0,0,1],"wall_time":1.754110638205e9,"step":1,"max":0.024279887,"min":-0.018986782,"count":64,"bins":[-0.018986782,-0.01754456,-0.016102338,-0.014660115,-0.0132178925,-0.011775671,-0.010333449,-0.008891226,-0.007449004,-0.0060067815,-0.004564559,-0.0031223367,-0.0016801145,-0.00023789219,0.0012043301,0.0026465524,0.004088775,0.005530997,0.006973219,0.008415442,0.009857664,0.011299886,0.012742109,0.014184331,0.015626553,0.017068775,0.018510997,0.01995322,0.021395443,0.022837665,0.024279887],"mean":-0.0004666623,"std":0.005925854}
{"counts":[1,0,0,2,1,1,4,1,1,0,4,4,5,2,5,7,5,3,5,1,3,2,0,3,1,0,1,0,1,1],"wall_time":1.7541106393e9,"step":2,"max":0.009100677,"min":-0.009431545,"count":64,"bins":[-0.009431545,-0.008813804,-0.008196063,-0.0075783227,-0.0069605815,-0.006342841,-0.0057251,-0.0051073595,-0.004489619,-0.0038718781,-0.0032541372,-0.0026363966,-0.0020186559,-0.0014009151,-0.00078317436,-0.00016543362,0.0004523071,0.0010700478,0.0016877886,0.0023055293,0.00292327,0.003541011,0.0041587516,0.0047764922,0.005394233,0.0060119736,0.0066297143,0.0072474554,0.007865196,0.008482937,0.009100677],"mean":-0.0002532247,"std":0.0038038192}
{"counts":[1,0,1,1,1,1,5,3,1,6,8,3,4,6,3,6,4,2,3,2,0,0,1,0,1,0,0,0,0,1],"wall_time":1.754110640356e9,"step":3,"max":0.012596023,"min":-0.008963546,"count":64,"bins":[-0.008963546,-0.0082448935,-0.0075262412,-0.006807589,-0.0060889367,-0.0053702844,-0.004651632,-0.00393298,-0.0032143274,-0.002495675,-0.0017770227,-0.0010583705,-0.00033971816,0.00037893414,0.0010975865,0.0018162387,0.002534891,0.0032535433,0.0039721956,0.004690848,0.0054095,0.0061281524,0.0068468046,0.0075654574,0.00828411,0.009002762,0.009721414,0.010440066,0.011158719,0.011877371,0.012596023],"mean":-5.2950105e-5,"std":0.0037545864}
{"counts":[1,0,1,0,1,0,1,2,1,4,2,8,4,6,7,6,4,2,2,1,1,2,0,0,1,2,1,1,1,2],"wall_time":1.754110641404e9,"step":4,"max":0.008306993,"min":-0.008994444,"count":64,"bins":[-0.008994444,-0.008417729,-0.007841015,-0.0072643007,-0.0066875857,-0.006110871,-0.0055341567,-0.004957442,-0.0043807277,-0.0038040131,-0.0032272984,-0.0026505839,-0.0020738693,-0.0014971547,-0.0009204401,-0.00034372555,0.00023298903,0.0008097036,0.0013864182,0.0019631328,0.0025398473,0.003116562,0.0036932766,0.004269991,0.0048467056,0.00542342,0.0060001346,0.0065768496,0.007153564,0.0077302787,0.008306993],"mean":-0.00042648718,"std":0.0035919633}
{"counts":[1,2,0,2,0,2,3,1,3,5,5,3,1,4,3,5,0,3,2,1,1,8,1,2,1,0,1,2,1,1],"wall_time":1.754110642536e9,"step":5,"max":0.00548276,"min":-0.0071922396,"count":64,"bins":[-0.0071922396,-0.0067697396,-0.0063472395,-0.00592474,-0.00550224,-0.0050797397,-0.0046572397,-0.0042347396,-0.0038122397,-0.00338974,-0.0029672398,-0.0025447397,-0.00212224,-0.0016997398,-0.0012772399,-0.0008547399,-0.00043223993,-9.739958e-6,0.00041276,0.00083526,0.00125776,0.00168026,0.00210276,0.00252526,0.0029477598,0.00337026,0.00379276,0.00421526,0.0046377596,0.0050602597,0.00548276],"mean":-0.001054579,"std":0.003063396}
{"counts":[1,0,1,0,3,1,3,4,3,0,9,6,3,5,5,2,3,3,2,2,0,2,0,2,2,0,0,0,1,1],"wall_time":1.754110643561e9,"step":6,"max":0.0113646425,"min":-0.00762416,"count":64,"bins":[-0.00762416,-0.0069912,-0.00635824,-0.00572528,-0.0050923196,-0.0044593597,-0.0038263996,-0.0031934395,-0.0025604793,-0.0019275192,-0.0012945592,-0.0006615991,-2.8639008e-5,0.0006043211,0.0012372811,0.0018702412,0.0025032014,0.0031361615,0.0037691216,0.0044020815,0.005035042,0.0056680017,0.006300962,0.006933922,0.007566882,0.008199842,0.008832802,0.009465762,0.010098723,0.010731682,0.0113646425],"mean":0.0007205179,"std":0.0038599996}
