{"counts":[3,4,0,2,2,3,3,2,3,2,1,1,2,0,1,0,0,0,1,0,0,0,0,0,0,0,0,1,0,1],"wall_time":1.754110638218e9,"step":1,"max":0.026284158,"min":-0.007769315,"count":32,"bins":[-0.007769315,-0.006634199,-0.0054990835,-0.0043639676,-0.0032288518,-0.002093736,-0.0009586204,0.00017649539,0.0013116112,0.002446727,0.0035818426,0.0047169584,0.0058520744,0.00698719,0.008122305,0.009257422,0.010392537,0.011527653,0.012662769,0.013797885,0.014933,0.016068116,0.017203232,0.018338349,0.019473463,0.02060858,0.021743694,0.02287881,0.024013927,0.025149042,0.026284158],"mean":0.0013016029,"std":0.007893808}
{"counts":[1,1,0,1,0,2,0,8,2,1,2,1,1,1,2,0,1,2,1,1,1,0,1,1,0,0,0,0,0,1],"wall_time":1.754110639325e9,"step":2,"max":0.010975924,"min":-0.005901395,"count":32,"bins":[-0.005901395,-0.0053388174,-0.0047762403,-0.004213663,-0.0036510855,-0.0030885083,-0.002525931,-0.0019633537,-0.0014007764,-0.0008381991,-0.0002756218,0.0002869555,0.0008495328,0.00141211,0.0019746874,0.0025372647,0.003099842,0.0036624193,0.0042249965,0.004787574,0.005350151,0.0059127286,0.0064753057,0.007037883,0.0076004607,0.008163038,0.008725615,0.009288193,0.009850769,0.010413347,0.010975924],"mean":0.0007341858,"std":0.0038847192}
{"counts":[2,2,0,1,1,0,3,2,0,2,0,3,4,0,0,3,0,0,1,0,2,1,0,1,0,1,0,0,2,1],"wall_time":1.754110640359e9,"step":3,"max":0.011842804,"min":-0.0077929837,"count":32,"bins":[-0.0077929837,-0.0071384576,-0.006483931,-0.005829405,-0.0051748785,-0.0045203525,-0.0038658262,-0.0032113,-0.0025567736,-0.0019022473,-0.0012477211,-0.00059319485,6.133141e-5,0.00071585766,0.0013703839,0.0020249102,0.0026794365,0.0033339628,0.003988489,0.004643015,0.0052975416,0.0059520677,0.006606594,0.0072611202,0.007915647,0.008570173,0.009224699,0.009879225,0.010533752,0.011188278,0.011842804],"mean":0.00068923814,"std":0.0055359257}
{"counts":[1,0,0,0,0,0,0,1,1,0,0,2,2,3,5,1,3,1,3,3,1,0,0,1,2,0,0,1,0,1],"wall_time":1.75411064141e9,"step":4,"max":0.009339423,"min":-0.009125264,"count":32,"bins":[-0.009125264,-0.008509775,-0.007894285,-0.007278796,-0.006663306,-0.0060478165,-0.005432327,-0.004816837,-0.004201348,-0.0035858583,-0.0029703686,-0.002354879,-0.0017393895,-0.0011238998,-0.0005084103,0.00010707928,0.00072256883,0.0013380584,0.001953548,0.0025690375,0.0031845272,0.0038000168,0.0044155065,0.0050309957,0.0056464854,0.006261975,0.0068774647,0.0074929544,0.008108444,0.008723933,0.009339423],"mean":0.0009769642,"std":0.0036672968}
{"counts":[1,0,0,1,2,0,1,0,1,1,3,3,4,3,5,1,0,2,1,0,1,1,0,0,0,0,0,0,0,1],"wall_time":1.754110642561e9,"step":5,"max":0.011942915,"min":-0.0090156775,"count":32,"bins":[-0.0090156775,-0.008317058,-0.007618438,-0.0069198185,-0.0062211985,-0.005522579,-0.004823959,-0.0041253394,-0.0034267197,-0.0027281,-0.0020294802,-0.0013308603,-0.0006322406,6.6379114e-5,0.00076499884,0.0014636186,0.0021622384,0.002860858,0.0035594779,0.0042580976,0.004956717,0.005655337,0.0063539566,0.0070525766,0.007751196,0.008449816,0.009148436,0.009847055,0.010545676,0.011244295,0.011942915],"mean":-0.00016497455,"std":0.003998924}
{"counts":[1,0,0,1,0,0,0,0,1,0,1,2,2,3,1,1,0,3,3,3,1,4,1,0,0,2,0,1,0,1],"wall_time":1.754110643591e9,"step":6,"max":0.008365605,"min":-0.0111844195,"count":32,"bins":[-0.0111844195,-0.010532752,-0.009881085,-0.009229417,-0.008577749,-0.007926082,-0.0072744144,-0.006622747,-0.0059710797,-0.0053194123,-0.0046677445,-0.004016077,-0.0033644098,-0.0027127422,-0.0020610748,-0.0014094072,-0.00075773976,-0.00010607227,0.0005455952,0.0011972627,0.0018489301,0.0025005976,0.0031522652,0.0038039326,0.0044556,0.0051072678,0.005758935,0.0064106025,0.00706227,0.0077139377,0.008365605],"mean":-0.00010049439,"std":0.0042669135}
