{"counts":[2,1,2,1,4,7,3,4,0,1,1,2,1,0,1,0,0,0,0,0,0,0,0,0,0,0,0,0,1,1],"wall_time":1.754110638215e9,"step":1,"max":0.025476482,"min":-0.006804321,"count":32,"bins":[-0.006804321,-0.005728294,-0.0046522673,-0.0035762407,-0.002500214,-0.0014241872,-0.00034816042,0.00072786637,0.0018038931,0.00287992,0.003955947,0.0050319736,0.006108,0.0071840268,0.008260054,0.00933608,0.010412107,0.011488134,0.012564161,0.013640188,0.0147162145,0.015792241,0.016868267,0.017944295,0.01902032,0.020096349,0.021172374,0.022248402,0.023324428,0.024400456,0.025476482],"mean":0.0015023827,"std":0.007032666}
{"counts":[1,0,0,1,0,1,0,0,2,2,0,0,4,2,3,2,1,0,1,0,2,1,1,4,1,1,1,0,0,1],"wall_time":1.754110639322e9,"step":2,"max":0.009161495,"min":-0.009386692,"count":32,"bins":[-0.009386692,-0.00876842,-0.008150146,-0.0075318734,-0.0069136005,-0.0062953276,-0.0056770546,-0.0050587817,-0.0044405092,-0.003822236,-0.0032039632,-0.0025856902,-0.0019674175,-0.0013491445,-0.00073087163,-0.00011259876,0.0005056741,0.001123947,0.0017422199,0.0023604927,0.0029787656,0.0035970386,0.0042153117,0.004833584,0.005451857,0.00607013,0.006688403,0.007306676,0.007924949,0.008543222,0.009161495],"mean":0.00063281506,"std":0.0044806306}
{"counts":[1,0,1,2,0,0,2,1,1,1,1,4,2,2,1,2,1,1,1,1,1,1,0,3,1,0,0,0,0,1],"wall_time":1.754110640358e9,"step":3,"max":0.014661103,"min":-0.010350045,"count":32,"bins":[-0.010350045,-0.00951634,-0.008682635,-0.00784893,-0.007015225,-0.0061815204,-0.0053478153,-0.0045141103,-0.0036804054,-0.0028467006,-0.0020129958,-0.0011792908,-0.00034558587,0.00048811905,0.0013218239,0.0021555289,0.0029892337,0.0038229388,0.0046566436,0.0054903487,0.0063240533,0.0071577583,0.007991463,0.008825168,0.009658873,0.010492578,0.011326283,0.012159987,0.012993692,0.0138273975,0.014661103],"mean":0.0011441107,"std":0.0060377577}
{"counts":[3,0,3,0,2,1,3,0,1,1,1,3,0,3,4,3,0,0,0,1,0,0,2,0,0,0,0,0,0,1],"wall_time":1.754110641408e9,"step":4,"max":0.0112025635,"min":-0.0041144197,"count":32,"bins":[-0.0041144197,-0.0036038535,-0.0030932876,-0.0025827214,-0.0020721552,-0.0015615892,-0.001051023,-0.0005404569,-2.9890829e-5,0.00048067528,0.0009912414,0.0015018075,0.0020123736,0.0025229398,0.0030335058,0.003544072,0.004054638,0.004565204,0.0050757704,0.0055863364,0.0060969023,0.0066074687,0.0071180346,0.0076286006,0.008139167,0.008649733,0.009160299,0.009670865,0.010181432,0.010691998,0.0112025635],"mean":0.0013729474,"std":0.003614251}
{"counts":[1,0,0,0,1,1,0,1,0,0,1,2,2,2,4,2,2,1,1,4,1,1,0,1,1,0,0,1,1,1],"wall_time":1.754110642557e9,"step":5,"max":0.0072215246,"min":-0.007889358,"count":32,"bins":[-0.007889358,-0.0073856623,-0.0068819663,-0.00637827,-0.0058745737,-0.0053708777,-0.0048671816,-0.0043634856,-0.0038597896,-0.0033560935,-0.0028523973,-0.0023487012,-0.0018450052,-0.001341309,-0.00083761296,-0.00033391686,0.00016977923,0.0006734753,0.0011771715,0.0016808675,0.0021845635,0.0026882598,0.0031919559,0.003695652,0.004199348,0.004703044,0.00520674,0.0057104365,0.0062141325,0.0067178286,0.0072215246],"mean":0.00022427537,"std":0.0033993379}
{"counts":[1,0,0,0,0,0,1,1,0,0,0,1,0,2,3,0,3,3,2,0,2,4,4,0,2,0,1,0,0,2],"wall_time":1.754110643588e9,"step":6,"max":0.009398831,"min":-0.013420369,"count":32,"bins":[-0.013420369,-0.0126597285,-0.0118990885,-0.0111384485,-0.0103778085,-0.009617168,-0.008856528,-0.008095888,-0.007335249,-0.006574609,-0.005813969,-0.005053329,-0.004292689,-0.0035320488,-0.0027714088,-0.0020107687,-0.0012501287,-0.00048948877,0.00027115122,0.0010317912,0.0017924312,0.0025530711,0.0033137111,0.004074351,0.004834991,0.005595631,0.006356271,0.007116911,0.007877551,0.008638191,0.009398831],"mean":0.00059188623,"std":0.004834214}
