{"counts":[1,0,1,2,3,2,5,3,4,1,3,2,0,2,0,0,1,0,0,0,0,0,1,0,0,0,0,0,0,1],"wall_time":1.754110638212e9,"step":1,"max":0.037994236,"min":-0.013185031,"count":32,"bins":[-0.013185031,-0.0114790555,-0.009773079,-0.008067104,-0.0063611288,-0.004655153,-0.0029491775,-0.0012432019,0.00046277363,0.0021687492,0.0038747247,0.0055807005,0.0072866757,0.0089926515,0.010698627,0.012404602,0.014110578,0.015816554,0.017522529,0.019228505,0.02093448,0.022640456,0.024346432,0.026052406,0.027758382,0.029464358,0.031170333,0.03287631,0.034582283,0.03628826,0.037994236],"mean":0.0018763184,"std":0.009883472}
{"counts":[1,0,1,0,0,2,0,0,0,3,3,6,3,2,1,2,1,2,0,1,1,0,2,0,0,0,0,0,0,1],"wall_time":1.754110639319e9,"step":2,"max":0.019757424,"min":-0.01346925,"count":32,"bins":[-0.01346925,-0.012361694,-0.011254138,-0.0101465825,-0.009039027,-0.007931471,-0.006823915,-0.0057163592,-0.004608804,-0.0035012478,-0.002393692,-0.0012861363,-0.00017858055,0.00092897523,0.002036531,0.0031440868,0.0042516426,0.0053591984,0.0064667542,0.00757431,0.008681865,0.009789421,0.010896977,0.012004533,0.013112089,0.0142196445,0.0153272,0.016434757,0.017542312,0.018649869,0.019757424],"mean":0.0010457617,"std":0.006520095}
{"counts":[2,0,0,0,0,0,0,2,0,5,1,2,2,5,2,2,1,1,1,1,1,0,1,1,0,1,0,0,0,1],"wall_time":1.754110640358e9,"step":3,"max":0.021699226,"min":-0.01741269,"count":32,"bins":[-0.01741269,-0.01610896,-0.014805229,-0.013501499,-0.012197768,-0.010894038,-0.009590307,-0.008286577,-0.006982846,-0.0056791157,-0.004375385,-0.0030716546,-0.001767924,-0.00046419352,0.000839537,0.0021432675,0.003446998,0.0047507286,0.006054459,0.0073581897,0.00866192,0.009965651,0.011269381,0.012573112,0.013876842,0.015180573,0.016484303,0.017788034,0.019091764,0.020395495,0.021699226],"mean":0.00074839115,"std":0.008317423}
{"counts":[1,0,0,0,0,0,0,0,0,2,1,0,5,7,2,1,7,1,1,0,1,1,0,0,1,0,0,0,0,1],"wall_time":1.754110641408e9,"step":4,"max":0.018934462,"min":-0.015893385,"count":32,"bins":[-0.015893385,-0.014732457,-0.013571529,-0.0124106,-0.011249672,-0.010088744,-0.008927816,-0.007766887,-0.006605959,-0.0054450305,-0.0042841025,-0.0031231742,-0.001962246,-0.00080131774,0.00035961048,0.0015205387,0.002681467,0.0038423953,0.0050033233,0.006164252,0.00732518,0.008486108,0.009647036,0.010807965,0.011968893,0.013129821,0.014290749,0.015451677,0.016612606,0.017773533,0.018934462],"mean":0.0014654258,"std":0.005773906}
{"counts":[1,1,1,1,1,1,6,8,2,4,0,0,2,0,3,0,0,0,0,0,0,0,0,0,0,0,0,0,0,1],"wall_time":1.754110642554e9,"step":5,"max":0.02602386,"min":-0.008993622,"count":32,"bins":[-0.008993622,-0.007826373,-0.006659123,-0.0054918737,-0.0043246243,-0.0031573751,-0.0019901257,-0.00082287635,0.00034437302,0.0015116225,0.0026788719,0.0038461213,0.0050133704,0.00618062,0.007347869,0.008515119,0.009682368,0.010849617,0.012016866,0.013184116,0.014351365,0.015518615,0.016685864,0.017853113,0.019020364,0.020187613,0.021354862,0.02252211,0.023689361,0.02485661,0.02602386],"mean":0.0009173906,"std":0.0060200985}
{"counts":[1,0,0,1,0,0,1,0,0,1,0,0,2,3,0,0,2,1,1,4,2,4,2,2,0,2,1,0,1,1],"wall_time":1.754110643584e9,"step":6,"max":0.008822933,"min":-0.015645897,"count":32,"bins":[-0.015645897,-0.014830269,-0.014014642,-0.013199014,-0.0123833865,-0.011567758,-0.010752131,-0.009936503,-0.009120876,-0.008305248,-0.0074896202,-0.0066739926,-0.005858365,-0.0050427373,-0.0042271097,-0.003411482,-0.0025958545,-0.0017802267,-0.0009645991,-0.00014897143,0.00066665624,0.0014822839,0.0022979116,0.0031135392,0.003929167,0.0047447947,0.0055604223,0.00637605,0.0071916776,0.008007305,0.008822933],"mean":-0.0006432457,"std":0.005532532}
