{"counts":[2,1,0,1,2,1,2,2,1,3,5,6,3,8,5,8,8,8,9,5,5,2,2,2,0,3,0,0,1,1],"wall_time":1.754110638221e9,"step":1,"max":0.057953633,"min":-0.059418634,"count":96,"bins":[-0.059418634,-0.055506226,-0.051593814,-0.047681406,-0.043769,-0.03985659,-0.03594418,-0.03203177,-0.028119363,-0.024206953,-0.020294545,-0.016382135,-0.012469727,-0.008557318,-0.004644909,-0.0007325001,0.0031799087,0.0070923176,0.011004726,0.014917135,0.018829545,0.022741953,0.026654363,0.03056677,0.03447918,0.03839159,0.042303998,0.046216406,0.050128814,0.054041225,0.057953633],"mean":-1.7462298e-10,"std":0.022600017}
{"counts":[2,1,2,2,3,5,2,8,3,3,8,2,3,7,5,6,5,4,5,4,4,4,0,2,3,1,0,0,0,2],"wall_time":1.75411063933e9,"step":2,"max":0.040722743,"min":-0.032695614,"count":96,"bins":[-0.032695614,-0.030248335,-0.027801057,-0.025353778,-0.022906499,-0.020459222,-0.018011943,-0.015564664,-0.013117385,-0.010670107,-0.008222829,-0.00577555,-0.0033282712,-0.0008809927,0.0015662858,0.0040135644,0.006460843,0.008908122,0.0113554,0.013802678,0.016249957,0.018697236,0.021144515,0.023591792,0.026039071,0.02848635,0.030933628,0.033380907,0.035828184,0.038275465,0.040722743],"mean":-5.723753e-10,"std":0.01620022}
{"counts":[2,2,2,1,2,1,6,3,5,2,4,6,5,4,3,2,6,3,9,5,2,5,1,0,4,3,1,3,3,1],"wall_time":1.754110640359e9,"step":3,"max":0.04445292,"min":-0.044492505,"count":96,"bins":[-0.044492505,-0.04152766,-0.038562812,-0.03559796,-0.032633115,-0.029668268,-0.026703421,-0.023738572,-0.020773726,-0.017808877,-0.01484403,-0.011879182,-0.008914335,-0.0059494874,-0.00298464,-1.9792467e-5,0.002945055,0.0059099025,0.00887475,0.0118395975,0.014804445,0.017769292,0.02073414,0.023698987,0.026663836,0.029628683,0.03259353,0.035558376,0.038523227,0.041488074,0.04445292],"mean":3.298434e-10,"std":0.022102661}
{"counts":[1,0,0,0,0,0,3,1,1,1,0,3,5,11,13,5,10,7,7,3,8,5,6,1,1,2,1,0,0,1],"wall_time":1.754110641411e9,"step":4,"max":0.042077087,"min":-0.052365035,"count":96,"bins":[-0.052365035,-0.049216963,-0.046068892,-0.042920824,-0.039772753,-0.03662468,-0.03347661,-0.03032854,-0.027180469,-0.024032399,-0.020884328,-0.017736256,-0.0145881865,-0.011440115,-0.0082920445,-0.005143974,-0.0019959032,0.0011521674,0.004300238,0.007448309,0.01059638,0.01374445,0.01689252,0.020040592,0.023188662,0.026336733,0.029484805,0.032632876,0.035780944,0.038929015,0.042077087],"mean":1.0380367e-9,"std":0.0153648695}
{"counts":[3,2,0,3,3,2,4,3,2,1,3,9,10,4,5,5,6,2,2,3,9,3,5,1,2,0,2,0,1,1],"wall_time":1.754110642565e9,"step":5,"max":0.03574585,"min":-0.03165555,"count":96,"bins":[-0.03165555,-0.029408837,-0.027162123,-0.02491541,-0.022668697,-0.020421984,-0.01817527,-0.015928557,-0.013681843,-0.01143513,-0.009188416,-0.0069417027,-0.0046949894,-0.002448276,-0.00020156255,0.0020451508,0.004291864,0.006538578,0.008785291,0.011032005,0.013278718,0.015525431,0.017772144,0.020018859,0.022265572,0.024512285,0.026758999,0.029005712,0.031252425,0.033499137,0.03574585],"mean":-4.5596002e-10,"std":0.015127319}
{"counts":[1,2,1,1,1,1,2,1,3,4,1,5,2,8,5,7,4,3,9,9,3,5,4,1,1,3,3,3,2,1],"wall_time":1.754110643593e9,"step":6,"max":0.03431722,"min":-0.041463353,"count":96,"bins":[-0.041463353,-0.038937334,-0.036411315,-0.033885296,-0.031359278,-0.028833257,-0.026307238,-0.02378122,-0.021255199,-0.01872918,-0.016203161,-0.013677143,-0.011151123,-0.008625104,-0.006099085,-0.0035730656,-0.0010470465,0.0014789726,0.0040049916,0.006531011,0.00905703,0.011583049,0.014109069,0.016635088,0.019161107,0.021687126,0.024213145,0.026739163,0.029265184,0.031791203,0.03431722],"mean":-9.7012766e-11,"std":0.016903747}
