{"counts":[1,1,1],"wall_time":1.754110638224e9,"step":1,"max":0.043954715,"min":-0.04827632,"count":3,"bins":[-0.04827632,-0.017532641,0.013211037,0.043954715],"mean":6.2088173e-10,"std":0.04626714}
{"counts":[1,0,2],"wall_time":1.754110639332e9,"step":2,"max":0.017001405,"min":-0.024830023,"count":3,"bins":[-0.024830023,-0.010886214,0.003057596,0.017001405],"mean":-1.8626451e-9,"std":0.0219871}
{"counts":[1,1,1],"wall_time":1.75411064036e9,"step":3,"max":0.036177166,"min":-0.0395305,"count":3,"bins":[-0.0395305,-0.014294612,0.010941277,0.036177166],"mean":-3.1044087e-10,"std":0.037965067}
{"counts":[1,1,1],"wall_time":1.754110641412e9,"step":4,"max":0.020711016,"min":-0.024356112,"count":3,"bins":[-0.024356112,-0.009333736,0.00568864,0.020711016],"mean":2.483527e-9,"std":0.022753606}
{"counts":[1,0,2],"wall_time":1.754110642568e9,"step":5,"max":0.009562155,"min":-0.01581425,"count":3,"bins":[-0.01581425,-0.0073554483,0.0011033533,0.009562155],"mean":-1.2417635e-9,"std":0.013795179}
{"counts":[2,0,1],"wall_time":1.754110643595e9,"step":6,"max":0.028616052,"min":-0.022816546,"count":3,"bins":[-0.022816546,-0.005672347,0.011471853,0.028616052],"mean":0.0,"std":0.02620217}
