{"counts":[1,1,2,0,1,3,6,16,15,38,63,170,409,578,314,156,97,56,32,30,17,18,2,8,3,3,2,2,3,2],"wall_time":1.754110638209e9,"step":1,"max":0.042877886,"min":-0.03528868,"count":2048,"bins":[-0.03528868,-0.032683127,-0.030077577,-0.027472023,-0.024866471,-0.02226092,-0.019655367,-0.017049816,-0.014444263,-0.01183871,-0.009233158,-0.0066276058,-0.0040220534,-0.0014165014,0.0011890508,0.003794603,0.0064001554,0.009005708,0.01161126,0.014216812,0.016822364,0.019427916,0.022033468,0.024639022,0.027244573,0.029850125,0.03245568,0.03506123,0.037666783,0.040272333,0.042877886],"mean":0.0007143915,"std":0.0068697943}
{"counts":[3,6,5,6,9,10,28,30,58,84,132,181,255,295,276,199,128,89,79,55,39,27,13,8,5,12,5,6,3,2],"wall_time":1.754110639314e9,"step":2,"max":0.025504276,"min":-0.021149607,"count":2048,"bins":[-0.021149607,-0.019594477,-0.018039348,-0.01648422,-0.01492909,-0.01337396,-0.011818831,-0.010263701,-0.008708572,-0.007153442,-0.0055983127,-0.0040431833,-0.0024880539,-0.0009329245,0.0006222049,0.0021773344,0.0037324638,0.005287593,0.0068427227,0.008397852,0.009952982,0.011508111,0.013063241,0.01461837,0.016173499,0.017728629,0.019283758,0.020838888,0.022394016,0.023949146,0.025504276],"mean":0.00048256607,"std":0.005898214}
{"counts":[1,0,1,1,0,2,0,0,3,2,6,23,31,51,106,223,445,504,283,151,90,45,31,20,14,7,3,3,1,1],"wall_time":1.754110640357e9,"step":3,"max":0.03408976,"min":-0.045781527,"count":2048,"bins":[-0.045781527,-0.04311915,-0.040456776,-0.037794396,-0.03513202,-0.032469645,-0.02980727,-0.027144894,-0.024482517,-0.021820141,-0.019157765,-0.016495388,-0.013833012,-0.011170636,-0.00850826,-0.005845884,-0.0031835076,-0.0005211315,0.0021412447,0.0048036207,0.0074659972,0.010128373,0.01279075,0.015453125,0.018115502,0.020777877,0.023440255,0.02610263,0.028765006,0.031427383,0.03408976],"mean":0.00038673572,"std":0.006449025}
{"counts":[1,0,0,1,1,4,11,10,21,27,54,82,142,207,347,352,300,171,96,73,53,27,25,16,12,8,3,2,1,1],"wall_time":1.754110641407e9,"step":4,"max":0.028360747,"min":-0.028649518,"count":2048,"bins":[-0.028649518,-0.026749177,-0.024848834,-0.022948492,-0.02104815,-0.019147808,-0.017247465,-0.015347123,-0.013446781,-0.011546439,-0.009646096,-0.0077457544,-0.005845412,-0.00394507,-0.0020447278,-0.00014438573,0.0017559564,0.0036562986,0.0055566407,0.007456983,0.009357325,0.011257667,0.013158009,0.015058352,0.016958693,0.018859036,0.020759378,0.02265972,0.024560062,0.026460405,0.028360747],"mean":0.000677881,"std":0.0058929296}
{"counts":[5,6,9,17,26,46,80,136,231,397,490,228,144,83,52,33,24,13,8,4,3,4,0,0,1,3,1,2,0,2],"wall_time":1.754110642551e9,"step":5,"max":0.044680044,"min":-0.02259083,"count":2048,"bins":[-0.02259083,-0.020348469,-0.018106107,-0.015863743,-0.013621381,-0.011379018,-0.009136656,-0.0068942932,-0.004651931,-0.0024095685,-0.00016720593,0.0020751567,0.0043175193,0.0065598814,0.008802244,0.011044607,0.013286969,0.015529332,0.017771695,0.020014057,0.022256419,0.024498781,0.026741143,0.028983507,0.03122587,0.03346823,0.035710596,0.037952956,0.04019532,0.04243768,0.044680044],"mean":0.00031769095,"std":0.0064319596}
{"counts":[1,2,1,2,3,6,8,10,28,50,90,187,321,578,399,146,92,57,29,24,9,0,4,0,0,0,0,0,0,1],"wall_time":1.754110643574e9,"step":6,"max":0.042771228,"min":-0.035544734,"count":2048,"bins":[-0.035544734,-0.032934204,-0.030323671,-0.027713139,-0.025102606,-0.022492073,-0.019881543,-0.01727101,-0.014660478,-0.012049946,-0.009439413,-0.006828882,-0.0042183497,-0.0016078175,0.0010027145,0.0036132466,0.0062237787,0.008834311,0.011444842,0.014055375,0.016665908,0.019276438,0.02188697,0.024497503,0.027108036,0.029718567,0.0323291,0.03493963,0.037550163,0.040160697,0.042771228],"mean":-0.00025310082,"std":0.005969922}
