{"counts":[1,0,1,2,3,1,2,6,8,9,9,8,4,4,1,1,2,0,0,0,1,0,0,0,0,0,0,0,0,1],"wall_time":1.754110638207e9,"step":1,"max":0.027746407,"min":-0.013848954,"count":64,"bins":[-0.013848954,-0.012462442,-0.01107593,-0.009689418,-0.008302906,-0.0069163935,-0.0055298815,-0.0041433694,-0.0027568575,-0.0013703455,1.6166518e-5,0.0014026786,0.0027891905,0.0041757026,0.0055622146,0.0069487267,0.008335238,0.00972175,0.011108262,0.012494775,0.013881287,0.015267799,0.01665431,0.018040823,0.019427335,0.020813847,0.022200359,0.023586871,0.024973383,0.026359895,0.027746407],"mean":1.1731645e-5,"std":0.0059937197}
{"counts":[1,0,0,0,1,0,1,1,1,2,2,4,7,3,6,6,8,1,5,1,3,1,0,4,0,2,2,0,0,2],"wall_time":1.754110639308e9,"step":2,"max":0.010397784,"min":-0.012263214,"count":64,"bins":[-0.012263214,-0.011507847,-0.010752481,-0.009997115,-0.009241748,-0.008486381,-0.0077310144,-0.006975648,-0.006220281,-0.0054649147,-0.004709548,-0.0039541814,-0.0031988148,-0.0024434482,-0.0016880815,-0.0009327149,-0.00017734828,0.0005780183,0.001333385,0.0020887516,0.0028441183,0.003599485,0.0043548513,0.005110218,0.0058655846,0.0066209515,0.007376318,0.008131685,0.008887052,0.009642418,0.010397784],"mean":-0.00019018473,"std":0.0043424666}
{"counts":[2,0,1,2,3,3,2,4,5,4,3,10,3,6,4,4,3,2,0,0,0,1,0,1,0,0,0,0,0,1],"wall_time":1.754110640357e9,"step":3,"max":0.014214801,"min":-0.00833798,"count":64,"bins":[-0.00833798,-0.0075862207,-0.0068344614,-0.006082702,-0.0053309426,-0.004579183,-0.003827424,-0.0030756646,-0.0023239052,-0.0015721458,-0.0008203865,-6.8627174e-5,0.0006831322,0.0014348916,0.0021866509,0.0029384103,0.0036901697,0.004441929,0.0051936884,0.005945448,0.006697207,0.0074489666,0.008200726,0.008952485,0.009704244,0.010456004,0.011207763,0.011959523,0.012711282,0.013463042,0.014214801],"mean":-9.322452e-6,"std":0.0039539943}
{"counts":[1,0,0,0,0,0,1,1,0,0,1,2,3,1,9,6,4,9,7,4,8,0,3,0,1,1,1,0,0,1],"wall_time":1.754110641406e9,"step":4,"max":0.012096968,"min":-0.017640807,"count":64,"bins":[-0.017640807,-0.016649548,-0.01565829,-0.0146670295,-0.01367577,-0.012684511,-0.011693252,-0.010701993,-0.009710734,-0.008719474,-0.0077282153,-0.006736956,-0.005745697,-0.004754438,-0.0037631788,-0.0027719196,-0.0017806605,-0.0007894013,0.00020185784,0.001193117,0.0021843761,0.0031756354,0.0041668946,0.0051581534,0.0061494126,0.007140672,0.008131931,0.00912319,0.010114449,0.011105709,0.012096968],"mean":-0.0008100479,"std":0.004595137}
{"counts":[1,1,1,0,0,4,3,3,4,5,4,8,1,3,1,2,5,3,3,2,2,5,0,1,0,1,0,0,0,1],"wall_time":1.754110642545e9,"step":5,"max":0.00777102,"min":-0.007776576,"count":64,"bins":[-0.007776576,-0.007258323,-0.0067400695,-0.0062218164,-0.0057035633,-0.0051853103,-0.0046670567,-0.0041488037,-0.0036305506,-0.0031122973,-0.0025940442,-0.002075791,-0.0015575377,-0.0010392845,-0.0005210313,-2.7781352e-6,0.00051547505,0.0010337282,0.0015519814,0.0020702346,0.002588488,0.003106741,0.0036249943,0.0041432474,0.0046615005,0.005179754,0.005698007,0.00621626,0.006734513,0.0072527668,0.00777102],"mean":-0.0010119695,"std":0.0031900895}
{"counts":[2,0,2,0,3,1,3,3,1,6,2,5,7,5,5,4,2,3,2,2,1,2,0,0,0,0,1,0,1,1],"wall_time":1.754110643563e9,"step":6,"max":0.01287743,"min":-0.008351275,"count":64,"bins":[-0.008351275,-0.007643651,-0.0069360277,-0.006228404,-0.005520781,-0.0048131575,-0.004105534,-0.0033979104,-0.0026902868,-0.0019826633,-0.0012750399,-0.0005674164,0.00014020708,0.00084783055,0.0015554541,0.0022630775,0.002970701,0.0036783244,0.004385948,0.0050935713,0.005801195,0.0065088184,0.007216442,0.007924065,0.008631689,0.009339312,0.010046936,0.010754559,0.011462183,0.012169806,0.01287743],"mean":0.00059169834,"std":0.0043037357}
