{"wall_time":1.754152198339e9,"step":1,"value":1.0}
{"wall_time":1.754152202217e9,"step":2,"value":2.0}
{"wall_time":1.754152204346e9,"step":3,"value":3.0}
{"wall_time":1.754152206366e9,"step":4,"value":4.0}
{"wall_time":1.754152208456e9,"step":5,"value":5.0}
{"wall_time":1.754152210553e9,"step":6,"value":6.0}
{"wall_time":1.754152212716e9,"step":7,"value":7.0}
{"wall_time":1.754152214823e9,"step":8,"value":8.0}
{"wall_time":1.754152216853e9,"step":9,"value":9.0}
{"wall_time":1.754152218979e9,"step":10,"value":10.0}
{"wall_time":1.754152221008e9,"step":11,"value":11.0}
{"wall_time":1.754152223091e9,"step":12,"value":12.0}
{"wall_time":1.754152225196e9,"step":13,"value":13.0}
