{"wall_time":1.754152198106e9,"step":1,"value":0.66700006}
{"wall_time":1.754152202215e9,"step":2,"value":0.48000002}
{"wall_time":1.754152204343e9,"step":3,"value":0.49900007}
{"wall_time":1.754152206364e9,"step":4,"value":0.5279999}
{"wall_time":1.754152208453e9,"step":5,"value":0.408}
{"wall_time":1.754152210553e9,"step":6,"value":0.43000007}
{"wall_time":1.754152212714e9,"step":7,"value":0.50699997}
{"wall_time":1.754152214823e9,"step":8,"value":0.4619999}
{"wall_time":1.754152216847e9,"step":9,"value":0.47799993}
{"wall_time":1.754152218977e9,"step":10,"value":0.47799993}
{"wall_time":1.754152221002e9,"step":11,"value":0.43499994}
{"wall_time":1.754152223088e9,"step":12,"value":0.48900008}
{"wall_time":1.754152225192e9,"step":13,"value":0.5569999}
