{"wall_time":1.754152198339e9,"step":1,"value":1.1739119}
{"wall_time":1.754152202217e9,"step":2,"value":1.1612344}
{"wall_time":1.754152204346e9,"step":3,"value":1.1315508}
{"wall_time":1.754152206366e9,"step":4,"value":1.1378145}
{"wall_time":1.754152208456e9,"step":5,"value":1.1380299}
{"wall_time":1.754152210553e9,"step":6,"value":1.1180438}
{"wall_time":1.754152212716e9,"step":7,"value":1.1072125}
{"wall_time":1.754152214823e9,"step":8,"value":1.09591}
{"wall_time":1.754152216851e9,"step":9,"value":1.0882576}
{"wall_time":1.754152218979e9,"step":10,"value":1.0937223}
{"wall_time":1.754152221005e9,"step":11,"value":1.088624}
{"wall_time":1.754152223091e9,"step":12,"value":1.0863025}
{"wall_time":1.754152225196e9,"step":13,"value":1.0868764}
