{"counts":[3,1,0,1,1,1,2,1,2,0,0,0,2,1,0,1,2,0,0,2,1,0,1,2,2,0,1,0,3,2],"wall_time":1.754110299331e9,"step":1,"max":0.0074530663,"min":-0.013484113,"count":32,"bins":[-0.013484113,-0.012786207,-0.012088301,-0.011390395,-0.010692489,-0.009994583,-0.009296677,-0.008598771,-0.007900865,-0.007202959,-0.006505053,-0.0058071474,-0.005109241,-0.004411335,-0.0037134292,-0.0030155233,-0.0023176174,-0.0016197114,-0.0009218054,-0.00022389942,0.00047400655,0.0011719125,0.0018698185,0.0025677246,0.0032656305,0.0039635366,0.0046614422,0.0053593484,0.0060572545,0.00675516,0.0074530663],"mean":-0.0027750614,"std":0.0069180736}
{"counts":[2,1,0,1,3,0,2,0,0,3,2,1,1,1,0,1,1,0,1,0,3,3,0,0,1,2,0,2,0,1],"wall_time":1.754110300489e9,"step":2,"max":0.013292696,"min":-0.022043219,"count":32,"bins":[-0.022043219,-0.020865355,-0.01968749,-0.018509626,-0.017331764,-0.0161539,-0.014976036,-0.013798172,-0.012620308,-0.011442444,-0.01026458,-0.009086717,-0.007908853,-0.006730989,-0.005553125,-0.0043752613,-0.0031973973,-0.0020195337,-0.00084166974,0.0003361941,0.001514058,0.0026919218,0.0038697857,0.0050476496,0.0062255133,0.007403377,0.008581241,0.009759105,0.010936969,0.012114832,0.013292696],"mean":-0.005198581,"std":0.010547473}
{"counts":[1,1,0,0,1,1,0,2,2,2,1,1,2,1,1,0,2,1,1,3,1,2,0,0,0,1,2,1,0,2],"wall_time":1.754110301622e9,"step":3,"max":0.016377147,"min":-0.030678451,"count":32,"bins":[-0.030678451,-0.02910993,-0.027541412,-0.025972892,-0.024404371,-0.02283585,-0.021267332,-0.019698812,-0.018130291,-0.01656177,-0.014993251,-0.013424732,-0.011856211,-0.010287692,-0.008719171,-0.007150652,-0.005582132,-0.004013612,-0.002445092,-0.0008765721,0.0006919478,0.0022604677,0.0038289877,0.0053975075,0.0069660274,0.008534548,0.010103067,0.011671588,0.013240107,0.014808628,0.016377147],"mean":-0.006477139,"std":0.01268128}
{"counts":[2,0,0,1,0,0,2,4,0,2,3,1,0,1,1,2,2,2,2,1,0,1,2,0,1,1,0,0,0,1],"wall_time":1.754110302718e9,"step":4,"max":0.025060736,"min":-0.036396265,"count":32,"bins":[-0.036396265,-0.034347698,-0.03229913,-0.030250564,-0.028202,-0.026153432,-0.024104865,-0.022056298,-0.020007731,-0.017959164,-0.015910598,-0.0138620315,-0.011813465,-0.009764898,-0.007716331,-0.0056677647,-0.003619198,-0.0015706313,0.00047793536,0.0025265021,0.0045750686,0.0066236355,0.008672202,0.010720769,0.012769336,0.014817902,0.01686647,0.018915035,0.020963602,0.023012169,0.025060736],"mean":-0.008368411,"std":0.014974909}
{"counts":[1,1,0,0,1,1,1,3,0,3,2,2,0,0,1,1,3,1,2,1,1,3,1,0,0,0,1,1,0,1],"wall_time":1.754110303794e9,"step":5,"max":0.021413948,"min":-0.03925843,"count":32,"bins":[-0.03925843,-0.03723602,-0.035213605,-0.033191193,-0.031168781,-0.029146368,-0.027123956,-0.025101542,-0.02307913,-0.021056717,-0.019034306,-0.017011892,-0.014989479,-0.012967067,-0.010944654,-0.008922242,-0.006899829,-0.0048774164,-0.0028550036,-0.000832591,0.0011898217,0.0032122345,0.005234647,0.0072570597,0.009279473,0.011301885,0.013324298,0.015346711,0.017369123,0.019391535,0.021413948],"mean":-0.010322828,"std":0.01539742}
{"counts":[1,0,1,0,0,1,2,1,3,0,4,2,0,2,0,1,1,3,1,1,1,1,3,0,0,0,1,1,0,1],"wall_time":1.754110304945e9,"step":6,"max":0.022604058,"min":-0.043724023,"count":32,"bins":[-0.043724023,-0.041513085,-0.03930215,-0.037091214,-0.03488028,-0.032669343,-0.030458407,-0.02824747,-0.026036534,-0.023825599,-0.021614663,-0.019403726,-0.01719279,-0.014981855,-0.012770918,-0.010559983,-0.008349047,-0.0061381105,-0.0039271745,-0.0017162386,0.0004946974,0.0027056334,0.0049165697,0.0071275053,0.009338441,0.011549378,0.013760313,0.015971249,0.018182186,0.020393122,0.022604058],"mean":-0.0116772335,"std":0.016360916}
{"counts":[1,0,1,0,1,1,2,1,2,3,2,3,0,0,2,1,1,1,1,2,0,2,1,1,0,0,1,1,0,1],"wall_time":1.754110306037e9,"step":7,"max":0.021505833,"min":-0.042593855,"count":32,"bins":[-0.042593855,-0.0404572,-0.03832054,-0.036183886,-0.03404723,-0.031910572,-0.029773917,-0.027637262,-0.025500605,-0.02336395,-0.021227293,-0.019090636,-0.01695398,-0.014817324,-0.012680667,-0.010544011,-0.008407355,-0.0062706987,-0.0041340427,-0.0019973863,0.00013926998,0.0022759263,0.0044125826,0.0065492387,0.008685895,0.010822551,0.012959207,0.0150958635,0.01723252,0.019369176,0.021505833],"mean":-0.012925637,"std":0.016134731}
{"counts":[1,0,1,1,0,0,2,4,0,5,1,2,0,0,1,1,1,2,1,0,1,1,3,0,0,1,1,1,0,1],"wall_time":1.754110307106e9,"step":8,"max":0.021095457,"min":-0.04579784,"count":32,"bins":[-0.04579784,-0.043568064,-0.041338287,-0.03910851,-0.036878735,-0.03464896,-0.03241918,-0.030189404,-0.027959628,-0.02572985,-0.023500074,-0.021270297,-0.019040521,-0.016810745,-0.014580968,-0.012351192,-0.010121415,-0.007891638,-0.005661862,-0.0034320855,-0.0012023089,0.0010274677,0.0032572441,0.0054870206,0.0077167973,0.0099465735,0.012176351,0.014406127,0.016635904,0.01886568,0.021095457],"mean":-0.014661884,"std":0.017793998}
{"counts":[2,1,0,1,1,2,1,2,4,2,1,0,0,1,0,3,2,0,0,0,1,3,1,0,0,1,0,2,0,1],"wall_time":1.75411030822e9,"step":9,"max":0.022418352,"min":-0.04464377,"count":32,"bins":[-0.04464377,-0.042408366,-0.040172964,-0.03793756,-0.035702154,-0.03346675,-0.031231346,-0.028995942,-0.026760539,-0.024525134,-0.02228973,-0.020054325,-0.017818922,-0.015583518,-0.013348114,-0.0111127095,-0.008877305,-0.0066419016,-0.0044064973,-0.0021710931,6.431093e-5,0.002299715,0.004535119,0.0067705233,0.0090059275,0.011241332,0.013476736,0.01571214,0.017947543,0.020182949,0.022418352],"mean":-0.015564098,"std":0.018896548}
{"counts":[2,2,0,2,0,3,0,3,2,3,0,0,0,1,3,1,1,0,0,2,0,2,1,0,0,1,2,0,0,1],"wall_time":1.754110309392e9,"step":10,"max":0.02554672,"min":-0.045209456,"count":32,"bins":[-0.045209456,-0.042850915,-0.04049238,-0.038133837,-0.0357753,-0.03341676,-0.03105822,-0.028699681,-0.026341142,-0.023982603,-0.021624064,-0.019265525,-0.016906986,-0.014548446,-0.012189907,-0.009831368,-0.007472829,-0.0051142895,-0.0027557504,-0.00039721112,0.001961328,0.004319867,0.0066784066,0.009036946,0.011395485,0.013754024,0.016112564,0.018471103,0.020829642,0.023188181,0.02554672],"mean":-0.01608028,"std":0.020141387}
{"counts":[2,2,0,1,1,1,1,1,1,6,1,0,0,0,1,2,3,0,0,0,1,0,3,1,0,0,1,0,2,1],"wall_time":1.754110310508e9,"step":11,"max":0.021871103,"min":-0.04880793,"count":32,"bins":[-0.04880793,-0.046451963,-0.044095993,-0.041740026,-0.03938406,-0.037028093,-0.034672122,-0.032316156,-0.029960187,-0.02760422,-0.025248252,-0.022892285,-0.020536317,-0.01818035,-0.015824381,-0.013468414,-0.011112446,-0.008756478,-0.00640051,-0.0040445426,-0.0016885748,0.00066739303,0.0030233609,0.0053793285,0.007735296,0.010091264,0.012447231,0.0148032,0.017159168,0.019515134,0.021871103],"mean":-0.017290462,"std":0.020812726}
{"counts":[3,1,0,2,0,1,0,0,4,2,3,1,1,1,0,1,2,1,0,0,0,1,2,2,0,0,1,0,1,2],"wall_time":1.754110311642e9,"step":12,"max":0.022447286,"min":-0.050161526,"count":32,"bins":[-0.050161526,-0.04774123,-0.04532094,-0.042900644,-0.04048035,-0.038060058,-0.035639763,-0.033219468,-0.030799177,-0.028378882,-0.025958588,-0.023538295,-0.021118,-0.018697707,-0.016277414,-0.01385712,-0.011436826,-0.009016532,-0.0065962384,-0.0041759447,-0.0017556511,0.00066464266,0.0030849364,0.0055052303,0.007925523,0.010345818,0.012766112,0.015186405,0.017606698,0.020026993,0.022447286],"mean":-0.01749923,"std":0.021600401}
{"counts":[4,0,2,0,0,0,0,5,2,3,0,1,1,2,1,0,0,1,0,1,1,0,2,1,1,0,2,0,0,2],"wall_time":1.754110312713e9,"step":13,"max":0.022614317,"min":-0.050461713,"count":32,"bins":[-0.050461713,-0.048025846,-0.045589976,-0.04315411,-0.040718243,-0.038282376,-0.03584651,-0.03341064,-0.030974772,-0.028538905,-0.026103036,-0.023667168,-0.021231301,-0.018795434,-0.016359566,-0.013923698,-0.01148783,-0.009051963,-0.006616095,-0.0041802274,-0.0017443597,0.00069150794,0.0031273756,0.0055632433,0.007999111,0.010434979,0.012870846,0.015306714,0.017742582,0.020178448,0.022614317],"mean":-0.018598728,"std":0.022354955}
{"counts":[2,3,1,0,0,0,2,2,3,3,0,1,2,1,1,0,1,0,1,1,0,2,2,1,0,0,1,1,0,1],"wall_time":1.754110313777e9,"step":14,"max":0.02854777,"min":-0.05315532,"count":32,