{"counts":[1,0,1,2,0,2,2,1,0,2,1,0,1,1,1,1,1,2,1,0,0,1,0,2,1,1,2,3,0,2],"wall_time":1.754110299326e9,"step":1,"max":0.007735086,"min":-0.013647224,"count":32,"bins":[-0.013647224,-0.01293448,-0.012221737,-0.011508993,-0.010796249,-0.010083506,-0.009370762,-0.008658018,-0.007945275,-0.007232531,-0.006519787,-0.0058070435,-0.0050943,-0.004381556,-0.0036688126,-0.0029560688,-0.002243325,-0.0015305815,-0.00081783783,-0.00010509418,0.0006076495,0.0013203932,0.0020331368,0.0027458805,0.0034586242,0.0041713677,0.0048841117,0.005596855,0.0063095987,0.0070223426,0.007735086],"mean":-0.0022967453,"std":0.0066022016}
{"counts":[1,0,0,0,2,1,3,0,2,3,2,1,1,0,0,2,1,1,0,0,1,3,0,1,1,1,1,1,1,2],"wall_time":1.754110300484e9,"step":2,"max":0.012824974,"min":-0.02302033,"count":32,"bins":[-0.02302033,-0.021825487,-0.020630645,-0.0194358,-0.018240957,-0.017046113,-0.01585127,-0.014656426,-0.013461583,-0.012266739,-0.011071896,-0.009877052,-0.008682209,-0.0074873655,-0.006292522,-0.0050976784,-0.0039028348,-0.0027079915,-0.001513148,-0.00031830443,0.0008765391,0.0020713825,0.003266226,0.0044610696,0.005655913,0.0068507567,0.0080456,0.009240444,0.010435287,0.011630131,0.012824974],"mean":-0.004685592,"std":0.010358031}
{"counts":[1,0,0,0,0,1,1,2,4,1,2,3,0,0,2,1,2,1,2,1,0,1,0,1,2,0,1,0,2,1],"wall_time":1.75411030162e9,"step":3,"max":0.017972922,"min":-0.030283265,"count":32,"bins":[-0.030283265,-0.028674725,-0.027066186,-0.025457647,-0.023849107,-0.022240568,-0.020632027,-0.019023487,-0.017414948,-0.015806409,-0.014197869,-0.01258933,-0.0109807905,-0.00937225,-0.007763711,-0.0061551714,-0.004546632,-0.0029380922,-0.0013295527,0.00027898682,0.0018875264,0.003496066,0.0051046056,0.006713145,0.008321685,0.009930224,0.0115387635,0.013147303,0.014755843,0.016364383,0.017972922],"mean":-0.005954968,"std":0.012415893}
{"counts":[1,0,0,0,1,0,1,3,4,0,2,1,0,3,1,3,1,1,2,1,1,2,0,1,0,2,0,0,0,1],"wall_time":1.754110302717e9,"step":4,"max":0.024818331,"min":-0.03787275,"count":32,"bins":[-0.03787275,-0.03578305,-0.033693343,-0.03160364,-0.02951394,-0.027424237,-0.025334533,-0.023244832,-0.021155128,-0.019065427,-0.016975723,-0.014886021,-0.012796318,-0.010706615,-0.008616912,-0.0065272097,-0.004437507,-0.0023478041,-0.00025810153,0.0018316011,0.003921304,0.0060110064,0.008100709,0.010190412,0.012280115,0.014369817,0.01645952,0.018549222,0.020638926,0.022728628,0.024818331],"mean":-0.007617552,"std":0.01460262}
{"counts":[1,0,0,0,0,1,1,0,1,5,1,1,1,2,1,1,3,2,1,1,1,3,0,1,1,0,0,1,1,1],"wall_time":1.754110303794e9,"step":5,"max":0.0213653,"min":-0.0430376,"count":32,"bins":[-0.0430376,-0.04089084,-0.038744073,-0.03659731,-0.034450546,-0.032303784,-0.03015702,-0.028010257,-0.025863495,-0.023716731,-0.021569967,-0.019423204,-0.01727644,-0.015129677,-0.012982914,-0.0108361505,-0.008689387,-0.006542624,-0.0043958602,-0.002249097,-0.000102333724,0.0020444295,0.004191193,0.0063379565,0.008484719,0.010631483,0.012778247,0.01492501,0.017071772,0.019218536,0.0213653],"mean":-0.009503999,"std":0.015217132}
{"counts":[1,0,0,0,0,1,1,0,2,3,0,3,3,1,0,2,1,2,0,3,1,1,2,2,0,0,0,0,2,1],"wall_time":1.754110304941e9,"step":6,"max":0.022082224,"min":-0.046838902,"count":32,"bins":[-0.046838902,-0.04454153,-0.04224416,-0.03994679,-0.03764942,-0.035352048,-0.033054676,-0.030757306,-0.028459935,-0.026162565,-0.023865193,-0.021567822,-0.019270452,-0.01697308,-0.014675709,-0.012378339,-0.010080968,-0.007783597,-0.005486226,-0.0031888552,-0.0008914843,0.0014058866,0.0037032575,0.006000628,0.008297999,0.01059537,0.012892741,0.0151901115,0.017487483,0.019784853,0.022082224],"mean":-0.0106978305,"std":0.016526522}
{"counts":[1,0,0,0,1,1,0,1,3,1,4,2,2,0,1,1,1,2,2,1,0,2,2,1,0,0,0,0,2,1],"wall_time":1.754110306035e9,"step":7,"max":0.02095684,"min":-0.045138434,"count":32,"bins":[-0.045138434,-0.04293526,-0.040732082,-0.038528904,-0.03632573,-0.034122556,-0.03191938,-0.029716203,-0.027513027,-0.025309851,-0.023106676,-0.0209035,-0.018700324,-0.016497148,-0.014293972,-0.012090797,-0.009887621,-0.007684445,-0.005481269,-0.0032780934,-0.0010749176,0.0011282582,0.003331434,0.00553461,0.0077377856,0.009940961,0.012144137,0.014347313,0.016550489,0.018753665,0.02095684],"mean":-0.012245003,"std":0.016328026}
{"counts":[1,0,1,0,0,0,1,2,3,2,2,3,1,0,1,1,1,1,3,1,1,0,2,0,2,0,0,0,2,1],"wall_time":1.754110307101e9,"step":8,"max":0.021541303,"min":-0.049326193,"count":32,"bins":[-0.049326193,-0.04696394,-0.044601694,-0.042239442,-0.039877195,-0.037514944,-0.035152692,-0.032790445,-0.030428194,-0.028065944,-0.025703695,-0.023341443,-0.020979194,-0.018616945,-0.016254695,-0.013892445,-0.011530195,-0.009167945,-0.006805695,-0.0044434452,-0.0020811956,0.00028105435,0.0026433042,0.005005554,0.0073678037,0.009730054,0.0120923035,0.014454554,0.016816804,0.019179054,0.021541303],"mean":-0.014225871,"std":0.01812508}
{"counts":[1,1,0,1,0,1,3,3,0,2,3,1,0,1,2,1,1,2,1,0,1,2,1,0,0,1,1,1,0,1],"wall_time":1.754110308217e9,"step":9,"max":0.02344907,"min":-0.048063956,"count":32,"bins":[-0.048063956,-0.045680188,-0.043296423,-0.040912654,-0.038528886,-0.036145117,-0.033761352,-0.031377584,-0.028993815,-0.026610048,-0.02422628,-0.021842513,-0.019458745,-0.017074978,-0.01469121,-0.012307443,-0.009923675,-0.0075399075,-0.00515614,-0.0027723724,-0.0003886049,0.0019951626,0.00437893,0.006762698,0.009146465,0.011530233,0.013914,0.016297769,0.018681535,0.021065304,0.02344907],"mean":-0.015452456,"std":0.018925527}
{"counts":[2,1,0,1,1,3,0,2,1,4,1,1,0,2,0,2,2,1,0,0,3,1,0,0,0,1,1,1,0,1],"wall_time":1.754110309383e9,"step":10,"max":0.026973762,"min":-0.04888333,"count":32,"bins":[-0.04888333,-0.04635476,-0.04382619,-0.041297622,-0.03876905,-0.03624048,-0.03371191,-0.031183342,-0.028654773,-0.026126202,-0.023597633,-0.021069063,-0.018540494,-0.016011924,-0.013483354,-0.010954784,-0.008426215,-0.005897645,-0.003369075,-0.00084050535,0.0016880644,0.004216634,0.006745204,0.009273774,0.011802344,0.014330913,0.016859483,0.019388052,0.021916622,0.024445191,0.026973762],"mean":-0.016447129,"std":0.020436626}
{"counts":[1,2,0,0,1,2,0,4,0,0,4,1,1,2,0,1,2,2,0,1,0,0,2,2,0,1,0,0,0,3],"wall_time":1.754110310501e9,"step":11,"max":0.022041157,"min":-0.05314277,"count":32,"bins":[-0.05314277,-0.05063664,-0.04813051,-0.04562438,-0.043118246,-0.040612116,-0.038105987,-0.035599854,-0.033093724,-0.030587593,-0.028081462,-0.02557533,-0.0230692,-0.02056307,-0.018056938,-0.015550807,-0.013044676,-0.010538545,-0.008032414,-0.0055262833,-0.0030201524,-0.0005140215,0.0019921095,0.0044982405,0.0070043714,0.009510502,0.0120166335,0.014522764,0.017028894,0.019535026,0.022041157],"mean":-0.017797792,"std":0.021207385}
{"counts":[3,0,1,0,1,0,3,2,1,0,2,3,0,2,1,2,1,1,0,1,0,0,2,2,1,0,0,1,1,1],"wall_time":1.754110311635e9,"step":12,"max":0.024982942,"min":-0.053907122,"count":32,"bins":[-0.053907122,-0.051277455,-0.048647784,-0.046018116,-0.04338845,-0.040758777,-0.03812911,-0.035499442,-0.03286977,-0.030240104,-0.027610434,-0.024980765,-0.022351097,-0.019721428,-0.017091759,-0.01446209,-0.011832422,-0.009202752,-0.006573084,-0.003943415,-0.001313746,0.0013159228,0.003945592,0.0065752603,0.00920493,0.011834598,0.014464267,0.017093936,0.019723605,0.022353273,0.024982942],"mean":-0.018038033,"std":0.022071691}
{"counts":[2,1,1,0,2,1,0,0,2,3,1,1,3,0,1,1,2,2,1,0,0,1,1,1,1,1,1,0,0,2],"wall_time":1.754110312711e9,"step":13,"max":0.023698123,"min":-0.05608442,"count":32,"bins":[-0.05608442,-0.053425003,-0.050765585,-0.048106167,-0.04544675,-0.04278733,-0.04012791,-0.037468493,-0.034809075,-0.032149658,-0.02949024,-0.02683082,-0.024171403,-0.021511985,-0.018852567,-0.01619315,-0.013533731,-0.010874312,-0.008214895,-0.005555476,-0.0028960581,-0.00023663994,0.0024227782,0.005082196,0.0077416142,0.010401033,0.013060451,0.015719868,0.018379288,0.021038705,0.023698123],"mean":-0.01921436,"std":0.022562483}
{"counts":[3,1,0,2,0,0,1,1,2,3,1,2,0,1,2,3,1,1,0,0,1,2,1,1,1,0,0,1,0,1],"wall_time":1.754110313775e9,"step":14,"max":0.029208736,"min":-0.057193663,"count":32,