{"counts":[3,1,0,3,3,2,0,0,1,4,2,5,5,1,5,3,3,1,4,3,4,1,2,0,2,3,1,1,0,1],"wall_time":1.754110299322e9,"step":1,"max":0.01276705,"min":-0.012286016,"count":64,"bins":[-0.012286016,-0.011450914,-0.010615812,-0.00978071,-0.008945607,-0.008110505,-0.0072754025,-0.0064403005,-0.005605198,-0.004770096,-0.003934994,-0.0030998916,-0.0022647893,-0.0014296871,-0.0005945849,0.00024051731,0.0010756195,0.0019107218,0.002745824,0.0035809262,0.0044160285,0.0052511306,0.0060862326,0.006921335,0.007756437,0.008591539,0.009426641,0.010261744,0.011096846,0.011931948,0.01276705],"mean":-0.0003797734,"std":0.006195267}
{"counts":[1,0,1,2,4,2,3,3,3,2,1,2,2,1,1,3,2,5,9,1,2,3,1,5,1,1,1,0,0,2],"wall_time":1.754110300464e9,"step":2,"max":0.01962762,"min":-0.018570568,"count":64,"bins":[-0.018570568,-0.017297296,-0.016024023,-0.01475075,-0.013477476,-0.012204204,-0.010930931,-0.009657658,-0.008384385,-0.007111112,-0.005837839,-0.004564566,-0.0032912933,-0.0020180203,-0.00074474735,0.00052852556,0.0018017985,0.0030750714,0.004348344,0.005621617,0.00689489,0.008168163,0.009441436,0.010714709,0.011987982,0.013261255,0.014534527,0.0158078,0.017081074,0.018354347,0.01962762],"mean":0.00023185609,"std":0.009314839}
{"counts":[2,2,2,2,0,1,5,1,2,1,3,2,2,3,2,2,3,3,0,3,5,4,0,3,2,2,4,1,0,2],"wall_time":1.754110301616e9,"step":3,"max":0.019317234,"min":-0.01978449,"count":64,"bins":[-0.01978449,-0.018481098,-0.017177708,-0.015874317,-0.014570926,-0.013267536,-0.011964145,-0.0106607545,-0.009357363,-0.008053972,-0.006750582,-0.005447191,-0.0041438,-0.0028404095,-0.0015370187,-0.00023362786,0.001069763,0.0023731538,0.0036765444,0.0049799355,0.006283326,0.0075867167,0.008890107,0.010193499,0.011496889,0.01280028,0.014103671,0.015407061,0.016710453,0.018013842,0.019317234],"mean":0.00023304581,"std":0.010657228}
{"counts":[2,1,0,3,2,1,3,2,2,1,4,1,5,5,1,2,1,4,5,1,2,4,2,2,2,1,3,0,1,1],"wall_time":1.754110302712e9,"step":4,"max":0.026326127,"min":-0.024334215,"count":64,"bins":[-0.024334215,-0.022645537,-0.020956859,-0.019268181,-0.017579501,-0.015890824,-0.014202146,-0.012513468,-0.01082479,-0.009136112,-0.007447434,-0.005758756,-0.004070078,-0.0023813997,-0.0006927217,0.0009959564,0.0026846344,0.0043733125,0.0060619907,0.0077506686,0.009439346,0.011128025,0.012816703,0.014505381,0.016194059,0.017882736,0.019571414,0.021260094,0.022948772,0.02463745,0.026326127],"mean":0.0006877071,"std":0.01275235}
{"counts":[1,1,2,3,1,1,2,0,4,4,0,3,4,6,4,1,3,3,2,4,2,1,2,1,4,2,0,1,0,2],"wall_time":1.754110303792e9,"step":5,"max":0.03036177,"min":-0.027136173,"count":64,"bins":[-0.027136173,-0.025219575,-0.023302976,-0.02138638,-0.01946978,-0.017553182,-0.015636584,-0.013719986,-0.011803389,-0.00988679,-0.0079701925,-0.006053594,-0.004136996,-0.0022203978,-0.00030379978,0.0016127983,0.0035293964,0.0054459944,0.0073625925,0.009279191,0.011195789,0.013112387,0.015028985,0.016945584,0.01886218,0.020778779,0.022695377,0.024611976,0.026528573,0.028445171,0.03036177],"mean":0.0008624838,"std":0.014141951}
{"counts":[1,0,1,0,3,4,0,3,2,0,2,2,4,2,3,8,3,2,5,3,4,1,3,2,0,1,2,0,2,1],"wall_time":1.754110304939e9,"step":6,"max":0.032754283,"min":-0.03334582,"count":64,"bins":[-0.03334582,-0.031142483,-0.028939145,-0.026735809,-0.02453247,-0.022329135,-0.020125799,-0.017922461,-0.015719125,-0.013515788,-0.011312451,-0.009109114,-0.006905778,-0.004702441,-0.0024991042,-0.00029576756,0.0019075691,0.004110906,0.0063142427,0.008517579,0.010720916,0.012924253,0.01512759,0.017330926,0.019534264,0.0217376,0.023940936,0.026144274,0.02834761,0.030550947,0.032754283],"mean":0.00050430535,"std":0.0153543055}
{"counts":[1,1,0,0,0,0,5,4,0,3,1,3,3,0,4,7,8,3,8,0,1,6,0,0,3,0,0,1,0,2],"wall_time":1.754110306031e9,"step":7,"max":0.04058906,"min":-0.042132862,"count":64,"bins":[-0.042132862,-0.039375465,-0.03661807,-0.03386067,-0.031103272,-0.028345875,-0.025588477,-0.02283108,-0.020073682,-0.017316286,-0.014558888,-0.011801491,-0.009044093,-0.0062866956,-0.0035292981,-0.00077190064,0.0019854968,0.0047428943,0.007500292,0.010257689,0.013015087,0.015772484,0.01852988,0.02128728,0.024044676,0.026802074,0.02955947,0.032316867,0.035074268,0.037831664,0.04058906],"mean":0.0002478565,"std":0.017225055}
{"counts":[1,0,1,0,0,1,1,4,1,4,2,3,2,3,2,5,5,5,6,2,7,1,1,0,2,2,0,1,0,2],"wall_time":1.754110307098e9,"step":8,"max":0.04502948,"min":-0.048635438,"count":64,"bins":[-0.048635438,-0.045513272,-0.04239111,-0.03926895,-0.036146782,-0.033024617,-0.029902454,-0.02678029,-0.023658127,-0.020535963,-0.017413799,-0.014291635,-0.011169471,-0.008047307,-0.004925143,-0.001802979,0.0013191849,0.004441349,0.007563513,0.010685677,0.013807841,0.016930005,0.020052169,0.023174332,0.026296496,0.02941866,0.032540824,0.035662986,0.038785152,0.041907318,0.04502948],"mean":0.00062210043,"std":0.019377716}
{"counts":[1,0,1,0,1,1,1,3,5,0,5,1,3,3,3,4,7,4,5,4,1,2,3,0,1,1,1,2,0,1],"wall_time":1.754110308214e9,"step":9,"max":0.047933977,"min":-0.048554573,"count":64,"bins":[-0.048554573,-0.045338288,-0.042122003,-0.038905717,-0.035689432,-0.032473147,-0.029256864,-0.026040578,-0.022824293,-0.019608008,-0.016391722,-0.013175438,-0.009959153,-0.006742868,-0.003526583,-0.00031029806,0.002905987,0.006122272,0.009338557,0.012554842,0.015771126,0.018987412,0.022203697,0.025419982,0.028636267,0.03185255,0.035068836,0.03828512,0.041501407,0.04471769,0.047933977],"mean":0.00074667315,"std":0.020173714}
{"counts":[1,1,1,0,4,0,3,5,1,3,0,5,3,3,3,6,5,6,3,1,1,3,0,1,2,2,0,0,0,1],"wall_time":1.754110309377e9,"step":10,"max":0.054493833,"min":-0.045666795,"count":64,"bins":[-0.045666795,-0.042328108,-0.03898942,-0.035650734,-0.032312043,-0.028973358,-0.025634669,-0.022295982,-0.018957295,-0.0156186065,-0.012279919,-0.008941231,-0.0056025437,-0.0022638561,0.0010748315,0.004413519,0.0077522066,0.011090894,0.014429582,0.01776827,0.021106957,0.024445646,0.027784333,0.03112302,0.034461707,0.037800394,0.04113908,0.044477772,0.04781646,0.051155146,0.054493833],"mean":0.0008204402,"std":0.021499481}
{"counts":[2,3,0,1,2,3,3,1,4,1,3,3,2,4,4,3,9,4,2,1,1,2,1,1,1,0,1,1,0,1],"wall_time":1.754110310493e9,"step":11,"max":0.05581967,"min":-0.042823102,"count":64,"bins":[-0.042823102,-0.03953501,-0.03624692,-0.032958824,-0.029670732,-0.02638264,-0.023094548,-0.019806456,-0.016518362,-0.01323027,-0.009942178,-0.006654085,-0.0033659928,-7.790029e-5,0.003210192,0.0064982846,0.009786377,0.01307447,0.016362563,0.019650655,0.022938747,0.026226839,0.029514931,0.032803025,0.036091115,0.03937921,0.042667303,0.045955393,0.049243487,0.052531578,0.05581967],"mean":0.0009176186,"std":0.02231866}
{"counts":[2,2,0,2,3,0,2,4,2,1,3,1,3,5,1,3,8,5,2,3,3,2,2,1,0,0,2,0,1,1],"wall_time":1.754110311622e9,"step":12,"max":0.05334748,"min":-0.044660326,"count":64,"bins":[-0.044660326,-0.0413934,-0.038126472,-0.034859546,-0.03159262,-0.028325692,-0.025058765,-0.021791838,-0.018524911,-0.015257984,-0.011991058,-0.008724131,-0.005457204,-0.002190277,0.0010766499,0.0043435767,0.0076105036,0.01087743,0.014144357,0.017411284,0.020678211,0.023945138,0.027212065,0.030478992,0.03374592,0.037012845,0.040279772,0.0435467,0.046813626,0.050080553,0.05334748],"mean":0.0011673174,"std":0.02286998}
{"counts":[3,1,2,0,2,3,0,3,3,0,6,1,1,5,3,3,8,6,0,5,2,3,0,0,2,0,0,0,1,1],"wall_time":1.75411031271e9,"step":13,"max":0.05759688,"min":-0.04708399,"count":64,"bins":[-0.04708399,-0.043594625,-0.040105265,-0.0366159,-0.03312654,-0.029637177,-0.026147814,-0.022658452,-0.01916909,-0.015679728,-0.012190365,-0.008701003,-0.005211641,-0.0017222785,0.0017670838,0.005256446,0.008745808,0.012235171,0.015724532,0.019213896,0.022703258,0.02619262,0.029681982,0.033171345,0.03666071,0.04015007,0.043639433,0.047128793,0.050618157,0.054107517,0.05759688],"mean":0.00040848303,"std":0.02362214}
{"counts":[1,4,0,1,0,4,1,3,3,1,4,1,2,3,6,5,5,5,2,3,4,2,1,0,1,0,0,1,0,1],"wall_time":1.754110313773e9,"step":14,"max":0.06411606,"min":-0.05219615,"count":64,