{"counts":[2,0,1],"wall_time":1.754110299341e9,"step":1,"max":0.0131434165,"min":-0.006413057,"count":3,"bins":[-0.006413057,0.00010576751,0.006624592,0.0131434165],"mean":0.00077742076,"std":0.010756552}
{"counts":[2,0,1],"wall_time":1.754110300499e9,"step":2,"max":0.022586718,"min":-0.01502202,"count":3,"bins":[-0.01502202,-0.0024857738,0.010050472,0.022586718],"mean":0.00068404246,"std":0.019555124}
{"counts":[2,0,1],"wall_time":1.754110301625e9,"step":3,"max":0.023870073,"min":-0.01740545,"count":3,"bins":[-0.01740545,-0.0036469426,0.010111566,0.023870073],"mean":0.0006308798,"std":0.02112391}
{"counts":[2,0,1],"wall_time":1.75411030272e9,"step":4,"max":0.027659371,"min":-0.019685276,"count":3,"bins":[-0.019685276,-0.0039037268,0.011877823,0.027659371],"mean":0.00069024164,"std":0.024351299}
{"counts":[2,0,1],"wall_time":1.754110303798e9,"step":5,"max":0.028378805,"min":-0.020121701,"count":3,"bins":[-0.020121701,-0.0039548655,0.01221197,0.028378805],"mean":0.00073788007,"std":0.024951247}
{"counts":[2,0,1],"wall_time":1.754110304948e9,"step":6,"max":0.029572101,"min":-0.019202933,"count":3,"bins":[-0.019202933,-0.002944588,0.013313756,0.029572101],"mean":0.0006616029,"std":0.0256149}
{"counts":[2,0,1],"wall_time":1.754110306039e9,"step":7,"max":0.028332973,"min":-0.018089851,"count":3,"bins":[-0.018089851,-0.0026155766,0.012858698,0.028332973],"mean":0.0006115877,"std":0.024490595}
{"counts":[2,0,1],"wall_time":1.754110307107e9,"step":8,"max":0.029300261,"min":-0.018420879,"count":3,"bins":[-0.018420879,-0.0025138322,0.013393215,0.029300261],"mean":0.0006313231,"std":0.025272276}
{"counts":[2,0,1],"wall_time":1.754110308225e9,"step":9,"max":0.029921556,"min":-0.019891385,"count":3,"bins":[-0.019891385,-0.0032870714,0.013317242,0.029921556],"mean":0.000677865,"std":0.026014742}
{"counts":[2,0,1],"wall_time":1.754110309406e9,"step":10,"max":0.031350333,"min":-0.021801207,"count":3,"bins":[-0.021801207,-0.004084027,0.013633153,0.031350333],"mean":0.00076026097,"std":0.027470265}
{"counts":[2,0,1],"wall_time":1.754110310509e9,"step":11,"max":0.033420015,"min":-0.021909066,"count":3,"bins":[-0.021909066,-0.0034660387,0.014976989,0.033420015],"mean":0.0007792432,"std":0.028976116}
{"counts":[2,0,1],"wall_time":1.754110311652e9,"step":12,"max":0.032302525,"min":-0.02305164,"count":3,"bins":[-0.02305164,-0.0046002516,0.013851137,0.032302525],"mean":0.00083491515,"std":0.028445126}
{"counts":[2,0,1],"wall_time":1.754110312716e9,"step":13,"max":0.032315288,"min":-0.020782474,"count":3,"bins":[-0.020782474,-0.0030832205,0.014616034,0.032315288],"mean":0.0007535641,"std":0.027932579}
{"counts":[2,0,1],"wall_time":1.75411031378e9,"step":14,"max":0.035150804,"min":-0.02283677,"count":3,"bins":[-0.02283677,-0.0035075794,0.015821612,0.035150804],"mean":0.00084192987,"std":0.030420225}
{"counts":[2,0,1],"wall_time":1.754110314994e9,"step":15,"max":0.03490226,"min":-0.023598297,"count":3,"bins":[-0.023598297,-0.0040981113,0.015402074,0.03490226],"mean":0.0008661716,"std":0.03040215}
{"counts":[2,0,1],"wall_time":1.754110316071e9,"step":16,"max":0.036755204,"min":-0.025463475,"count":3,"bins":[-0.025463475,-0.0047239154,0.016015645,0.036755204],"mean":0.0009347368,"std":0.032161705}
{"counts":[2,0,1],"wall_time":1.754110317168e9,"step":17,"max":0.03632821,"min":-0.02470311,"count":3,"bins":[-0.02470311,-0.004359336,0.015984438,0.03632821],"mean":0.0009011955,"std":0.03167917}
{"counts":[2,0,1],"wall_time":1.754110318726e9,"step":18,"max":0.032315288,"min":-0.020782474,"count":3,"bins":[-0.020782474,-0.0030832205,0.014616034,0.032315288],"mean":0.0007535641,"std":0.027932579}
