{"counts":[1,1,0,3,3,0,7,10,6,5,7,3,7,4,6,12,4,4,0,3,2,1,2,0,0,1,1,1,1,1],"wall_time":1.754110299335e9,"step":1,"max":0.451906,"min":-0.3144882,"count":96,"bins":[-0.3144882,-0.28894174,-0.26339525,-0.23784879,-0.21230231,-0.18675584,-0.16120936,-0.13566288,-0.110116415,-0.084569946,-0.05902347,-0.033476997,-0.007930523,0.01761595,0.043162424,0.0687089,0.09425537,0.11980184,0.14534831,0.17089479,0.19644126,0.22198774,0.24753422,0.27308068,0.29862717,0.32417363,0.3497201,0.37526658,0.40081304,0.42635953,0.451906],"mean":0.0061520115,"std":0.1527785}
{"counts":[1,1,0,3,2,3,6,9,6,3,9,3,7,5,6,12,4,3,2,2,1,2,1,0,0,1,1,2,0,1],"wall_time":1.754110300494e9,"step":2,"max":0.45294505,"min":-0.31146866,"count":96,"bins":[-0.31146866,-0.2859882,-0.26050773,-0.23502728,-0.20954683,-0.18406637,-0.15858592,-0.13310546,-0.107625,-0.08214454,-0.05666409,-0.031183632,-0.005703175,0.019777281,0.04525774,0.0707382,0.09621865,0.12169911,0.14717957,0.17266002,0.19814049,0.22362094,0.2491014,0.27458185,0.3000623,0.32554278,0.35102323,0.37650368,0.40198413,0.4274646,0.45294505],"mean":0.006481137,"std":0.15028584}
{"counts":[1,1,0,3,1,3,6,9,4,6,7,5,6,5,7,8,7,4,1,3,1,2,1,0,0,1,1,2,0,1],"wall_time":1.754110301624e9,"step":3,"max":0.4448657,"min":-0.31265008,"count":96,"bins":[-0.31265008,-0.28739956,-0.26214904,-0.23689851,-0.21164797,-0.18639745,-0.16114692,-0.1358964,-0.110645875,-0.08539535,-0.060144823,-0.034894295,-0.009643769,0.015606757,0.04085728,0.06610781,0.091358334,0.116608866,0.14185938,0.16710992,0.19236045,0.21761097,0.2428615,0.26811203,0.29336256,0.31861308,0.3438636,0.36911413,0.39436466,0.41961518,0.4448657],"mean":0.006636864,"std":0.14842463}
{"counts":[1,1,0,3,2,3,6,8,5,5,8,5,5,5,8,8,6,2,3,3,1,1,2,0,0,1,1,2,0,1],"wall_time":1.754110302719e9,"step":4,"max":0.436172,"min":-0.30453837,"count":96,"bins":[-0.30453837,-0.279848,-0.25515768,-0.23046733,-0.20577699,-0.18108664,-0.1563963,-0.13170595,-0.1070156,-0.08232526,-0.05763491,-0.032944564,-0.008254218,0.016436128,0.041126475,0.06581682,0.090507165,0.11519751,0.13988785,0.1645782,0.18926854,0.21395889,0.23864923,0.26333958,0.28802994,0.31272027,0.33741063,0.36210096,0.38679132,0.41148165,0.436172],"mean":0.00681012,"std":0.14643696}
{"counts":[1,1,0,2,3,4,5,10,3,5,6,7,4,6,8,7,7,2,3,3,1,1,2,0,0,1,1,2,0,1],"wall_time":1.754110303795e9,"step":5,"max":0.42899278,"min":-0.30117568,"count":96,"bins":[-0.30117568,-0.27683672,-0.2524978,-0.22815883,-0.20381989,-0.17948094,-0.155142,-0.13080305,-0.106464095,-0.08212514,-0.057786196,-0.033447247,-0.009108299,0.01523065,0.039569598,0.06390855,0.08824749,0.112586446,0.1369254,0.16126435,0.18560329,0.20994224,0.23428118,0.25862014,0.28295907,0.30729803,0.331637,0.35597593,0.3803149,0.40465382,0.42899278],"mean":0.0069290064,"std":0.1448682}
{"counts":[1,1,0,2,2,6,3,11,2,5,7,8,3,5,8,7,6,4,2,4,0,1,3,0,0,1,1,2,0,1],"wall_time":1.754110304946e9,"step":6,"max":0.42096853,"min":-0.2985061,"count":96,"bins":[-0.2985061,-0.27452362,-0.25054112,-0.22655864,-0.20257616,-0.17859367,-0.15461119,-0.13062869,-0.1066462,-0.082663715,-0.05868123,-0.034698743,-0.010716254,0.013266235,0.037248723,0.06123121,0.0852137,0.109196186,0.13317868,0.15716116,0.18114366,0.20512614,0.22910863,0.25309113,0.2770736,0.3010561,0.32503858,0.34902108,0.37300354,0.39698604,0.42096853],"mean":0.006991821,"std":0.14337061}
{"counts":[1,1,0,2,2,6,4,9,3,5,8,8,2,6,7,7,5,5,2,4,0,1,3,0,0,1,1,2,0,1],"wall_time":1.754110306038e9,"step":7,"max":0.41532508,"min":-0.29382816,"count":96,"bins":[-0.29382816,-0.27018973,-0.24655128,-0.22291283,-0.19927439,-0.17563595,-0.1519975,-0.12835906,-0.10472063,-0.08108219,-0.05744375,-0.033805307,-0.010166866,0.013471575,0.037110016,0.060748458,0.0843869,0.10802534,0.13166378,0.15530223,0.17894067,0.20257911,0.22621755,0.24985598,0.27349442,0.29713288,0.3207713,0.34440976,0.3680482,0.39168665,0.41532508],"mean":0.0070815906,"std":0.14210497}
{"counts":[1,1,0,3,1,6,5,8,3,5,7,10,0,9,5,7,5,5,3,3,0,2,2,0,0,1,1,1,1,1],"wall_time":1.754110307106e9,"step":8,"max":0.41143122,"min":-0.28991687,"count":96,"bins":[-0.28991687,-0.2665386,-0.24316034,-0.21978207,-0.19640379,-0.17302552,-0.14964725,-0.12626898,-0.102890715,-0.07951245,-0.056134176,-0.032755904,-0.009377634,0.014000636,0.037378903,0.060757175,0.08413544,0.10751372,0.13089198,0.15427026,0.17764853,0.2010268,0.22440507,0.24778333,0.27116162,0.29453987,0.31791815,0.3412964,0.3646747,0.38805294,0.41143122],"mean":0.007211529,"std":0.1408392}
{"counts":[1,1,0,2,2,7,2,10,2,6,5,12,1,8,5,7,5,4,3,4,0,1,3,0,0,1,1,1,1,1],"wall_time":1.754110308222e9,"step":9,"max":0.40877494,"min":-0.28739664,"count":96,"bins":[-0.28739664,-0.2641909,-0.2409852,-0.21777949,-0.19457376,-0.17136805,-0.14816232,-0.1249566,-0.10175089,-0.07854517,-0.055339444,-0.032133725,-0.0089280065,0.014277712,0.03748343,0.06068915,0.08389487,0.10710059,0.1303063,0.15351203,0.17671774,0.19992347,0.22312918,0.24633491,0.26954064,0.29274634,0.31595206,0.3391578,0.36236352,0.3855692,0.40877494],"mean":0.007290906,"std":0.13981317}
{"counts":[1,1,0,2,2,7,2,11,2,5,7,10,1,7,6,7,5,4,3,4,0,1,3,0,0,1,1,1,1,1],"wall_time":1.754110309398e9,"step":10,"max":0.40604255,"min":-0.28524268,"count":96,"bins":[-0.28524268,-0.26219985,-0.23915699,-0.21611415,-0.19307132,-0.17002848,-0.14698564,-0.12394279,-0.10089995,-0.07785711,-0.054814268,-0.03177143,-0.008728588,0.014314253,0.037357096,0.060399935,0.08344278,0.10648561,0.12952846,0.15257129,0.17561413,0.19865698,0.22169982,0.24474266,0.2677855,0.29082835,0.31387118,0.33691403,0.35995686,0.38299972,0.40604255],"mean":0.007338505,"std":0.13900067}
{"counts":[1,1,0,2,1,7,4,10,1,5,7,11,1,8,5,8,4,3,5,3,0,2,2,0,0,1,1,1,1,1],"wall_time":1.754110310509e9,"step":11,"max":0.4043006,"min":-0.28379348,"count":96,"bins":[-0.28379348,-0.26085702,-0.23792054,-0.21498407,-0.1920476,-0.16911113,-0.14617467,-0.12323819,-0.10030173,-0.07736526,-0.054428786,-0.031492315,-0.008555847,0.014380622,0.03731709,0.06025356,0.08319003,0.1061265,0.12906297,0.15199944,0.1749359,0.19787237,0.22080885,0.24374531,0.2666818,0.28961825,0.31255472,0.33549118,0.35842767,0.38136414,0.4043006],"mean":0.0074106697,"std":0.13813603}
{"counts":[1,1,0,2,1,6,4,11,1,5,8,10,1,8,5,7,5,2,6,3,0,2,2,0,0,1,1,1,1,1],"wall_time":1.754110311646e9,"step":12,"max":0.40201467,"min":-0.2832361,"count":96,"bins":[-0.2832361,-0.2603944,-0.2375527,-0.21471101,-0.19186932,-0.16902763,-0.14618593,-0.12334424,-0.10050255,-0.07766086,-0.054819167,-0.031977475,-0.009135783,0.013705909,0.0365476,0.059389293,0.082230985,0.10507268,0.12791437,0.15075606,0.17359775,0.19643945,0.21928114,0.24212283,0.26496452,0.2878062,0.3106479,0.3334896,0.3563313,0.37917298,0.40201467],"mean":0.007471411,"std":0.13754511}
{"counts":[1,1,0,2,2,6,2,11,4,3,8,9,3,7,6,6,4,3,6,3,0,2,2,0,0,1,0,2,1,1],"wall_time":1.754110312715e9,"step":13,"max":0.39896238,"min":-0.28023922,"count":96,"bins":[-0.28023922,-0.25759917,-0.23495911,-0.21231906,-0.18967901,-0.16703896,-0.1443989,-0.12175885,-0.0991188,-0.07647874,-0.05383869,-0.031198638,-0.008558583,0.01408147,0.036721524,0.059361577,0.082001634,0.10464168,0.12728174,0.14992179,0.17256184,0.1952019,0.21784195,0.240482,0.26312205,0.2857621,0.30840215,0.33104223,0.35368228,0.37632233,0.39896238],"mean":0.007496473,"std":0.13695158}
{"counts":[1,1,0,2,2,4,4,10,4,4,7,10,3,7,5,7,2,3,8,3,0,2,2,0,0,1,0,2,1,1],"wall_time":1.754110313779e9,"step":14,"max":0.3966892,"min":-0.2838661,"count":96,"bins":[-0.2838661,-0.26118094,-0.23849575,-0.21581058,-0.1931254,-0.17044023,-0.14775504,-0.12506987,-0.102384694,-0.07969952,-0.057014335,-0.034329157,-0.011643982,0.011041195,0.03372637,0.05641155,0.07909673,0.101781905,0.12446708,0.14715226,0.16983743,0.19252262,0.21520779,0.23789297,0.26057816,0.28326333,0.3059485,0.32863367,0.35131887,0.37400404,0.3966892],"mean":0.007579679,"std":0.1362817}
{"counts":[1,1,0,2,3,3,6,8,5,3,7,10,3,6,6,7,4,2,8,2,0,2,2,0,0,1,0,2,1,1],"wall_time":1.754110314993e9,"step":15,"max":0.39486912,"min":-0.27676377,"count":96,