{"counts":[2,0,0,1,0,2,1,3,0,3,0,0,4,2,2,2,4,0,1,2,0,0,1,1,0,0,0,0,0,1],"wall_time":1.754110299328e9,"step":1,"max":1.0123885,"min":0.9820584,"count":32,"bins":[0.9820584,0.9830694,0.98408043,0.9850914,0.9861024,0.9871134,0.98812443,0.98913544,0.9901464,0.9911574,0.9921684,0.99317944,0.99419045,0.9952014,0.9962124,0.99722344,0.99823445,0.99924546,1.0002564,1.0012674,1.0022784,1.0032895,1.0043005,1.0053115,1.0063225,1.0073335,1.0083444,1.0093554,1.0103664,1.0113775,1.0123885],"mean":0.99488664,"std":0.0066917776}
{"counts":[1,0,0,0,0,1,1,3,2,2,2,3,1,2,2,3,0,2,1,2,1,2,0,0,0,0,0,0,0,1],"wall_time":1.754110300487e9,"step":2,"max":1.0179167,"min":0.969221,"count":32,"bins":[0.969221,0.9708442,0.97246736,0.9740906,0.97571373,0.97733694,0.97896016,0.9805833,0.9822065,0.9838297,0.9854529,0.9870761,0.98869926,0.9903225,0.9919456,0.99356884,0.99519205,0.9968152,0.9984384,1.0000616,1.0016848,1.0033079,1.0049312,1.0065544,1.0081775,1.0098008,1.011424,1.0130471,1.0146703,1.0162935,1.0179167],"mean":0.9907262,"std":0.009743173}
{"counts":[1,0,0,0,0,0,1,1,2,0,4,5,2,0,3,4,0,1,1,3,0,1,1,0,1,0,0,0,0,1],"wall_time":1.754110301621e9,"step":3,"max":1.0186738,"min":0.9603677,"count":32,"bins":[0.9603677,0.9623112,0.96425474,0.96619827,0.96814185,0.9700854,0.9720289,0.97397244,0.97591597,0.9778595,0.979803,0.98174655,0.98369014,0.9856337,0.9875772,0.9895207,0.99146426,0.9934078,0.9953513,0.9972949,0.99923843,1.001182,1.0031254,1.005069,1.0070126,1.0089561,1.0108997,1.0128431,1.0147867,1.0167302,1.0186738],"mean":0.9878158,"std":0.011456183}
{"counts":[1,0,0,1,0,1,0,1,2,3,3,1,1,4,3,1,2,1,0,3,0,0,0,1,0,1,0,1,0,1],"wall_time":1.754110302718e9,"step":4,"max":1.0175267,"min":0.95597446,"count":32,"bins":[0.95597446,0.95802623,0.96007794,0.9621297,0.9641814,0.9662332,0.9682849,0.9703367,0.9723884,0.97444016,0.97649187,0.97854364,0.98059535,0.9826471,0.98469883,0.9867506,0.9888024,0.9908541,0.99290586,0.99495757,0.99700934,0.99906105,1.0011128,1.0031645,1.0052162,1.0072681,1.0093198,1.0113715,1.0134232,1.015475,1.0175267],"mean":0.98476505,"std":0.013676755}
{"counts":[1,0,0,0,1,0,0,2,0,0,6,4,0,1,4,2,4,1,0,2,0,0,0,1,0,1,1,0,0,1],"wall_time":1.754110303794e9,"step":5,"max":1.0192901,"min":0.9485378,"count":32,"bins":[0.9485378,0.95089626,0.95325464,0.9556131,0.95797145,0.9603299,0.96268827,0.9650467,0.9674051,0.9697635,0.9721219,0.97448033,0.9768387,0.97919714,0.9815555,0.98391396,0.9862724,0.9886308,0.9909892,0.9933476,0.995706,0.9980644,1.0004228,1.0027813,1.0051396,1.007498,1.0098565,1.0122149,1.0145732,1.0169317,1.0192901],"mean":0.98217016,"std":0.014687459}
{"counts":[1,0,0,0,0,1,0,1,1,1,1,6,1,2,5,2,1,1,3,0,1,0,0,0,1,1,0,1,0,1],"wall_time":1.754110304944e9,"step":6,"max":1.0198447,"min":0.94161505,"count":32,"bins":[0.94161505,0.9442227,0.94683033,0.94943804,0.9520457,0.9546533,0.95726097,0.9598686,0.96247625,0.96508396,0.9676916,0.97029924,0.9729069,0.97551453,0.9781222,0.9807299,0.9833375,0.98594517,0.9885528,0.99116045,0.9937681,0.9963758,0.99898344,1.0015911,1.0041988,1.0068064,1.0094141,1.0120217,1.0146294,1.017237,1.0198447],"mean":0.9798267,"std":0.016097283}
{"counts":[1,0,0,0,0,0,0,1,2,1,3,1,1,3,3,3,2,2,0,3,1,1,0,0,0,0,0,2,0,2],"wall_time":1.754110306036e9,"step":7,"max":1.0120003,"min":0.93975544,"count":32,"bins":[0.93975544,0.9421636,0.9445718,0.94697994,0.9493881,0.95179623,0.95420444,0.9566126,0.95902073,0.9614289,0.9638371,0.96624523,0.9686534,0.9710615,0.97346973,0.9758779,0.978286,0.98069423,0.9831024,0.9855105,0.9879187,0.9903269,0.992735,0.9951432,0.9975513,0.9999595,1.0023676,1.0047759,1.007184,1.0095922,1.0120003],"mean":0.9775736,"std":0.016079932}
{"counts":[1,0,0,0,0,0,2,3,1,1,2,0,0,3,2,4,1,2,3,0,0,2,0,1,0,0,1,0,1,2],"wall_time":1.754110307105e9,"step":8,"max":1.0080621,"min":0.94013137,"count":32,"bins":[0.94013137,0.94239575,0.94466007,0.94692445,0.9491888,0.95145315,0.9537175,0.95598185,0.95824623,0.9605106,0.96277493,0.9650393,0.9673037,0.969568,0.9718324,0.9740968,0.9763611,0.9786255,0.9808898,0.9831542,0.98541856,0.9876829,0.98994726,0.99221164,0.99447596,0.99674034,0.99900466,1.0012691,1.0035334,1.0057977,1.0080621],"mean":0.9751202,"std":0.016446462}
{"counts":[1,0,0,0,0,1,2,1,3,1,2,0,0,5,4,1,1,0,3,0,1,2,0,0,0,1,0,1,1,1],"wall_time":1.754110308218e9,"step":9,"max":1.0112867,"min":0.93715715,"count":32,"bins":[0.93715715,0.9396281,0.94209915,0.9445701,0.9470411,0.94951206,0.9519831,0.95445406,0.95692503,0.959396,0.96186703,0.964338,0.966809,0.96927994,0.971751,0.97422194,0.9766929,0.97916394,0.9816349,0.9841059,0.98657686,0.9890479,0.99151886,0.9939898,0.9964608,0.9989318,1.0014027,1.0038738,1.0063448,1.0088158,1.0112867],"mean":0.9735064,"std":0.017396525}
{"counts":[1,0,0,0,1,0,1,2,2,4,0,1,4,1,3,1,1,2,0,1,1,2,0,0,0,1,0,1,1,1],"wall_time":1.754110309389e9,"step":10,"max":1.0145484,"min":0.93420374,"count":32,"bins":[0.93420374,0.9368819,0.93956006,0.9422382,0.94491637,0.9475945,0.9502727,0.95295084,0.955629,0.95830715,0.9609853,0.96366346,0.9663416,0.9690198,0.9716979,0.9743761,0.97705424,0.9797324,0.98241055,0.9850887,0.98776686,0.990445,0.9931232,0.9958013,0.9984795,1.0011576,1.0038358,1.006514,1.0091921,1.0118703,1.0145484],"mean":0.97252023,"std":0.01908677}
{"counts":[1,0,1,0,2,0,3,3,1,1,1,4,2,1,3,1,0,2,0,1,1,0,0,0,1,1,0,0,1,1],"wall_time":1.754110310505e9,"step":11,"max":1.0187923,"min":0.93504995,"count":32,"bins":[0.93504995,0.93784136,0.94063276,0.94342417,0.94621557,0.94900703,0.95179844,0.95458984,0.95738125,0.96017265,0.96296406,0.96575546,0.96854687,0.9713383,0.9741297,0.97692114,0.97971255,0.98250395,0.98529536,0.98808676,0.99087816,0.99366957,0.996461,0.9992524,1.0020438,1.0048352,1.0076267,1.010418,1.0132095,1.0160009,1.0187923],"mean":0.9708645,"std":0.020335596}
{"counts":[1,1,1,0,1,1,3,2,2,0,1,3,3,2,1,1,1,2,0,0,1,1,0,1,0,0,1,0,0,2],"wall_time":1.754110311639e9,"step":12,"max":1.0177726,"min":0.9345831,"count":32,"bins":[0.9345831,0.9373561,0.9401291,0.9429021,0.9456751,0.94844806,0.951221,0.953994,0.95676696,0.95953995,0.96231294,0.9650859,0.9678589,0.9706319,0.9734049,0.9761779,0.9789508,0.9817238,0.9844968,0.98726976,0.99004275,0.99281573,0.9955887,0.9983617,1.0011346,1.0039077,1.0066806,1.0094537,1.0122266,1.0149996,1.0177726],"mean":0.9700316,"std":0.021322634}
{"counts":[2,1,0,2,1,4,1,1,0,1,1,5,1,1,1,3,0,0,2,0,1,0,1,0,0,0,0,2,0,1],"wall_time":1.754110312712e9,"step":13,"max":1.020505,"min":0.9353959,"count":32,"bins":[0.9353959,0.93823284,0.94106984,0.9439068,0.9467438,0.9495807,0.95241773,0.9552547,0.9580916,0.9609286,0.96376556,0.96660256,0.9694395,0.9722765,0.97511345,0.97795045,0.9807874,0.98362434,0.98646134,0.9892983,0.9921353,0.9949722,0.99780923,1.0006461,1.0034832,1.0063201,1.0091571,1.011994,1.0148311,1.017668,1.020505],"mean":0.9689706,"std":0.02250561}
{"counts":[3,0,1,0,1,1,3,2,1,1,0,1,0,3,3,1,0,4,0,1,0,1,1,0,0,0,0,1,1,2],"wall_time":1.754110313777e9,"step":14,"max":1.0135849,"min":0.93176,"count":32,"bins":[0.93176,0.9344875,0.93721503,0.9399425,0.94267,0.9453975,0.948125,0.95085245,0.95357996,0.9563075,0.959035,0.9617624,0.96448994,0.96721745,0.96994495,0.97267246,0.9753999,0.9781274,0.9808549,0.98358244,0.9863099,0.9890374,0.9917649,0.9944924,0.99721986,0.99994737,1.0026748,1.0054023,1.0081298,1.0108573,1.0135849],"mean":0.96801716,"std":0.023283564}
{"counts":[3,0,1,0,1,1,2,3,1,1,0,1,2,1,3,1,1,3,1,0,2,0,0,0,0,0,0,2,1,1],"wall_time":1.754110314992e9,"step":15,"max":1.0169669,"min":0.9282223,"count":32,"bins":[0.9282223,0.9311805,0.9341386,0.9370968,0.9400549,0.9430131,0.94597125,0.94892937,0.95188755,0.95484567,0.95780385,0.960762,0.96372014,0.9666783,0.96963644,0.9725946,0.9755528,0.9785109,0.9814691,0.9844272,0.9873854,0.9903436,0.9933017,0.99625987,0.999218,1.0021762,1.0051343,1.0080925,1.0110506,1.0140088,1.0169669],"mean":0.96684253,"std":0.024370369}
{"counts":[1,2,0,1,0,1,2,2,3,0,1,1,2,2,0,3,1,2,2,1,1,0,0,0,0,0,0,2,1,1],"wall_time":1.75411031607e9,"step":16,"max":1.0197564,"min":0.9231807,"count":32,