{"counts":[1,2,2,1,3,1,1,1,6,3,2,2,2,4,4,6,1,2,3,4,1,2,1,2,3,1,1,0,1,1],"wall_time":1.754110299228e9,"step":1,"max":0.013097078,"min":-0.01234502,"count":64,"bins":[-0.01234502,-0.01149695,-0.01064888,-0.00980081,-0.00895274,-0.00810467,-0.0072566,-0.0064085303,-0.0055604605,-0.0047123907,-0.0038643207,-0.0030162507,-0.002168181,-0.0013201109,-0.00047204096,0.00037602894,0.0012240988,0.0020721687,0.0029202388,0.0037683086,0.0046163783,0.0054644486,0.0063125184,0.007160588,0.008008658,0.008856728,0.0097047975,0.010552868,0.011400938,0.012249008,0.013097078],"mean":-0.00042286213,"std":0.006184693}
{"counts":[2,0,2,1,2,3,5,4,2,3,1,1,1,0,3,4,1,7,5,2,3,2,4,0,1,2,1,0,0,2],"wall_time":1.754110300461e9,"step":2,"max":0.019745005,"min":-0.017415877,"count":64,"bins":[-0.017415877,-0.016177181,-0.014938485,-0.0136997895,-0.012461093,-0.011222397,-0.009983701,-0.008745004,-0.0075063086,-0.006267613,-0.0050289165,-0.0037902205,-0.0025515244,-0.0013128283,-7.413216e-5,0.0011645639,0.00240326,0.003641956,0.0048806523,0.006119348,0.0073580444,0.008596741,0.009835437,0.011074132,0.012312829,0.013551525,0.014790221,0.016028916,0.017267613,0.018506309,0.019745005],"mean":0.00015744504,"std":0.0093490295}
{"counts":[2,2,1,3,0,2,4,2,4,0,1,2,3,4,0,3,2,1,2,4,4,4,0,2,0,3,4,2,2,1],"wall_time":1.754110301612e9,"step":3,"max":0.018691072,"min":-0.019025693,"count":64,"bins":[-0.019025693,-0.017768467,-0.016511241,-0.015254016,-0.013996791,-0.012739565,-0.011482339,-0.010225114,-0.008967889,-0.007710663,-0.0064534377,-0.0051962123,-0.003938987,-0.0026817613,-0.0014245358,-0.00016731024,0.0010899153,0.0023471408,0.0036043662,0.004861592,0.0061188173,0.0073760427,0.008633268,0.009890494,0.011147719,0.012404945,0.013662171,0.014919396,0.01617662,0.017433846,0.018691072],"mean":0.00022641994,"std":0.010603157}
{"counts":[1,1,1,1,1,3,3,2,1,2,4,4,1,0,5,3,4,2,1,3,3,2,6,0,4,1,0,2,1,2],"wall_time":1.754110302711e9,"step":4,"max":0.024553023,"min":-0.02537287,"count":64,"bins":[-0.02537287,-0.023708673,-0.022044478,-0.02038028,-0.018716084,-0.017051889,-0.015387692,-0.013723495,-0.012059298,-0.010395102,-0.008730906,-0.0070667095,-0.005402513,-0.0037383165,-0.0020741199,-0.0004099235,0.001254273,0.0029184695,0.004582666,0.0062468625,0.007911059,0.009575255,0.011239451,0.012903648,0.014567845,0.016232042,0.017896237,0.019560434,0.021224631,0.022888826,0.024553023],"mean":0.00054420857,"std":0.012691761}
{"counts":[1,0,1,3,3,1,1,4,2,3,2,1,3,8,4,2,1,3,2,7,1,1,2,2,2,1,1,1,0,1],"wall_time":1.754110303791e9,"step":5,"max":0.03240673,"min":-0.028486246,"count":64,"bins":[-0.028486246,-0.02645648,-0.024426715,-0.022396948,-0.020367183,-0.018337417,-0.016307652,-0.014277886,-0.012248119,-0.010218354,-0.008188588,-0.006158822,-0.0041290564,-0.0020992905,-6.95246e-5,0.0019602412,0.003990007,0.006019773,0.008049538,0.010079305,0.01210907,0.014138836,0.016168602,0.018198367,0.020228134,0.0222579,0.024287665,0.02631743,0.028347198,0.030376963,0.03240673],"mean":0.0007308562,"std":0.014128194}
{"counts":[1,0,0,1,3,1,3,4,2,1,0,5,0,5,1,6,3,7,1,5,4,3,1,2,0,0,2,2,0,1],"wall_time":1.754110304937e9,"step":6,"max":0.03497696,"min":-0.03505956,"count":64,"bins":[-0.03505956,-0.03272501,-0.030390458,-0.028055908,-0.025721358,-0.023386806,-0.021052256,-0.018717706,-0.016383154,-0.014048604,-0.011714053,-0.009379503,-0.0070449524,-0.004710402,-0.0023758512,-4.130043e-5,0.0022932503,0.004627801,0.0069623515,0.009296902,0.0116314525,0.013966003,0.016300553,0.018635105,0.020969655,0.023304205,0.025638757,0.027973307,0.030307857,0.03264241,0.03497696],"mean":0.00036037207,"std":0.015543409}
{"counts":[1,0,0,1,0,0,3,3,3,3,2,2,1,2,3,3,10,4,7,2,5,3,1,0,1,1,1,0,1,1],"wall_time":1.754110306028e9,"step":7,"max":0.041517884,"min":-0.045330446,"count":64,"bins":[-0.045330446,-0.0424355,-0.03954056,-0.036645614,-0.03375067,-0.030855725,-0.027960781,-0.025065836,-0.022170892,-0.019275947,-0.016381003,-0.013486058,-0.010591114,-0.00769617,-0.004801226,-0.0019062813,0.0009886629,0.0038836072,0.0067785517,0.009673496,0.01256844,0.015463385,0.01835833,0.021253273,0.024148218,0.027043162,0.029938105,0.03283305,0.035727996,0.038622938,0.041517884],"mean":-1.716282e-5,"std":0.017331516}
{"counts":[1,0,0,1,0,0,1,3,0,5,4,2,2,1,3,5,3,6,6,6,4,2,2,1,1,0,2,1,0,2],"wall_time":1.754110307094e9,"step":8,"max":0.04459985,"min":-0.05254108,"count":64,"bins":[-0.05254108,-0.04930305,-0.046065018,-0.042826988,-0.039588958,-0.036350925,-0.033112895,-0.029874863,-0.026636833,-0.023398802,-0.02016077,-0.01692274,-0.013684709,-0.010446678,-0.0072086467,-0.0039706156,-0.00073258457,0.0025054466,0.0057434775,0.008981508,0.01221954,0.015457571,0.018695602,0.021933632,0.025171664,0.028409695,0.031647727,0.034885757,0.038123786,0.04136182,0.04459985],"mean":0.0002487151,"std":0.019448092}
{"counts":[1,0,0,0,1,1,1,4,1,3,0,7,2,1,4,2,5,7,5,5,2,2,4,0,1,0,3,0,1,1],"wall_time":1.754110308212e9,"step":9,"max":0.0467658,"min":-0.052895296,"count":64,"bins":[-0.052895296,-0.04957326,-0.046251222,-0.042929187,-0.03960715,-0.036285114,-0.03296308,-0.02964104,-0.026319005,-0.022996968,-0.01967493,-0.016352894,-0.013030858,-0.009708821,-0.0063867844,-0.003064748,0.00025728866,0.0035793253,0.006901362,0.010223398,0.013545435,0.016867472,0.020189509,0.023511544,0.02683358,0.030155618,0.033477653,0.03679969,0.040121727,0.043443765,0.0467658],"mean":0.00030970917,"std":0.020229243}
{"counts":[1,0,0,2,1,3,1,4,0,5,3,1,2,7,0,4,4,7,6,3,1,3,1,0,1,2,1,0,0,1],"wall_time":1.754110309363e9,"step":10,"max":0.05383543,"min":-0.04998229,"count":64,"bins":[-0.04998229,-0.0465217,-0.04306111,-0.039600518,-0.036139928,-0.032679338,-0.029218746,-0.025758157,-0.022297565,-0.018836975,-0.015376384,-0.011915794,-0.008455203,-0.004994612,-0.0015340213,0.0019265693,0.00538716,0.008847751,0.012308341,0.015768932,0.019229522,0.022690114,0.026150703,0.029611295,0.033071887,0.036532477,0.039993066,0.043453656,0.04691425,0.05037484,0.05383543],"mean":0.00045680167,"std":0.02157459}
{"counts":[1,2,2,1,1,3,1,4,1,3,2,4,2,3,3,3,9,6,4,0,2,2,0,1,0,2,0,1,0,1],"wall_time":1.754110310484e9,"step":11,"max":0.055161536,"min":-0.04560213,"count":64,"bins":[-0.04560213,-0.042243343,-0.038884554,-0.035525765,-0.032166976,-0.028808188,-0.025449399,-0.02209061,-0.01873182,-0.015373032,-0.012014243,-0.008655454,-0.005296665,-0.0019378758,0.0014209131,0.004779702,0.008138491,0.01149728,0.014856068,0.018214857,0.021573646,0.024932435,0.028291224,0.031650014,0.035008803,0.03836759,0.04172638,0.04508517,0.04844396,0.051802747,0.055161536],"mean":0.00034922193,"std":0.022327496}
{"counts":[1,3,1,1,0,2,4,2,2,1,4,2,3,2,3,2,4,8,5,3,2,4,0,1,0,1,1,1,0,1],"wall_time":1.754110311616e9,"step":12,"max":0.05307005,"min":-0.04730031,"count":64,"bins":[-0.04730031,-0.04395463,-0.04060895,-0.037263274,-0.033917595,-0.030571915,-0.027226238,-0.023880558,-0.02053488,-0.017189201,-0.013843522,-0.010497844,-0.0071521653,-0.003806487,-0.00046080822,0.0028848704,0.006230549,0.0095762275,0.012921906,0.016267585,0.019613264,0.022958942,0.026304621,0.029650299,0.032995977,0.036341656,0.039687335,0.043033015,0.04637869,0.04972437,0.05307005],"mean":0.00042519218,"std":0.022828743}
{"counts":[2,1,2,2,0,0,2,5,2,2,1,6,1,1,3,6,5,6,5,3,2,3,0,0,2,0,0,1,0,1],"wall_time":1.754110312709e9,"step":13,"max":0.057077605,"min":-0.050251953,"count":64,"bins":[-0.050251953,-0.0466743,-0.04309665,-0.039518997,-0.035941344,-0.032363694,-0.02878604,-0.02520839,-0.021630738,-0.018053086,-0.014475434,-0.010897782,-0.00732013,-0.0037424779,-0.00016482596,0.003412826,0.006990478,0.01056813,0.014145782,0.017723434,0.021301085,0.024878738,0.02845639,0.032034043,0.035611693,0.039189346,0.042766996,0.04634465,0.049922302,0.053499952,0.057077605],"mean":-0.00032406577,"std":0.02350505}
{"counts":[3,2,2,0,0,1,2,5,3,2,3,1,2,2,8,5,4,2,6,4,2,1,1,1,0,0,0,1,0,1],"wall_time":1.754110313771e9,"step":14,"max":0.06309192,"min":-0.050789002,"count":64,