{"counts":[1,2,0,1,3,2,5,2,6,0,2,3,1,3,2,3,1,3,1,2,9,1,2,1,1,2,2,1,1,1],"wall_time":1.75411029932e9,"step":1,"max":1.012018,"min":0.98896265,"count":64,"bins":[0.98896265,0.98973113,0.9904997,0.99126816,0.9920367,0.9928052,0.9935737,0.9943422,0.99511075,0.99587923,0.9966478,0.99741626,0.9981848,0.9989533,0.9997218,1.0004903,1.0012589,1.0020273,1.0027958,1.0035644,1.0043329,1.0051013,1.0058699,1.0066384,1.007407,1.0081754,1.0089439,1.0097125,1.010481,1.0112494,1.012018],"mean":1.0001055,"std":0.0059285103}
{"counts":[1,0,1,3,1,0,1,1,5,1,0,4,3,2,4,3,4,4,7,2,3,3,3,0,1,2,3,0,0,2],"wall_time":1.754110300462e9,"step":2,"max":1.0192714,"min":0.9803791,"count":64,"bins":[0.9803791,0.9816755,0.9829719,0.9842683,0.98556477,0.98686117,0.9881576,0.989454,0.9907504,0.9920468,0.9933432,0.9946396,0.99593604,0.99723244,0.99852884,0.99982524,1.0011216,1.002418,1.0037144,1.0050108,1.0063072,1.0076036,1.0089,1.0101966,1.011493,1.0127894,1.0140858,1.0153822,1.0166786,1.017975,1.0192714],"mean":1.0008743,"std":0.008962545}
{"counts":[2,0,0,0,1,0,3,1,0,0,3,6,1,2,5,1,3,3,5,2,5,4,3,2,6,2,1,2,0,1],"wall_time":1.754110301614e9,"step":3,"max":1.0217327,"min":0.97444224,"count":64,"bins":[0.97444224,0.9760186,0.9775949,0.9791713,0.98074764,0.982324,0.9839003,0.9854767,0.98705304,0.9886294,0.9902057,0.99178207,0.99335843,0.9949348,0.9965111,0.99808747,0.99966383,1.0012401,1.0028166,1.0043929,1.0059692,1.0075456,1.0091219,1.0106982,1.0122746,1.0138509,1.0154274,1.0170037,1.01858,1.0201564,1.0217327],"mean":1.0016856,"std":0.010637174}
{"counts":[2,0,0,0,0,1,1,0,2,2,1,2,5,2,4,7,3,0,3,6,4,3,3,4,2,2,1,1,0,3],"wall_time":1.754110302711e9,"step":4,"max":1.0282487,"min":0.96757686,"count":64,"bins":[0.96757686,0.96959925,0.97162163,0.973644,0.97566646,0.97768885,0.97971123,0.9817336,0.983756,0.9857784,0.9878008,0.98982316,0.9918456,0.993868,0.9958904,0.99791276,0.99993515,1.0019575,1.0039799,1.0060023,1.0080247,1.0100471,1.0120695,1.014092,1.0161144,1.0181367,1.0201591,1.0221815,1.0242039,1.0262263,1.0282487],"mean":1.0026915,"std":0.013131014}
{"counts":[1,1,0,1,0,0,0,0,2,2,1,4,5,1,4,6,6,2,0,5,6,4,3,3,0,2,0,3,1,1],"wall_time":1.754110303792e9,"step":5,"max":1.035354,"min":0.96123797,"count":64,"bins":[0.96123797,0.9637085,0.966179,0.96864957,0.9711201,0.9735907,0.97606117,0.9785317,0.9810023,0.98347276,0.9859433,0.9884139,0.99088436,0.9933549,0.99582547,0.998296,1.0007665,1.003237,1.0057076,1.0081781,1.0106487,1.0131192,1.0155897,1.0180603,1.0205308,1.0230013,1.0254719,1.0279424,1.0304129,1.0328835,1.035354],"mean":1.0033712,"std":0.015511026}
{"counts":[2,1,0,0,0,0,1,1,4,1,3,3,2,2,3,3,4,4,5,6,2,5,3,1,1,2,3,1,0,1],"wall_time":1.754110304938e9,"step":6,"max":1.037078,"min":0.962268,"count":64,"bins":[0.962268,0.9647617,0.96725535,0.969749,0.97224265,0.97473633,0.97723,0.9797237,0.9822173,0.984711,0.9872047,0.98969835,0.99219203,0.99468565,0.9971793,0.999673,1.0021666,1.0046604,1.007154,1.0096477,1.0121413,1.014635,1.0171287,1.0196223,1.0221161,1.0246097,1.0271033,1.029597,1.0320907,1.0345844,1.037078],"mean":1.0038215,"std":0.016265078}
{"counts":[2,1,0,0,0,0,2,3,2,1,3,4,1,1,2,5,9,4,6,2,3,5,0,1,2,2,0,2,0,1],"wall_time":1.754110306029e9,"step":7,"max":1.043202,"min":0.96057117,"count":64,"bins":[0.96057117,0.96332556,0.9660799,0.9688343,0.9715886,0.974343,0.97709733,0.9798517,0.98260605,0.98536044,0.9881148,0.99086916,0.9936235,0.9963779,0.9991322,1.0018866,1.0046409,1.0073954,1.0101497,1.012904,1.0156584,1.0184128,1.0211672,1.0239215,1.0266758,1.0294303,1.0321846,1.0349389,1.0376933,1.0404477,1.043202],"mean":1.0043087,"std":0.017586408}
{"counts":[1,1,0,1,0,0,2,2,2,3,2,4,1,2,4,5,4,7,4,4,1,4,3,2,1,0,0,2,1,1],"wall_time":1.754110307097e9,"step":8,"max":1.0491372,"min":0.9562643,"count":64,"bins":[0.9562643,0.95936006,0.96245587,0.9655516,0.96864736,0.97174317,0.9748389,0.97793466,0.9810304,0.9841262,0.98722196,0.9903177,0.9934135,0.99650925,0.999605,1.0027008,1.0057966,1.0088923,1.011988,1.0150838,1.0181797,1.0212754,1.0243711,1.0274669,1.0305626,1.0336584,1.0367541,1.03985,1.0429457,1.0460415,1.0491372],"mean":1.0055466,"std":0.0197414}
{"counts":[1,0,1,0,1,0,2,4,1,3,3,1,1,4,3,5,4,7,3,6,2,0,3,2,2,1,0,2,0,2],"wall_time":1.754110308213e9,"step":9,"max":1.0501585,"min":0.9553223,"count":64,"bins":[0.9553223,0.9584835,0.9616447,0.96480596,0.96796715,0.97112834,0.97428954,0.9774508,0.980612,0.9837732,0.98693436,0.9900956,0.9932568,0.996418,0.9995792,1.0027404,1.0059016,1.0090628,1.0122241,1.0153853,1.0185465,1.0217077,1.0248688,1.02803,1.0311912,1.0343524,1.0375137,1.0406749,1.0438361,1.0469973,1.0501585],"mean":1.0059832,"std":0.020618826}
{"counts":[1,0,1,1,0,0,3,3,1,4,2,0,4,1,2,5,8,3,5,6,1,1,2,5,0,0,1,1,1,2],"wall_time":1.754110309375e9,"step":10,"max":1.0522093,"min":0.9536777,"count":64,"bins":[0.9536777,0.9569621,0.9602465,0.9635309,0.96681523,0.9700996,0.973384,0.9766684,0.9799528,0.9832372,0.98652154,0.98980594,0.99309033,0.9963747,0.9996591,1.0029435,1.0062279,1.0095123,1.0127966,1.016081,1.0193654,1.0226498,1.0259342,1.0292186,1.032503,1.0357873,1.0390717,1.0423561,1.0456405,1.0489249,1.0522093],"mean":1.0063186,"std":0.0216903}
{"counts":[1,0,1,0,1,0,2,4,2,1,3,2,2,3,2,3,5,3,6,6,3,1,4,3,1,0,1,0,1,3],"wall_time":1.754110310489e9,"step":11,"max":1.0519379,"min":0.9521742,"count":64,"bins":[0.9521742,0.95549965,0.9588251,0.9621506,0.96547604,0.9688015,0.97212696,0.9754524,0.9787778,0.9821033,0.98542875,0.9887542,0.9920797,0.99540514,0.9987306,1.0020561,1.0053815,1.0087069,1.0120324,1.0153579,1.0186833,1.0220088,1.0253342,1.0286597,1.0319852,1.0353106,1.0386361,1.0419616,1.045287,1.0486125,1.0519379],"mean":1.0068158,"std":0.022358447}
{"counts":[2,0,0,0,1,0,2,2,2,3,3,2,1,4,0,5,6,5,4,2,5,3,1,4,2,0,1,0,3,1],"wall_time":1.754110311619e9,"step":12,"max":1.0546368,"min":0.9502843,"count":64,"bins":[0.9502843,0.9537627,0.9572411,0.9607196,0.964198,0.9676764,0.9711548,0.9746332,0.9781116,0.9815901,0.9850685,0.9885469,0.9920253,0.9955037,0.99898213,1.0024606,1.005939,1.0094174,1.0128958,1.0163742,1.0198526,1.023331,1.0268095,1.0302879,1.0337664,1.0372448,1.0407232,1.0442016,1.04768,1.0511584,1.0546368],"mean":1.0073009,"std":0.02298925}
{"counts":[2,0,0,0,1,1,0,2,3,3,4,2,0,1,3,6,2,3,6,1,5,5,1,5,3,0,0,1,2,2],"wall_time":1.754110312709e9,"step":13,"max":1.0522366,"min":0.9489675,"count":64,"bins":[0.9489675,0.9524098,0.9558521,0.95929444,0.9627367,0.966179,0.9696213,0.97306365,0.97650594,0.9799482,0.9833905,0.98683286,0.99027514,0.99371743,0.9971597,1.000602,1.0040443,1.0074866,1.010929,1.0143713,1.0178136,1.0212559,1.0246981,1.0281404,1.0315827,1.035025,1.0384674,1.0419097,1.045352,1.0487943,1.0522366],"mean":1.0072178,"std":0.023562308}
{"counts":[2,0,0,0,1,1,0,2,3,1,5,3,1,3,3,3,2,3,7,1,3,6,3,2,4,0,0,2,2,1],"wall_time":1.754110313772e9,"step":14,"max":1.0563422,"min":0.94647425,"count":64,"bins":[0.94647425,0.95013654,0.9537988,0.95746106,0.96112335,0.9647856,0.96844786,0.9721101,0.9757724,0.97943467,0.9830969,0.9867592,0.9904215,0.9940837,0.997746,1.0014082,1.0050706,1.0087328,1.012395,1.0160574,1.0197196,1.0233818,1.027044,1.0307064,1.0343686,1.0380309,1.0416932,1.0453554,1.0490177,1.05268,1.0563422],"mean":1.0078832,"std":0.024993839}
{"counts":[1,0,1,0,1,1,0,5,2,2,5,1,0,4,5,0,5,4,3,3,1,9,3,0,2,1,2,1,1,1],"wall_time":1.754110314987e9,"step":15,"max":1.0616442,"min":0.9454635,"count":64,"bins":[0.9454635,0.9493362,0.95320886,0.95708156,0.96095425,0.96482694,0.96869963,0.9725723,0.976445,0.9803177,0.9841904,0.9880631,0.9919358,0.9958085,0.9996812,1.0035539,1.0074265,1.0112993,1.0151719,1.0190446,1.0229173,1.02679,1.0306627,1.0345354,1.038408,1.0422808,1.0461534,1.0500262,1.0538988,1.0577716,1.0616442],"mean":1.008363,"std":0.026090993}
{"counts":[1,0,0,1,1,0,1,2,2,3,1,5,1,2,3,3,3,0,5,4,2,5,3,6,2,0,2,2,1,3],"wall_time":1.754110316063e9,"step":16,"max":1.0552399,"min":0.9425271,"count":64,