{"counts":[5,0,1,1,10,11,9,19,21,34,31,30,49,39,45,57,50,45,38,42,20,22,18,10,13,7,2,5,4,2],"wall_time":1.75411029915e9,"step":1,"max":0.85875666,"min":-0.8613626,"count":640,"bins":[-0.8613626,-0.8040253,-0.74668795,-0.68935066,-0.6320133,-0.57467604,-0.51733875,-0.4600014,-0.40266412,-0.3453268,-0.2879895,-0.23065218,-0.17331488,-0.11597757,-0.058640264,-0.0013029575,0.05603435,0.113371655,0.17070897,0.22804627,0.28538358,0.3427209,0.4000582,0.4573955,0.51473284,0.5720701,0.6294074,0.68674475,0.74408203,0.8014194,0.85875666],"mean":0.00594045,"std":0.30173638}
{"counts":[5,0,1,1,9,12,7,20,22,31,33,31,48,38,47,56,48,47,42,39,21,21,19,8,14,6,3,5,4,2],"wall_time":1.754110300458e9,"step":2,"max":0.8608796,"min":-0.86605364,"count":640,"bins":[-0.86605364,-0.8084892,-0.75092477,-0.6933603,-0.6357959,-0.57823145,-0.520667,-0.46310255,-0.4055381,-0.34797367,-0.29040924,-0.23284478,-0.17528035,-0.1177159,-0.06015146,-0.0025870204,0.05497742,0.11254186,0.1701063,0.22767074,0.2852352,0.34279963,0.40036407,0.4579285,0.515493,0.5730574,0.63062185,0.6881863,0.7457507,0.80331516,0.8608796],"mean":0.006241399,"std":0.3017656}
{"counts":[5,0,1,1,9,12,8,20,21,34,30,31,49,38,51,51,50,48,39,39,21,21,20,8,13,5,4,5,4,2],"wall_time":1.754110301611e9,"step":3,"max":0.86187595,"min":-0.8619091,"count":640,"bins":[-0.8619091,-0.8044496,-0.7469901,-0.6895306,-0.6320711,-0.5746116,-0.5171521,-0.45969257,-0.4022331,-0.3447736,-0.2873141,-0.22985457,-0.17239508,-0.11493557,-0.05747607,-1.6570091e-5,0.05744293,0.11490243,0.17236194,0.22982143,0.28728095,0.34474045,0.40219995,0.45965943,0.51711893,0.57457846,0.63203794,0.6894975,0.74695694,0.8044165,0.86187595],"mean":0.006247357,"std":0.3018448}
{"counts":[5,0,1,1,9,12,8,21,21,34,30,32,48,36,54,50,51,45,39,40,20,21,21,7,14,4,6,4,4,2],"wall_time":1.75411030271e9,"step":4,"max":0.8635887,"min":-0.8614868,"count":640,"bins":[-0.8614868,-0.8039843,-0.7464818,-0.68897927,-0.6314767,-0.5739742,-0.5164717,-0.45896918,-0.40146667,-0.34396416,-0.28646162,-0.22895911,-0.1714566,-0.11395408,-0.056451567,0.0010509491,0.058553465,0.11605598,0.1735585,0.23106101,0.28856352,0.34606606,0.40356857,0.46107107,0.5185736,0.5760761,0.6335786,0.69108117,0.7485837,0.8060862,0.8635887],"mean":0.0062238225,"std":0.30196217}
{"counts":[5,0,1,1,9,12,9,17,22,36,30,32,44,38,57,48,51,46,41,38,20,21,21,7,14,4,6,4,4,2],"wall_time":1.75411030379e9,"step":5,"max":0.8625323,"min":-0.8631352,"count":640,"bins":[-0.8631352,-0.805613,-0.74809074,-0.69056845,-0.6330462,-0.575524,-0.51800174,-0.46047947,-0.4029572,-0.34543496,-0.2879127,-0.23039046,-0.1728682,-0.115345955,-0.057823703,-0.0003014505,0.0572208,0.114743054,0.1722653,0.22978756,0.2873098,0.34483206,0.4023543,0.45987657,0.51739883,0.5749211,0.6324433,0.68996555,0.74748784,0.8050101,0.8625323],"mean":0.0061927587,"std":0.3019461}
{"counts":[5,0,1,1,9,12,9,17,23,35,33,29,45,41,54,48,51,44,41,38,21,21,21,7,14,5,5,4,4,2],"wall_time":1.754110304934e9,"step":6,"max":0.86367023,"min":-0.86208755,"count":640,"bins":[-0.86208755,-0.8045623,-0.74703705,-0.6895118,-0.6319865,-0.5744613,-0.516936,-0.45941073,-0.40188548,-0.3443602,-0.28683496,-0.2293097,-0.17178443,-0.114259176,-0.056733917,0.00079134107,0.0583166,0.11584186,0.17336711,0.23089238,0.28841764,0.34594288,0.40346816,0.4609934,0.5185187,0.57604396,0.6335692,0.69109446,0.74861974,0.80614495,0.86367023],"mean":0.006238297,"std":0.30198747}
{"counts":[5,0,1,1,9,12,9,16,23,37,30,31,46,42,53,48,51,44,45,34,20,22,21,6,15,6,3,4,4,2],"wall_time":1.754110306027e9,"step":7,"max":0.86712474,"min":-0.86191976,"count":640,"bins":[-0.86191976,-0.80428493,-0.7466501,-0.6890153,-0.6313805,-0.57374567,-0.51611084,-0.45847604,-0.40084124,-0.3432064,-0.2855716,-0.22793677,-0.17030196,-0.11266714,-0.055032328,0.0026024878,0.060237303,0.11787212,0.17550693,0.23314175,0.29077658,0.34841138,0.4060462,0.463681,0.5213158,0.57895064,0.6365855,0.6942203,0.7518551,0.8094899,0.86712474],"mean":0.006300535,"std":0.3020344}
{"counts":[5,0,1,2,9,11,9,17,21,39,33,32,41,42,54,47,58,35,47,35,20,22,20,7,14,5,5,3,4,2],"wall_time":1.754110307093e9,"step":8,"max":0.867032,"min":-0.8578589,"count":640,"bins":[-0.8578589,-0.8003625,-0.74286616,-0.6853698,-0.6278734,-0.57037705,-0.51288074,-0.45538434,-0.397888,-0.34039164,-0.28289527,-0.2253989,-0.16790254,-0.110406175,-0.052909814,0.0045865476,0.06208291,0.11957927,0.17707564,0.234572,0.29206836,0.34956473,0.4070611,0.46455744,0.52205384,0.57955015,0.6370465,0.6945429,0.75203925,0.8095356,0.867032],"mean":0.006234424,"std":0.30208716}
{"counts":[5,0,1,1,10,11,9,15,22,38,31,33,42,43,51,51,53,40,46,36,18,24,20,6,15,5,5,3,4,2],"wall_time":1.75411030821e9,"step":9,"max":0.8665516,"min":-0.86318916,"count":640,"bins":[-0.86318916,-0.80553114,-0.7478731,-0.6902151,-0.63255703,-0.574899,-0.517241,-0.45958298,-0.40192497,-0.34426695,-0.2866089,-0.22895089,-0.17129287,-0.11363484,-0.055976816,0.0016812086,0.059339233,0.11699726,0.17465529,0.2323133,0.28997132,0.34762937,0.40528738,0.4629454,0.5206034,0.57826144,0.63591945,0.6935775,0.75123554,0.80889356,0.8665516],"mean":0.006328021,"std":0.30214575}
{"counts":[5,0,1,1,11,10,9,15,23,37,32,34,39,45,51,50,54,37,46,36,19,25,21,5,14,6,5,3,4,2],"wall_time":1.754110309358e9,"step":10,"max":0.8637925,"min":-0.85837775,"count":640,"bins":[-0.85837775,-0.8009721,-0.7435664,-0.68616074,-0.62875503,-0.5713494,-0.51394373,-0.45653802,-0.39913237,-0.3417267,-0.284321,-0.22691533,-0.16950966,-0.112103984,-0.05469831,0.0027073622,0.060113035,0.11751871,0.17492439,0.23233005,0.28973573,0.3471414,0.4045471,0.46195275,0.51935846,0.5767641,0.63416976,0.69157547,0.7489811,0.8063868,0.8637925],"mean":0.0064770854,"std":0.30211705}
{"counts":[5,0,1,1,12,8,10,16,22,38,32,31,41,44,53,50,52,37,47,36,19,25,21,4,13,7,6,3,4,2],"wall_time":1.754110310479e9,"step":11,"max":0.85959816,"min":-0.8574486,"count":640,"bins":[-0.8574486,-0.8002137,-0.7429788,-0.6857439,-0.628509,-0.5712741,-0.5140392,-0.45680434,-0.39956945,-0.34233457,-0.28509966,-0.22786477,-0.17062989,-0.11339499,-0.0561601,0.001074791,0.05830968,0.11554457,0.17277947,0.23001435,0.28724924,0.34448415,0.40171903,0.45895392,0.5161888,0.5734237,0.63065857,0.6878935,0.7451284,0.8023633,0.85959816],"mean":0.0065325894,"std":0.3021615}
{"counts":[5,0,1,1,12,8,10,15,24,37,33,32,39,45,51,50,51,40,46,36,19,25,21,5,11,8,6,4,3,2],"wall_time":1.754110311611e9,"step":12,"max":0.8619049,"min":-0.85819167,"count":640,"bins":[-0.85819167,-0.8008551,-0.7435186,-0.686182,-0.62884545,-0.5715089,-0.5141724,-0.4568358,-0.39949924,-0.3421627,-0.28482613,-0.22748959,-0.17015304,-0.11281648,-0.05547993,0.0018566251,0.05919318,0.11652973,0.17386629,0.23120284,0.28853938,0.34587595,0.4032125,0.46054906,0.5178856,0.57522213,0.6325587,0.6898953,0.74723184,0.80456835,0.8619049],"mean":0.0065986314,"std":0.30224425}
{"counts":[5,0,1,1,11,10,9,14,26,35,36,31,38,48,47,52,53,40,43,36,19,26,20,5,12,6,7,4,3,2],"wall_time":1.754110312708e9,"step":13,"max":0.8638275,"min":-0.85761076,"count":640,"bins":[-0.85761076,-0.8002295,-0.7428482,-0.68546695,-0.6280857,-0.5707044,-0.5133231,-0.45594183,-0.39856055,-0.34117928,-0.283798,-0.22641672,-0.16903545,-0.11165417,-0.054272894,0.0031083822,0.06048966,0.117870934,0.17525221,0.23263349,0.29001477,0.34739605,0.40477732,0.4621586,0.5195399,0.57692116,0.63430244,0.6916837,0.749065,0.80644625,0.8638275],"mean":0.006663461,"std":0.30230397}
{"counts":[5,0,1,1,12,9,9,14,26,36,35,34,36,49,47,50,55,37,45,37,19,23,20,6,12,6,8,2,4,2],"wall_time":1.754110313767e9,"step":14,"max":0.8644761,"min":-0.8566795,"count":640,"bins":[-0.8566795,-0.79930764,-0.7419358,-0.68456393,-0.6271921,-0.5698202,-0.5124484,-0.45507652,-0.3977047,-0.34033284,-0.28296098,-0.22558911,-0.16821727,-0.11084541,-0.05347356,0.0038982928,0.061270144,0.118641995,0.17601386,0.2333857,0.29075757,0.34812942,0.40550128,0.4628731,0.52024496,0.5776168,0.63498867,0.6923605,0.7497324,0.80710423,0.8644761],"mean":0.0067474036,