{"counts":[5,3,7,8,17,25,57,52,96,123,156,180,217,177,207,184,165,108,88,69,43,24,18,8,4,4,2,0,0,1],"wall_time":1.754110299323e9,"step":1,"max":0.50839037,"min":-0.40870768,"count":2048,"bins":[-0.40870768,-0.37813774,-0.3475678,-0.3169979,-0.28642794,-0.255858,-0.22528806,-0.19471814,-0.1641482,-0.13357827,-0.10300833,-0.0724384,-0.04186846,-0.011298525,0.01927141,0.049841344,0.08041128,0.11098121,0.14155115,0.17212108,0.20269102,0.23326096,0.2638309,0.2944008,0.32497075,0.3555407,0.38611063,0.41668057,0.4472505,0.47782043,0.50839037],"mean":0.002035621,"std":0.12360272}
{"counts":[3,6,3,10,12,25,47,57,90,119,144,183,192,193,206,198,161,119,93,71,50,24,19,11,5,3,3,0,0,1],"wall_time":1.754110300475e9,"step":2,"max":0.502637,"min":-0.41690293,"count":2048,"bins":[-0.41690293,-0.3862516,-0.35560027,-0.32494894,-0.2942976,-0.26364627,-0.23299494,-0.20234361,-0.17169227,-0.14104094,-0.11038961,-0.07973828,-0.049086947,-0.018435614,0.012215718,0.04286705,0.07351838,0.10416971,0.13482104,0.16547237,0.1961237,0.22677504,0.25742638,0.2880777,0.31872904,0.34938037,0.3800317,0.41068304,0.44133437,0.4719857,0.502637],"mean":0.0010811021,"std":0.123899095}
{"counts":[2,4,6,10,10,26,42,63,84,111,142,180,193,192,201,193,172,120,98,74,53,28,19,13,5,3,3,0,0,1],"wall_time":1.754110301618e9,"step":3,"max":0.4976305,"min":-0.4195579,"count":2048,"bins":[-0.4195579,-0.38898495,-0.358412,-0.32783905,-0.29726613,-0.26669317,-0.23612022,-0.20554727,-0.17497432,-0.14440137,-0.11382843,-0.083255485,-0.052682538,-0.02210959,0.008463357,0.039036304,0.06960925,0.1001822,0.13075514,0.16132809,0.19190104,0.22247398,0.25304693,0.28361988,0.31419283,0.34476578,0.37533873,0.40591165,0.4364846,0.46705756,0.4976305],"mean":0.000588731,"std":0.124112405}
{"counts":[1,5,5,10,10,24,39,56,73,124,123,181,202,184,211,191,169,134,102,76,49,32,20,15,5,4,2,0,0,1],"wall_time":1.754110302714e9,"step":4,"max":0.4961182,"min":-0.42782384,"count":2048,"bins":[-0.42782384,-0.39702576,-0.36622772,-0.33542964,-0.30463156,-0.2738335,-0.24303544,-0.21223737,-0.1814393,-0.15064123,-0.11984316,-0.0890451,-0.05824703,-0.027448962,0.0033491056,0.034147173,0.06494524,0.095743306,0.12654138,0.15733944,0.18813752,0.21893558,0.24973364,0.2805317,0.31132978,0.34212786,0.3729259,0.40372398,0.43452206,0.4653201,0.4961182],"mean":-0.00037833242,"std":0.12443261}
{"counts":[1,5,5,10,10,24,37,56,74,127,125,166,207,177,220,189,170,134,102,79,48,36,18,16,5,4,1,1,0,1],"wall_time":1.754110303793e9,"step":5,"max":0.49402258,"min":-0.42907745,"count":2048,"bins":[-0.42907745,-0.39830744,-0.36753744,-0.33676744,-0.30599743,-0.27522743,-0.24445744,-0.21368743,-0.18291745,-0.15214744,-0.12137744,-0.090607435,-0.05983744,-0.029067436,0.001702565,0.032472566,0.06324257,0.094012566,0.12478257,0.15555257,0.18632257,0.21709257,0.24786258,0.27863258,0.30940259,0.3401726,0.37094256,0.40171257,0.43248257,0.46325257,0.49402258],"mean":-0.0013669026,"std":0.12468607}
{"counts":[1,5,6,9,11,24,39,57,74,121,134,172,198,193,209,193,164,136,100,79,51,26,19,15,5,4,1,1,0,1],"wall_time":1.754110304939e9,"step":6,"max":0.49915403,"min":-0.43124586,"count":2048,"bins":[-0.43124586,-0.40023252,-0.3692192,-0.33820587,-0.30719253,-0.27617922,-0.24516588,-0.21415256,-0.18313922,-0.1521259,-0.12111256,-0.09009924,-0.059085906,-0.028072575,0.0029407542,0.033954084,0.064967416,0.09598074,0.12699407,0.1580074,0.18902074,0.22003406,0.2510474,0.2820607,0.31307405,0.3440874,0.3751007,0.40611404,0.43712738,0.4681407,0.49915403],"mean":-0.0017477637,"std":0.1248383}
{"counts":[1,4,5,8,12,21,36,52,75,116,120,181,199,181,214,197,174,139,100,82,52,31,20,16,4,5,1,1,0,1],"wall_time":1.754110306033e9,"step":7,"max":0.49509934,"min":-0.43645814,"count":2048,"bins":[-0.43645814,-0.40540624,-0.3743543,-0.3433024,-0.31225047,-0.28119856,-0.25014666,-0.21909472,-0.18804282,-0.1569909,-0.12593898,-0.09488706,-0.06383515,-0.032783233,-0.0017313182,0.029320598,0.060372513,0.09142443,0.12247635,0.15352826,0.18458018,0.2156321,0.24668401,0.27773592,0.30878785,0.33983976,0.37089166,0.4019436,0.4329955,0.46404743,0.49509934],"mean":-0.0022926754,"std":0.12499169}
{"counts":[1,4,4,8,11,23,34,48,74,114,115,178,207,177,212,199,177,141,101,86,54,31,20,17,4,5,1,1,0,1],"wall_time":1.754110307099e9,"step":8,"max":0.49426764,"min":-0.44179758,"count":2048,"bins":[-0.44179758,-0.41059542,-0.37939325,-0.34819105,-0.3169889,-0.28578672,-0.25458455,-0.22338237,-0.19218019,-0.16097802,-0.12977584,-0.09857367,-0.067371495,-0.03616932,-0.004967145,0.02623503,0.057437204,0.08863938,0.11984155,0.15104373,0.1822459,0.21344808,0.24465024,0.2758524,0.3070546,0.33825678,0.36945894,0.4006611,0.4318633,0.46306548,0.49426764],"mean":-0.0033136874,"std":0.12525679}
{"counts":[1,4,5,6,12,24,30,54,71,112,122,186,200,175,214,204,173,134,103,86,53,31,21,15,5,4,1,1,0,1],"wall_time":1.754110308215e9,"step":9,"max":0.49741203,"min":-0.44389468,"count":2048,"bins":[-0.44389468,-0.4125178,-0.38114092,-0.34976402,-0.31838712,-0.28701022,-0.25563335,-0.22425646,-0.19287956,-0.16150267,-0.13012578,-0.09874889,-0.067372,-0.03599511,-0.0046182196,0.02675867,0.05813556,0.08951245,0.12088934,0.15226623,0.18364312,0.21502002,0.2463969,0.2777738,0.3091507,0.34052756,0.37190446,0.40328136,0.43465826,0.46603513,0.49741203],"mean":-0.0037642564,"std":0.12540382}
{"counts":[1,4,6,6,12,23,28,58,70,108,135,181,191,181,229,193,171,141,105,74,57,27,22,13,5,4,1,1,0,1],"wall_time":1.754110309378e9,"step":10,"max":0.5006271,"min":-0.44509313,"count":2048,"bins":[-0.44509313,-0.41356912,-0.38204512,-0.35052112,-0.31899709,-0.28747308,-0.25594908,-0.22442508,-0.19290106,-0.16137706,-0.12985305,-0.098329045,-0.066805035,-0.03528103,-0.0037570198,0.027766988,0.059290994,0.090815,0.12233901,0.15386301,0.18538703,0.21691103,0.24843504,0.27995905,0.31148306,0.34300706,0.37453106,0.4060551,0.4375791,0.4691031,0.5006271],"mean":-0.00419504,"std":0.12552124}
{"counts":[1,3,7,5,14,21,29,55,73,107,130,191,191,177,223,199,168,145,104,73,54,29,23,14,5,4,1,1,0,1],"wall_time":1.754110310496e9,"step":11,"max":0.49873486,"min":-0.44584712,"count":2048,"bins":[-0.44584712,-0.41436106,-0.382875,-0.35138893,-0.31990287,-0.2884168,-0.25693074,-0.22544466,-0.1939586,-0.16247253,-0.13098647,-0.099500395,-0.06801433,-0.036528263,-0.005042197,0.026443869,0.057929937,0.089416005,0.12090207,0.15238814,0.1838742,0.21536027,0.24684633,0.2783324,0.30981848,0.34130454,0.3727906,0.40427667,0.43576273,0.4672488,0.49873486],"mean":-0.004737313,"std":0.12568635}
{"counts":[1,1,7,6,15,17,29,54,75,101,127,190,193,186,218,195,178,142,105,81,53,25,22,15,6,3,1,1,0,1],"wall_time":1.754110311626e9,"step":12,"max":0.5025761,"min":-0.45095527,"count":2048,"bins":[-0.45095527,-0.4191709,-0.3873865,-0.35560215,-0.32381776,-0.29203337,-0.260249,-0.22846462,-0.19668023,-0.16489586,-0.13311148,-0.1013271,-0.06954272,-0.03775834,-0.005973959,0.02581042,0.0575948,0.08937918,0.12116356,0.15294793,0.18473232,0.2165167,0.24830107,0.28008544,0.31186983,0.34365422,0.3754386,0.407223,0.43900734,0.47079173,0.5025761],"mean":-0.0047299443,"std":0.12579657}
{"counts":[1,1,9,4,16,16,27,58,72,101,136,179,194,182,215,210,168,144,104,81,54,26,23,15,6,3,1,1,0,1],"wall_time":1.75411031271e9,"step":13,"max":0.49939257,"min":-0.4494365,"count":2048,"bins":[-0.4494365,-0.41780886,-0.3861812,-0.35455358,-0.32292596,-0.2912983,-0.25967067,-0.22804303,-0.19641541,-0.16478777,-0.13316013,-0.1015325,-0.069904864,-0.038277227,-0.0066495934,0.024978042,0.056605678,0.088233314,0.11986095,0.15148859,0.18311621,0.21474385,0.2463715,0.27799913,0.30962676,0.34125438,0.37288204,0.40450966,0.4361373,0.46776494,0.49939257],"mean":-0.005041857,"std":0.1258706}
{"counts":[1,1,8,5,14,16,28,60,69,102,133,182,192,182,214,202,175,148,107,75,57,26,24,15,6,3,1,1,0,1],"wall_time":1.754110313774e9,"step":14,"max":0.4995759,"min":-0.45166454,"count":2048,