{"counts":[1,2,1,1,0,1,2,1,3,2,2,3,2,3,4,3,6,4,2,1,2,0,2,4,3,1,3,4,0,1],"wall_time":1.754150916643e9,"step":1,"max":1.0152125,"min":0.98547876,"count":64,"bins":[0.98547876,0.98646986,0.98746103,0.98845214,0.98944324,0.9904344,0.9914255,0.9924166,0.9934078,0.9943989,0.99539,0.99638116,0.99737227,0.9983634,0.99935454,1.0003457,1.0013368,1.0023279,1.003319,1.0043101,1.0053012,1.0062925,1.0072836,1.0082747,1.0092658,1.0102569,1.011248,1.0122392,1.0132303,1.0142214,1.0152125],"mean":1.0014224,"std":0.0074431472}
{"counts":[2,1,1,0,1,1,1,1,3,2,1,4,4,5,2,5,6,2,2,3,3,2,1,3,3,1,3,0,0,1],"wall_time":1.754150918795e9,"step":2,"max":1.0247277,"min":0.97835827,"count":64,"bins":[0.97835827,0.97990394,0.98144954,0.9829952,0.9845409,0.9860865,0.98763216,0.9891778,0.99072343,0.9922691,0.99381477,0.9953604,0.99690604,0.9984517,0.9999973,1.001543,1.0030886,1.0046343,1.0061799,1.0077256,1.0092713,1.0108169,1.0123625,1.0139081,1.0154538,1.0169995,1.0185452,1.0200908,1.0216364,1.023182,1.0247277],"mean":1.0022206,"std":0.010567257}
{"counts":[1,2,1,1,0,1,3,1,0,1,4,6,1,3,4,4,3,5,2,0,3,6,2,0,5,1,1,1,0,2],"wall_time":1.75415092077e9,"step":3,"max":1.0304257,"min":0.97390527,"count":64,"bins":[0.97390527,0.9757893,0.9776733,0.9795573,0.9814413,0.98332536,0.98520935,0.9870933,0.9889774,0.9908614,0.9927454,0.9946294,0.9965134,0.99839747,1.0002815,1.0021654,1.0040495,1.0059335,1.0078175,1.0097015,1.0115855,1.0134696,1.0153536,1.0172375,1.0191216,1.0210056,1.0228896,1.0247736,1.0266576,1.0285417,1.0304257],"mean":1.0035203,"std":0.013435817}
{"counts":[3,0,1,1,3,1,0,2,4,1,1,3,2,4,4,4,1,3,3,1,5,3,1,2,2,3,2,1,2,1],"wall_time":1.754150922378e9,"step":4,"max":1.0317063,"min":0.9743851,"count":64,"bins":[0.9743851,0.97629577,0.9782065,0.9801172,0.9820279,0.98393863,0.9858493,0.98776007,0.98967075,0.99158144,0.9934922,0.9954029,0.99731356,0.9992243,1.001135,1.0030457,1.0049564,1.0068672,1.0087779,1.0106885,1.0125992,1.0145099,1.0164207,1.0183314,1.0202421,1.0221528,1.0240635,1.0259742,1.027885,1.0297956,1.0317063],"mean":1.0042163,"std":0.01484669}
{"counts":[1,1,2,2,1,0,1,1,3,2,2,4,1,4,4,4,6,3,0,3,4,2,3,1,4,1,0,0,2,2],"wall_time":1.754150924428e9,"step":5,"max":1.0403113,"min":0.96835923,"count":64,"bins":[0.96835923,0.97075766,0.97315603,0.97555447,0.97795284,0.98035127,0.98274964,0.9851481,0.98754644,0.9899449,0.99234325,0.9947417,0.99714005,0.9995385,1.0019369,1.0043353,1.0067337,1.0091321,1.0115305,1.0139289,1.0163273,1.0187258,1.0211241,1.0235225,1.0259209,1.0283194,1.0307177,1.0331161,1.0355145,1.037913,1.0403113],"mean":1.005703,"std":0.017502788}
{"counts":[1,2,3,0,1,1,1,3,0,2,6,4,3,1,5,5,2,2,2,1,2,3,2,4,1,2,0,0,1,4],"wall_time":1.75415092627e9,"step":6,"max":1.0451562,"min":0.96683544,"count":64,"bins":[0.96683544,0.9694461,0.9720568,0.97466755,0.97727823,0.9798889,0.9824996,0.9851103,0.98772097,0.9903317,0.9929424,0.9955531,0.99816376,1.0007745,1.0033852,1.0059959,1.0086066,1.0112172,1.0138279,1.0164386,1.0190493,1.02166,1.0242707,1.0268813,1.0294921,1.0321028,1.0347135,1.0373242,1.0399349,1.0425456,1.0451562],"mean":1.0064236,"std":0.020130232}
{"counts":[1,0,2,2,0,4,1,2,0,4,2,5,3,4,5,2,1,5,2,1,3,4,1,2,2,1,2,0,1,2],"wall_time":1.754150928337e9,"step":7,"max":1.0530151,"min":0.96152985,"count":64,"bins":[0.96152985,0.96457934,0.9676289,0.9706784,0.9737279,0.9767774,0.9798269,0.9828764,0.9859259,0.9889754,0.99202496,0.99507445,0.99812394,1.0011735,1.004223,1.0072725,1.010322,1.0133715,1.016421,1.0194706,1.0225201,1.0255696,1.028619,1.0316685,1.034718,1.0377675,1.040817,1.0438666,1.0469161,1.0499656,1.0530151],"mean":1.0071783,"std":0.022204297}
{"counts":[2,0,1,3,0,3,2,2,0,2,4,6,3,6,2,2,0,6,2,3,2,5,0,1,1,2,0,2,0,2],"wall_time":1.754150930396e9,"step":8,"max":1.0599133,"min":0.95929277,"count":64,"bins":[0.95929277,0.9626468,0.9660008,0.9693548,0.9727088,0.97606283,0.97941685,0.98277086,0.98612493,0.98947895,0.99283296,0.996187,0.999541,1.002895,1.006249,1.009603,1.0129571,1.016311,1.0196651,1.0230191,1.0263731,1.0297271,1.0330812,1.0364351,1.0397892,1.0431432,1.0464972,1.0498512,1.0532053,1.0565592,1.0599133],"mean":1.0081432,"std":0.024046198}
{"counts":[2,0,1,1,2,1,2,3,1,2,3,5,4,4,5,0,4,3,5,2,1,4,2,0,1,2,0,1,1,2],"wall_time":1.754150932593e9,"step":9,"max":1.063494,"min":0.95650864,"count":64,"bins":[0.95650864,0.96007484,0.963641,0.9672072,0.97077334,0.97433954,0.9779057,0.9814719,0.98503804,0.98860425,0.9921704,0.9957366,0.99930274,1.0028689,1.0064352,1.0100013,1.0135674,1.0171337,1.0206999,1.024266,1.0278322,1.0313984,1.0349646,1.0385307,1.0420969,1.0456631,1.0492293,1.0527954,1.0563616,1.0599278,1.063494],"mean":1.0091273,"std":0.025148401}
{"counts":[2,1,2,0,1,1,3,1,3,3,5,2,6,2,2,4,5,4,1,3,3,2,0,1,1,2,0,0,1,3],"wall_time":1.754150934741e9,"step":10,"max":1.0669848,"min":0.9567678,"count":64,"bins":[0.9567678,0.9604417,0.9641156,0.9677895,0.9714634,0.9751373,0.9788112,0.9824851,0.98615897,0.9898329,0.9935068,0.9971807,1.0008546,1.0045285,1.0082024,1.0118763,1.0155501,1.019224,1.022898,1.0265719,1.0302458,1.0339197,1.0375936,1.0412675,1.0449414,1.0486153,1.0522891,1.055963,1.059637,1.0633109,1.0669848],"mean":1.0095656,"std":0.026477734}
{"counts":[1,1,0,2,2,1,1,2,3,4,3,5,5,2,3,1,6,2,2,6,1,0,2,2,1,1,0,1,2,2],"wall_time":1.754150937254e9,"step":11,"max":1.0714377,"min":0.9515852,"count":64,"bins":[0.9515852,0.95558023,0.95957536,0.9635704,0.96756554,0.9715606,0.97555566,0.9795508,0.98354584,0.98754096,0.991536,0.9955311,0.9995262,1.0035213,1.0075164,1.0115114,1.0155065,1.0195016,1.0234967,1.0274918,1.0314869,1.0354819,1.039477,1.0434722,1.0474672,1.0514623,1.0554574,1.0594524,1.0634476,1.0674427,1.0714377],"mean":1.0103241,"std":0.028493792}
{"counts":[1,0,1,2,1,2,1,3,1,5,4,7,4,2,3,0,7,4,2,1,1,2,2,2,1,0,3,0,1,1],"wall_time":1.75415093975e9,"step":12,"max":1.0810518,"min":0.94717383,"count":64,"bins":[0.94717383,0.95163643,0.95609903,0.96056163,0.96502423,0.96948683,0.97394943,0.97841203,0.98287463,0.98733723,0.99179983,0.99626243,1.000725,1.0051876,1.0096502,1.0141128,1.0185754,1.023038,1.0275006,1.0319632,1.0364258,1.0408884,1.045351,1.0498136,1.0542762,1.0587388,1.0632014,1.067664,1.0721266,1.0765892,1.0810518],"mean":1.0110304,"std":0.030437134}
{"counts":[2,0,1,3,0,3,2,2,0,2,4,6,3,6,2,2,0,6,2,3,2,5,0,1,1,2,0,2,0,2],"wall_time":1.754150943204e9,"step":13,"max":1.0599133,"min":0.95929277,"count":64,"bins":[0.95929277,0.9626468,0.9660008,0.9693548,0.9727088,0.97606283,0.97941685,0.98277086,0.98612493,0.98947895,0.99283296,0.996187,0.999541,1.002895,1.006249,1.009603,1.0129571,1.016311,1.0196651,1.0230191,1.0263731,1.0297271,1.0330812,1.0364351,1.0397892,1.0431432,1.0464972,1.0498512,1.0532053,1.0565592,1.0599133],"mean":1.0081432,"std":0.024046198}
