{"counts":[3,0,3,1,2,5,1,4,6,4,9,4,6,5,4,8,8,1,3,5,3,7,2,1,0,0,0,0,0,1],"wall_time":1.754150916678e9,"step":1,"max":0.5000671,"min":-0.40622565,"count":96,"bins":[-0.40622565,-0.3760159,-0.34580612,-0.31559637,-0.28538662,-0.25517687,-0.22496709,-0.19475734,-0.16454758,-0.13433783,-0.10412806,-0.073918305,-0.043708544,-0.013498786,0.016710972,0.04692073,0.07713049,0.10734025,0.13755001,0.16775976,0.19796953,0.22817929,0.25838906,0.2885988,0.31880856,0.3490183,0.3792281,0.40943784,0.4396476,0.46985736,0.5000671],"mean":-0.013444025,"std":0.18177842}
{"counts":[3,0,3,1,4,3,2,4,7,5,7,6,6,4,7,5,6,4,0,6,6,4,1,1,0,0,0,0,0,1],"wall_time":1.754150918834e9,"step":2,"max":0.50565463,"min":-0.39212888,"count":96,"bins":[-0.39212888,-0.36220276,-0.33227664,-0.30235052,-0.27242443,-0.2424983,-0.21257219,-0.18264607,-0.15271994,-0.12279383,-0.09286771,-0.062941596,-0.03301548,-0.0030893604,0.026836757,0.056762874,0.08668899,0.11661511,0.14654122,0.17646734,0.20639347,0.23631957,0.2662457,0.2961718,0.32609794,0.35602406,0.38595018,0.41587627,0.4458024,0.4757285,0.50565463],"mean":-0.012911034,"std":0.17895763}
{"counts":[3,1,2,1,5,3,3,4,7,6,5,6,6,4,6,8,4,3,1,5,7,3,1,1,0,0,0,0,0,1],"wall_time":1.754150920779e9,"step":3,"max":0.50175154,"min":-0.37779757,"count":96,"bins":[-0.37779757,-0.34847927,-0.31916097,-0.28984267,-0.26052436,-0.23120606,-0.20188776,-0.17256945,-0.14325114,-0.11393284,-0.08461454,-0.05529623,-0.025977928,0.0033403763,0.03265868,0.061976984,0.09129529,0.12061359,0.1499319,0.1792502,0.2085685,0.2378868,0.26720512,0.29652342,0.32584172,0.35516003,0.38447833,0.41379663,0.44311494,0.47243324,0.50175154],"mean":-0.012604536,"std":0.17632768}
{"counts":[3,1,3,1,5,2,3,6,7,5,5,5,6,4,7,7,4,3,2,5,6,3,1,1,0,0,0,0,0,1],"wall_time":1.754150922396e9,"step":4,"max":0.4983647,"min":-0.36810067,"count":96,"bins":[-0.36810067,-0.3392185,-0.31033632,-0.28145415,-0.25257197,-0.22368978,-0.1948076,-0.16592543,-0.13704324,-0.10816106,-0.07927889,-0.050396707,-0.02151453,0.0073676496,0.036249828,0.06513201,0.09401418,0.122896366,0.15177855,0.18066072,0.2095429,0.23842508,0.26730725,0.29618943,0.3250716,0.3539538,0.38283598,0.41171816,0.44060034,0.4694825,0.4983647],"mean":-0.012414805,"std":0.17420721}
{"counts":[3,1,3,2,4,2,3,8,5,5,6,4,7,5,5,7,5,2,3,5,6,2,2,0,0,0,0,0,0,1],"wall_time":1.754150924444e9,"step":5,"max":0.49494874,"min":-0.36258984,"count":96,"bins":[-0.36258984,-0.3340052,-0.3054206,-0.27683598,-0.24825136,-0.21966673,-0.19108212,-0.1624975,-0.13391288,-0.10532826,-0.07674364,-0.048159022,-0.019574404,0.009010215,0.037594836,0.066179454,0.094764076,0.12334869,0.15193331,0.18051793,0.20910256,0.23768717,0.2662718,0.2948564,0.32344103,0.35202566,0.38061026,0.4091949,0.43777952,0.46636412,0.49494874],"mean":-0.012224144,"std":0.17215961}
{"counts":[3,1,3,2,3,3,3,8,5,5,7,3,6,6,5,7,5,2,2,7,5,2,0,2,0,0,0,0,0,1],"wall_time":1.754150926289e9,"step":6,"max":0.48713207,"min":-0.3602733,"count":96,"bins":[-0.3602733,-0.33202645,-0.3037796,-0.27553275,-0.24728592,-0.21903907,-0.19079223,-0.16254538,-0.13429853,-0.10605169,-0.07780484,-0.049558,-0.021311153,0.006935694,0.03518254,0.063429385,0.09167623,0.11992308,0.14816992,0.17641677,0.20466362,0.23291045,0.2611573,0.28940415,0.317651,0.34589785,0.3741447,0.40239152,0.43063837,0.45888522,0.48713207],"mean":-0.0121794315,"std":0.1707447}
{"counts":[3,1,2,3,4,4,0,8,6,5,6,3,8,5,5,7,5,2,2,7,4,3,1,1,0,0,0,0,0,1],"wall_time":1.754150928398e9,"step":7,"max":0.4856683,"min":-0.35608786,"count":96,"bins":[-0.35608786,-0.32802933,-0.29997078,-0.27191225,-0.2438537,-0.21579517,-0.18773663,-0.15967809,-0.13161956,-0.103561014,-0.07550248,-0.047443938,-0.019385397,0.008673142,0.03673168,0.06479022,0.092848755,0.1209073,0.14896584,0.17702438,0.20508291,0.23314145,0.26119998,0.28925854,0.31731707,0.3453756,0.37343416,0.40149269,0.4295512,0.45760977,0.4856683],"mean":-0.012017459,"std":0.16909434}
{"counts":[3,1,2,3,4,4,1,8,5,5,6,4,7,5,6,6,6,2,3,6,3,3,1,1,0,0,0,0,0,1],"wall_time":1.754150930418e9,"step":8,"max":0.48600465,"min":-0.35369635,"count":96,"bins":[-0.35369635,-0.3257063,-0.2977163,-0.26972625,-0.24173622,-0.21374618,-0.18575615,-0.15776612,-0.12977608,-0.10178605,-0.07379601,-0.04580598,-0.017815948,0.010174085,0.03816412,0.06615415,0.09414419,0.122134216,0.15012425,0.17811428,0.20610432,0.23409435,0.2620844,0.2900744,0.31806445,0.3460545,0.3740445,0.40203455,0.4300246,0.4580146,0.48600465],"mean":-0.011962727,"std":0.16800922}
{"counts":[2,2,2,3,4,3,2,8,5,6,5,4,7,5,8,4,6,2,3,6,4,2,1,1,0,0,0,0,0,1],"wall_time":1.754150932614e9,"step":9,"max":0.48543394,"min":-0.34874666,"count":96,"bins":[-0.34874666,-0.32094064,-0.29313463,-0.2653286,-0.23752257,-0.20971656,-0.18191054,-0.15410452,-0.1262985,-0.09849248,-0.07068646,-0.04288044,-0.01507442,0.0127316,0.040537618,0.06834364,0.09614966,0.12395568,0.1517617,0.17956772,0.20737374,0.23517975,0.26298577,0.2907918,0.31859782,0.34640384,0.37420985,0.40201586,0.4298219,0.45762792,0.48543394],"mean":-0.011858907,"std":0.16689375}
{"counts":[2,2,2,3,4,3,2,8,5,6,5,4,7,4,9,3,7,2,3,6,5,1,1,1,0,0,0,0,0,1],"wall_time":1.754150934789e9,"step":10,"max":0.48534125,"min":-0.3474994,"count":96,"bins":[-0.3474994,-0.31973803,-0.2919767,-0.26421535,-0.23645398,-0.20869263,-0.18093127,-0.15316992,-0.12540856,-0.097647205,-0.06988585,-0.042124495,-0.01436314,0.013398215,0.04115957,0.068920925,0.09668228,0.124443635,0.15220499,0.17996635,0.2077277,0.23548906,0.2632504,0.29101175,0.31877312,0.3465345,0.37429583,0.40205717,0.42981854,0.4575799,0.48534125],"mean":-0.011805429,"std":0.16560687}
{"counts":[2,2,2,4,2,4,4,8,4,7,3,6,7,6,5,3,8,1,5,4,5,1,1,1,0,0,0,0,0,1],"wall_time":1.754150937318e9,"step":11,"max":0.4849805,"min":-0.34063512,"count":96,"bins":[-0.34063512,-0.3131146,-0.28559408,-0.25807357,-0.23055305,-0.20303252,-0.175512,-0.14799148,-0.120470956,-0.09295043,-0.06542992,-0.037909396,-0.010388875,0.017131645,0.044652168,0.07217269,0.09969321,0.12721373,0.15473425,0.18225476,0.20977528,0.2372958,0.26481634,0.29233685,0.31985736,0.3473779,0.3748984,0.40241894,0.42993945,0.45746,0.4849805],"mean":-0.011720139,"std":0.16469882}
{"counts":[3,2,1,4,3,3,4,9,3,8,2,6,8,4,6,4,6,2,4,5,5,1,1,1,0,0,0,0,0,1],"wall_time":1.754150939774e9,"step":12,"max":0.480507,"min":-0.33624348,"count":96,"bins":[-0.33624348,-0.30901846,-0.28179345,-0.25456843,-0.22734343,-0.20011841,-0.17289339,-0.14566837,-0.118443355,-0.09121834,-0.06399333,-0.03676831,-0.009543294,0.017681722,0.04490674,0.07213175,0.09935677,0.12658179,0.1538068,0.18103181,0.20825683,0.23548184,0.26270688,0.28993186,0.31715688,0.3443819,0.37160692,0.39883193,0.42605695,0.45328197,0.480507],"mean":-0.011707931,"std":0.16405775}
{"counts":[3,1,2,3,4,4,1,8,5,5,6,4,7,5,6,6,6,2,3,6,3,3,1,1,0,0,0,0,0,1],"wall_time":1.754150943243e9,"step":13,"max":0.48600465,"min":-0.35369635,"count":96,"bins":[-0.35369635,-0.3257063,-0.2977163,-0.26972625,-0.24173622,-0.21374618,-0.18575615,-0.15776612,-0.12977608,-0.10178605,-0.07379601,-0.04580598,-0.017815948,0.010174085,0.03816412,0.06615415,0.09414419,0.122134216,0.15012425,0.17811428,0.20610432,0.23409435,0.2620844,0.2900744,0.31806445,0.3460545,0.3740445,0.40203455,0.4300246,0.4580146,0.48600465],"mean":-0.011962727,"std":0.16800922}
