{"counts":[1,0,0,0,1,0,1,1,6,4,0,3,5,2,1,2,3,6,5,2,2,6,1,2,2,2,3,1,1,1],"wall_time":1.754150916427e9,"step":1,"max":0.01699584,"min":-0.017732706,"count":64,"bins":[-0.017732706,-0.016575087,-0.01541747,-0.014259852,-0.013102233,-0.011944615,-0.010786997,-0.009629379,-0.00847176,-0.0073141423,-0.006156524,-0.004998906,-0.0038412877,-0.0026836696,-0.0015260513,-0.00036843307,0.0007891851,0.0019468033,0.0031044215,0.00426204,0.005419658,0.006577276,0.0077348943,0.008892513,0.010050131,0.011207749,0.012365367,0.013522985,0.0146806035,0.01583822,0.01699584],"mean":0.0015305432,"std":0.0076028453}
{"counts":[1,0,0,1,1,0,2,1,1,3,2,1,5,4,6,2,4,3,2,4,3,2,2,5,3,2,1,0,1,2],"wall_time":1.754150918794e9,"step":2,"max":0.02260251,"min":-0.023218244,"count":64,"bins":[-0.023218244,-0.021690886,-0.020163527,-0.018636169,-0.017108811,-0.015581452,-0.0140540935,-0.012526735,-0.010999377,-0.009472018,-0.007944659,-0.006417301,-0.0048899427,-0.0033625842,-0.0018352257,-0.0003078673,0.0012194911,0.0027468496,0.004274208,0.0058015664,0.007328925,0.0088562835,0.010383642,0.011911,0.013438359,0.014965718,0.016493076,0.018020434,0.019547792,0.021075152,0.02260251],"mean":0.0022548116,"std":0.010127586}
{"counts":[2,0,0,0,0,1,1,1,3,1,2,3,4,6,1,1,5,5,6,2,2,4,3,2,2,2,1,0,2,2],"wall_time":1.754150920768e9,"step":3,"max":0.02776452,"min":-0.027846621,"count":64,"bins":[-0.027846621,-0.025992917,-0.024139212,-0.022285508,-0.020431802,-0.018578097,-0.016724393,-0.014870688,-0.013016984,-0.011163279,-0.009309574,-0.0074558696,-0.005602165,-0.0037484602,-0.0018947555,-4.1050836e-5,0.0018126538,0.0036663585,0.0055200635,0.007373768,0.009227472,0.011081178,0.012934882,0.014788587,0.016642291,0.018495996,0.0203497,0.022203406,0.02405711,0.025910815,0.02776452],"mean":0.0033411467,"std":0.012279449}
{"counts":[1,0,1,0,0,1,1,2,1,1,3,2,5,0,2,7,4,6,2,6,3,2,3,3,1,3,1,0,0,3],"wall_time":1.754150922378e9,"step":4,"max":0.03225119,"min":-0.033622883,"count":64,"bins":[-0.033622883,-0.03142708,-0.029231278,-0.027035477,-0.024839673,-0.022643872,-0.020448068,-0.018252267,-0.016056463,-0.013860662,-0.011664859,-0.0094690565,-0.007273254,-0.0050774515,-0.002881649,-0.00068584643,0.001509956,0.0037057584,0.005901561,0.008097364,0.010293166,0.012488969,0.014684771,0.016880574,0.019076375,0.021272179,0.02346798,0.025663784,0.027859585,0.030055389,0.03225119],"mean":0.003558911,"std":0.013909511}
{"counts":[1,1,0,0,1,0,1,2,1,3,1,4,3,3,4,5,4,7,4,2,4,1,0,4,2,2,1,1,1,1],"wall_time":1.754150924402e9,"step":5,"max":0.040181752,"min":-0.03727885,"count":64,"bins":[-0.03727885,-0.03469683,-0.03211481,-0.02953279,-0.02695077,-0.02436875,-0.021786729,-0.01920471,-0.016622689,-0.014040669,-0.011458649,-0.008876629,-0.006294609,-0.0037125887,-0.0011305687,0.0014514513,0.0040334715,0.0066154916,0.009197512,0.011779532,0.014361552,0.016943572,0.019525591,0.022107612,0.024689632,0.027271653,0.029853672,0.032435693,0.035017714,0.03759973,0.040181752],"mean":0.004947647,"std":0.016376233}
{"counts":[1,0,0,1,2,0,1,2,2,1,3,3,2,5,5,2,5,6,3,2,4,3,1,0,2,2,2,1,2,1],"wall_time":1.754150926268e9,"step":6,"max":0.044117957,"min":-0.040102735,"count":64,"bins":[-0.040102735,-0.03729538,-0.034488022,-0.031680666,-0.02887331,-0.026065953,-0.023258597,-0.02045124,-0.017643884,-0.014836527,-0.012029171,-0.009221815,-0.006414458,-0.0036071017,-0.0007997453,0.002007611,0.0048149675,0.007622324,0.01042968,0.013237037,0.016044393,0.01885175,0.021659106,0.024466462,0.027273819,0.030081175,0.03288853,0.035695888,0.038503245,0.0413106,0.044117957],"mean":0.0054901917,"std":0.018362382}
{"counts":[1,0,0,0,1,1,1,0,4,1,2,1,4,3,7,1,5,4,4,3,5,4,1,0,1,3,1,2,2,2],"wall_time":1.754150928333e9,"step":7,"max":0.047336873,"min":-0.048235506,"count":64,"bins":[-0.048235506,-0.04504976,-0.041864015,-0.038678266,-0.03549252,-0.032306775,-0.02912103,-0.025935285,-0.022749538,-0.019563792,-0.016378047,-0.013192301,-0.010006554,-0.0068208086,-0.0036350626,-0.00044931658,0.0027364295,0.0059221755,0.009107921,0.0122936675,0.015479413,0.01866516,0.021850904,0.025036652,0.028222397,0.031408142,0.034593888,0.037779633,0.040965382,0.044151127,0.047336873],"mean":0.006253045,"std":0.020900002}
{"counts":[1,0,0,1,2,0,1,1,5,0,2,4,3,5,3,2,3,6,3,3,7,1,1,1,2,1,0,3,2,1],"wall_time":1.754150930394e9,"step":8,"max":0.054302007,"min":-0.048526272,"count":64,"bins":[-0.048526272,-0.045098662,-0.041671053,-0.038243443,-0.034815837,-0.031388227,-0.027960617,-0.024533007,-0.021105397,-0.017677788,-0.014250179,-0.01082257,-0.0073949606,-0.0039673513,-0.0005397419,0.0028878674,0.0063154767,0.009743086,0.013170695,0.016598305,0.020025915,0.023453522,0.026881132,0.030308742,0.033736352,0.03716396,0.04059157,0.044019178,0.047446787,0.050874397,0.054302007],"mean":0.007100238,"std":0.023194715}
{"counts":[1,1,0,0,1,1,0,1,3,4,4,1,2,6,4,1,2,3,5,5,8,1,0,1,2,0,2,1,1,3],"wall_time":1.75415093259e9,"step":9,"max":0.057382774,"min":-0.052274913,"count":64,"bins":[-0.052274913,-0.048619658,-0.0449644,-0.041309144,-0.03765389,-0.03399863,-0.030343376,-0.02668812,-0.023032863,-0.019377606,-0.015722351,-0.012067094,-0.008411838,-0.004756582,-0.0011013257,0.0025539305,0.0062091867,0.009864443,0.013519699,0.017174955,0.020830212,0.024485467,0.028140724,0.03179598,0.035451237,0.039106492,0.04276175,0.046417005,0.05007226,0.05372752,0.057382774],"mean":0.0077315727,"std":0.02463612}
{"counts":[1,1,0,0,1,0,2,2,1,3,5,1,5,5,2,3,4,3,7,3,5,0,1,2,0,0,4,0,0,3],"wall_time":1.754150934735e9,"step":10,"max":0.06240268,"min":-0.05320362,"count":64,"bins":[-0.05320362,-0.049350075,-0.045496535,-0.04164299,-0.037789445,-0.033935905,-0.03008236,-0.026228817,-0.022375273,-0.01852173,-0.014668186,-0.010814643,-0.0069611,-0.0031075564,0.0007459869,0.0045995302,0.008453074,0.012306617,0.01616016,0.020013703,0.023867248,0.02772079,0.031574335,0.035427876,0.03928142,0.043134965,0.046988506,0.05084205,0.054695595,0.058549136,0.06240268],"mean":0.007862295,"std":0.02532154}
{"counts":[1,1,0,0,1,1,1,3,0,2,3,6,5,3,3,1,3,3,4,9,3,1,2,0,0,0,4,2,0,2],"wall_time":1.754150937252e9,"step":11,"max":0.06583269,"min":-0.05756726,"count":64,"bins":[-0.05756726,-0.05345393,-0.0493406,-0.045227267,-0.041113935,-0.037000604,-0.032887273,-0.02877394,-0.024660608,-0.020547276,-0.016433945,-0.012320613,-0.008207281,-0.004093949,1.9382436e-5,0.004132714,0.008246046,0.012359378,0.016472708,0.020586042,0.024699373,0.028812705,0.032926034,0.03703937,0.0411527,0.045266032,0.049379364,0.053492695,0.057606027,0.061719358,0.06583269],"mean":0.00819113,"std":0.027472476}
{"counts":[1,0,1,0,1,2,1,1,2,2,2,6,5,2,3,2,3,4,7,5,3,2,1,0,0,0,3,3,1,1],"wall_time":1.754150939746e9,"step":12,"max":0.07023253,"min":-0.06090903,"count":64,"bins":[-0.06090903,-0.056537643,-0.052166257,-0.047794875,-0.04342349,-0.039052103,-0.034680717,-0.03030933,-0.025937947,-0.02156656,-0.017195174,-0.012823789,-0.008452404,-0.0040810187,0.0002903665,0.004661752,0.009033137,0.013404523,0.017775908,0.022147294,0.026518678,0.030890064,0.03526145,0.039632834,0.04400422,0.048375607,0.052746993,0.057118375,0.06148976,0.06586115,0.07023253],"mean":0.008345276,"std":0.028892513}
{"counts":[1,0,0,1,2,0,1,1,5,0,2,4,3,5,3,2,3,6,3,3,7,1,1,1,2,1,0,3,2,1],"wall_time":1.754150943196e9,"step":13,"max":0.054302007,"min":-0.048526272,"count":64,"bins":[-0.048526272,-0.045098662,-0.041671053,-0.038243443,-0.034815837,-0.031388227,-0.027960617,-0.024533007,-0.021105397,-0.017677788,-0.014250179,-0.01082257,-0.0073949606,-0.0039673513,-0.0005397419,0.0028878674,0.0063154767,0.009743086,0.013170695,0.016598305,0.020025915,0.023453522,0.026881132,0.030308742,0.033736352,0.03716396,0.04059157,0.044019178,0.047446787,0.050874397,0.054302007],"mean":0.007100238,"std":0.023194715}
