{"counts":[1,1,1,0,1,1,1,1,0,2,4,1,2,2,1,1,1,1,2,1,0,1,0,1,3,1,0,0,0,1],"wall_time":1.75415091667e9,"step":1,"max":0.008288396,"min":-0.014236735,"count":32,"bins":[-0.014236735,-0.013485897,-0.0127350595,-0.011984222,-0.011233385,-0.010482547,-0.009731709,-0.008980871,-0.008230033,-0.007479196,-0.006728358,-0.0059775207,-0.005226683,-0.004475845,-0.0037250074,-0.0029741698,-0.0022233322,-0.0014724944,-0.0007216567,2.9180976e-5,0.0007800187,0.0015308564,0.002281694,0.0030325318,0.0037833694,0.0045342073,0.0052850447,0.0060358825,0.0067867204,0.0075375577,0.008288396],"mean":-0.0037768055,"std":0.0057460507}
{"counts":[2,1,0,1,0,1,1,1,0,3,1,1,1,1,0,0,2,1,3,0,2,1,0,1,2,1,1,0,2,2],"wall_time":1.754150918831e9,"step":2,"max":0.010064975,"min":-0.024706014,"count":32,"bins":[-0.024706014,-0.02354698,-0.022387948,-0.021228915,-0.020069882,-0.01891085,-0.017751815,-0.016592782,-0.01543375,-0.014274716,-0.013115684,-0.011956651,-0.010797618,-0.009638585,-0.008479552,-0.007320519,-0.0061614863,-0.005002453,-0.0038434202,-0.0026843871,-0.0015253542,-0.0003663213,0.0007927117,0.0019517447,0.0031107776,0.0042698104,0.0054288437,0.0065878765,0.0077469093,0.008905943,0.010064975],"mean":-0.0061581596,"std":0.010463901}
{"counts":[1,1,1,0,3,0,1,0,2,0,1,3,0,1,1,0,2,2,1,1,1,2,1,2,0,0,1,1,0,3],"wall_time":1.754150920776e9,"step":3,"max":0.014259539,"min":-0.03204572,"count":32,"bins":[-0.03204572,-0.03050221,-0.0289587,-0.027415192,-0.025871685,-0.024328176,-0.022784667,-0.021241158,-0.01969765,-0.01815414,-0.016610632,-0.015067124,-0.013523616,-0.011980107,-0.010436598,-0.008893089,-0.0073495815,-0.0058060726,-0.0042625642,-0.0027190556,-0.001175547,0.00036796153,0.0019114701,0.0034549786,0.0049984874,0.006541996,0.008085504,0.009629013,0.011172522,0.01271603,0.014259539],"mean":-0.008180925,"std":0.013365633}
{"counts":[2,0,2,0,2,1,0,0,1,1,2,0,1,4,1,0,1,2,4,2,0,0,1,0,0,1,1,0,1,2],"wall_time":1.754150922393e9,"step":4,"max":0.01943299,"min":-0.03626228,"count":32,"bins":[-0.03626228,-0.03440577,-0.032549262,-0.030692754,-0.028836245,-0.026979737,-0.025123227,-0.023266718,-0.021410208,-0.0195537,-0.01769719,-0.015840681,-0.013984173,-0.012127664,-0.010271154,-0.008414646,-0.0065581365,-0.0047016274,-0.0028451185,-0.0009886095,0.0008678995,0.0027244086,0.004580918,0.0064374264,0.008293936,0.010150445,0.012006953,0.013863463,0.015719973,0.01757648,0.01943299],"mean":-0.0092125125,"std":0.015690414}
{"counts":[1,0,0,2,1,2,1,0,0,1,0,2,1,2,3,1,1,2,0,1,2,1,0,2,0,1,1,1,1,2],"wall_time":1.754150924443e9,"step":5,"max":0.019870333,"min":-0.04497355,"count":32,"bins":[-0.04497355,-0.042812087,-0.040650625,-0.03848916,-0.036327697,-0.034166235,-0.032004774,-0.02984331,-0.027681846,-0.025520384,-0.02335892,-0.021197459,-0.019035995,-0.016874533,-0.01471307,-0.012551608,-0.010390145,-0.008228682,-0.006067219,-0.0039057566,-0.001744294,0.0004171688,0.0025786315,0.0047400943,0.006901557,0.009063019,0.011224482,0.013385945,0.015547408,0.017708872,0.019870333],"mean":-0.010727238,"std":0.018146913}
{"counts":[1,0,1,0,1,1,0,3,0,1,0,0,1,1,6,2,1,1,1,1,1,0,2,1,1,0,1,1,0,3],"wall_time":1.754150926285e9,"step":6,"max":0.020001909,"min":-0.048813768,"count":32,"bins":[-0.048813768,-0.046519913,-0.044226058,-0.0419322,-0.039638344,-0.03734449,-0.03505063,-0.032756776,-0.03046292,-0.028169066,-0.025875209,-0.023581352,-0.021287497,-0.018993642,-0.016699785,-0.0144059295,-0.012112074,-0.009818218,-0.007524362,-0.005230506,-0.00293665,-0.0006427942,0.0016510617,0.0039449176,0.0062387735,0.008532629,0.010826485,0.013120341,0.015414197,0.017708052,0.020001909],"mean":-0.011637457,"std":0.018590748}
{"counts":[2,0,0,0,2,2,1,0,1,0,0,1,4,0,4,0,3,0,0,2,1,0,3,1,0,1,0,0,2,2],"wall_time":1.754150928395e9,"step":7,"max":0.023000225,"min":-0.050999753,"count":32,"bins":[-0.050999753,-0.048533086,-0.046066422,-0.043599755,-0.04113309,-0.038666423,-0.036199756,-0.033733092,-0.031266425,-0.02879976,-0.026333094,-0.023866428,-0.021399762,-0.018933095,-0.01646643,-0.013999764,-0.011533098,-0.009066432,-0.006599766,-0.0041331,-0.0016664341,0.0008002318,0.0032668978,0.0057335636,0.00820023,0.010666896,0.013133561,0.015600228,0.018066894,0.02053356,0.023000225],"mean":-0.01288432,"std":0.020780832}
{"counts":[2,0,0,0,0,3,1,1,0,0,1,0,4,4,1,0,2,1,1,0,2,1,0,2,2,0,1,1,1,1],"wall_time":1.754150930416e9,"step":8,"max":0.023883943,"min":-0.054498296,"count":32,"bins":[-0.054498296,-0.051885556,-0.049272813,-0.046660073,-0.04404733,-0.04143459,-0.03882185,-0.036209106,-0.033596367,-0.030983625,-0.028370883,-0.025758142,-0.0231454,-0.02053266,-0.017919919,-0.015307177,-0.012694435,-0.010081694,-0.007468953,-0.0048562116,-0.0022434704,0.00036927089,0.0029820122,0.0055947537,0.008207494,0.010820236,0.013432978,0.01604572,0.01865846,0.0212712,0.023883943],"mean":-0.0137771275,"std":0.021111308}
{"counts":[2,0,0,1,0,3,1,0,0,0,1,3,2,2,2,1,2,0,0,2,2,0,1,0,2,1,0,1,1,2],"wall_time":1.754150932609e9,"step":9,"max":0.024324436,"min":-0.056015022,"count":32,"bins":[-0.056015022,-0.05333704,-0.050659057,-0.047981076,-0.045303095,-0.042625114,-0.03994713,-0.03726915,-0.03459117,-0.031913184,-0.029235203,-0.02655722,-0.02387924,-0.021201257,-0.018523276,-0.015845293,-0.013167311,-0.01048933,-0.0078113475,-0.0051333653,-0.0024553835,0.00022259839,0.0029005804,0.005578562,0.008256544,0.010934526,0.013612508,0.01629049,0.018968472,0.021646453,0.024324436],"mean":-0.01504191,"std":0.022554185}
{"counts":[1,1,1,1,0,0,3,0,0,1,1,2,0,3,1,2,1,2,0,1,2,0,1,1,0,3,0,1,0,3],"wall_time":1.754150934781e9,"step":10,"max":0.021473175,"min":-0.057663977,"count":32,"bins":[-0.057663977,-0.055026073,-0.05238817,-0.04975026,-0.047112357,-0.044474453,-0.041836545,-0.03919864,-0.036560737,-0.033922832,-0.03128493,-0.02864702,-0.026009116,-0.023371212,-0.020733306,-0.0180954,-0.015457496,-0.012819591,-0.010181686,-0.007543781,-0.004905876,-0.0022679707,0.00036993437,0.0030078394,0.0056457445,0.00828365,0.010921555,0.01355946,0.016197365,0.018835269,0.021473175],"mean":-0.01597244,"std":0.022669619}
{"counts":[2,0,0,1,1,0,2,1,0,1,1,2,2,0,2,2,2,2,1,0,2,0,2,1,1,1,0,1,1,1],"wall_time":1.75415093731e9,"step":11,"max":0.027513653,"min":-0.061542913,"count":32,"bins":[-0.061542913,-0.05857436,-0.05560581,-0.052637257,-0.049668703,-0.046700153,-0.0437316,-0.040763047,-0.037794497,-0.034825943,-0.03185739,-0.028888838,-0.025920287,-0.022951735,-0.019983182,-0.01701463,-0.014046078,-0.011077526,-0.0081089735,-0.0051404214,-0.0021718692,0.00079668313,0.0037652354,0.0067337877,0.00970234,0.012670892,0.015639445,0.018607996,0.021576548,0.024545101,0.027513653],"mean":-0.0161071,"std":0.023671916}
{"counts":[2,0,0,0,1,0,0,2,2,0,0,2,3,1,1,1,4,1,0,2,2,0,2,1,2,0,0,2,0,1],"wall_time":1.754150939771e9,"step":12,"max":0.028783608,"min":-0.066321164,"count":32,"bins":[-0.066321164,-0.063151,-0.059980847,-0.05681069,-0.05364053,-0.050470367,-0.04730021,-0.04413005,-0.04095989,-0.037789732,-0.034619574,-0.031449415,-0.028279256,-0.025109095,-0.021938937,-0.018768778,-0.015598619,-0.01242846,-0.009258301,-0.006088142,-0.0029179826,0.00025217645,0.0034223355,0.0065924944,0.009762654,0.012932813,0.016102972,0.01927313,0.02244329,0.02561345,0.028783608],"mean":-0.016293224,"std":0.024255322}
{"counts":[2,0,0,0,0,3,1,1,0,0,1,0,4,4,1,0,2,1,1,0,2,1,0,2,2,0,1,1,1,1],"wall_time":1.754150943236e9,"step":13,"max":0.023883943,"min":-0.054498296,"count":32,"bins":[-0.054498296,-0.051885556,-0.049272813,-0.046660073,-0.04404733,-0.04143459,-0.03882185,-0.036209106,-0.033596367,-0.030983625,-0.028370883,-0.025758142,-0.0231454,-0.02053266,-0.017919919,-0.015307177,-0.012694435,-0.010081694,-0.007468953,-0.0048562116,-0.0022434704,0.00036927089,0.0029820122,0.0055947537,0.008207494,0.010820236,0.013432978,0.01604572,0.01865846,0.0212712,0.023883943],"mean":-0.0137771275,"std":0.021111308}
