{"counts":[2,4,13,18,28,38,50,99,105,143,157,166,209,185,181,155,129,105,86,75,38,24,16,5,9,2,1,2,2,1],"wall_time":1.754150916654e9,"step":1,"max":0.4992148,"min":-0.3837201,"count":2048,"bins":[-0.3837201,-0.35428894,-0.32485777,-0.2954266,-0.26599544,-0.23656428,-0.20713311,-0.17770195,-0.1482708,-0.11883963,-0.089408465,-0.059977304,-0.03054614,-0.0011149774,0.028316187,0.05774735,0.08717851,0.11660968,0.14604084,0.175472,0.20490317,0.23433433,0.26376548,0.29319665,0.3226278,0.35205898,0.38149014,0.4109213,0.44035247,0.46978363,0.4992148],"mean":-0.00052413583,"std":0.12646502}
{"counts":[2,4,13,18,30,39,56,93,106,152,155,175,202,187,191,153,123,102,89,66,36,21,16,5,6,3,1,1,2,1],"wall_time":1.754150918816e9,"step":2,"max":0.5061307,"min":-0.38567832,"count":2048,"bins":[-0.38567832,-0.35595137,-0.3262244,-0.2964974,-0.26677045,-0.23704349,-0.20731652,-0.17758955,-0.14786258,-0.118135616,-0.08840865,-0.05868168,-0.028954715,0.0007722527,0.03049922,0.060226187,0.089953154,0.11968012,0.14940709,0.17913406,0.20886102,0.23858799,0.26831496,0.29804194,0.3277689,0.35749584,0.38722283,0.4169498,0.44667676,0.4764037,0.5061307],"mean":-0.0015988537,"std":0.12677395}
{"counts":[2,4,13,19,30,37,55,96,102,157,154,179,217,179,181,160,122,102,84,66,33,25,14,4,7,1,1,1,2,1],"wall_time":1.754150920773e9,"step":3,"max":0.51127833,"min":-0.38898376,"count":2048,"bins":[-0.38898376,-0.35897502,-0.3289663,-0.29895756,-0.26894882,-0.23894008,-0.20893134,-0.17892261,-0.14891386,-0.11890513,-0.088896394,-0.058887657,-0.028878922,0.001129815,0.03113855,0.061147287,0.09115602,0.12116476,0.1511735,0.18118224,0.21119097,0.2411997,0.27120844,0.30121717,0.3312259,0.36123464,0.3912434,0.42125213,0.45126086,0.4812696,0.51127833],"mean":-0.0025784194,"std":0.12710156}
{"counts":[2,4,18,18,34,35,70,94,106,158,166,193,204,179,186,142,128,97,77,58,32,18,13,4,6,1,1,2,1,1],"wall_time":1.754150922383e9,"step":4,"max":0.5209802,"min":-0.38676462,"count":2048,"bins":[-0.38676462,-0.35650647,-0.3262483,-0.29599014,-0.265732,-0.23547381,-0.20521566,-0.1749575,-0.14469934,-0.11444118,-0.084183015,-0.05392486,-0.023666698,0.006591462,0.03684962,0.06710778,0.09736594,0.1276241,0.15788226,0.18814042,0.21839859,0.24865673,0.2789149,0.30917305,0.33943123,0.36968938,0.39994755,0.4302057,0.46046385,0.49072203,0.5209802],"mean":-0.0030790193,"std":0.12728596}
{"counts":[2,4,18,18,35,36,69,94,107,151,170,183,207,186,183,146,122,101,76,58,34,18,14,4,6,1,1,2,1,1],"wall_time":1.754150924435e9,"step":5,"max":0.519765,"min":-0.38814825,"count":2048,"bins":[-0.38814825,-0.35788447,-0.3276207,-0.29735693,-0.26709315,-0.23682937,-0.20656559,-0.17630182,-0.14603804,-0.11577427,-0.08551049,-0.05524672,-0.02498294,0.0052808346,0.03554461,0.065808386,0.09607216,0.12633593,0.15659972,0.18686348,0.21712726,0.24739105,0.27765483,0.30791858,0.33818236,0.36844614,0.39870992,0.4289737,0.45923746,0.48950124,0.519765],"mean":-0.0038689054,"std":0.12758934}
{"counts":[2,5,17,19,38,38,69,100,103,149,177,188,205,191,173,146,123,98,77,58,27,18,12,6,3,2,0,3,0,1],"wall_time":1.754150926274e9,"step":6,"max":0.5237634,"min":-0.38656658,"count":2048,"bins":[-0.38656658,-0.35622224,-0.3258779,-0.29553357,-0.26518926,-0.23484491,-0.20450059,-0.17415625,-0.14381191,-0.11346758,-0.083123244,-0.052778915,-0.022434581,0.007909753,0.038254086,0.06859842,0.09894275,0.12928708,0.15963142,0.18997575,0.22032009,0.2506644,0.28100875,0.3113531,0.34169742,0.37204176,0.4023861,0.4327304,0.46307474,0.49341908,0.5237634],"mean":-0.0041730525,"std":0.12774257}
{"counts":[2,5,15,21,36,39,67,93,105,145,170,195,208,190,169,146,134,96,79,60,28,18,12,6,3,2,1,1,1,1],"wall_time":1.754150928379e9,"step":7,"max":0.52445775,"min":-0.39134243,"count":2048,"bins":[-0.39134243,-0.36081576,-0.3302891,-0.29976243,-0.26923573,-0.23870906,-0.2081824,-0.17765573,-0.14712904,-0.116602376,-0.0860757,-0.05554903,-0.025022358,0.0055043153,0.03603099,0.06655766,0.097084336,0.12761101,0.15813768,0.18866435,0.21919103,0.2497177,0.28024438,0.31077105,0.34129772,0.37182438,0.40235105,0.43287772,0.46340442,0.49393108,0.52445775],"mean":-0.0048608943,"std":0.12799548}
{"counts":[2,5,17,20,32,44,65,100,106,145,171,195,201,186,176,140,132,96,87,52,29,18,14,5,4,2,1,1,1,1],"wall_time":1.754150930409e9,"step":8,"max":0.52322143,"min":-0.39025003,"count":2048,"bins":[-0.39025003,-0.35980096,-0.32935193,-0.29890287,-0.26845384,-0.23800479,-0.20755574,-0.1771067,-0.14665763,-0.11620859,-0.08575954,-0.05531049,-0.024861444,0.0055876058,0.036036655,0.0664857,0.09693475,0.1273838,0.15783285,0.1882819,0.21873094,0.24917999,0.27962905,0.31007808,0.34052715,0.37097618,0.40142524,0.43187428,0.46232334,0.49277237,0.52322143],"mean":-0.0053365873,"std":0.12819953}
{"counts":[2,6,17,23,32,45,70,101,108,155,166,199,205,183,172,140,134,86,85,46,29,20,10,5,4,1,1,1,1,1],"wall_time":1.754150932596e9,"step":9,"max":0.52698755,"min":-0.3877574,"count":2048,"bins":[-0.3877574,-0.3572659,-0.3267744,-0.2962829,-0.2657914,-0.2352999,-0.2048084,-0.1743169,-0.14382541,-0.11333391,-0.08284241,-0.052350912,-0.021859413,0.008632084,0.039123584,0.06961508,0.10010658,0.13059808,0.16108957,0.19158107,0.22207257,0.25256407,0.28305557,0.31354707,0.34403858,0.37453005,0.40502155,0.43551305,0.46600455,0.49649605,0.52698755],"mean":-0.006066569,"std":0.12842008}
{"counts":[2,5,16,23,33,42,62,100,114,144,161,203,201,183,178,146,125,100,82,50,31,20,13,3,5,2,1,1,1,1],"wall_time":1.754150934764e9,"step":10,"max":0.52248716,"min":-0.3908674,"count":2048,"bins":[-0.3908674,-0.36042225,-0.3299771,-0.29953197,-0.2690868,-0.23864165,-0.20819649,-0.17775135,-0.14730619,-0.11686104,-0.08641589,-0.055970736,-0.025525581,0.004919571,0.035364725,0.065809876,0.09625503,0.12670018,0.15714534,0.18759048,0.21803564,0.2484808,0.27892596,0.30937108,0.33981624,0.3702614,0.40070656,0.43115172,0.46159685,0.492042,0.52248716],"mean":-0.006525371,"std":0.12854499}
{"counts":[2,5,14,22,29,44,62,94,110,138,171,198,202,189,169,152,137,94,81,57,33,18,13,3,5,2,1,1,1,1],"wall_time":1.754150937276e9,"step":11,"max":0.5218719,"min":-0.39472026,"count":2048,"bins":[-0.39472026,-0.36416718,-0.3336141,-0.30306104,-0.27250797,-0.2419549,-0.21140182,-0.18084875,-0.15029567,-0.1197426,-0.08918953,-0.058636457,-0.028083384,0.0024696887,0.03302276,0.063575834,0.09412891,0.12468198,0.15523505,0.18578812,0.2163412,0.24689427,0.27744734,0.30800042,0.3385535,0.36910656,0.39965963,0.4302127,0.46076578,0.49131885,0.5218719],"mean":-0.006650689,"std":0.12868483}
{"counts":[2,5,13,24,29,43,63,91,116,134,160,201,199,193,172,150,133,102,79,60,33,19,13,2,6,2,1,1,1,1],"wall_time":1.754150939757e9,"step":12,"max":0.5203638,"min":-0.39510316,"count":2048,"bins":[-0.39510316,-0.3645876,-0.33407202,-0.30355647,-0.2730409,-0.24252532,-0.21200976,-0.18149419,-0.15097864,-0.120463066,-0.0899475,-0.059431937,-0.02891637,0.0015991946,0.03211476,0.062630326,0.09314589,0.12366146,0.15417702,0.18469259,0.21520816,0.24572372,0.27623928,0.30675486,0.3372704,0.367786,0.39830154,0.42881712,0.45933267,0.48984826,0.5203638],"mean":-0.006684702,"std":0.12881482}
{"counts":[2,5,17,20,32,44,65,100,106,145,171,195,201,186,176,140,132,96,87,52,29,18,14,5,4,2,1,1,1,1],"wall_time":1.754150943217e9,"step":13,"max":0.52322143,"min":-0.39025003,"count":2048,"bins":[-0.39025003,-0.35980096,-0.32935193,-0.29890287,-0.26845384,-0.23800479,-0.20755574,-0.1771067,-0.14665763,-0.11620859,-0.08575954,-0.05531049,-0.024861444,0.0055876058,0.036036655,0.0664857,0.09693475,0.1273838,0.15783285,0.1882819,0.21873094,0.24917999,0.27962905,0.31007808,0.34052715,0.37097618,0.40142524,0.43187428,0.46232334,0.49277237,0.52322143],"mean":-0.0053365873,"std":0.12819953}
