{"counts":[1,1,3,4,4,11,6,14,18,27,35,43,43,40,40,52,43,53,40,37,33,23,20,12,12,7,10,3,4,1],"wall_time":1.754150916225e9,"step":1,"max":0.86843604,"min":-0.9230345,"count":640,"bins":[-0.9230345,-0.8633188,-0.8036031,-0.7438874,-0.68417174,-0.62445605,-0.56474036,-0.5050247,-0.445309,-0.38559332,-0.32587764,-0.26616195,-0.20644628,-0.14673059,-0.087014906,-0.027299225,0.03241646,0.09213214,0.15184782,0.21156351,0.2712792,0.33099487,0.39071056,0.45042625,0.5101419,0.5698576,0.6295733,0.689289,0.74900466,0.80872035,0.86843604],"mean":0.0049761785,"std":0.30952492}
{"counts":[1,1,3,4,3,11,8,13,17,28,36,41,44,41,42,50,43,53,38,39,33,22,20,13,11,8,10,2,4,1],"wall_time":1.75415091879e9,"step":2,"max":0.8704419,"min":-0.9242244,"count":640,"bins":[-0.9242244,-0.8644022,-0.80458,-0.7447578,-0.6849355,-0.6251133,-0.5652911,-0.5054689,-0.4456467,-0.3858245,-0.32600227,-0.26618007,-0.20635787,-0.14653565,-0.08671344,-0.026891232,0.032930978,0.09275319,0.1525754,0.2123976,0.2722198,0.33204204,0.39186424,0.45168644,0.51150864,0.57133085,0.63115305,0.6909753,0.7507975,0.8106197,0.8704419],"mean":0.005106955,"std":0.30953375}
{"counts":[1,1,2,5,3,11,8,13,18,28,35,41,42,44,42,49,42,54,39,37,36,19,21,14,10,9,8,3,4,1],"wall_time":1.754150920766e9,"step":3,"max":0.8710462,"min":-0.9243549,"count":640,"bins":[-0.9243549,-0.8645082,-0.8046615,-0.7448148,-0.6849681,-0.6251214,-0.5652747,-0.505428,-0.4455813,-0.3857346,-0.3258879,-0.2660412,-0.20619448,-0.14634778,-0.08650107,-0.026654363,0.03319234,0.09303904,0.15288575,0.21273245,0.27257916,0.33242586,0.39227256,0.45211926,0.511966,0.5718127,0.6316594,0.6915061,0.7513528,0.8111995,0.8710462],"mean":0.005265641,"std":0.30960327}
{"counts":[1,0,3,4,4,10,9,15,17,26,36,41,41,41,44,50,44,52,39,38,36,20,20,14,9,9,9,3,3,2],"wall_time":1.754150922375e9,"step":4,"max":0.8718475,"min":-0.9259988,"count":640,"bins":[-0.9259988,-0.86607057,-0.8061424,-0.74621415,-0.686286,-0.62635773,-0.56642956,-0.5065013,-0.4465731,-0.3866449,-0.3267167,-0.26678848,-0.20686027,-0.14693207,-0.08700386,-0.027075648,0.032852564,0.09278078,0.15270898,0.2126372,0.2725654,0.3324936,0.3924218,0.45235005,0.51227826,0.57220644,0.6321347,0.69206285,0.7519911,0.8119193,0.8718475],"mean":0.0052577127,"std":0.3096777}
{"counts":[1,1,3,4,3,10,9,14,19,28,31,43,43,40,47,49,42,52,38,39,38,17,20,14,8,11,8,3,3,2],"wall_time":1.754150924396e9,"step":5,"max":0.8730438,"min":-0.9246192,"count":640,"bins":[-0.9246192,-0.8646971,-0.804775,-0.7448529,-0.6849308,-0.6250087,-0.5650866,-0.5051645,-0.4452424,-0.3853203,-0.3253982,-0.2654761,-0.20555401,-0.14563191,-0.08570981,-0.025787711,0.034134388,0.09405649,0.15397859,0.21390069,0.27382278,0.33374488,0.39366698,0.45358908,0.5135112,0.5734333,0.6333554,0.6932775,0.7531996,0.8131217,0.8730438],"mean":0.005198477,"std":0.30972815}
{"counts":[1,1,3,4,3,11,8,16,19,27,33,43,44,37,48,49,45,48,38,38,39,18,18,15,9,9,9,2,3,2],"wall_time":1.754150926265e9,"step":6,"max":0.87535375,"min":-0.9194599,"count":640,"bins":[-0.9194599,-0.85963273,-0.79980564,-0.7399785,-0.6801514,-0.62032425,-0.56049716,-0.50067,-0.4408429,-0.38101578,-0.32118866,-0.26136154,-0.20153442,-0.1417073,-0.08188018,-0.022053063,0.03777406,0.09760118,0.1574283,0.21725543,0.27708253,0.33690965,0.39673677,0.45656392,0.51639104,0.5762181,0.6360453,0.69587237,0.7556995,0.8155266,0.87535375],"mean":0.0051200623,"std":0.3097713}
{"counts":[1,2,3,3,3,10,9,16,18,27,31,42,48,38,45,53,43,48,40,37,38,17,18,16,7,10,9,3,3,2],"wall_time":1.75415092833e9,"step":7,"max":0.8743382,"min":-0.9199406,"count":640,"bins":[-0.9199406,-0.8601313,-0.800322,-0.7405127,-0.6807034,-0.62089413,-0.5610848,-0.50127554,-0.44146624,-0.38165694,-0.32184765,-0.26203835,-0.20222907,-0.14241977,-0.08261048,-0.02280119,0.037008103,0.0968174,0.15662669,0.21643598,0.27624527,0.33605456,0.39586386,0.45567316,0.5154824,0.57529175,0.635101,0.69491035,0.7547196,0.81452894,0.8743382],"mean":0.0050744107,"std":0.30984116}
{"counts":[1,2,2,4,3,10,8,16,18,29,32,43,45,37,48,52,45,46,38,39,37,17,19,15,7,10,9,3,3,2],"wall_time":1.754150930381e9,"step":8,"max":0.8732278,"min":-0.91859704,"count":640,"bins":[-0.91859704,-0.85886955,-0.79914206,-0.7394146,-0.6796871,-0.6199596,-0.5602321,-0.5005046,-0.4407771,-0.3810496,-0.3213221,-0.26159462,-0.20186712,-0.14213963,-0.08241213,-0.022684634,0.03704286,0.09677035,0.15649785,0.21622534,0.27595285,0.33568034,0.39540783,0.45513532,0.51486284,0.5745903,0.6343178,0.6940453,0.7537728,0.8135003,0.8732278],"mean":0.0052141114,"std":0.30987144}
{"counts":[1,2,2,4,3,9,9,16,19,27,32,48,37,41,47,50,49,42,41,38,38,16,19,15,8,9,10,3,3,2],"wall_time":1.754150932588e9,"step":9,"max":0.871274,"min":-0.9179823,"count":640,"bins":[-0.9179823,-0.8583404,-0.79869854,-0.73905665,-0.67941475,-0.6197729,-0.560131,-0.5004892,-0.44084728,-0.3812054,-0.3215635,-0.26192164,-0.20227978,-0.1426379,-0.08299602,-0.023354143,0.036287732,0.09592961,0.15557149,0.21521336,0.27485523,0.33449712,0.394139,0.45378086,0.5134227,0.5730646,0.63270646,0.69234836,0.75199026,0.8116321,0.871274],"mean":0.00518351,"std":0.3099124}
{"counts":[1,2,2,4,3,10,8,17,17,30,32,47,37,42,47,46,47,48,40,35,39,17,20,13,9,9,10,3,3,2],"wall_time":1.754150934733e9,"step":10,"max":0.87034,"min":-0.91581637,"count":640,"bins":[-0.91581637,-0.8562778,-0.7967393,-0.73720074,-0.6776622,-0.61812365,-0.5585851,-0.49904656,-0.439508,-0.37996945,-0.3204309,-0.26089236,-0.20135382,-0.14181527,-0.08227673,-0.022738189,0.03680036,0.096338905,0.15587744,0.215416,0.27495453,0.33449307,0.3940316,0.4535702,0.51310873,0.5726473,0.6321858,0.69172436,0.7512629,0.81080145,0.87034],"mean":0.005157082,"std":0.30998555}
{"counts":[1,1,1,6,3,9,9,16,16,29,32,48,36,40,48,47,48,46,42,37,35,20,19,15,9,9,9,4,3,2],"wall_time":1.754150937211e9,"step":11,"max":0.8693615,"min":-0.9235957,"count":640,"bins":[-0.9235957,-0.8638305,-0.8040652,-0.7443,-0.6845348,-0.6247695,-0.5650043,-0.505239,-0.4454738,-0.38570854,-0.32594332,-0.26617807,-0.20641282,-0.14664759,-0.086882345,-0.027117103,0.03264814,0.09241338,0.15217862,0.21194386,0.2717091,0.33147433,0.39123958,0.45100483,0.5107701,0.5705353,0.6303006,0.6900658,0.749831,0.8095963,0.8693615],"mean":0.0049960655,"std":0.31000832}
{"counts":[1,1,2,5,2,10,9,16,16,28,33,48,33,42,49,45,50,45,40,33,43,19,19,15,9,9,8,5,3,2],"wall_time":1.754150939742e9,"step":12,"max":0.8660098,"min":-0.9208826,"count":640,"bins":[-0.9208826,-0.8613195,-0.80175644,-0.74219334,-0.68263024,-0.6230672,-0.5635041,-0.50394106,-0.44437796,-0.3848149,-0.3252518,-0.26568872,-0.20612565,-0.14656256,-0.08699948,-0.027436405,0.032126673,0.09168975,0.15125284,0.2108159,0.27037898,0.32994208,0.38950515,0.44906822,0.5086313,0.5681944,0.62775743,0.68732053,0.74688363,0.8064467,0.8660098],"mean":0.004970017,"std":0.31002054}
{"counts":[1,2,2,4,3,10,8,16,18,29,32,43,45,37,48,52,45,46,38,39,37,17,19,15,7,10,9,3,3,2],"wall_time":1.754150943193e9,"step":13,"max":0.8732278,"min":-0.91859704,"count":640,"bins":[-0.91859704,-0.85886955,-0.79914206,-0.7394146,-0.6796871,-0.6199596,-0.5602321,-0.5005046,-0.4407771,-0.3810496,-0.3213221,-0.26159462,-0.20186712,-0.14213963,-0.08241213,-0.022684634,0.03704286,0.09677035,0.15649785,0.21622534,0.27595285,0.33568034,0.39540783,0.45513532,0.51486284,0.5745903,0.6343178,0.6940453,0.7537728,0.8135003,0.8732278],"mean":0.0052141114,"std":0.30987144}
