{"counts":[1,0,1,1,0,0,2,4,1,1,2,2,1,0,1,2,2,0,1,1,0,3,2,2,0,1,0,0,0,1],"wall_time":1.754150916664e9,"step":1,"max":1.0086762,"min":0.9824837,"count":32,"bins":[0.9824837,0.9833568,0.98422986,0.98510295,0.98597604,0.9868491,0.98772216,0.98859525,0.98946834,0.9903414,0.9912145,0.9920876,0.9929607,0.9938338,0.99470687,0.99557996,0.996453,0.9973261,0.99819916,0.99907225,0.99994534,1.0008184,1.0016915,1.0025645,1.0034376,1.0043107,1.0051838,1.0060569,1.00693,1.0078031,1.0086762],"mean":0.9947894,"std":0.0065599387}
{"counts":[1,0,1,0,1,0,2,2,2,1,1,1,0,2,0,0,3,3,1,3,0,4,2,0,0,0,1,0,0,1],"wall_time":1.754150918827e9,"step":2,"max":1.0141528,"min":0.9666079,"count":32,"bins":[0.9666079,0.96819276,0.9697776,0.9713624,0.97294724,0.97453207,0.9761169,0.9777017,0.97928655,0.9808714,0.9824562,0.98404104,0.98562586,0.9872107,0.9887955,0.99038035,0.9919652,0.99355,0.99513483,0.99671966,0.9983045,0.9998893,1.0014741,1.0030589,1.0046438,1.0062287,1.0078135,1.0093982,1.0109831,1.012568,1.0141528],"mean":0.990178,"std":0.011416022}
{"counts":[2,0,0,1,0,0,0,3,2,3,0,1,1,1,0,2,1,3,3,3,1,1,2,1,0,0,0,0,0,1],"wall_time":1.754150920776e9,"step":3,"max":1.0181465,"min":0.95652825,"count":32,"bins":[0.95652825,0.95858216,0.96063614,0.96269006,0.96474403,0.96679795,0.9688519,0.97090584,0.97295976,0.97501373,0.97706765,0.9791216,0.98117554,0.9832295,0.98528343,0.9873374,0.9893913,0.99144524,0.9934992,0.99555314,0.9976071,0.999661,1.001715,1.0037689,1.0058229,1.0078768,1.0099307,1.0119847,1.0140387,1.0160925,1.0181465],"mean":0.9863315,"std":0.014462748}
{"counts":[2,0,1,0,0,0,2,0,0,4,0,3,1,1,0,2,3,4,1,2,3,1,1,0,0,0,0,0,0,1],"wall_time":1.75415092239e9,"step":4,"max":1.0229858,"min":0.94702095,"count":32,"bins":[0.94702095,0.94955313,0.95208526,0.95461744,0.9571496,0.95968175,0.96221393,0.96474606,0.96727824,0.9698104,0.97234255,0.97487473,0.9774069,0.97993904,0.9824712,0.9850034,0.98753554,0.9900677,0.99259984,0.995132,0.9976642,1.0001963,1.0027285,1.0052607,1.0077928,1.010325,1.0128572,1.0153893,1.0179214,1.0204537,1.0229858],"mean":0.983262,"std":0.016685404}
{"counts":[2,0,1,0,0,1,0,1,2,1,3,0,2,2,1,3,3,2,1,3,1,0,2,0,0,0,0,0,0,1],"wall_time":1.75415092444e9,"step":5,"max":1.0272008,"min":0.939089,"count":32,"bins":[0.939089,0.942026,0.9449631,0.9479002,0.9508372,0.9537743,0.95671135,0.9596484,0.96258545,0.9655225,0.9684596,0.9713966,0.9743337,0.9772708,0.9802078,0.9831449,0.98608196,0.989019,0.99195606,0.99489313,0.99783015,1.0007672,1.0037043,1.0066414,1.0095785,1.0125154,1.0154525,1.0183896,1.0213267,1.0242637,1.0272008],"mean":0.98005724,"std":0.019329388}
{"counts":[1,1,1,0,0,0,0,1,0,1,3,1,4,0,2,2,4,2,2,1,2,1,0,1,0,1,0,0,0,1],"wall_time":1.754150926283e9,"step":6,"max":1.0259385,"min":0.93183935,"count":32,"bins":[0.93183935,0.934976,0.9381126,0.94124925,0.9443859,0.9475225,0.95065916,0.9537958,0.9569325,0.9600691,0.96320575,0.9663424,0.969479,0.97261566,0.9757523,0.9788889,0.98202556,0.9851622,0.98829883,0.99143547,0.9945721,0.99770874,1.0008454,1.0039821,1.0071187,1.0102553,1.013392,1.0165286,1.0196652,1.0228019,1.0259385],"mean":0.9780308,"std":0.020271616}
{"counts":[1,0,1,1,0,0,0,1,0,2,0,3,2,2,2,2,3,1,4,0,2,0,2,1,1,0,0,0,0,1],"wall_time":1.754150928392e9,"step":7,"max":1.0271212,"min":0.9230891,"count":32,"bins":[0.9230891,0.9265568,0.93002456,0.9334923,0.93696004,0.9404278,0.9438955,0.94736326,0.950831,0.95429873,0.9577665,0.9612342,0.96470195,0.9681697,0.9716374,0.97510517,0.97857285,0.9820406,0.9855083,0.98897606,0.9924438,0.99591154,0.9993793,1.0028471,1.0063148,1.0097826,1.0132502,1.016718,1.0201857,1.0236535,1.0271212],"mean":0.97555286,"std":0.022399832}
{"counts":[1,0,1,0,1,0,0,0,1,0,2,3,2,2,1,2,4,3,2,0,2,0,1,3,0,0,0,0,0,1],"wall_time":1.754150930415e9,"step":8,"max":1.0273277,"min":0.91831195,"count":32,"bins":[0.91831195,0.9219458,0.92557967,0.9292135,0.9328474,0.93648124,0.9401151,0.94374895,0.9473828,0.95101666,0.9546505,0.9582844,0.96191823,0.9655521,0.96918595,0.9728198,0.97645366,0.9800875,0.9837214,0.98735523,0.9909891,0.99462295,0.9982568,1.0018907,1.0055245,1.0091584,1.0127922,1.0164261,1.02006,1.0236938,1.0273277],"mean":0.973945,"std":0.022931183}
{"counts":[1,0,1,0,1,0,0,1,0,1,2,2,1,3,2,4,0,3,3,2,0,1,2,1,0,0,0,0,0,1],"wall_time":1.754150932607e9,"step":9,"max":1.0297929,"min":0.9150501,"count":32,"bins":[0.9150501,0.91887486,0.92269963,0.9265244,0.9303491,0.9341739,0.93799865,0.9418234,0.9456482,0.94947296,0.9532977,0.95712245,0.9609472,0.964772,0.96859676,0.9724215,0.97624624,0.980071,0.9838958,0.98772055,0.9915453,0.9953701,0.9991948,1.0030196,1.0068444,1.0106691,1.0144938,1.0183187,1.0221434,1.0259682,1.0297929],"mean":0.9720065,"std":0.024095796}
{"counts":[1,1,0,0,0,1,0,0,0,2,3,0,3,3,1,2,2,2,3,1,2,0,1,2,0,1,0,0,0,1],"wall_time":1.754150934775e9,"step":10,"max":1.0264477,"min":0.9109496,"count":32,"bins":[0.9109496,0.9147995,0.91864944,0.9224994,0.92634934,0.93019927,0.9340492,0.9378991,0.9417491,0.945599,0.94944894,0.95329887,0.9571488,0.9609988,0.9648487,0.9686986,0.97254854,0.97639847,0.98024845,0.9840984,0.9879483,0.9917982,0.99564815,0.9994981,1.003348,1.007198,1.011048,1.0148978,1.0187478,1.0225977,1.0264477],"mean":0.9699146,"std":0.024868479}
{"counts":[1,0,1,0,0,0,1,0,0,1,2,3,2,3,1,3,1,2,4,0,3,1,1,0,1,0,0,0,0,1],"wall_time":1.754150937302e9,"step":11,"max":1.0333903,"min":0.9028571,"count":32,"bins":[0.9028571,0.9072082,0.91155934,0.9159104,0.92026156,0.92461264,0.9289638,0.93331486,0.93766594,0.9420171,0.94636816,0.9507193,0.9550704,0.9594215,0.9637726,0.96812373,0.9724748,0.9768259,0.98117703,0.9855281,0.98987925,0.99423033,0.99858147,1.0029325,1.0072837,1.0116347,1.0159858,1.020337,1.0246881,1.0290391,1.0333903],"mean":0.9687066,"std":0.026475092}
{"counts":[1,1,0,0,0,1,0,0,0,1,1,4,3,3,0,2,5,2,1,1,2,0,2,0,1,0,0,0,0,1],"wall_time":1.754150939769e9,"step":12,"max":1.0345521,"min":0.9015581,"count":32,"bins":[0.9015581,0.90599126,0.91042435,0.9148575,0.91929066,0.92372376,0.9281569,0.93259,0.93702316,0.9414563,0.9458894,0.95032257,0.9547557,0.9591888,0.963622,0.9680551,0.9724882,0.9769214,0.9813545,0.98578763,0.9902208,0.9946539,0.99908704,1.0035201,1.0079533,1.0123864,1.0168196,1.0212528,1.0256858,1.030119,1.0345521],"mean":0.96767324,"std":0.02686252}
{"counts":[1,0,1,0,1,0,0,0,1,0,2,3,2,2,1,2,4,3,2,0,2,0,1,3,0,0,0,0,0,1],"wall_time":1.754150943228e9,"step":13,"max":1.0273277,"min":0.91831195,"count":32,"bins":[0.91831195,0.9219458,0.92557967,0.9292135,0.9328474,0.93648124,0.9401151,0.94374895,0.9473828,0.95101666,0.9546505,0.9582844,0.96191823,0.9655521,0.96918595,0.9728198,0.97645366,0.9800875,0.9837214,0.98735523,0.9909891,0.99462295,0.9982568,1.0018907,1.0055245,1.0091584,1.0127922,1.0164261,1.02006,1.0236938,1.0273277],"mean":0.973945,"std":0.022931183}
