{"counts":[1,1,1],"wall_time":1.754150916683e9,"step":1,"max":0.0069649187,"min":-0.006356726,"count":3,"bins":[-0.006356726,-0.0019161777,0.0025243706,0.0069649187],"mean":0.00041822018,"std":0.0066637546}
{"counts":[1,0,2],"wall_time":1.754150918836e9,"step":2,"max":0.0076718256,"min":-0.012163928,"count":3,"bins":[-0.012163928,-0.00555201,0.0010599078,0.0076718256],"mean":0.0005721729,"std":0.011054024}
{"counts":[1,0,2],"wall_time":1.754150920779e9,"step":3,"max":0.009143213,"min":-0.013676431,"count":3,"bins":[-0.013676431,-0.0060698832,0.0015366649,0.009143213],"mean":0.00065232505,"std":0.012479767}
{"counts":[1,0,2],"wall_time":1.7541509224e9,"step":4,"max":0.008856196,"min":-0.014873115,"count":3,"bins":[-0.014873115,-0.0069633448,0.00094642554,0.008856196],"mean":0.0007249589,"std":0.013512413}
{"counts":[1,0,2],"wall_time":1.754150924446e9,"step":5,"max":0.009943178,"min":-0.016914556,"count":3,"bins":[-0.016914556,-0.007961978,0.0009906,0.009943178],"mean":0.00082900067,"std":0.015368282}
{"counts":[1,0,2],"wall_time":1.754150926292e9,"step":6,"max":0.010357995,"min":-0.014914596,"count":3,"bins":[-0.014914596,-0.0064903996,0.0019337976,0.010357995],"mean":0.000672952,"std":0.013631054}
{"counts":[1,0,2],"wall_time":1.754150928399e9,"step":7,"max":0.008994358,"min":-0.015675042,"count":3,"bins":[-0.015675042,-0.0074519087,0.0007712245,0.008994358],"mean":0.0007576489,"std":0.014231143}
{"counts":[1,0,2],"wall_time":1.754150930423e9,"step":8,"max":0.010377577,"min":-0.015372429,"count":3,"bins":[-0.015372429,-0.006789094,0.0017942414,0.010377577],"mean":0.00068895705,"std":0.014008027}
{"counts":[1,0,2],"wall_time":1.754150932618e9,"step":9,"max":0.011835682,"min":-0.018264161,"count":3,"bins":[-0.018264161,-0.00823088,0.001802401,0.011835682],"mean":0.00073454465,"std":0.016531149}
{"counts":[1,0,2],"wall_time":1.754150934808e9,"step":10,"max":0.011881278,"min":-0.017684286,"count":3,"bins":[-0.017684286,-0.007829098,0.0020260897,0.011881278],"mean":0.0007121048,"std":0.016053198}
{"counts":[1,0,2],"wall_time":1.754150937323e9,"step":11,"max":0.0102871135,"min":-0.016188014,"count":3,"bins":[-0.016188014,-0.0073629715,0.0014620709,0.0102871135],"mean":0.000700624,"std":0.01467052}
{"counts":[1,0,2],"wall_time":1.754150939778e9,"step":12,"max":0.012092348,"min":-0.016095372,"count":3,"bins":[-0.016095372,-0.006699465,0.0026964415,0.012092348],"mean":0.00062526326,"std":0.014810022}
{"counts":[1,0,2],"wall_time":1.754150943245e9,"step":13,"max":0.010377577,"min":-0.015372429,"count":3,"bins":[-0.015372429,-0.006789094,0.0017942414,0.010377577],"mean":0.00068895705,"std":0.014008027}
