{"counts":[2,0,0,1,0,1,0,3,2,1,0,4,3,0,0,4,2,0,0,2,0,1,1,0,2,1,1,0,0,1],"wall_time":1.754150916663e9,"step":1,"max":0.008547144,"min":-0.014440334,"count":32,"bins":[-0.014440334,-0.013674085,-0.012907836,-0.012141586,-0.011375337,-0.010609088,-0.009842839,-0.00907659,-0.00831034,-0.007544091,-0.0067778416,-0.006011592,-0.005245343,-0.004479094,-0.0037128446,-0.0029465952,-0.0021803458,-0.0014140967,-0.00064784737,0.00011840193,0.0008846512,0.0016509005,0.0024171497,0.003183399,0.0039496482,0.0047158976,0.005482147,0.0062483964,0.0070146453,0.0077808946,0.008547144],"mean":-0.0036280346,"std":0.0058004437}
{"counts":[2,0,1,0,0,0,3,1,0,0,2,2,2,0,1,1,0,2,2,2,1,1,0,0,1,2,2,0,1,3],"wall_time":1.754150918823e9,"step":2,"max":0.009576479,"min":-0.024872174,"count":32,"bins":[-0.024872174,-0.023723885,-0.022575598,-0.02142731,-0.02027902,-0.019130733,-0.017982444,-0.016834155,-0.015685868,-0.014537578,-0.01338929,-0.012241001,-0.011092713,-0.009944425,-0.008796136,-0.0076478478,-0.006499559,-0.005351271,-0.0042029824,-0.003054694,-0.0019064056,-0.00075811706,0.0003901714,0.0015384598,0.0026867483,0.0038350367,0.004983325,0.0061316136,0.007279902,0.008428191,0.009576479],"mean":-0.0059323343,"std":0.010212522}
{"counts":[1,1,0,0,2,1,0,1,1,0,1,3,2,0,1,3,0,2,1,1,1,2,1,2,0,0,2,0,1,2],"wall_time":1.754150920774e9,"step":3,"max":0.0141105335,"min":-0.033083644,"count":32,"bins":[-0.033083644,-0.031510506,-0.029937366,-0.028364226,-0.026791086,-0.025217947,-0.023644809,-0.022071669,-0.02049853,-0.018925391,-0.017352251,-0.015779112,-0.014205973,-0.012632834,-0.011059694,-0.009486555,-0.007913416,-0.0063402764,-0.0047671376,-0.0031939982,-0.0016208589,-4.7719666e-5,0.0015254195,0.0030985589,0.004671698,0.0062448373,0.007817976,0.009391116,0.010964255,0.012537395,0.0141105335],"mean":-0.008030355,"std":0.012887684}
{"counts":[1,1,0,2,1,0,0,1,0,1,1,3,0,0,5,1,1,3,1,0,4,0,0,1,0,1,1,0,0,3],"wall_time":1.754150922387e9,"step":4,"max":0.01771624,"min":-0.037760906,"count":32,"bins":[-0.037760906,-0.035911668,-0.03406243,-0.032213192,-0.030363953,-0.028514715,-0.026665477,-0.02481624,-0.022967,-0.021117762,-0.019268524,-0.017419286,-0.015570047,-0.0137208095,-0.011871571,-0.010022333,-0.008173095,-0.0063238563,-0.0044746185,-0.0026253802,-0.0007761419,0.0010730963,0.0029223345,0.0047715725,0.006620811,0.008470049,0.010319287,0.012168526,0.014017764,0.015867002,0.01771624],"mean":-0.009002649,"std":0.014965166}
{"counts":[1,0,0,0,2,1,1,0,1,0,0,0,3,2,1,3,3,2,0,0,1,1,2,0,1,1,2,0,1,3],"wall_time":1.754150924435e9,"step":5,"max":0.01787593,"min":-0.04808049,"count":32,"bins":[-0.04808049,-0.045881942,-0.043683395,-0.041484848,-0.0392863,-0.037087753,-0.034889206,-0.03269066,-0.03049211,-0.028293563,-0.026095016,-0.023896469,-0.021697922,-0.019499375,-0.017300827,-0.015102279,-0.012903732,-0.010705185,-0.008506637,-0.00630809,-0.004109543,-0.0019109955,0.0002875518,0.002486099,0.0046846466,0.0068831937,0.009081741,0.011280288,0.013478836,0.015677383,0.01787593],"mean":-0.010638609,"std":0.017782811}
{"counts":[1,0,1,0,0,0,1,2,1,0,0,0,1,1,2,2,5,1,2,0,1,1,0,1,1,2,1,1,0,4],"wall_time":1.754150926276e9,"step":6,"max":0.01638905,"min":-0.05255706,"count":32,"bins":[-0.05255706,-0.050258856,-0.04796065,-0.045662448,-0.043364245,-0.04106604,-0.038767837,-0.036469635,-0.03417143,-0.031873226,-0.029575022,-0.02727682,-0.024978615,-0.022680411,-0.020382209,-0.018084005,-0.0157858,-0.013487597,-0.011189394,-0.00889119,-0.0065929866,-0.004294783,-0.0019965793,0.00030162433,0.002599828,0.0048980317,0.007196235,0.009494439,0.011792642,0.014090846,0.01638905],"mean":-0.011628057,"std":0.018422302}
{"counts":[2,0,0,0,0,3,1,0,0,1,0,2,0,3,2,4,1,1,1,0,1,1,1,2,2,0,1,2,0,1],"wall_time":1.754150928387e9,"step":7,"max":0.023346083,"min":-0.05495544,"count":32,"bins":[-0.05495544,-0.05234539,-0.04973534,-0.047125287,-0.044515237,-0.041905187,-0.039295137,-0.036685087,-0.034075037,-0.031464983,-0.028854933,-0.026244882,-0.023634832,-0.02102478,-0.01841473,-0.015804678,-0.013194628,-0.010584578,-0.007974527,-0.005364476,-0.002754425,-0.00014437418,0.0024656767,0.0050757276,0.007685778,0.010295829,0.01290588,0.015515931,0.018125981,0.020736033,0.023346083],"mean":-0.013142335,"std":0.020855052}
{"counts":[2,0,0,0,0,2,1,1,0,0,1,1,2,3,3,1,2,2,0,0,2,1,0,4,1,1,1,0,0,1],"wall_time":1.754150930413e9,"step":8,"max":0.026729185,"min":-0.058505084,"count":32,"bins":[-0.058505084,-0.055663943,-0.0528228,-0.049981657,-0.047140516,-0.04429937,-0.04145823,-0.03861709,-0.035775945,-0.032934804,-0.03009366,-0.02725252,-0.024411377,-0.021570234,-0.018729093,-0.01588795,-0.013046808,-0.010205665,-0.0073645227,-0.00452338,-0.0016822381,0.0011589043,0.0040000468,0.0068411888,0.009682331,0.012523473,0.015364616,0.018205758,0.021046901,0.023888042,0.026729185],"mean":-0.01405018,"std":0.021306554}
{"counts":[2,0,0,0,2,1,0,1,0,0,2,2,4,1,0,4,0,2,0,1,2,0,2,1,2,1,1,0,0,1],"wall_time":1.754150932601e9,"step":9,"max":0.028453069,"min":-0.060366992,"count":32,"bins":[-0.060366992,-0.057406325,-0.054445654,-0.051484987,-0.048524316,-0.04556365,-0.04260298,-0.03964231,-0.03668164,-0.033720974,-0.030760305,-0.027799636,-0.024838967,-0.021878298,-0.01891763,-0.01595696,-0.012996293,-0.010035624,-0.0070749554,-0.004114287,-0.0011536181,0.0018070505,0.004767719,0.007728388,0.0106890565,0.013649725,0.016610393,0.019571062,0.022531731,0.0254924,0.028453069],"mean":-0.015429388,"std":0.02280095}
{"counts":[1,1,0,2,0,1,0,1,0,0,3,1,0,5,1,0,2,1,1,2,1,1,1,2,0,3,0,1,0,1],"wall_time":1.754150934771e9,"step":10,"max":0.024922919,"min":-0.061830074,"count":32,"bins":[-0.061830074,-0.058938306,-0.05604654,-0.053154774,-0.050263006,-0.047371242,-0.044479474,-0.04158771,-0.038695943,-0.035804175,-0.03291241,-0.030020643,-0.027128877,-0.024237111,-0.021345343,-0.018453578,-0.015561811,-0.012670045,-0.009778278,-0.006886512,-0.0039947457,-0.0011029791,0.0017887873,0.004680554,0.0075723203,0.010464086,0.013355853,0.016247619,0.019139385,0.022031153,0.024922919],"mean":-0.016442766,"std":0.022882542}
{"counts":[2,0,0,0,2,0,1,1,0,0,2,2,3,1,1,2,3,1,1,1,2,1,2,0,2,0,0,1,0,1],"wall_time":1.754150937283e9,"step":11,"max":0.030724386,"min":-0.06452657,"count":32,"bins":[-0.06452657,-0.06135154,-0.05817651,-0.05500148,-0.051826444,-0.048651412,-0.04547638,-0.04230135,-0.039126318,-0.035951287,-0.032776255,-0.029601222,-0.026426189,-0.023251157,-0.020076126,-0.016901094,-0.013726061,-0.01055103,-0.0073759975,-0.0042009656,-0.0010259338,0.002149098,0.00532413,0.008499162,0.011674194,0.014849226,0.018024258,0.02119929,0.024374321,0.027549354,0.030724386],"mean":-0.01662494,"std":0.023809198}
{"counts":[2,0,0,0,0,1,0,2,1,0,0,2,2,2,2,3,1,1,3,0,3,1,1,1,1,1,1,0,0,1],"wall_time":1.754150939763e9,"step":12,"max":0.032270767,"min":-0.0713536,"count":32,"bins":[-0.0713536,-0.06789945,-0.06444531,-0.060991164,-0.057537016,-0.05408287,-0.050628725,-0.04717458,-0.043720435,-0.04026629,-0.036812145,-0.033358,-0.029903853,-0.026449708,-0.022995561,-0.019541416,-0.016087271,-0.012633125,-0.009178979,-0.0057248343,-0.0022706885,0.001183457,0.0046376023,0.008091748,0.011545894,0.015000039,0.018454185,0.02190833,0.025362475,0.028816622,0.032270767],"mean":-0.016870815,"std":0.024524806}
{"counts":[2,0,0,0,0,2,1,1,0,0,1,1,2,3,3,1,2,2,0,0,2,1,0,4,1,1,1,0,0,1],"wall_time":1.754150943222e9,"step":13,"max":0.026729185,"min":-0.058505084,"count":32,"bins":[-0.058505084,-0.055663943,-0.0528228,-0.049981657,-0.047140516,-0.04429937,-0.04145823,-0.03861709,-0.035775945,-0.032934804,-0.03009366,-0.02725252,-0.024411377,-0.021570234,-0.018729093,-0.01588795,-0.013046808,-0.010205665,-0.0073645227,-0.00452338,-0.0016822381,0.0011589043,0.0040000468,0.0068411888,0.009682331,0.012523473,0.015364616,0.018205758,0.021046901,0.023888042,0.026729185],"mean":-0.01405018,"std":0.021306554}
