{"counts":[1,0,0,1,0,0,1,3,3,4,2,4,1,3,4,4,4,5,3,0,4,3,3,3,2,2,3,0,0,1],"wall_time":1.754150916649e9,"step":1,"max":0.017839983,"min":-0.017491568,"count":64,"bins":[-0.017491568,-0.016313849,-0.015136131,-0.013958413,-0.012780694,-0.011602976,-0.0104252575,-0.00924754,-0.008069821,-0.006892103,-0.0057143844,-0.004536666,-0.0033589476,-0.0021812292,-0.0010035108,0.00017420761,0.001351926,0.0025296444,0.0037073628,0.004885081,0.0060627996,0.007240518,0.008418236,0.009595955,0.010773673,0.011951392,0.0131291095,0.014306828,0.015484546,0.016662264,0.017839983],"mean":0.0016743788,"std":0.0075468784}
{"counts":[1,0,0,1,1,2,0,2,0,2,3,4,1,5,6,3,4,3,2,0,7,2,2,5,1,3,1,0,1,2],"wall_time":1.754150918809e9,"step":2,"max":0.0231775,"min":-0.023458356,"count":64,"bins":[-0.023458356,-0.021903828,-0.0203493,-0.01879477,-0.017240241,-0.015685713,-0.014131185,-0.012576656,-0.011022127,-0.009467599,-0.007913071,-0.006358542,-0.0048040133,-0.0032494848,-0.0016949562,-0.00014042761,0.001414101,0.0029686296,0.004523158,0.006077687,0.007632215,0.009186744,0.010741272,0.012295801,0.013850329,0.015404858,0.016959386,0.018513914,0.020068444,0.021622973,0.0231775],"mean":0.0023779005,"std":0.010258926}
{"counts":[2,0,0,0,0,2,0,1,2,1,2,5,3,2,5,1,4,4,6,4,2,5,2,3,1,2,1,0,1,3],"wall_time":1.75415092077e9,"step":3,"max":0.028560655,"min":-0.028752942,"count":64,"bins":[-0.028752942,-0.026842488,-0.024932034,-0.023021583,-0.021111129,-0.019200675,-0.017290222,-0.015379769,-0.013469316,-0.011558862,-0.00964841,-0.007737956,-0.005827503,-0.0039170496,-0.0020065964,-9.614322e-5,0.00181431,0.0037247632,0.0056352164,0.0075456696,0.009456123,0.011366576,0.01327703,0.015187482,0.017097935,0.019008389,0.020918842,0.022829296,0.024739748,0.026650202,0.028560655],"mean":0.0036068717,"std":0.01255466}
{"counts":[1,1,0,0,1,0,1,2,1,3,1,2,1,6,5,3,5,4,5,4,2,3,0,5,2,3,0,0,0,3],"wall_time":1.75415092238e9,"step":4,"max":0.03344431,"min":-0.032898948,"count":64,"bins":[-0.032898948,-0.030687505,-0.028476063,-0.026264621,-0.02405318,-0.021841738,-0.019630296,-0.017418854,-0.015207412,-0.0129959695,-0.010784528,-0.008573086,-0.006361644,-0.004150202,-0.00193876,0.00027268194,0.002484124,0.004695566,0.0069070077,0.00911845,0.011329892,0.013541333,0.015752776,0.017964218,0.02017566,0.022387102,0.024598544,0.026809985,0.029021427,0.03123287,0.03344431],"mean":0.003995456,"std":0.014255697}
{"counts":[1,0,1,0,1,0,1,2,2,2,0,2,2,9,6,3,4,4,5,3,2,3,0,3,1,3,1,2,0,1],"wall_time":1.754150924432e9,"step":5,"max":0.042304292,"min":-0.03862064,"count":64,"bins":[-0.03862064,-0.035923142,-0.033225644,-0.030528147,-0.02783065,-0.025133152,-0.022435654,-0.019738156,-0.017040657,-0.01434316,-0.011645663,-0.008948165,-0.006250667,-0.003553169,-0.00085567136,0.0018418264,0.004539324,0.007236822,0.009934319,0.012631818,0.015329315,0.018026812,0.02072431,0.02342181,0.026119307,0.028816804,0.031514302,0.0342118,0.036909297,0.039606795,0.042304292],"mean":0.0054227267,"std":0.016758118}
{"counts":[1,0,0,1,2,1,0,2,1,2,1,4,4,6,2,4,3,8,3,1,4,1,3,2,0,1,3,2,1,1],"wall_time":1.754150926272e9,"step":6,"max":0.045912217,"min":-0.04105317,"count":64,"bins":[-0.04105317,-0.038154323,-0.035255477,-0.03235663,-0.029457783,-0.026558938,-0.023660092,-0.020761246,-0.017862398,-0.014963552,-0.0120647065,-0.009165861,-0.006267014,-0.003368168,-0.00046932176,0.0024295244,0.0053283707,0.008227217,0.011126063,0.01402491,0.016923755,0.019822601,0.022721447,0.025620295,0.02851914,0.03141799,0.034316834,0.03721568,0.040114526,0.04301337,0.045912217],"mean":0.005913939,"std":0.018852642}
{"counts":[1,0,0,0,1,1,1,2,2,1,1,3,4,6,3,4,5,4,2,2,4,4,0,3,3,1,0,1,2,3],"wall_time":1.754150928368e9,"step":7,"max":0.049055442,"min":-0.047546644,"count":64,"bins":[-0.047546644,-0.044326574,-0.041106503,-0.037886433,-0.034666367,-0.031446297,-0.028226227,-0.025006156,-0.021786088,-0.018566018,-0.015345949,-0.012125879,-0.008905809,-0.0056857397,-0.0024656702,0.0007543992,0.003974469,0.007194538,0.010414608,0.013634677,0.016854746,0.020074816,0.023294887,0.026514955,0.029735025,0.032955095,0.036175165,0.03939523,0.042615302,0.045835372,0.049055442],"mean":0.0068440447,"std":0.021444233}
{"counts":[1,0,0,2,1,0,1,1,3,2,1,5,3,5,3,3,4,3,4,3,4,3,1,2,2,0,1,1,1,4],"wall_time":1.754150930406e9,"step":8,"max":0.05466414,"min":-0.048316088,"count":64,"bins":[-0.048316088,-0.044883415,-0.04145074,-0.038018066,-0.03458539,-0.031152716,-0.027720042,-0.024287367,-0.020854695,-0.01742202,-0.013989345,-0.010556671,-0.007123997,-0.0036913229,-0.00025864865,0.0031740256,0.0066067,0.010039374,0.013472049,0.016904723,0.020337397,0.023770072,0.027202746,0.030635418,0.034068093,0.03750077,0.04093344,0.044366118,0.04779879,0.051231466,0.05466414],"mean":0.007919204,"std":0.023689741}
{"counts":[1,1,0,0,1,1,0,1,4,2,4,2,4,3,4,2,4,4,6,4,2,2,2,2,1,0,1,1,2,3],"wall_time":1.754150932596e9,"step":9,"max":0.058598273,"min":-0.05103321,"count":64,"bins":[-0.05103321,-0.047378827,-0.043724444,-0.04007006,-0.036415678,-0.032761294,-0.029106913,-0.02545253,-0.021798149,-0.018143766,-0.0144893825,-0.010834999,-0.007180617,-0.0035262343,0.0001281485,0.0037825312,0.007436914,0.011091297,0.01474568,0.018400062,0.022054445,0.025708828,0.029363211,0.033017594,0.036671977,0.04032636,0.04398074,0.047635123,0.051289506,0.05494389,0.058598273],"mean":0.008622442,"std":0.024881482}
{"counts":[1,1,0,1,0,0,2,1,3,1,5,4,4,5,2,4,2,6,4,4,3,1,1,2,0,0,2,2,1,2],"wall_time":1.754150934759e9,"step":10,"max":0.06432326,"min":-0.052087694,"count":64,"bins":[-0.052087694,-0.048207328,-0.044326965,-0.040446598,-0.036566235,-0.03268587,-0.028805504,-0.024925139,-0.021044772,-0.017164407,-0.0132840425,-0.009403678,-0.005523312,-0.0016429469,0.0022374182,0.0061177835,0.009998148,0.013878514,0.01775888,0.021639245,0.02551961,0.029399974,0.03328034,0.037160706,0.04104107,0.044921435,0.048801802,0.052682165,0.05656253,0.060442895,0.06432326],"mean":0.0088326195,"std":0.025656685}
{"counts":[1,1,0,0,1,0,3,2,1,1,4,3,8,3,3,2,1,6,7,2,3,3,1,0,0,1,3,1,2,1],"wall_time":1.754150937262e9,"step":11,"max":0.06924924,"min":-0.05705742,"count":64,"bins":[-0.05705742,-0.0528472,-0.048636977,-0.044426754,-0.04021653,-0.036006313,-0.03179609,-0.027585866,-0.023375645,-0.019165423,-0.0149552,-0.010744978,-0.006534756,-0.0023245339,0.0018856883,0.0060959104,0.010306133,0.014516355,0.018726576,0.022936799,0.027147021,0.031357244,0.035567466,0.03977769,0.04398791,0.04819813,0.052408352,0.056618575,0.060828798,0.065039024,0.06924924],"mean":0.009128903,"std":0.027879197}
{"counts":[1,0,1,0,1,2,0,3,1,3,2,6,6,0,4,3,2,5,6,4,4,2,0,0,0,2,2,1,2,1],"wall_time":1.754150939754e9,"step":12,"max":0.07352412,"min":-0.06057282,"count":64,"bins":[-0.06057282,-0.056102924,-0.051633026,-0.04716313,-0.04269323,-0.038223334,-0.033753432,-0.029283537,-0.024813637,-0.02034374,-0.015873842,-0.011403944,-0.006934046,-0.002464148,0.0020057498,0.006475648,0.0109455455,0.015415444,0.019885343,0.02435524,0.028825138,0.033295035,0.037764933,0.04223483,0.04670473,0.051174626,0.055644527,0.060114425,0.06458432,0.069054216,0.07352412],"mean":0.009264617,"std":0.029462436}
{"counts":[1,0,0,2,1,0,1,1,3,2,1,5,3,5,3,3,4,3,4,3,4,3,1,2,2,0,1,1,1,4],"wall_time":1.754150943208e9,"step":13,"max":0.05466414,"min":-0.048316088,"count":64,"bins":[-0.048316088,-0.044883415,-0.04145074,-0.038018066,-0.03458539,-0.031152716,-0.027720042,-0.024287367,-0.020854695,-0.01742202,-0.013989345,-0.010556671,-0.007123997,-0.0036913229,-0.00025864865,0.0031740256,0.0066067,0.010039374,0.013472049,0.016904723,0.020337397,0.023770072,0.027202746,0.030635418,0.034068093,0.03750077,0.04093344,0.044366118,0.04779879,0.051231466,0.05466414],"mean":0.007919204,"std":0.023689741}
