{"wall_time":1.754172826375e9,"step":1,"value":1.0}
{"wall_time":1.75417282756e9,"step":2,"value":2.0}
{"wall_time":1.754172828644e9,"step":3,"value":3.0}
{"wall_time":1.754172829729e9,"step":4,"value":4.0}
{"wall_time":1.754172830826e9,"step":5,"value":5.0}
