{"wall_time":1.754172826375e9,"step":1,"value":0.5879998}
{"wall_time":1.754172827558e9,"step":2,"value":0.22799993}
{"wall_time":1.754172828643e9,"step":3,"value":0.23399997}
{"wall_time":1.754172829729e9,"step":4,"value":0.24300003}
{"wall_time":1.754172830826e9,"step":5,"value":0.22099996}
