{"wall_time":1.754172826375e9,"step":1,"value":0.3625}
{"wall_time":1.754172827559e9,"step":2,"value":0.36}
{"wall_time":1.754172828643e9,"step":3,"value":0.35875}
{"wall_time":1.754172829729e9,"step":4,"value":0.36125}
{"wall_time":1.754172830826e9,"step":5,"value":0.37}
