{"wall_time":1.754172826375e9,"step":1,"value":1.1073365}
{"wall_time":1.754172827559e9,"step":2,"value":1.1220582}
{"wall_time":1.754172828644e9,"step":3,"value":1.1170068}
{"wall_time":1.754172829729e9,"step":4,"value":1.1244167}
{"wall_time":1.754172830826e9,"step":5,"value":1.1003847}
