{"counts":[1,0,0,1,1,0,1,2,2,8,7,6,10,6,3,7,1,2,1,0,1,0,1,1,0,0,0,0,1,1],"wall_time":1.754172814364e9,"step":1,"max":0.01252978,"min":-0.009738143,"count":64,"bins":[-0.009738143,-0.0089958785,-0.008253614,-0.0075113503,-0.0067690862,-0.006026822,-0.005284558,-0.004542294,-0.0038000299,-0.0030577658,-0.0023155017,-0.0015732376,-0.0008309735,-8.870941e-5,0.0006535547,0.0013958188,0.0021380829,0.002880347,0.003622611,0.004364875,0.0051071392,0.0058494033,0.0065916674,0.0073339315,0.008076196,0.00881846,0.009560724,0.010302988,0.011045252,0.011787516,0.01252978],"mean":-0.00023348766,"std":0.0036774792}
{"counts":[1,0,0,0,0,0,1,1,0,0,0,1,0,3,0,4,8,8,6,8,5,3,3,2,2,0,2,2,3,1],"wall_time":1.754172815592e9,"step":2,"max":0.007131895,"min":-0.013157091,"count":64,"bins":[-0.013157091,-0.012480792,-0.011804492,-0.011128193,-0.010451893,-0.009775594,-0.0090992935,-0.008422994,-0.0077466946,-0.007070395,-0.0063940957,-0.0057177963,-0.005041497,-0.004365197,-0.0036888975,-0.003012598,-0.0023362986,-0.0016599989,-0.0009836995,-0.00030739987,0.00036889967,0.0010451992,0.0017214988,0.0023977982,0.003074098,0.0037503974,0.004426697,0.0051029962,0.005779296,0.0064555956,0.007131895],"mean":-0.00023985375,"std":0.0035276792}
{"counts":[1,0,0,0,0,1,0,0,1,3,0,0,2,7,6,4,5,10,5,1,7,2,4,0,1,3,0,0,0,1],"wall_time":1.754172816807e9,"step":3,"max":0.008101763,"min":-0.012909369,"count":64,"bins":[-0.012909369,-0.012208997,-0.011508627,-0.0108082555,-0.010107884,-0.009407514,-0.008707142,-0.008006771,-0.0073064,-0.006606029,-0.005905658,-0.005205287,-0.004504916,-0.003804545,-0.0031041738,-0.0024038027,-0.0017034316,-0.0010030606,-0.00030268953,0.00039768155,0.0010980526,0.0017984237,0.0024987948,0.0031991657,0.0038995368,0.004599908,0.005300279,0.00600065,0.006701021,0.0074013923,0.008101763],"mean":-0.0009925892,"std":0.0034168884}
{"counts":[1,0,0,1,0,0,0,1,0,0,0,2,3,4,4,0,3,3,3,8,6,7,2,5,1,4,0,2,3,1],"wall_time":1.754172818187e9,"step":4,"max":0.004562731,"min":-0.007248399,"count":64,"bins":[-0.007248399,-0.0068546943,-0.0064609903,-0.006067286,-0.0056735817,-0.005279877,-0.0048861727,-0.0044924687,-0.004098764,-0.0037050599,-0.0033113556,-0.0029176513,-0.002523947,-0.0021302425,-0.0017365383,-0.001342834,-0.00094912964,-0.0005554253,-0.000161721,0.00023198333,0.00062568765,0.0010193919,0.0014130963,0.0018068006,0.002200505,0.0025942093,0.0029879136,0.0033816178,0.0037753223,0.0041690264,0.004562731],"mean":0.00032249972,"std":0.002280298}
{"counts":[1,0,0,0,1,1,1,0,3,6,2,4,2,3,8,6,6,2,2,7,1,2,0,1,1,0,1,2,0,1],"wall_time":1.754172819309e9,"step":5,"max":0.008632848,"min":-0.008874676,"count":64,"bins":[-0.008874676,-0.008291092,-0.007707508,-0.007123924,-0.0065403394,-0.0059567555,-0.0053731715,-0.004789587,-0.004206003,-0.003622419,-0.0030388348,-0.0024552506,-0.0018716665,-0.0012880823,-0.0007044982,-0.000120914076,0.00046267005,0.0010462542,0.0016298384,0.0022134224,0.0027970066,0.0033805908,0.003964175,0.004547759,0.0051313434,0.0057149273,0.0062985113,0.0068820957,0.0074656797,0.008049264,0.008632848],"mean":-3.343554e-5,"std":0.003337293}
{"counts":[1,0,1,0,0,1,1,2,1,1,1,4,2,4,5,5,2,7,4,1,9,2,3,1,1,0,1,1,1,2],"wall_time":1.754172820473e9,"step":6,"max":0.006799848,"min":-0.008690753,"count":64,"bins":[-0.008690753,-0.0081744,-0.007658046,-0.007141693,-0.0066253394,-0.006108986,-0.005592633,-0.0050762794,-0.004559926,-0.0040435726,-0.0035272194,-0.003010866,-0.0024945126,-0.0019781594,-0.001461806,-0.0009454526,-0.00042909925,8.725412e-5,0.0006036075,0.0011199608,0.0016363142,0.0021526676,0.002669021,0.0031853742,0.0037017276,0.004218081,0.004734434,0.005250788,0.005767141,0.0062834946,0.006799848],"mean":-0.00010183983,"std":0.0031451709}
{"counts":[1,0,1,0,2,1,0,0,3,1,5,4,2,2,1,4,0,5,6,2,3,5,3,6,2,0,1,1,2,1],"wall_time":1.754172821753e9,"step":7,"max":0.0056429273,"min":-0.006349682,"count":64,"bins":[-0.006349682,-0.0059499284,-0.0055501745,-0.005150421,-0.004750667,-0.0043509137,-0.0039511602,-0.0035514063,-0.0031516529,-0.0027518992,-0.0023521455,-0.0019523918,-0.0015526382,-0.0011528846,-0.00075313094,-0.0003533773,4.6376324e-5,0.00044612997,0.0008458836,0.0012456372,0.0016453909,0.0020451446,0.0024448982,0.0028446517,0.0032444054,0.003644159,0.0040439125,0.0044436664,0.00484342,0.005243174,0.0056429273],"mean":0.0004152031,"std":0.0027192815}
{"counts":[2,0,0,1,1,0,1,3,1,3,2,8,3,3,7,3,4,4,3,4,2,2,0,0,2,1,0,0,1,3],"wall_time":1.75417282356e9,"step":8,"max":0.007770033,"min":-0.007261268,"count":64,"bins":[-0.007261268,-0.0067602247,-0.006259181,-0.005758138,-0.0052570943,-0.004756051,-0.0042550075,-0.0037539643,-0.003252921,-0.0027518775,-0.0022508341,-0.0017497909,-0.0012487475,-0.0007477041,-0.00024666075,0.0002543826,0.00075542595,0.0012564693,0.0017575127,0.002258556,0.0027595994,0.0032606428,0.0037616862,0.0042627295,0.0047637727,0.0052648163,0.0057658595,0.006266903,0.0067679463,0.00726899,0.007770033],"mean":0.00027197707,"std":0.0032353296}
{"counts":[1,0,1,0,1,0,1,1,1,1,4,3,2,5,8,3,4,6,3,4,4,4,1,2,1,1,1,0,0,1],"wall_time":1.754172825366e9,"step":9,"max":0.005995988,"min":-0.00786064,"count":64,"bins":[-0.00786064,-0.0073987525,-0.006936865,-0.0064749774,-0.00601309,-0.005551202,-0.0050893147,-0.004627427,-0.004165539,-0.0037036517,-0.0032417641,-0.0027798766,-0.0023179888,-0.0018561013,-0.0013942136,-0.0009323261,-0.00047043848,-8.550876e-6,0.00045333672,0.0009152243,0.0013771119,0.0018389996,0.0023008871,0.0027627747,0.0032246623,0.0036865498,0.0041484376,0.004610325,0.005072213,0.0055341003,0.005995988],"mean":-0.0005061896,"std":0.0026104108}
