{"counts":[1,0,0,0,0,0,1,0,0,1,2,1,2,1,1,0,6,2,2,2,3,0,0,1,0,2,2,1,0,1],"wall_time":1.75417281439e9,"step":1,"max":0.0100589525,"min":-0.012044031,"count":32,"bins":[-0.012044031,-0.011307265,-0.010570499,-0.009833733,-0.009096967,-0.008360201,-0.0076234345,-0.0068866685,-0.006149902,-0.005413136,-0.00467637,-0.003939604,-0.0032028377,-0.0024660716,-0.0017293055,-0.0009925393,-0.00025577322,0.0004809929,0.001217759,0.0019545252,0.0026912913,0.0034280573,0.0041648233,0.00490159,0.005638356,0.006375122,0.007111888,0.007848654,0.00858542,0.009322186,0.0100589525],"mean":0.00083172286,"std":0.00480181}
{"counts":[1,0,1,1,1,1,0,1,2,2,3,5,2,4,2,1,0,2,0,0,0,0,0,0,1,1,0,0,0,1],"wall_time":1.754172815618e9,"step":2,"max":0.0119945705,"min":-0.005982029,"count":32,"bins":[-0.005982029,-0.005382809,-0.004783589,-0.004184369,-0.0035851488,-0.002985929,-0.002386709,-0.0017874889,-0.001188269,-0.000589049,1.0170974e-5,0.00060939096,0.001208611,0.0018078309,0.002407051,0.0030062709,0.0036054908,0.004204711,0.004803931,0.005403151,0.0060023707,0.0066015907,0.0072008106,0.0078000305,0.008399251,0.00899847,0.009597691,0.01019691,0.010796131,0.01139535,0.0119945705],"mean":0.0012459876,"std":0.0037444073}
{"counts":[1,0,1,0,1,0,0,0,0,0,0,0,1,2,2,3,5,2,1,2,3,1,0,1,0,3,0,1,1,1],"wall_time":1.754172816811e9,"step":3,"max":0.012065575,"min":-0.015627028,"count":32,"bins":[-0.015627028,-0.0147039415,-0.013780855,-0.012857768,-0.011934681,-0.011011595,-0.010088508,-0.009165421,-0.008242334,-0.0073192474,-0.0063961605,-0.0054730736,-0.0045499867,-0.0036269,-0.0027038134,-0.0017807265,-0.0008576397,6.544711e-5,0.000988534,0.0019116207,0.0028347075,0.0037577944,0.0046808813,0.0056039677,0.0065270546,0.0074501415,0.008373228,0.009296315,0.010219402,0.011142489,0.012065575],"mean":0.0007284548,"std":0.006296661}
{"counts":[1,0,0,0,0,0,0,1,0,0,1,2,1,1,3,1,6,2,2,1,2,1,1,1,2,0,0,0,1,2],"wall_time":1.754172818202e9,"step":4,"max":0.0046734833,"min":-0.007680503,"count":32,"bins":[-0.007680503,-0.0072687035,-0.006856904,-0.0064451047,-0.006033305,-0.0056215054,-0.005209706,-0.004797906,-0.004386107,-0.0039743073,-0.0035625077,-0.003150708,-0.0027389086,-0.002327109,-0.0019153095,-0.0015035099,-0.0010917104,-0.0006799108,-0.0002681113,0.00014368826,0.0005554878,0.00096728734,0.0013790869,0.0017908865,0.002202686,0.0026144856,0.0030262852,0.0034380846,0.0038498843,0.0042616837,0.0046734833],"mean":-0.0004422928,"std":0.0025933115}
{"counts":[1,1,0,0,0,1,1,4,1,1,0,5,1,4,2,3,0,1,1,3,0,0,1,0,0,0,0,0,0,1],"wall_time":1.754172819312e9,"step":5,"max":0.009415863,"min":-0.005908587,"count":32,"bins":[-0.005908587,-0.005397772,-0.004886957,-0.004376142,-0.003865327,-0.003354512,-0.002843697,-0.002332882,-0.001822067,-0.001311252,-0.000800437,-0.00028962197,0.00022119303,0.000732008,0.0012428231,0.001753638,0.002264453,0.002775268,0.003286083,0.003796898,0.004307713,0.004818528,0.005329343,0.005840158,0.006350973,0.006861788,0.0073726033,0.007883418,0.008394233,0.0089050485,0.009415863],"mean":0.00059750513,"std":0.0031135036}
{"counts":[1,1,1,0,0,0,1,1,1,3,0,4,2,1,2,3,0,2,1,2,2,1,2,0,0,0,0,0,0,1],"wall_time":1.754172820481e9,"step":6,"max":0.009537417,"min":-0.0069969036,"count":32,"bins":[-0.0069969036,-0.0064457594,-0.0058946153,-0.0053434717,-0.0047923275,-0.0042411834,-0.0036900393,-0.0031388954,-0.0025877513,-0.0020366074,-0.0014854632,-0.0009343192,-0.00038317515,0.00016796887,0.0007191129,0.0012702569,0.001821401,0.002372545,0.002923689,0.003474833,0.004025977,0.004577121,0.0051282654,0.005679409,0.006230553,0.0067816973,0.0073328414,0.0078839855,0.008435129,0.008986274,0.009537417],"mean":0.0006562419,"std":0.003646353}
{"counts":[2,0,2,0,2,0,1,3,3,3,3,7,0,2,0,2,0,0,0,0,0,1,0,0,0,0,0,0,0,1],"wall_time":1.754172821767e9,"step":7,"max":0.013055216,"min":-0.006783328,"count":32,"bins":[-0.006783328,-0.0061220434,-0.005460758,-0.0047994736,-0.004138189,-0.003476904,-0.0028156193,-0.0021543344,-0.0014930497,-0.00083176495,-0.00017048015,0.0004908046,0.0011520894,0.0018133742,0.002474659,0.0031359438,0.0037972287,0.0044585136,0.0051197982,0.005781083,0.0064423676,0.0071036527,0.0077649374,0.008426222,0.009087507,0.009748791,0.010410076,0.011071362,0.011732646,0.012393931,0.013055216],"mean":-0.00017097735,"std":0.0038591027}
{"counts":[2,2,0,0,0,1,2,1,1,0,0,5,2,6,1,1,0,2,2,1,0,0,0,0,0,0,0,0,1,2],"wall_time":1.754172823582e9,"step":8,"max":0.009114824,"min":-0.007042326,"count":32,"bins":[-0.007042326,-0.0065037543,-0.0059651826,-0.005426611,-0.0048880395,-0.004349468,-0.003810896,-0.0032723243,-0.0027337526,-0.0021951809,-0.0016566092,-0.0011180376,-0.00057946594,-4.089425e-5,0.0004976774,0.0010362491,0.0015748207,0.0021133923,0.002651964,0.0031905358,0.0037291076,0.004267679,0.004806251,0.0053448225,0.0058833943,0.006421966,0.0069605378,0.007499109,0.008037681,0.0085762525,0.009114824],"mean":-0.00016592754,"std":0.0040526446}
{"counts":[1,1,3,0,0,2,1,0,1,1,0,0,1,6,3,1,1,2,1,1,0,0,0,2,0,1,0,1,0,2],"wall_time":1.754172825381e9,"step":9,"max":0.0069719213,"min":-0.0059085684,"count":32,"bins":[-0.0059085684,-0.005479219,-0.005049869,-0.0046205195,-0.00419117,-0.00376182,-0.0033324705,-0.0029031208,-0.002473771,-0.0020444214,-0.0016150718,-0.0011857222,-0.0007563725,-0.00032702286,0.000102326805,0.00053167646,0.0009610261,0.0013903758,0.0018197254,0.002249075,0.0026784248,0.0031077743,0.003537124,0.0039664735,0.0043958235,0.004825173,0.005254523,0.0056838724,0.006113222,0.006542572,0.0069719213],"mean":9.904818e-5,"std":0.003524435}
