{"counts":[2,1,2,1,3,4,6,11,22,28,57,83,190,339,634,256,171,95,59,31,19,15,7,1,3,3,0,3,1,1],"wall_time":1.754172814378e9,"step":1,"max":0.03105297,"min":-0.028210063,"count":2048,"bins":[-0.028210063,-0.026234629,-0.024259193,-0.022283759,-0.020308325,-0.018332891,-0.016357455,-0.0143820215,-0.012406588,-0.010431153,-0.008455719,-0.006480284,-0.0045048497,-0.0025294153,-0.000553981,0.0014214534,0.0033968878,0.005372322,0.0073477565,0.009323191,0.011298626,0.01327406,0.015249494,0.017224928,0.019200362,0.021175798,0.023151232,0.025126666,0.0271021,0.029077535,0.03105297],"mean":0.00037666858,"std":0.00511434}
{"counts":[1,2,5,10,13,21,48,89,129,274,577,418,189,106,63,32,19,14,8,9,7,5,2,3,1,2,0,0,0,1],"wall_time":1.7541728156e9,"step":2,"max":0.036035534,"min":-0.019710515,"count":2048,"bins":[-0.019710515,-0.017852314,-0.015994111,-0.01413591,-0.012277708,-0.010419507,-0.008561305,-0.0067031034,-0.0048449016,-0.0029867,-0.0011284985,0.00072970317,0.0025879047,0.0044461065,0.006304308,0.00816251,0.010020711,0.011878913,0.013737114,0.015595316,0.017453518,0.019311719,0.021169921,0.023028122,0.024886325,0.026744526,0.028602727,0.03046093,0.032319132,0.034177333,0.036035534],"mean":0.0005449003,"std":0.004801493}
{"counts":[1,0,1,4,5,5,4,4,12,18,22,36,72,120,270,614,304,199,129,75,52,28,28,11,20,6,5,2,0,1],"wall_time":1.754172816809e9,"step":3,"max":0.025825454,"min":-0.02794926,"count":2048,"bins":[-0.02794926,-0.02615677,-0.02436428,-0.02257179,-0.020779299,-0.018986808,-0.017194318,-0.015401827,-0.013609337,-0.011816846,-0.010024356,-0.008231865,-0.0064393748,-0.0046468843,-0.0028543938,-0.0010619033,0.00073058717,0.0025230777,0.004315568,0.0061080586,0.007900549,0.00969304,0.01148553,0.013278021,0.015070511,0.016863002,0.018655492,0.020447982,0.022240473,0.024032963,0.025825454],"mean":0.00072095846,"std":0.0051643145}
{"counts":[1,0,0,2,3,2,3,11,18,29,56,89,114,192,365,601,255,144,58,39,27,10,8,7,3,3,5,0,1,2],"wall_time":1.754172818193e9,"step":4,"max":0.02415162,"min":-0.025059897,"count":2048,"bins":[-0.025059897,-0.023419514,-0.02177913,-0.020138746,-0.018498361,-0.016857978,-0.015217594,-0.01357721,-0.011936827,-0.010296443,-0.008656058,-0.0070156744,-0.0053752908,-0.0037349067,-0.0020945228,-0.00045413896,0.0011862449,0.0028266287,0.004467013,0.0061073964,0.0077477805,0.009388165,0.011028549,0.012668932,0.014309316,0.0159497,0.017590083,0.019230468,0.020870851,0.022511236,0.02415162],"mean":-0.00036521576,"std":0.0042696022}
{"counts":[1,1,0,0,1,0,2,1,7,3,8,3,9,14,25,52,77,212,539,597,234,109,55,40,24,12,12,6,3,1],"wall_time":1.75417281931e9,"step":5,"max":0.023164805,"min":-0.039705895,"count":2048,"bins":[-0.039705895,-0.037610203,-0.035514515,-0.033418827,-0.031323135,-0.029227445,-0.027131755,-0.025036065,-0.022940375,-0.020844685,-0.018748995,-0.016653305,-0.014557615,-0.012461925,-0.010366235,-0.008270545,-0.006174855,-0.004079165,-0.001983475,0.00011221506,0.002207905,0.004303595,0.006399285,0.008494975,0.010590665,0.012686355,0.014782045,0.016877735,0.018973425,0.021069115,0.023164805],"mean":0.00030058617,"std":0.0049616704}
{"counts":[2,0,3,1,6,10,12,21,40,59,133,226,554,459,234,99,62,35,27,27,16,10,3,3,2,0,2,1,0,1],"wall_time":1.754172820474e9,"step":6,"max":0.029947318,"min":-0.022529468,"count":2048,"bins":[-0.022529468,-0.020780241,-0.019031016,-0.01728179,-0.015532563,-0.013783337,-0.012034111,-0.010284885,-0.008535658,-0.006786432,-0.0050372058,-0.0032879796,-0.0015387535,0.00021047269,0.001959699,0.003708925,0.0054581515,0.0072073773,0.008956604,0.01070583,0.012455056,0.014204282,0.01595351,0.017702734,0.01945196,0.021201188,0.022950413,0.02469964,0.026448866,0.028198091,0.029947318],"mean":0.00034568866,"std":0.0045379368}
{"counts":[3,3,9,12,23,49,79,110,178,299,539,327,168,100,56,26,22,17,9,6,2,3,3,0,2,0,1,0,0,2],"wall_time":1.75417282176e9,"step":7,"max":0.030686967,"min":-0.01689702,"count":2048,"bins":[-0.01689702,-0.015310888,-0.013724755,-0.012138622,-0.010552489,-0.0089663565,-0.0073802234,-0.00579409,-0.0042079575,-0.0026218244,-0.0010356916,0.0005504414,0.0021365744,0.0037227073,0.00530884,0.006894973,0.008481106,0.010067239,0.011653372,0.013239505,0.014825637,0.01641177,0.017997904,0.019584037,0.02117017,0.022756303,0.024342434,0.025928568,0.027514702,0.029100833,0.030686967],"mean":-0.00023343661,"std":0.004343577}
{"counts":[1,0,0,1,1,2,1,1,6,6,17,21,43,76,157,294,703,346,162,94,43,26,21,15,2,3,2,2,1,1],"wall_time":1.754172823568e9,"step":8,"max":0.028284945,"min":-0.035188466,"count":2048,"bins":[-0.035188466,-0.033072688,-0.030956905,-0.028841125,-0.026725344,-0.024609564,-0.022493783,-0.020378003,-0.018262224,-0.016146444,-0.014030662,-0.011914882,-0.009799102,-0.0076833214,-0.0055675413,-0.0034517609,-0.0013359805,0.0007797999,0.0028955801,0.0050113606,0.007127141,0.009242921,0.011358702,0.013474482,0.015590263,0.017706042,0.019821823,0.021937603,0.024053384,0.026169164,0.028284945],"mean":-5.634552e-5,"std":0.0048377574}
{"counts":[1,0,1,0,0,0,1,3,11,10,16,41,50,85,181,398,589,236,148,115,75,30,22,17,9,6,2,0,0,1],"wall_time":1.754172825372e9,"step":9,"max":0.022954978,"min":-0.027382651,"count":2048,"bins":[-0.027382651,-0.02570473,-0.02402681,-0.022348888,-0.020670967,-0.018993046,-0.017315125,-0.015637204,-0.013959284,-0.012281363,-0.010603442,-0.008925521,-0.0072476,-0.0055696787,-0.0038917577,-0.0022138366,-0.00053591566,0.0011420053,0.0028199262,0.004497847,0.006175768,0.00785369,0.009531611,0.011209531,0.012887452,0.014565373,0.016243294,0.017921215,0.019599136,0.021277057,0.022954978],"mean":0.000311062,"std":0.004237036}
