{"counts":[1,0,0,1,1,1,5,5,12,22,40,65,90,112,105,65,42,33,17,14,3,2,0,1,1,0,0,0,0,2],"wall_time":1.754172814343e9,"step":1,"max":0.019280085,"min":-0.016270483,"count":640,"bins":[-0.016270483,-0.015085464,-0.013900445,-0.012715426,-0.011530407,-0.010345388,-0.00916037,-0.00797535,-0.0067903316,-0.0056053125,-0.0044202935,-0.0032352745,-0.0020502557,-0.0008652367,0.00031978227,0.0015048012,0.0026898202,0.003874839,0.005059858,0.006244877,0.007429896,0.0086149145,0.009799934,0.010984953,0.012169972,0.013354991,0.014540009,0.015725028,0.016910048,0.018095067,0.019280085],"mean":2.3988072e-5,"std":0.0034128479}
{"counts":[1,0,0,0,0,1,0,0,0,2,3,2,8,12,16,53,45,84,142,113,63,39,22,16,7,6,1,1,2,1],"wall_time":1.754172815588e9,"step":2,"max":0.014689913,"min":-0.024513297,"count":640,"bins":[-0.024513297,-0.023206523,-0.021899749,-0.020592976,-0.019286202,-0.017979428,-0.016672654,-0.015365881,-0.014059108,-0.012752334,-0.0114455605,-0.010138786,-0.008832013,-0.007525239,-0.0062184655,-0.004911692,-0.0036049183,-0.0022981446,-0.0009913709,0.00031540275,0.0016221764,0.0029289501,0.0042357235,0.0055424976,0.0068492712,0.008156044,0.0094628185,0.010769592,0.012076366,0.013383139,0.014689913],"mean":-0.00020459089,"std":0.0036454925}
{"counts":[1,0,0,0,0,1,4,0,2,4,4,8,16,21,25,40,73,74,117,86,67,37,22,12,13,7,1,2,2,1],"wall_time":1.754172816805e9,"step":3,"max":0.011339822,"min":-0.018054722,"count":640,"bins":[-0.018054722,-0.017074903,-0.016095085,-0.015115268,-0.014135449,-0.013155632,-0.012175813,-0.011195995,-0.0102161765,-0.009236359,-0.008256541,-0.0072767227,-0.0062969043,-0.0053170864,-0.004337268,-0.00335745,-0.0023776318,-0.0013978138,-0.00041799564,0.0005618225,0.0015416406,0.0025214588,0.003501277,0.004481095,0.0054609133,0.006440731,0.007420549,0.008400368,0.009380186,0.010360003,0.011339822],"mean":-0.0002287906,"std":0.0032531102}
{"counts":[1,1,3,2,6,12,21,36,50,55,118,121,73,48,46,15,11,7,2,5,2,1,2,1,0,0,0,0,0,1],"wall_time":1.754172818178e9,"step":4,"max":0.016384564,"min":-0.009739346,"count":640,"bins":[-0.009739346,-0.008868549,-0.007997752,-0.007126955,-0.006256158,-0.0053853607,-0.004514564,-0.0036437667,-0.00277297,-0.0019021728,-0.0010313758,-0.0001605788,0.0007102182,0.0015810152,0.0024518121,0.0033226092,0.004193406,0.0050642034,0.0059350003,0.006805797,0.0076765944,0.008547392,0.009418189,0.010288985,0.011159782,0.012030579,0.012901376,0.013772174,0.014642971,0.0155137675,0.016384564],"mean":1.881543e-6,"std":0.0026675572}
{"counts":[1,0,1,2,2,4,6,11,15,30,59,95,102,108,79,49,28,21,13,5,2,4,1,0,0,0,0,0,1,1],"wall_time":1.754172819307e9,"step":5,"max":0.019648515,"min":-0.015028084,"count":640,"bins":[-0.015028084,-0.013872197,-0.01271631,-0.011560424,-0.010404537,-0.009248651,-0.008092764,-0.0069368775,-0.0057809907,-0.0046251044,-0.0034692176,-0.002313331,-0.0011574443,-1.5577301e-6,0.0011543289,0.0023102155,0.003466102,0.0046219886,0.0057778754,0.0069337618,0.008089649,0.009245535,0.010401422,0.011557308,0.012713195,0.013869082,0.015024968,0.016180854,0.017336741,0.018492628,0.019648515],"mean":-2.7303172e-6,"std":0.0033891269}
{"counts":[1,0,2,1,1,1,3,3,5,8,11,20,26,30,65,103,90,89,63,42,30,12,14,6,7,3,0,2,1,1],"wall_time":1.75417282047e9,"step":6,"max":0.012740512,"min":-0.01537665,"count":640,"bins":[-0.01537665,-0.014439411,-0.013502172,-0.012564934,-0.011627695,-0.010690456,-0.009753217,-0.008815979,-0.00787874,-0.006941501,-0.0060042622,-0.0050670234,-0.004129785,-0.003192546,-0.0022553075,-0.0013180687,-0.00038082997,0.0005564088,0.0014936475,0.0024308863,0.003368125,0.0043053636,0.0052426024,0.0061798412,0.00711708,0.008054319,0.008991557,0.009928796,0.010866035,0.011803274,0.012740512],"mean":1.2352428e-5,"std":0.0032737094}
{"counts":[1,0,1,0,0,0,3,1,3,6,10,10,19,31,51,74,95,102,84,57,35,19,13,10,5,6,1,1,1,1],"wall_time":1.754172821748e9,"step":7,"max":0.011828027,"min":-0.01573885,"count":640,"bins":[-0.01573885,-0.0148199545,-0.013901059,-0.012982163,-0.012063267,-0.011144371,-0.010225475,-0.009306579,-0.008387683,-0.0074687875,-0.0065498916,-0.0056309956,-0.0047120997,-0.0037932037,-0.0028743078,-0.0019554119,-0.0010365159,-0.00011762005,0.00080127583,0.0017201718,0.0026390676,0.0035579635,0.0044768597,0.005395755,0.006314651,0.007233547,0.008152443,0.009071339,0.009990235,0.010909131,0.011828027],"mean":-2.7107064e-5,"std":0.002995054}
{"counts":[1,2,1,3,4,2,5,3,8,9,25,29,42,60,78,82,83,56,53,25,20,17,10,9,6,2,2,0,2,1],"wall_time":1.754172823553e9,"step":8,"max":0.012681218,"min":-0.01380241,"count":640,"bins":[-0.01380241,-0.0129196225,-0.012036835,-0.011154047,-0.01027126,-0.009388472,-0.008505684,-0.0076228967,-0.0067401095,-0.005857322,-0.0049745343,-0.0040917466,-0.003208959,-0.0023261714,-0.0014433837,-0.0005605961,0.00032219148,0.001204979,0.0020877668,0.0029705542,0.0038533418,0.0047361297,0.0056189173,0.0065017045,0.007384492,0.00826728,0.009150067,0.010032855,0.010915643,0.01179843,0.012681218],"mean":-8.011318e-5,"std":0.0034486242}
{"counts":[1,0,1,2,3,8,4,14,18,36,33,71,81,79,79,68,46,36,19,11,8,5,7,6,0,0,0,1,2,1],"wall_time":1.75417282536e9,"step":9,"max":0.011690204,"min":-0.009823508,"count":640,"bins":[-0.009823508,-0.009106384,-0.008389261,-0.0076721366,-0.0069550127,-0.006237889,-0.005520765,-0.0048036417,-0.0040865177,-0.0033693942,-0.0026522705,-0.0019351466,-0.001218023,-0.0005008992,0.00021622448,0.0009333482,0.0016504719,0.0023675957,0.0030847194,0.0038018432,0.0045189667,0.0052360906,0.005953214,0.006670338,0.0073874616,0.008104585,0.008821709,0.009538833,0.010255957,0.01097308,0.011690204],"mean":1.053509e-5,"std":0.0026352822}
