{"counts":[1,0,0,0,0,1,3,3,3,3,4,5,7,7,4,8,4,2,2,1,1,0,1,1,1,0,0,0,1,1],"wall_time":1.754172814372e9,"step":1,"max":0.011603211,"min":-0.010580689,"count":64,"bins":[-0.010580689,-0.009841225,-0.009101762,-0.008362299,-0.007622835,-0.006883372,-0.006143909,-0.0054044453,-0.004664982,-0.0039255186,-0.0031860555,-0.002446592,-0.0017071288,-0.00096766546,-0.00022820216,0.00051126117,0.0012507245,0.001990188,0.002729651,0.0034691144,0.004208578,0.004948041,0.0056875045,0.0064269677,0.0071664313,0.007905895,0.008645358,0.009384821,0.010124285,0.010863747,0.011603211],"mean":-0.0005286385,"std":0.0038319277}
{"counts":[1,0,0,0,0,0,0,1,1,0,1,4,2,3,5,4,7,7,4,3,3,7,2,1,1,2,1,2,0,2],"wall_time":1.754172815594e9,"step":2,"max":0.007986417,"min":-0.012593063,"count":64,"bins":[-0.012593063,-0.01190708,-0.011221097,-0.010535114,-0.009849132,-0.00916315,-0.008477166,-0.007791184,-0.0071052015,-0.0064192186,-0.005733236,-0.0050472533,-0.004361271,-0.003675288,-0.0029893054,-0.0023033228,-0.0016173401,-0.00093135744,-0.0002453748,0.00044060784,0.0011265905,0.0018125732,0.0024985557,0.0031845386,0.0038705212,0.0045565036,0.0052424865,0.005928469,0.0066144518,0.007300434,0.007986417],"mean":-0.00041053773,"std":0.003691105}
{"counts":[1,0,0,0,0,0,0,0,3,1,1,1,3,4,6,6,8,5,6,9,2,1,2,0,0,3,1,0,0,1],"wall_time":1.754172816809e9,"step":3,"max":0.0104004,"min":-0.01632423,"count":64,"bins":[-0.01632423,-0.015433408,-0.014542588,-0.013651767,-0.012760946,-0.011870124,-0.010979304,-0.010088483,-0.009197662,-0.00830684,-0.0074160197,-0.006525199,-0.0056343777,-0.004743557,-0.003852736,-0.002961915,-0.002071094,-0.001180273,-0.0002894521,0.0006013689,0.0014921898,0.002383011,0.003273832,0.004164653,0.0050554737,0.005946295,0.0068371156,0.007727937,0.008618758,0.009509578,0.0104004],"mean":-0.0013153129,"std":0.00424319}
{"counts":[1,0,0,0,1,0,1,0,0,2,2,0,1,3,5,4,4,3,8,7,5,2,3,3,6,1,0,0,1,1],"wall_time":1.75417281819e9,"step":4,"max":0.00549304,"min":-0.006914589,"count":64,"bins":[-0.006914589,-0.0065010013,-0.006087414,-0.005673826,-0.0052602384,-0.004846651,-0.0044330633,-0.0040194755,-0.003605888,-0.0031923002,-0.0027787127,-0.002365125,-0.0019515373,-0.0015379498,-0.0011243621,-0.00071077445,-0.0002971868,0.00011640084,0.0005299885,0.0009435761,0.0013571638,0.0017707514,0.002184339,0.0025979267,0.0030115144,0.003425102,0.0038386895,0.0042522773,0.004665865,0.0050794524,0.00549304],"mean":0.000567764,"std":0.0022415547}
{"counts":[1,0,2,1,3,3,3,3,5,8,3,5,6,2,8,5,1,0,1,1,1,0,1,0,0,0,0,0,0,1],"wall_time":1.754172819309e9,"step":5,"max":0.013476128,"min":-0.0074077067,"count":64,"bins":[-0.0074077067,-0.006711579,-0.006015451,-0.0053193234,-0.0046231956,-0.003927068,-0.0032309399,-0.002534812,-0.0018386842,-0.0011425563,-0.00044642854,0.00024969928,0.0009458271,0.0016419549,0.0023380828,0.0030342105,0.0037303383,0.0044264663,0.005122594,0.005818722,0.0065148496,0.0072109774,0.007907106,0.008603233,0.009299361,0.009995488,0.010691617,0.011387744,0.012083872,0.0127799995,0.013476128],"mean":0.00028780423,"std":0.003583735}
{"counts":[1,0,1,3,1,5,1,3,5,5,1,6,3,5,3,2,5,1,3,0,3,2,1,0,1,0,1,0,1,1],"wall_time":1.754172820473e9,"step":6,"max":0.007809754,"min":-0.006078417,"count":64,"bins":[-0.006078417,-0.005615478,-0.005152539,-0.0046896,-0.004226661,-0.0037637218,-0.0033007828,-0.0028378437,-0.0023749047,-0.0019119657,-0.0014490266,-0.0009860876,-0.00052314857,-6.020954e-5,0.0004027295,0.0008656685,0.0013286076,0.0017915466,0.0022544856,0.0027174246,0.0031803637,0.0036433027,0.0041062417,0.004569181,0.00503212,0.005495059,0.005957998,0.006420937,0.006883876,0.007346815,0.007809754],"mean":-0.00018987805,"std":0.0029848216}
{"counts":[2,2,2,0,0,2,4,4,2,4,4,2,4,2,5,5,1,4,5,2,0,3,2,0,0,0,2,0,0,1],"wall_time":1.754172821756e9,"step":7,"max":0.007848572,"min":-0.004853724,"count":64,"bins":[-0.004853724,-0.004430314,-0.004006904,-0.0035834943,-0.0031600846,-0.0027366746,-0.0023132649,-0.001889855,-0.001466445,-0.0010430352,-0.0006196254,-0.0001962155,0.00022719437,0.00065060426,0.0010740141,0.001497424,0.0019208338,0.0023442437,0.0027676537,0.0031910634,0.0036144734,0.004037883,0.004461293,0.004884703,0.0053081126,0.0057315226,0.0061549325,0.0065783425,0.007001752,0.007425162,0.007848572],"mean":0.00065297453,"std":0.002774989}
{"counts":[1,0,0,0,0,0,0,0,0,0,0,2,2,5,5,5,4,1,6,8,3,3,2,4,0,4,2,0,2,5],"wall_time":1.754172823563e9,"step":8,"max":0.006802695,"min":-0.011963781,"count":64,"bins":[-0.011963781,-0.011338232,-0.010712682,-0.010087133,-0.0094615845,-0.008836035,-0.008210486,-0.0075849365,-0.0069593876,-0.006333838,-0.005708289,-0.00508274,-0.0044571906,-0.0038316415,-0.0032060922,-0.002580543,-0.001954994,-0.0013294447,-0.00070389546,-7.834627e-5,0.00054720294,0.0011727521,0.0017983014,0.0024238506,0.0030493997,0.0036749488,0.004300498,0.0049260473,0.0055515966,0.0061771455,0.006802695],"mean":0.00018885019,"std":0.0035799276}
{"counts":[1,0,1,0,1,0,0,0,1,1,1,2,5,3,3,7,1,9,3,4,3,3,3,3,3,2,2,0,1,1],"wall_time":1.75417282537e9,"step":9,"max":0.005341853,"min":-0.0092510525,"count":64,"bins":[-0.0092510525,-0.008764623,-0.008278192,-0.007791762,-0.007305332,-0.0068189017,-0.0063324715,-0.0058460413,-0.005359611,-0.0048731808,-0.0043867505,-0.0039003205,-0.0034138903,-0.00292746,-0.00244103,-0.0019545997,-0.0014681696,-0.0009817394,-0.0004953092,-8.879012e-6,0.00047755116,0.0009639814,0.0014504115,0.0019368418,0.002423272,0.002909702,0.0033961323,0.0038825625,0.0043689925,0.004855423,0.005341853],"mean":-0.0007446432,"std":0.0028694628}
