{"counts":[1,0,0,0,0,0,0,1,0,1,2,1,0,4,0,6,2,3,5,1,0,1,0,1,0,0,1,0,0,2],"wall_time":1.754172814384e9,"step":1,"max":0.015758155,"min":-0.01707754,"count":32,"bins":[-0.01707754,-0.015983015,-0.014888492,-0.0137939695,-0.012699447,-0.011604924,-0.0105104,-0.009415877,-0.008321354,-0.007226831,-0.006132308,-0.0050377846,-0.0039432617,-0.0028487383,-0.0017542152,-0.0006596921,0.00043483105,0.0015293541,0.0026238773,0.0037184004,0.0048129237,0.0059074466,0.00700197,0.008096493,0.009191016,0.01028554,0.011380062,0.012474585,0.013569108,0.014663632,0.015758155],"mean":0.0008636884,"std":0.006477716}
{"counts":[2,0,1,2,1,4,4,5,4,3,1,1,0,1,0,0,0,0,2,0,0,0,0,0,0,0,0,0,0,1],"wall_time":1.754172815608e9,"step":2,"max":0.023189373,"min":-0.0060148365,"count":32,"bins":[-0.0060148365,-0.0050413627,-0.004067889,-0.0030944154,-0.0021209419,-0.0011474682,-0.00017399453,0.00079947914,0.0017729528,0.0027464265,0.0037199,0.0046933736,0.0056668473,0.006640321,0.007613795,0.008587268,0.009560742,0.010534216,0.011507689,0.012481163,0.013454637,0.014428111,0.015401584,0.016375057,0.017348532,0.018322006,0.019295478,0.020268952,0.021242427,0.0222159,0.023189373],"mean":0.0019805548,"std":0.005545474}
{"counts":[1,0,1,0,0,0,0,0,0,0,0,1,0,4,2,3,7,1,1,2,2,0,0,0,0,2,1,0,2,2],"wall_time":1.75417281681e9,"step":3,"max":0.01797614,"min":-0.021561228,"count":32,"bins":[-0.021561228,-0.020243315,-0.018925402,-0.017607491,-0.016289579,-0.014971666,-0.013653754,-0.012335842,-0.01101793,-0.009700017,-0.008382105,-0.0070641926,-0.0057462803,-0.004428368,-0.0031104558,-0.0017925436,-0.0004746313,0.000843281,0.0021611932,0.0034791057,0.0047970177,0.00611493,0.007432842,0.008750754,0.010068667,0.011386579,0.012704492,0.014022403,0.015340316,0.016658228,0.01797614],"mean":0.0019115463,"std":0.008991958}
{"counts":[1,0,0,0,0,0,0,0,0,0,0,0,0,2,0,2,0,1,0,4,7,4,3,1,2,1,1,1,0,2],"wall_time":1.754172818195e9,"step":4,"max":0.006329158,"min":-0.016505195,"count":32,"bins":[-0.016505195,-0.01574405,-0.014982904,-0.0142217595,-0.013460615,-0.012699469,-0.011938324,-0.011177179,-0.010416034,-0.009654889,-0.008893744,-0.008132599,-0.0073714536,-0.006610309,-0.0058491635,-0.0050880183,-0.0043268735,-0.0035657282,-0.0028045832,-0.0020434381,-0.001282293,-0.000521148,0.00023999714,0.0010011422,0.0017622873,0.0025234325,0.0032845775,0.0040457225,0.004806868,0.0055680126,0.006329158],"mean":-0.00079353177,"std":0.004095622}
{"counts":[1,0,0,0,0,0,0,0,0,2,2,2,0,1,6,2,5,2,1,1,1,1,2,2,0,0,0,0,0,1],"wall_time":1.75417281931e9,"step":5,"max":0.0107243415,"min":-0.010753272,"count":32,"bins":[-0.010753272,-0.010037351,-0.009321432,-0.008605511,-0.00788959,-0.00717367,-0.0064577493,-0.005741829,-0.0050259084,-0.004309988,-0.0035940676,-0.0028781472,-0.0021622267,-0.0014463062,-0.0007303858,-1.4465302e-5,0.00070145517,0.0014173756,0.002133296,0.0028492166,0.003565137,0.0042810575,0.0049969777,0.0057128984,0.0064288187,0.0071447394,0.00786066,0.00857658,0.009292501,0.010008421,0.0107243415],"mean":0.0007924898,"std":0.0039253677}
{"counts":[1,0,0,0,0,0,0,0,2,1,2,2,3,6,2,5,1,3,1,0,2,0,0,0,0,0,0,0,0,1],"wall_time":1.754172820476e9,"step":6,"max":0.01887281,"min":-0.0153555665,"count":32,"bins":[-0.0153555665,-0.014214621,-0.013073674,-0.011932729,-0.010791783,-0.009650837,-0.008509891,-0.007368945,-0.0062279995,-0.0050870534,-0.0039461073,-0.0028051615,-0.0016642157,-0.0005232698,0.0006176761,0.001758622,0.0028995678,0.0040405137,0.0051814597,0.0063224058,0.0074633514,0.008604297,0.009745243,0.0108861895,0.012027135,0.013168081,0.014309027,0.015449973,0.01659092,0.017731864,0.01887281],"mean":0.00088503154,"std":0.0055096126}
{"counts":[1,0,0,1,1,1,0,0,1,1,2,4,6,6,2,1,3,0,0,0,1,0,0,0,0,0,0,0,0,1],"wall_time":1.754172821762e9,"step":7,"max":0.017698845,"min":-0.013187297,"count":32,"bins":[-0.013187297,-0.012157759,-0.011128221,-0.010098683,-0.009069145,-0.008039607,-0.0070100683,-0.0059805303,-0.0049509923,-0.0039214543,-0.002891916,-0.0018623781,-0.00083284004,0.00019669799,0.001226236,0.002255774,0.003285312,0.00431485,0.005344388,0.0063739265,0.0074034645,0.008433002,0.00946254,0.010492079,0.011521617,0.012551155,0.013580693,0.014610231,0.015639769,0.016669307,0.017698845],"mean":-0.00037009738,"std":0.005310472}
{"counts":[1,0,0,1,0,0,1,0,1,1,0,1,1,3,5,7,3,2,2,1,0,0,0,0,0,1,0,0,0,1],"wall_time":1.75417282357e9,"step":8,"max":0.016537331,"min":-0.016998317,"count":32,"bins":[-0.016998317,-0.015880462,-0.014762607,-0.013644752,-0.012526898,-0.011409042,-0.010291187,-0.009173333,-0.008055477,-0.0069376226,-0.0058197677,-0.004701913,-0.0035840578,-0.002466203,-0.001348348,-0.00023049302,0.00088736194,0.002005217,0.0031230717,0.004240927,0.0053587817,0.0064766365,0.0075944914,0.008712347,0.009830201,0.010948056,0.012065912,0.013183766,0.014301621,0.015419476,0.016537331],"mean":-0.00058876944,"std":0.006190127}
{"counts":[2,0,1,0,0,2,1,2,2,0,3,5,3,1,1,0,2,2,1,1,0,1,0,0,1,0,0,0,0,1],"wall_time":1.754172825373e9,"step":9,"max":0.014240456,"min":-0.008601572,"count":32,"bins":[-0.008601572,-0.007840171,-0.0070787705,-0.0063173696,-0.0055559687,-0.004794568,-0.004033167,-0.0032717658,-0.0025103649,-0.001748964,-0.0009875629,-0.00022616204,0.0005352389,0.0012966398,0.0020580408,0.0028194417,0.0035808426,0.0043422435,0.0051036444,0.0058650454,0.0066264463,0.007387847,0.008149249,0.008910649,0.00967205,0.010433451,0.011194852,0.011956253,0.012717654,0.013479055,0.014240456],"mean":0.000614002,"std":0.004941924}
