{"counts":[1,0,0,0,0,0,1,0,0,0,1,3,1,1,2,4,2,4,2,1,1,0,2,0,1,1,1,1,1,1],"wall_time":1.754172814387e9,"step":1,"max":0.009933594,"min":-0.010811875,"count":32,"bins":[-0.010811875,-0.010120359,-0.009428844,-0.0087373275,-0.008045812,-0.0073542967,-0.006662781,-0.0059712655,-0.0052797496,-0.0045882342,-0.0038967186,-0.003205203,-0.0025136874,-0.0018221717,-0.0011306561,-0.00043914048,0.00025237512,0.0009438907,0.0016354064,0.002326922,0.0030184377,0.0037099533,0.0044014687,0.0050929845,0.0057845,0.006476016,0.007167531,0.007859047,0.008550563,0.009242078,0.009933594],"mean":0.001164964,"std":0.0044852104}
{"counts":[1,0,1,0,0,1,1,0,2,3,2,1,3,3,2,0,2,2,0,2,0,2,1,0,0,1,0,0,1,1],"wall_time":1.754172815613e9,"step":2,"max":0.009378899,"min":-0.0066293413,"count":32,"bins":[-0.0066293413,-0.0060957335,-0.0055621252,-0.0050285175,-0.004494909,-0.0039613014,-0.0034276932,-0.0028940851,-0.0023604773,-0.0018268692,-0.0012932612,-0.0007596532,-0.00022604522,0.0003075628,0.0008411708,0.0013747788,0.0019083868,0.0024419948,0.0029756029,0.003509211,0.0040428187,0.004576427,0.0051100347,0.005643643,0.0061772508,0.006710859,0.007244467,0.007778075,0.008311683,0.008845291,0.009378899],"mean":0.000978406,"std":0.0037126534}
{"counts":[1,0,0,0,1,0,2,1,3,4,4,4,1,0,3,2,0,1,1,2,0,0,0,1,0,0,0,0,0,1],"wall_time":1.754172816811e9,"step":3,"max":0.015581053,"min":-0.008355737,"count":32,"bins":[-0.008355737,-0.007557844,-0.006759951,-0.005962058,-0.0051641646,-0.0043662717,-0.0035683787,-0.0027704858,-0.001972593,-0.0011746999,-0.00037680691,0.00042108606,0.001218979,0.002016872,0.002814765,0.003612658,0.004410551,0.005208444,0.006006337,0.00680423,0.007602123,0.0084000155,0.009197908,0.009995802,0.010793695,0.011591588,0.012389481,0.013187374,0.013985267,0.01478316,0.015581053],"mean":0.0014915018,"std":0.0046121194}
{"counts":[1,0,0,0,2,2,2,0,1,2,1,0,0,4,2,2,2,3,0,2,1,1,0,0,0,0,1,0,0,3],"wall_time":1.754172818199e9,"step":4,"max":0.004214584,"min":-0.004971746,"count":32,"bins":[-0.004971746,-0.004665535,-0.004359324,-0.004053113,-0.0037469019,-0.003440691,-0.00313448,-0.002828269,-0.0025220579,-0.002215847,-0.001909636,-0.001603425,-0.001297214,-0.000991003,-0.000684792,-0.000378581,-7.237001e-5,0.00023384098,0.00054005196,0.00084626296,0.001152474,0.0014586849,0.001764896,0.002071107,0.002377318,0.002683529,0.0029897399,0.0032959508,0.003602162,0.003908373,0.004214584],"mean":-0.0005055714,"std":0.0023529786}
{"counts":[1,0,0,2,0,1,0,1,1,2,2,4,2,2,1,3,3,1,1,0,1,0,2,0,0,0,1,0,0,1],"wall_time":1.754172819311e9,"step":5,"max":0.0067018466,"min":-0.00424111,"count":32,"bins":[-0.00424111,-0.0038763445,-0.0035115795,-0.0031468142,-0.002782049,-0.0024172838,-0.0020525185,-0.0016877534,-0.0013229881,-0.0009582229,-0.00059345766,-0.00022869247,0.00013607275,0.000500838,0.00086560316,0.0012303684,0.0015951336,0.0019598987,0.002324664,0.0026894293,0.0030541944,0.0034189597,0.003783725,0.0041484903,0.0045132553,0.0048780204,0.005242786,0.005607551,0.005972316,0.0063370815,0.0067018466],"mean":0.0007069018,"std":0.0023820654}
{"counts":[1,0,0,0,0,2,0,0,1,2,2,0,2,0,5,4,1,0,2,3,1,0,2,2,0,0,0,0,0,2],"wall_time":1.754172820477e9,"step":6,"max":0.0073428527,"min":-0.007715134,"count":32,"bins":[-0.007715134,-0.007213201,-0.0067112683,-0.0062093353,-0.0057074022,-0.0052054697,-0.0047035366,-0.0042016036,-0.0036996708,-0.003197738,-0.0026958052,-0.0021938721,-0.0016919393,-0.0011900064,-0.0006880735,-0.00018614065,0.00031579225,0.00081772514,0.001319658,0.0018215909,0.0023235239,0.0028254567,0.0033273895,0.0038293225,0.0043312553,0.0048331884,0.005335121,0.005837054,0.006338987,0.0068409196,0.0073428527],"mean":0.00018151203,"std":0.0033145316}
{"counts":[1,0,1,0,0,1,0,1,0,0,0,0,2,1,2,4,1,3,3,4,3,1,1,0,1,0,0,1,0,1],"wall_time":1.754172821765e9,"step":7,"max":0.0071994467,"min":-0.009784358,"count":32,"bins":[-0.009784358,-0.009218231,-0.008652104,-0.008085977,-0.0075198505,-0.0069537237,-0.006387597,-0.00582147,-0.005255343,-0.004689216,-0.0041230894,-0.0035569628,-0.0029908358,-0.002424709,-0.0018585823,-0.0012924555,-0.00072632864,-0.00016020186,0.00040592495,0.00097205176,0.0015381785,0.0021043054,0.0026704322,0.003236559,0.0038026858,0.004368813,0.0049349396,0.0055010663,0.006067193,0.00663332,0.0071994467],"mean":-0.00034096424,"std":0.003582034}
{"counts":[2,1,2,0,0,8,0,2,1,6,1,1,2,0,0,1,0,0,0,0,1,0,0,0,0,1,0,1,1,1],"wall_time":1.754172823577e9,"step":8,"max":0.012020837,"min":-0.0047132685,"count":32,"bins":[-0.0047132685,-0.004155465,-0.0035976614,-0.003039858,-0.0024820545,-0.001924251,-0.0013664474,-0.000808644,-0.00025084047,0.00030696305,0.00086476654,0.0014225701,0.0019803736,0.002538177,0.0030959805,0.003653784,0.0042115874,0.004769391,0.0053271945,0.005884998,0.0064428016,0.007000605,0.0075584087,0.008116212,0.008674015,0.009231819,0.009789622,0.010347426,0.0109052295,0.011463033,0.012020837],"mean":0.0009621805,"std":0.004525438}
{"counts":[2,0,3,0,3,1,0,2,1,2,3,1,2,3,1,0,0,3,1,2,0,0,0,0,0,1,0,0,0,1],"wall_time":1.754172825377e9,"step":9,"max":0.0098294,"min":-0.005336344,"count":32,"bins":[-0.005336344,-0.004830819,-0.0043252944,-0.0038197695,-0.0033142446,-0.0028087199,-0.002303195,-0.0017976701,-0.0012921455,-0.0007866206,-0.00028109582,0.00022442898,0.00072995375,0.0012354786,0.0017410034,0.0022465282,0.0027520529,0.0032575778,0.0037631025,0.004268627,0.0047741523,0.005279677,0.0057852017,0.0062907264,0.0067962515,0.007301776,0.007807301,0.008312826,0.008818351,0.009323875,0.0098294],"mean":0.00034270628,"std":0.0036504993}
