{"counts":[2,0,1],"wall_time":1.754172814395e9,"step":1,"max":0.042962592,"min":-0.03042429,"count":3,"bins":[-0.03042429,-0.0059619956,0.018500298,0.042962592],"mean":6.2088173e-10,"std":0.038266376}
{"counts":[1,1,1],"wall_time":1.754172815625e9,"step":2,"max":0.041530147,"min":-0.03881008,"count":3,"bins":[-0.03881008,-0.012030005,0.014750071,0.041530147],"mean":-1.2417635e-9,"std":0.040239125}
{"counts":[1,1,1],"wall_time":1.754172816813e9,"step":3,"max":0.0408608,"min":-0.036941387,"count":3,"bins":[-0.036941387,-0.011007325,0.014926736,0.0408608],"mean":4.967054e-9,"std":0.039048895}
{"counts":[1,1,1],"wall_time":1.754172818207e9,"step":4,"max":0.011869508,"min":-0.011043235,"count":3,"bins":[-0.011043235,-0.0034056539,0.004231927,0.011869508],"mean":-1.5522043e-9,"std":0.011478697}
{"counts":[1,1,1],"wall_time":1.754172819315e9,"step":5,"max":0.023638515,"min":-0.028727006,"count":3,"bins":[-0.028727006,-0.0112718325,0.006183341,0.023638515],"mean":-3.1044087e-10,"std":0.026551018}
{"counts":[2,0,1],"wall_time":1.754172820487e9,"step":6,"max":0.052795775,"min":-0.027246527,"count":3,"bins":[-0.027246527,-0.00056575984,0.026115008,0.052795775],"mean":0.0,"std":0.04573036}
{"counts":[1,1,1],"wall_time":1.754172821772e9,"step":7,"max":0.011601802,"min":-0.010155588,"count":3,"bins":[-0.010155588,-0.002903125,0.0043493384,0.011601802],"mean":-6.2088173e-10,"std":0.010950555}
{"counts":[1,0,2],"wall_time":1.754172823589e9,"step":8,"max":0.014100697,"min":-0.02601906,"count":3,"bins":[-0.02601906,-0.012645807,0.0007274449,0.014100697],"mean":9.313226e-10,"std":0.022559572}
{"counts":[1,1,1],"wall_time":1.754172825392e9,"step":9,"max":0.025723709,"min":-0.02929578,"count":3,"bins":[-0.02929578,-0.01095595,0.0073838793,0.025723709],"mean":-6.2088173e-10,"std":0.027683133}
