{"counts":[1,0,4,2,2,7,7,8,7,10,4,4,2,1,1,1,0,1,0,0,0,0,1,0,0,0,0,0,0,1],"wall_time":1.754172814354e9,"step":1,"max":0.023107627,"min":-0.009856808,"count":64,"bins":[-0.009856808,-0.008757994,-0.007659179,-0.0065603643,-0.00546155,-0.0043627354,-0.003263921,-0.0021651064,-0.0010662919,3.252262e-5,0.0011313371,0.0022301516,0.0033289662,0.004427781,0.0055265953,0.0066254097,0.007724224,0.008823039,0.009921853,0.011020668,0.012119482,0.013218297,0.014317111,0.0154159255,0.01651474,0.017613554,0.01871237,0.019811183,0.020909999,0.022008812,0.023107627],"mean":-0.00042346207,"std":0.0051133824}
{"counts":[1,0,0,0,0,0,2,0,1,1,0,2,0,3,2,6,5,9,7,3,6,6,1,2,0,1,0,2,3,1],"wall_time":1.754172815589e9,"step":2,"max":0.008844372,"min":-0.014436796,"count":64,"bins":[-0.014436796,-0.013660758,-0.012884718,-0.01210868,-0.01133264,-0.010556602,-0.0097805625,-0.009004524,-0.008228485,-0.007452446,-0.006676407,-0.005900368,-0.005124329,-0.00434829,-0.0035722512,-0.0027962122,-0.0020201732,-0.0012441344,-0.0004680954,0.00030794356,0.0010839825,0.0018600214,0.0026360604,0.0034120993,0.004188138,0.004964177,0.005740216,0.006516255,0.007292294,0.008068333,0.008844372],"mean":-0.0003542173,"std":0.0042303423}
{"counts":[1,0,0,0,0,0,0,0,3,0,0,3,3,6,6,6,8,6,10,4,2,2,0,0,2,1,0,0,0,1],"wall_time":1.754172816806e9,"step":3,"max":0.0131567735,"min":-0.01922457,"count":64,"bins":[-0.01922457,-0.01814519,-0.017065814,-0.015986435,-0.0149070565,-0.013827679,-0.012748301,-0.011668922,-0.010589545,-0.009510166,-0.008430788,-0.00735141,-0.006272032,-0.005192654,-0.004113276,-0.0030338978,-0.0019545197,-0.00087514165,0.00020423644,0.0012836145,0.0023629926,0.0034423708,0.004521749,0.0056011267,0.006680505,0.007759883,0.008839261,0.009918639,0.010998017,0.012077396,0.0131567735],"mean":-0.0015584679,"std":0.00478245}
{"counts":[1,0,0,0,0,0,0,0,0,0,2,0,0,3,2,1,4,10,9,15,10,0,3,2,1,0,0,0,0,1],"wall_time":1.754172818184e9,"step":4,"max":0.009512245,"min":-0.014115691,"count":64,"bins":[-0.014115691,-0.013328093,-0.012540495,-0.011752898,-0.0109653,-0.010177702,-0.009390104,-0.0086025065,-0.007814908,-0.0070273103,-0.0062397127,-0.0054521146,-0.004664517,-0.003876919,-0.003089321,-0.0023017232,-0.0015141254,-0.0007265275,6.107036e-5,0.0008486682,0.0016362661,0.0024238639,0.0032114617,0.0039990596,0.0047866576,0.0055742553,0.0063618533,0.007149451,0.007937049,0.008724647,0.009512245],"mean":0.00039004048,"std":0.0030284852}
{"counts":[1,0,0,0,0,0,1,0,0,1,1,2,3,0,3,5,8,5,4,5,6,4,3,5,2,0,1,1,1,2],"wall_time":1.754172819308e9,"step":5,"max":0.008224823,"min":-0.012917392,"count":64,"bins":[-0.012917392,-0.012212652,-0.011507911,-0.0108031705,-0.01009843,-0.009393689,-0.008688949,-0.007984209,-0.0072794682,-0.0065747276,-0.005869987,-0.005165247,-0.004460506,-0.0037557657,-0.003051025,-0.0023462847,-0.0016415442,-0.0009368037,-0.00023206323,0.00047267726,0.0011774177,0.0018821582,0.0025868986,0.0032916393,0.0039963797,0.0047011203,0.0054058605,0.006110601,0.0068153418,0.007520082,0.008224823],"mean":0.00010272219,"std":0.0037442914}
{"counts":[1,1,1,1,1,1,3,3,4,5,4,3,7,6,3,3,4,4,0,2,2,2,1,0,0,0,1,0,0,1],"wall_time":1.754172820471e9,"step":6,"max":0.00998815,"min":-0.0079539195,"count":64,"bins":[-0.0079539195,-0.0073558507,-0.0067577814,-0.0061597126,-0.0055616437,-0.0049635745,-0.0043655057,-0.0037674366,-0.0031693678,-0.0025712987,-0.0019732297,-0.0013751608,-0.00077709183,-0.00017902286,0.00041904612,0.0010171151,0.001615184,0.002213253,0.002811322,0.003409391,0.00400746,0.004605529,0.0052035977,0.005801667,0.006399736,0.0069978046,0.007595874,0.008193943,0.008792012,0.00939008,0.00998815],"mean":-0.00036119125,"std":0.0034586277}
{"counts":[1,1,1,1,1,0,0,1,1,3,2,4,9,2,1,4,2,8,1,3,4,1,3,1,2,3,0,1,0,3],"wall_time":1.754172821752e9,"step":7,"max":0.006782951,"min":-0.0062942826,"count":64,"bins":[-0.0062942826,-0.0058583748,-0.005422467,-0.0049865595,-0.0045506516,-0.004114744,-0.003678836,-0.003242928,-0.0028070204,-0.0023711126,-0.0019352048,-0.001499297,-0.0010633892,-0.00062748144,-0.00019157368,0.0002443341,0.0006802419,0.0011161497,0.0015520575,0.0019879653,0.002423873,0.0028597808,0.0032956887,0.0037315963,0.004167504,0.004603412,0.00503932,0.0054752273,0.005911135,0.006347043,0.006782951],"mean":0.00071088,"std":0.0029575299}
{"counts":[1,0,0,0,0,1,0,0,1,2,2,8,1,6,2,7,7,5,3,4,1,3,1,1,6,1,0,0,0,1],"wall_time":1.754172823557e9,"step":8,"max":0.011020486,"min":-0.013223033,"count":64,"bins":[-0.013223033,-0.012414916,-0.0116067985,-0.0107986815,-0.009990565,-0.009182447,-0.00837433,-0.007566212,-0.0067580948,-0.0059499773,-0.0051418603,-0.004333743,-0.0035256254,-0.0027175082,-0.0019093909,-0.0011012736,-0.00029315625,0.0005149611,0.0013230784,0.0021311957,0.002939313,0.0037474304,0.0045555476,0.005363665,0.0061717825,0.0069798995,0.007788017,0.008596134,0.009404251,0.010212369,0.011020486],"mean":8.650949e-5,"std":0.004289305}
{"counts":[1,0,0,1,0,1,0,0,0,4,2,1,3,5,5,3,4,7,4,4,2,3,3,4,2,2,1,0,0,2],"wall_time":1.754172825363e9,"step":9,"max":0.0061987992,"min":-0.0101053305,"count":64,"bins":[-0.0101053305,-0.009561859,-0.009018389,-0.008474917,-0.007931447,-0.0073879757,-0.0068445047,-0.006301034,-0.0057575624,-0.0052140914,-0.0046706204,-0.0041271495,-0.0035836785,-0.0030402075,-0.0024967366,-0.0019532656,-0.0014097947,-0.00086632365,-0.00032285266,0.00022061834,0.00076408935,0.0013075604,0.0018510313,0.0023945023,0.0029379732,0.0034814442,0.0040249154,0.0045683864,0.0051118573,0.0056553283,0.0061987992],"mean":-0.0007703679,"std":0.0031869567}
