{"counts":[2,0,2,1,5,5,5,3,6,1,1,5,5,1,6,6,5,7,3,8,3,1,3,2,2,2,2,2,1,1],"wall_time":1.754172814393e9,"step":1,"max":0.039536312,"min":-0.03628625,"count":96,"bins":[-0.03628625,-0.03375883,-0.031231413,-0.028703993,-0.026176576,-0.023649156,-0.021121737,-0.018594319,-0.0160669,-0.013539481,-0.011012062,-0.008484644,-0.005957225,-0.0034298063,-0.0009023875,0.0016250312,0.00415245,0.006679869,0.009207288,0.011734706,0.014262125,0.016789544,0.019316962,0.021844381,0.0243718,0.026899219,0.029426638,0.031954058,0.034481473,0.037008893,0.039536312],"mean":3.8805106e-10,"std":0.018114561}
{"counts":[3,1,0,0,2,0,6,6,0,2,5,6,5,11,6,7,8,6,4,7,1,2,4,0,1,0,1,0,1,1],"wall_time":1.754172815622e9,"step":2,"max":0.051307164,"min":-0.045299504,"count":96,"bins":[-0.045299504,-0.04207928,-0.03885906,-0.035638835,-0.032418616,-0.029198393,-0.02597817,-0.022757947,-0.019537726,-0.016317504,-0.013097282,-0.009877059,-0.0066568367,-0.0034366145,-0.00021639217,0.00300383,0.0062240525,0.009444275,0.012664497,0.01588472,0.01910494,0.022325164,0.025545387,0.028765608,0.03198583,0.035206053,0.038426276,0.0416465,0.04486672,0.04808694,0.051307164],"mean":-3.2014214e-10,"std":0.018869406}
{"counts":[1,0,0,1,0,1,2,0,3,4,3,4,4,9,7,6,5,6,5,4,5,3,4,5,2,6,1,1,3,1],"wall_time":1.754172816812e9,"step":3,"max":0.042619355,"min":-0.055972964,"count":96,"bins":[-0.055972964,-0.052686553,-0.049400143,-0.046113733,-0.04282732,-0.03954091,-0.0362545,-0.03296809,-0.029681679,-0.026395269,-0.023108857,-0.019822447,-0.016536037,-0.013249625,-0.009963215,-0.0066768043,-0.0033903937,-0.00010398303,0.0031824275,0.006468838,0.009755249,0.013041659,0.01632807,0.01961448,0.02290089,0.026187303,0.029473713,0.032760125,0.036046535,0.039332945,0.042619355],"mean":4.8506383e-11,"std":0.020145237}
{"counts":[1,0,0,0,0,1,1,0,0,0,3,0,10,9,5,8,9,5,10,5,7,10,6,2,0,2,1,0,0,1],"wall_time":1.754172818203e9,"step":4,"max":0.04573539,"min":-0.061637793,"count":96,"bins":[-0.061637793,-0.058058687,-0.05447958,-0.050900474,-0.047321368,-0.04374226,-0.040163156,-0.03658405,-0.033004943,-0.029425839,-0.025846733,-0.022267627,-0.01868852,-0.015109414,-0.011530308,-0.007951202,-0.0043720957,-0.00079298974,0.0027861162,0.0063652224,0.009944328,0.013523434,0.017102541,0.020681646,0.024260752,0.027839858,0.031418964,0.03499807,0.038577177,0.042156283,0.04573539],"mean":-6.693881e-10,"std":0.016489577}
{"counts":[1,1,0,0,0,4,3,0,3,6,1,4,1,10,6,8,5,7,4,2,9,3,4,6,3,2,2,0,0,1],"wall_time":1.754172819314e9,"step":5,"max":0.036800496,"min":-0.042177927,"count":96,"bins":[-0.042177927,-0.039545313,-0.0369127,-0.034280084,-0.03164747,-0.029014856,-0.026382241,-0.023749627,-0.021117015,-0.0184844,-0.015851786,-0.013219171,-0.010586558,-0.007953944,-0.0053213295,-0.0026887152,-5.6101133e-5,0.002576513,0.005209127,0.007841741,0.010474355,0.013106969,0.015739584,0.018372197,0.02100481,0.023637425,0.02627004,0.028902654,0.031535268,0.034167882,0.036800496],"mean":-4.850638e-10,"std":0.015825411}
{"counts":[1,1,1,1,1,5,6,4,3,6,8,7,4,4,2,2,2,3,5,4,6,3,7,3,3,1,1,1,0,1],"wall_time":1.754172820486e9,"step":6,"max":0.047141902,"min":-0.042915873,"count":96,"bins":[-0.042915873,-0.03991395,-0.03691202,-0.033910096,-0.03090817,-0.027906245,-0.024904318,-0.021902392,-0.018900467,-0.01589854,-0.012896615,-0.009894689,-0.006892763,-0.0038908373,-0.00088891137,0.0021130145,0.0051149405,0.008116866,0.011118792,0.0141207175,0.017122643,0.02012457,0.023126496,0.02612842,0.029130347,0.03213227,0.0351342,0.038136125,0.04113805,0.044139978,0.047141902],"mean":-9.701277e-12,"std":0.020479215}
{"counts":[1,1,0,0,0,0,0,2,3,6,3,4,5,8,3,4,4,4,9,7,5,8,1,3,7,3,2,1,1,1],"wall_time":1.754172821767e9,"step":7,"max":0.0355733,"min":-0.047661465,"count":96,"bins":[-0.047661465,-0.044886973,-0.04211248,-0.03933799,-0.036563497,-0.033789005,-0.031014511,-0.02824002,-0.025465528,-0.022691036,-0.019916544,-0.017142052,-0.014367559,-0.011593067,-0.008818574,-0.0060440823,-0.0032695902,-0.000495098,0.002279394,0.005053886,0.007828378,0.010602871,0.013377363,0.016151855,0.018926347,0.021700839,0.02447533,0.027249824,0.030024316,0.032798808,0.0355733],"mean":6.7908935e-11,"std":0.01652657}
{"counts":[1,0,1,1,1,2,2,0,0,3,2,3,5,10,3,6,6,11,9,5,4,9,3,3,0,0,0,1,1,4],"wall_time":1.754172823587e9,"step":8,"max":0.042430162,"min":-0.052808702,"count":96,"bins":[-0.052808702,-0.049634073,-0.046459444,-0.043284815,-0.040110186,-0.036935557,-0.033760928,-0.0305863,-0.027411671,-0.024237042,-0.021062413,-0.017887784,-0.014713156,-0.011538527,-0.008363899,-0.00518927,-0.002014641,0.0011599879,0.0043346165,0.0075092455,0.010683875,0.013858503,0.017033132,0.02020776,0.02338239,0.026557019,0.029731648,0.032906275,0.036080904,0.039255533,0.042430162],"mean":2.3283064e-10,"std":0.0187742}
{"counts":[1,0,1,1,3,0,1,1,0,5,7,1,9,5,7,0,4,10,4,4,4,0,8,6,3,4,4,1,1,1],"wall_time":1.754172825388e9,"step":9,"max":0.04047101,"min":-0.051284373,"count":96,"bins":[-0.051284373,-0.04822586,-0.045167346,-0.042108834,-0.039050322,-0.03599181,-0.032933295,-0.029874783,-0.026816271,-0.023757758,-0.020699246,-0.017640732,-0.0145822195,-0.011523707,-0.008465194,-0.0054066814,-0.0023481688,0.00071034406,0.0037688569,0.00682737,0.009885882,0.012944395,0.016002908,0.01906142,0.022119934,0.025178446,0.02823696,0.03129547,0.034353983,0.0374125,0.04047101],"mean":2.5708383e-10,"std":0.020004962}
