{"counts":[1,0,0,0,0,1,0,2,1,1,2,4,2,3,6,7,4,7,4,4,3,4,2,2,1,1,0,0,0,2],"wall_time":1.754172764529e9,"step":1,"max":0.009463594,"min":-0.011426631,"count":64,"bins":[-0.011426631,-0.010730291,-0.010033949,-0.009337609,-0.008641268,-0.007944927,-0.007248586,-0.0065522455,-0.0058559044,-0.005159564,-0.004463223,-0.003766882,-0.0030705412,-0.0023742002,-0.0016778593,-0.0009815185,-0.00028517767,0.00041116317,0.001107504,0.0018038449,0.0025001857,0.0031965266,0.0038928674,0.0045892084,0.005285549,0.00598189,0.006678231,0.0073745716,0.008070912,0.008767254,0.009463594],"mean":2.4981899e-5,"std":0.0037173633}
{"counts":[2,0,2,0,4,1,2,3,0,2,3,0,1,2,6,0,5,2,5,4,4,3,6,0,1,3,1,0,1,1],"wall_time":1.75417276567e9,"step":2,"max":0.007201504,"min":-0.008438544,"count":64,"bins":[-0.008438544,-0.0079172095,-0.0073958742,-0.0068745394,-0.0063532046,-0.00583187,-0.0053105345,-0.0047891997,-0.004267865,-0.0037465298,-0.003225195,-0.00270386,-0.0021825251,-0.0016611901,-0.0011398551,-0.0006185202,-9.718525e-5,0.0004241497,0.0009454846,0.0014668196,0.0019881546,0.0025094894,0.0030308245,0.0035521593,0.004073494,0.0045948294,0.005116164,0.005637499,0.006158834,0.006680169,0.007201504],"mean":-0.00031018362,"std":0.003840719}
{"counts":[1,1,0,0,0,2,0,2,1,1,2,3,1,5,2,5,0,10,11,1,0,5,2,2,0,1,1,1,1,3],"wall_time":1.754172766772e9,"step":3,"max":0.009094289,"min":-0.012078703,"count":64,"bins":[-0.012078703,-0.011372937,-0.01066717,-0.009961404,-0.009255637,-0.008549871,-0.007844105,-0.0071383384,-0.0064325724,-0.005726806,-0.0050210394,-0.004315273,-0.0036095066,-0.0029037402,-0.002197974,-0.0014922074,-0.000786441,-8.067461e-5,0.0006250918,0.0013308582,0.0020366246,0.002742391,0.0034481573,0.0041539236,0.00485969,0.0055654566,0.006271223,0.0069769896,0.0076827556,0.008388522,0.009094289],"mean":-0.00016581517,"std":0.004474931}
{"counts":[2,0,2,0,0,0,0,3,6,0,4,2,2,5,4,1,5,4,6,4,2,3,2,1,0,0,2,1,1,2],"wall_time":1.754172767979e9,"step":4,"max":0.007651901,"min":-0.008819329,"count":64,"bins":[-0.008819329,-0.008270288,-0.0077212467,-0.0071722055,-0.0066231648,-0.0060741236,-0.005525083,-0.0049760416,-0.004427001,-0.0038779597,-0.0033289187,-0.0027798777,-0.0022308368,-0.0016817958,-0.0011327548,-0.0005837139,-3.4672892e-5,0.0005143681,0.001063409,0.0016124501,0.002161491,0.002710532,0.003259573,0.003808614,0.004357655,0.004906696,0.005455737,0.0060047777,0.006553819,0.0071028597,0.007651901],"mean":-0.00030174205,"std":0.003720789}
{"counts":[1,0,0,0,0,0,3,1,1,1,11,5,3,6,14,7,5,3,0,1,0,1,0,0,0,0,0,0,0,1],"wall_time":1.754172769077e9,"step":5,"max":0.014682798,"min":-0.012603826,"count":64,"bins":[-0.012603826,-0.011694272,-0.010784717,-0.009875163,-0.00896561,-0.008056055,-0.007146501,-0.006236947,-0.005327393,-0.004417839,-0.0035082847,-0.0025987306,-0.0016891764,-0.00077962235,0.0001299318,0.0010394859,0.00194904,0.002858594,0.0037681484,0.004677702,0.0055872565,0.006496811,0.0074063647,0.008315919,0.009225473,0.010135028,0.011044581,0.011954135,0.012863689,0.013773244,0.014682798],"mean":-0.0004862693,"std":0.0036938058}
{"counts":[2,0,3,0,2,0,2,1,6,6,4,3,7,2,5,2,1,8,2,1,2,0,2,1,0,0,0,0,0,2],"wall_time":1.754172770232e9,"step":6,"max":0.008584512,"min":-0.006775794,"count":64,"bins":[-0.006775794,-0.0062637837,-0.0057517737,-0.0052397633,-0.0047277533,-0.004215743,-0.0037037327,-0.0031917226,-0.0026797124,-0.0021677022,-0.0016556919,-0.0011436817,-0.0006316715,-0.00011966128,0.00039234894,0.00090435916,0.0014163693,0.0019283796,0.0024403897,0.0029524001,0.0034644103,0.0039764205,0.0044884305,0.005000441,0.0055124513,0.0060244612,0.0065364717,0.0070484816,0.007560492,0.008072502,0.008584512],"mean":-0.00021634036,"std":0.0031602776}
{"counts":[1,0,1,0,1,0,3,2,1,3,1,2,6,4,4,0,6,5,4,3,4,4,2,2,2,0,1,1,0,1],"wall_time":1.754172771356e9,"step":7,"max":0.0062385276,"min":-0.0074693765,"count":64,"bins":[-0.0074693765,-0.0070124464,-0.0065555163,-0.006098586,-0.005641656,-0.005184726,-0.0047277957,-0.0042708656,-0.0038139354,-0.0033570053,-0.0029000752,-0.002443145,-0.001986215,-0.0015292848,-0.0010723546,-0.0006154245,-0.00015849434,0.0002984358,0.00075536594,0.0012122961,0.0016692262,0.0021261564,0.0025830865,0.0030400166,0.0034969468,0.003953877,0.004410807,0.004867737,0.0053246673,0.0057815975,0.0062385276],"mean":-0.00025069035,"std":0.0027921463}
{"counts":[1,0,0,0,0,0,1,1,1,0,2,3,2,3,5,5,3,4,8,1,6,3,3,2,1,3,3,0,1,2],"wall_time":1.754172772638e9,"step":8,"max":0.0051107137,"min":-0.0089084385,"count":64,"bins":[-0.0089084385,-0.008441133,-0.007973828,-0.0075065233,-0.007039218,-0.006571913,-0.006104608,-0.005637303,-0.005169998,-0.004702693,-0.004235388,-0.0037680827,-0.0033007776,-0.0028334726,-0.0023661675,-0.0018988624,-0.0014315573,-0.0009642523,-0.0004969472,-2.9642135e-5,0.00043766294,0.000904968,0.0013722731,0.0018395782,0.0023068832,0.0027741883,0.0032414934,0.0037087984,0.0041761035,0.0046434086,0.0051107137],"mean":-0.0005169244,"std":0.0027035994}
{"counts":[1,0,0,1,3,0,5,4,1,2,1,6,10,6,5,3,2,1,4,0,4,1,1,1,0,0,0,0,1,1],"wall_time":1.754172773862e9,"step":9,"max":0.010342227,"min":-0.007867431,"count":64,"bins":[-0.007867431,-0.0072604427,-0.006653454,-0.0060464656,-0.0054394766,-0.004832488,-0.0042254995,-0.003618511,-0.0030115223,-0.0024045338,-0.0017975451,-0.0011905564,-0.00058356783,2.3420776e-5,0.0006304094,0.001237398,0.0018443867,0.0024513754,0.003058364,0.0036653525,0.0042723413,0.00487933,0.0054863184,0.006093307,0.0067002955,0.007307284,0.007914273,0.008521262,0.00912825,0.009735239,0.010342227],"mean":0.000121984194,"std":0.0035113662}
{"counts":[1,0,2,0,2,1,3,4,1,4,4,4,4,3,3,4,4,3,1,3,2,0,2,5,2,1,0,0,0,1],"wall_time":1.754172775054e9,"step":10,"max":0.007026329,"min":-0.0062145954,"count":64,"bins":[-0.0062145954,-0.0057732314,-0.005331867,-0.004890503,-0.004449139,-0.0040077744,-0.0035664104,-0.0031250464,-0.0026836821,-0.0022423181,-0.0018009539,-0.0013595897,-0.00091822556,-0.00047686143,-3.5497265e-5,0.0004058669,0.000847231,0.0012885951,0.0017299594,0.0021713234,0.0026126876,0.003054052,0.003495416,0.00393678,0.004378144,0.0048195086,0.0052608727,0.0057022367,0.0061436007,0.006584965,0.007026329],"mean":-1.4271522e-5,"std":0.00288956}
