{"counts":[1,0,0,0,1,1,1,3,9,6,1,3,2,0,0,2,1,0,0,0,0,0,0,0,0,0,0,0,0,1],"wall_time":1.754172764543e9,"step":1,"max":0.02328175,"min":-0.010235412,"count":32,"bins":[-0.010235412,-0.009118173,-0.0080009345,-0.0068836957,-0.0057664574,-0.0046492186,-0.0035319799,-0.002414741,-0.0012975023,-0.00018026363,0.00093697506,0.0020542138,0.0031714526,0.004288691,0.00540593,0.0065231686,0.0076404074,0.008757646,0.009874885,0.010992124,0.0121093625,0.013226601,0.01434384,0.015461078,0.016578317,0.017695555,0.018812794,0.019930033,0.021047272,0.02216451,0.02328175],"mean":0.0010338046,"std":0.0053809257}
{"counts":[1,0,0,0,0,0,1,0,0,1,0,1,1,2,2,2,4,2,5,1,0,2,1,1,1,3,0,0,0,1],"wall_time":1.754172765703e9,"step":2,"max":0.015601052,"min":-0.02027896,"count":32,"bins":[-0.02027896,-0.01908296,-0.017886959,-0.016690958,-0.0154949585,-0.014298959,-0.013102958,-0.011906957,-0.010710957,-0.009514957,-0.008318956,-0.0071229558,-0.0059269555,-0.004730955,-0.0035349547,-0.0023389542,-0.0011429539,5.304658e-5,0.001249047,0.0024450475,0.0036410477,0.0048370482,0.0060330485,0.007229049,0.0084250495,0.00962105,0.01081705,0.012013051,0.013209051,0.014405051,0.015601052],"mean":0.00068013824,"std":0.0071703386}
{"counts":[1,2,0,1,1,3,1,4,1,3,3,2,1,2,0,1,0,2,1,2,0,0,0,0,0,0,0,0,0,1],"wall_time":1.754172766775e9,"step":3,"max":0.023240775,"min":-0.012027452,"count":32,"bins":[-0.012027452,-0.010851844,-0.009676237,-0.008500629,-0.0073250216,-0.006149414,-0.0049738064,-0.003798199,-0.0026225913,-0.0014469838,-0.00027137622,0.00090423133,0.002079839,0.0032554464,0.004431054,0.0056066616,0.006782269,0.007957877,0.009133484,0.010309092,0.011484699,0.012660307,0.013835914,0.015011522,0.01618713,0.017362736,0.018538345,0.019713953,0.02088956,0.022065166,0.023240775],"mean":0.00022933744,"std":0.007450851}
{"counts":[1,0,0,0,0,0,0,0,3,0,0,3,2,5,2,4,1,3,2,2,0,0,1,1,1,0,0,0,0,1],"wall_time":1.754172767985e9,"step":4,"max":0.01099793,"min":-0.009373668,"count":32,"bins":[-0.009373668,-0.008694614,-0.008015561,-0.007336508,-0.0066574547,-0.0059784013,-0.0052993484,-0.004620295,-0.0039412417,-0.0032621885,-0.0025831352,-0.001904082,-0.0012250288,-0.0005459755,0.00013307774,0.000812131,0.0014911842,0.0021702375,0.0028492906,0.003528344,0.0042073973,0.0048864502,0.0055655036,0.006244557,0.0069236103,0.0076026632,0.008281717,0.0089607695,0.009639823,0.010318876,0.01099793],"mean":0.00096435787,"std":0.0037814318}
{"counts":[1,0,0,0,0,0,2,1,0,1,0,1,2,1,2,5,2,1,1,4,2,0,0,1,1,0,1,0,1,2],"wall_time":1.75417276908e9,"step":5,"max":0.009692653,"min":-0.012142025,"count":32,"bins":[-0.012142025,-0.011414202,-0.01068638,-0.009958557,-0.009230735,-0.008502912,-0.0077750892,-0.0070472667,-0.006319444,-0.0055916216,-0.004863799,-0.0041359765,-0.0034081538,-0.0026803312,-0.0019525086,-0.0012246859,-0.00049686333,0.00023095928,0.00095878186,0.0016866045,0.002414427,0.0031422498,0.0038700723,0.004597895,0.0053257174,0.00605354,0.0067813625,0.0075091855,0.008237008,0.00896483,0.009692653],"mean":7.760653e-5,"std":0.005002471}
{"counts":[1,0,0,0,0,1,1,0,0,1,2,0,1,1,2,3,0,2,2,3,1,1,2,3,0,1,1,1,0,2],"wall_time":1.754172770246e9,"step":6,"max":0.0105574895,"min":-0.012190911,"count":32,"bins":[-0.012190911,-0.011432631,-0.010674351,-0.009916071,-0.009157791,-0.008399511,-0.0076412307,-0.0068829507,-0.006124671,-0.005366391,-0.004608111,-0.0038498307,-0.003091551,-0.0023332709,-0.0015749908,-0.00081671076,-5.8430745e-5,0.0006998493,0.0014581293,0.0022164092,0.0029746892,0.0037329693,0.0044912496,0.005249529,0.006007809,0.0067660892,0.0075243693,0.008282649,0.009040929,0.009799209,0.0105574895],"mean":0.0013431242,"std":0.0053352704}
{"counts":[1,0,0,0,1,1,1,3,2,2,1,3,2,5,0,0,0,1,1,0,0,3,1,1,0,1,1,0,0,1],"wall_time":1.754172771358e9,"step":7,"max":0.012462772,"min":-0.007425618,"count":32,"bins":[-0.007425618,-0.0067626718,-0.006099725,-0.005436779,-0.0047738324,-0.0041108862,-0.0034479399,-0.0027849935,-0.0021220471,-0.0014591007,-0.00079615443,-0.0001332081,0.00052973826,0.0011926846,0.0018556309,0.0025185773,0.0031815236,0.00384447,0.0045074164,0.0051703625,0.005833309,0.0064962553,0.007159202,0.007822148,0.008485095,0.009148041,0.009810987,0.010473933,0.01113688,0.011799826,0.012462772],"mean":0.0016919767,"std":0.0047210166}
{"counts":[1,1,2,0,1,1,3,3,5,1,2,1,4,3,0,0,1,0,1,0,1,0,0,0,0,0,0,0,0,1],"wall_time":1.754172772642e9,"step":8,"max":0.021327058,"min":-0.008823669,"count":32,"bins":[-0.008823669,-0.007818644,-0.00681362,-0.005808596,-0.004803572,-0.0037985474,-0.0027935233,-0.0017884991,-0.0007834749,0.00022154934,0.0012265736,0.0022315977,0.003236622,0.0042416463,0.0052466705,0.0062516946,0.007256719,0.008261743,0.009266768,0.010271791,0.011276816,0.01228184,0.013286864,0.014291888,0.015296913,0.016301937,0.017306961,0.018311985,0.019317009,0.020322034,0.021327058],"mean":0.0012239984,"std":0.0059329886}
{"counts":[1,0,0,1,0,0,1,1,2,1,1,4,2,2,2,4,2,2,1,2,1,0,0,0,0,1,0,0,0,1],"wall_time":1.754172773872e9,"step":9,"max":0.010986678,"min":-0.008846814,"count":32,"bins":[-0.008846814,-0.008185698,-0.007524581,-0.0068634646,-0.006202348,-0.005541232,-0.0048801154,-0.004218999,-0.0035578825,-0.0028967662,-0.0022356499,-0.0015745334,-0.00091341697,-0.00025230055,0.00040881583,0.0010699322,0.0017310487,0.0023921651,0.0030532815,0.0037143978,0.004375514,0.0050366307,0.005697747,0.0063588633,0.00701998,0.0076810964,0.008342213,0.009003329,0.009664445,0.010325562,0.010986678],"mean":0.00031717293,"std":0.0039458987}
{"counts":[1,1,0,0,1,0,2,2,1,1,0,4,3,0,1,1,2,1,0,2,0,4,0,1,1,1,1,0,0,1],"wall_time":1.754172775067e9,"step":10,"max":0.0053416425,"min":-0.0048162136,"count":32,"bins":[-0.0048162136,-0.0044776183,-0.0041390234,-0.003800428,-0.0034618329,-0.0031232375,-0.0027846424,-0.0024460473,-0.002107452,-0.0017688568,-0.0014302615,-0.0010916664,-0.00075307116,-0.00041447594,-7.588075e-5,0.00026271446,0.00060130964,0.0009399049,0.0012785001,0.0016170953,0.0019556906,0.0022942857,0.0026328808,0.0029714762,0.0033100713,0.0036486664,0.0039872616,0.004325857,0.0046644523,0.005003047,0.0053416425],"mean":0.00018753528,"std":0.0025540353}
