{"counts":[1,0,0,0,0,0,2,1,6,2,7,9,14,10,30,42,83,121,114,82,44,23,24,8,4,6,3,3,0,1],"wall_time":1.754172764435e9,"step":1,"max":0.019265475,"min":-0.02842992,"count":640,"bins":[-0.02842992,-0.026840074,-0.025250226,-0.02366038,-0.022070535,-0.020480687,-0.018890841,-0.017300995,-0.015711147,-0.0141213015,-0.012531455,-0.010941609,-0.009351762,-0.0077619157,-0.006172069,-0.0045822226,-0.002992376,-0.0014025295,0.00018731691,0.0017771634,0.0033670098,0.0049568564,0.0065467027,0.008136549,0.009726396,0.011316243,0.0129060885,0.014495935,0.016085781,0.017675629,0.019265475],"mean":-2.8898856e-5,"std":0.0049676346}
{"counts":[1,1,0,0,0,0,0,1,1,1,4,2,3,9,6,24,45,90,136,126,80,52,20,13,13,6,3,2,0,1],"wall_time":1.754172765662e9,"step":2,"max":0.01743861,"min":-0.030786404,"count":640,"bins":[-0.030786404,-0.029178904,-0.027571404,-0.025963902,-0.024356402,-0.022748902,-0.021141402,-0.0195339,-0.0179264,-0.0163189,-0.0147114,-0.0131039,-0.011496399,-0.009888899,-0.008281398,-0.0066738976,-0.005066397,-0.0034588967,-0.0018513963,-0.00024389582,0.0013636047,0.002971105,0.0045786058,0.006186106,0.0077936063,0.009401107,0.011008607,0.012616108,0.014223608,0.01583111,0.01743861],"mean":-0.00025782286,"std":0.004430883}
{"counts":[1,0,0,1,1,1,2,8,8,8,14,32,43,75,104,106,93,48,46,20,8,5,5,5,3,0,1,1,0,1],"wall_time":1.754172766771e9,"step":3,"max":0.022305096,"min":-0.02223746,"count":640,"bins":[-0.02223746,-0.020752707,-0.019267956,-0.017783204,-0.016298452,-0.0148137,-0.013328948,-0.011844196,-0.010359445,-0.008874693,-0.007389941,-0.005905189,-0.0044204374,-0.0029356855,-0.0014509336,3.3818185e-5,0.00151857,0.0030033218,0.0044880738,0.0059728255,0.007457577,0.008942329,0.010427081,0.011911833,0.013396584,0.014881336,0.016366089,0.01785084,0.019335592,0.020820344,0.022305096],"mean":0.0002990768,"std":0.004625239}
{"counts":[1,0,0,0,0,1,1,0,0,1,2,5,6,15,30,53,128,140,125,60,28,17,9,9,3,4,0,0,1,1],"wall_time":1.754172767979e9,"step":4,"max":0.021374518,"min":-0.03013464,"count":640,"bins":[-0.03013464,-0.02841767,-0.026700696,-0.024983725,-0.023266753,-0.021549782,-0.019832809,-0.018115837,-0.016398866,-0.014681893,-0.012964921,-0.011247949,-0.009530977,-0.007814005,-0.006097033,-0.0043800613,-0.0026630894,-0.0009461174,0.0007708546,0.0024878266,0.0042047985,0.0059217704,0.007638742,0.009355715,0.011072686,0.012789658,0.014506631,0.016223602,0.017940573,0.019657547,0.021374518],"mean":8.358724e-5,"std":0.0042771846}
{"counts":[2,0,0,1,1,3,2,5,6,9,12,24,42,72,104,112,84,53,46,18,15,15,3,3,1,1,2,3,0,1],"wall_time":1.754172769075e9,"step":5,"max":0.016361281,"min":-0.017060742,"count":640,"bins":[-0.017060742,-0.015946675,-0.014832607,-0.01371854,-0.012604472,-0.011490405,-0.010376337,-0.009262269,-0.008148203,-0.007034135,-0.0059200674,-0.004806,-0.0036919327,-0.002577865,-0.0014637976,-0.00034973025,0.0007643372,0.0018784046,0.0029924721,0.0041065393,0.005220607,0.0063346745,0.0074487417,0.008562809,0.0096768765,0.010790944,0.011905012,0.013019079,0.014133146,0.015247214,0.016361281],"mean":9.981205e-5,"std":0.003644053}
{"counts":[2,3,1,3,5,10,23,30,51,110,112,104,69,48,30,20,8,5,2,1,1,0,0,0,1,0,0,0,0,1],"wall_time":1.754172770229e9,"step":6,"max":0.024064386,"min":-0.013384907,"count":640,"bins":[-0.013384907,-0.012136597,-0.010888287,-0.0096399775,-0.008391667,-0.007143358,-0.005895048,-0.004646738,-0.0033984284,-0.0021501188,-0.00090180896,0.0003465008,0.0015948105,0.0028431204,0.00409143,0.00533974,0.0065880497,0.00783636,0.009084669,0.010332979,0.011581289,0.012829598,0.014077908,0.015326218,0.016574528,0.017822837,0.019071147,0.020319456,0.021567767,0.022816077,0.024064386],"mean":9.454433e-5,"std":0.003524519}
{"counts":[1,0,0,2,5,8,13,24,25,60,89,104,106,92,39,27,19,12,4,3,3,0,1,0,1,0,0,0,0,2],"wall_time":1.754172771348e9,"step":7,"max":0.02176917,"min":-0.014353041,"count":640,"bins":[-0.014353041,-0.013148967,-0.011944893,-0.010740819,-0.009536746,-0.0083326725,-0.0071285986,-0.0059245247,-0.0047204513,-0.0035163774,-0.0023123038,-0.0011082302,9.584353e-5,0.0012999172,0.002503991,0.0037080646,0.0049121385,0.006116212,0.007320286,0.008524359,0.009728433,0.010932507,0.01213658,0.013340654,0.014544727,0.0157488,0.016952874,0.01815695,0.019361023,0.020565096,0.02176917],"mean":-1.423805e-5,"std":0.0035784717}
{"counts":[1,1,0,0,2,1,2,3,4,7,12,19,25,35,54,83,97,78,87,51,30,15,10,9,4,4,3,1,0,2],"wall_time":1.754172772637e9,"step":8,"max":0.013822086,"min":-0.017532885,"count":640,"bins":[-0.017532885,-0.01648772,-0.015442554,-0.014397388,-0.013352222,-0.012307056,-0.011261891,-0.010216725,-0.0091715595,-0.008126394,-0.007081228,-0.0060360623,-0.0049908967,-0.003945731,-0.0029005653,-0.0018553995,-0.00081023376,0.00023493195,0.0012800976,0.0023252633,0.0033704292,0.004415595,0.0054607606,0.006505926,0.0075510917,0.008596257,0.009641423,0.010686589,0.011731755,0.012776921,0.013822086],"mean":-9.9108554e-5,"std":0.0036246509}
{"counts":[1,1,1,5,1,5,7,6,14,20,22,41,60,66,87,98,67,53,33,19,9,10,3,4,2,0,1,1,2,1],"wall_time":1.754172773862e9,"step":9,"max":0.015014761,"min":-0.014569187,"count":640,"bins":[-0.014569187,-0.013583055,-0.012596924,-0.011610792,-0.01062466,-0.009638528,-0.008652397,-0.0076662656,-0.0066801338,-0.0056940024,-0.0047078705,-0.0037217392,-0.0027356076,-0.001749476,-0.00076334435,0.00022278726,0.0012089189,0.0021950505,0.003181182,0.0041673137,0.005153445,0.006139577,0.0071257083,0.00811184,0.009097972,0.010084103,0.011070235,0.012056367,0.013042498,0.014028629,0.015014761],"mean":-0.00017857256,"std":0.0036254681}
{"counts":[3,0,1,6,10,12,13,12,23,39,49,65,77,96,67,55,30,24,29,10,3,3,4,4,2,1,0,0,0,2],"wall_time":1.75417277505e9,"step":10,"max":0.015241901,"min":-0.011476151,"count":640,"bins":[-0.011476151,-0.010585549,-0.009694947,-0.0088043455,-0.007913744,-0.007023142,-0.0061325403,-0.0052419384,-0.004351337,-0.003460735,-0.0025701334,-0.0016795316,-0.0007889299,0.00010167187,0.0009922736,0.0018828753,0.002773477,0.003664079,0.0045546805,0.0054452824,0.006335884,0.0072264858,0.008117087,0.00900769,0.009898291,0.010788892,0.011679495,0.012570096,0.013460698,0.0143513,0.015241901],"mean":9.489876e-5,"std":0.0034625886}
