{"counts":[2,5,0,2,8,7,9,24,38,66,143,237,487,482,220,107,81,42,25,25,10,6,6,4,5,1,1,2,2,1],"wall_time":1.754172764538e9,"step":1,"max":0.038869746,"min":-0.030073822,"count":2048,"bins":[-0.030073822,-0.027775703,-0.025477584,-0.023179464,-0.020881345,-0.018583227,-0.016285108,-0.013986989,-0.01168887,-0.009390751,-0.0070926324,-0.0047945133,-0.0024963946,-0.0001982756,0.0020998432,0.0043979622,0.0066960813,0.0089942,0.011292319,0.013590438,0.015888557,0.018186675,0.020484794,0.022782914,0.025081033,0.027379151,0.02967727,0.03197539,0.03427351,0.036571626,0.038869746],"mean":6.943657e-5,"std":0.0062913797}
{"counts":[1,0,1,1,3,10,9,15,9,38,48,114,179,423,610,284,130,77,35,21,21,5,8,1,3,1,0,0,0,1],"wall_time":1.754172765697e9,"step":2,"max":0.048036046,"min":-0.04258974,"count":2048,"bins":[-0.04258974,-0.03956888,-0.03654802,-0.033527162,-0.030506302,-0.027485441,-0.024464581,-0.021443723,-0.018422863,-0.015402003,-0.012381144,-0.009360285,-0.0063394248,-0.0033185654,-0.00029770582,0.0027231537,0.005744013,0.008764872,0.011785733,0.014806592,0.017827451,0.020848311,0.02386917,0.02689003,0.029910889,0.03293175,0.03595261,0.03897347,0.041994326,0.045015186,0.048036046],"mean":0.00032126636,"std":0.007209794}
{"counts":[1,1,5,9,16,36,79,174,320,688,328,165,83,34,21,23,18,9,8,9,4,4,2,4,2,1,2,0,1,1],"wall_time":1.754172766773e9,"step":3,"max":0.06734317,"min":-0.031997718,"count":2048,"bins":[-0.031997718,-0.028686356,-0.025374992,-0.02206363,-0.018752266,-0.015440904,-0.012129541,-0.0088181775,-0.005506815,-0.002195452,0.0011159107,0.0044272738,0.0077386363,0.011049999,0.014361362,0.017672725,0.020984087,0.024295451,0.027606813,0.030918177,0.03422954,0.0375409,0.040852264,0.04416363,0.04747499,0.050786354,0.054097716,0.057409078,0.060720444,0.0640318,0.06734317],"mean":0.00059103745,"std":0.008643821}
{"counts":[1,0,0,0,1,1,1,3,8,12,23,44,72,155,286,596,357,205,120,65,33,24,15,11,3,6,1,0,4,1],"wall_time":1.754172767979e9,"step":4,"max":0.03505494,"min":-0.037874095,"count":2048,"bins":[-0.037874095,-0.035443127,-0.03301216,-0.030581191,-0.028150223,-0.025719255,-0.023288287,-0.02085732,-0.018426353,-0.015995385,-0.013564416,-0.011133448,-0.008702481,-0.0062715127,-0.003840545,-0.0014095772,0.0010213907,0.0034523585,0.0058833263,0.008314294,0.010745262,0.01317623,0.015607198,0.018038165,0.020469133,0.0229001,0.025331069,0.027762037,0.030193005,0.032623973,0.03505494],"mean":0.0007050468,"std":0.0059262644}
{"counts":[1,0,3,1,8,7,9,21,19,44,86,125,234,442,414,234,154,91,49,31,23,15,15,9,7,5,0,0,0,1],"wall_time":1.75417276908e9,"step":5,"max":0.03064852,"min":-0.026813474,"count":2048,"bins":[-0.026813474,-0.024898075,-0.022982674,-0.021067275,-0.019151874,-0.017236475,-0.015321075,-0.013405675,-0.011490275,-0.009574875,-0.007659476,-0.005744076,-0.003828676,-0.0019132763,2.1235396e-6,0.0019175233,0.003832923,0.0057483227,0.0076637226,0.009579122,0.011494522,0.013409922,0.015325322,0.017240722,0.01915612,0.021071522,0.02298692,0.024902321,0.02681772,0.028733121,0.03064852],"mean":0.00037008707,"std":0.005527276}
{"counts":[4,2,2,2,7,19,19,24,49,59,111,147,233,298,337,247,156,97,74,50,38,27,11,11,9,8,6,0,0,1],"wall_time":1.754172770241e9,"step":6,"max":0.025593437,"min":-0.021306112,"count":2048,"bins":[-0.021306112,-0.019742794,-0.018179476,-0.016616158,-0.015052839,-0.013489521,-0.011926202,-0.010362884,-0.008799566,-0.0072362474,-0.0056729293,-0.004109611,-0.0025462925,-0.0009829742,0.0005803441,0.0021436624,0.0037069807,0.005270299,0.0068336176,0.008396936,0.009960254,0.011523573,0.013086891,0.014650209,0.016213527,0.017776845,0.019340163,0.020903483,0.022466801,0.02403012,0.025593437],"mean":0.0008585035,"std":0.005448493}
{"counts":[1,0,0,0,0,0,1,1,5,13,8,37,63,131,249,411,392,271,173,112,59,24,28,20,19,8,5,8,6,3],"wall_time":1.754172771357e9,"step":7,"max":0.028382944,"min":-0.03310054,"count":2048,"bins":[-0.03310054,-0.031051092,-0.029001642,-0.026952192,-0.024902744,-0.022853294,-0.020803845,-0.018754395,-0.016704945,-0.014655496,-0.012606046,-0.010556597,-0.008507147,-0.006457698,-0.0044082482,-0.0023587989,-0.00030934936,0.0017401002,0.0037895497,0.005838999,0.007888448,0.009937898,0.011987348,0.014036797,0.016086247,0.018135697,0.020185146,0.022234596,0.024284044,0.026333494,0.028382944],"mean":0.0008571312,"std":0.005759313}
{"counts":[1,0,1,0,1,4,15,19,35,86,188,383,561,328,179,108,67,23,18,14,5,6,2,1,0,1,0,0,0,2],"wall_time":1.754172772641e9,"step":8,"max":0.039130636,"min":-0.027096447,"count":2048,"bins":[-0.027096447,-0.024888877,-0.022681307,-0.02047374,-0.01826617,-0.0160586,-0.01385103,-0.011643461,-0.009435891,-0.007228322,-0.0050207525,-0.0028131832,-0.00060561375,0.0016019556,0.0038095252,0.0060170945,0.008224664,0.010432233,0.012639803,0.014847372,0.017054942,0.019262511,0.021470081,0.023677649,0.025885219,0.028092789,0.030300358,0.032507926,0.034715496,0.036923066,0.039130636],"mean":0.00090770365,"std":0.0050356984}
{"counts":[1,0,0,0,0,2,1,3,5,9,13,14,30,31,46,91,173,294,500,392,189,107,63,36,23,9,8,2,3,3],"wall_time":1.754172773867e9,"step":9,"max":0.024315748,"min":-0.03969277,"count":2048,"bins":[-0.03969277,-0.03755915,-0.035425536,-0.033291917,-0.031158302,-0.029024685,-0.026891068,-0.02475745,-0.022623831,-0.020490214,-0.018356597,-0.01622298,-0.014089363,-0.0119557455,-0.009822128,-0.007688511,-0.005554894,-0.0034212766,-0.0012876593,0.0008459581,0.0029795754,0.005113193,0.00724681,0.009380427,0.011514044,0.013647662,0.01578128,0.017914897,0.020048514,0.022182131,0.024315748],"mean":-0.000209822,"std":0.005725581}
{"counts":[2,0,1,1,3,4,8,19,27,39,65,126,219,342,441,300,197,115,51,34,22,13,3,8,1,2,3,0,1,1],"wall_time":1.75417277506e9,"step":10,"max":0.0274644,"min":-0.024780773,"count":2048,"bins":[-0.024780773,-0.023039266,-0.02129776,-0.019556256,-0.01781475,-0.016073244,-0.014331738,-0.012590232,-0.010848727,-0.009107221,-0.007365715,-0.0056242095,-0.0038827038,-0.0021411981,-0.00039969248,0.0013418132,0.003083319,0.0048248246,0.0065663303,0.008307836,0.010049342,0.011790847,0.013532354,0.015273859,0.017015364,0.01875687,0.020498376,0.022239882,0.023981387,0.025722893,0.0274644],"mean":0.00023019212,"std":0.0047302744}
