{"counts":[2,1,1,1,0,2,1,2,4,2,3,4,1,1,1,3,0,0,1,0,0,0,0,1,0,0,0,0,0,1],"wall_time":1.75417276455e9,"step":1,"max":0.0150414165,"min":-0.0071015228,"count":32,"bins":[-0.0071015228,-0.006363425,-0.0056253267,-0.004887229,-0.004149131,-0.003411033,-0.002672935,-0.001934837,-0.0011967389,-0.00045864098,0.000279457,0.001017555,0.001755653,0.002493751,0.0032318488,0.003969947,0.0047080447,0.005446143,0.006184241,0.0069223386,0.007660437,0.008398535,0.009136633,0.00987473,0.010612829,0.011350927,0.012089024,0.012827123,0.013565221,0.014303318,0.0150414165],"mean":0.0005314474,"std":0.004644266}
{"counts":[1,0,0,0,0,0,0,0,0,0,0,0,0,1,1,0,2,0,3,1,2,6,3,7,0,2,0,1,0,2],"wall_time":1.754172765705e9,"step":2,"max":0.0130983135,"min":-0.031213956,"count":32,"bins":[-0.031213956,-0.02973688,-0.028259804,-0.026782729,-0.025305653,-0.023828577,-0.022351502,-0.020874426,-0.01939735,-0.017920274,-0.016443199,-0.014966124,-0.013489048,-0.012011972,-0.0105348965,-0.009057821,-0.0075807455,-0.0061036698,-0.0046265945,-0.0031495187,-0.001672443,-0.00019536735,0.0012817082,0.002758784,0.0042358595,0.0057129352,0.007190011,0.008667086,0.010144162,0.011621238,0.0130983135],"mean":0.00010176428,"std":0.00793495}
{"counts":[3,3,0,1,3,5,2,3,3,1,1,1,2,0,1,1,0,0,0,0,0,0,1,0,0,0,0,0,0,1],"wall_time":1.754172766775e9,"step":3,"max":0.03566818,"min":-0.0109129315,"count":32,"bins":[-0.0109129315,-0.009360228,-0.007807524,-0.0062548206,-0.004702117,-0.003149413,-0.0015967094,-4.4005643e-5,0.0015086981,0.0030614017,0.0046141054,0.0061668092,0.007719513,0.009272217,0.010824921,0.012377624,0.013930327,0.015483031,0.017035736,0.018588439,0.020141143,0.021693846,0.02324655,0.024799254,0.026351957,0.027904661,0.029457364,0.031010069,0.032562774,0.034115475,0.03566818],"mean":0.0010863714,"std":0.009852901}
{"counts":[1,1,1,2,2,0,0,1,1,4,2,2,2,3,1,2,0,2,1,0,3,0,0,0,0,0,0,0,0,1],"wall_time":1.754172767985e9,"step":4,"max":0.011896582,"min":-0.0056010336,"count":32,"bins":[-0.0056010336,-0.00501778,-0.004434526,-0.003851272,-0.0032680181,-0.0026847643,-0.0021015103,-0.0015182565,-0.00093500264,-0.0003517488,0.00023150507,0.00081475894,0.0013980127,0.0019812665,0.0025645206,0.0031477744,0.0037310282,0.004314282,0.004897536,0.00548079,0.006064044,0.0066472976,0.0072305514,0.007813806,0.0083970595,0.008980313,0.009563567,0.010146821,0.010730075,0.0113133285,0.011896582],"mean":0.0012261352,"std":0.0038498067}
{"counts":[1,0,0,0,1,0,1,0,2,1,0,1,1,3,0,5,2,3,3,2,2,0,0,0,0,1,0,2,0,1],"wall_time":1.754172769085e9,"step":5,"max":0.011108348,"min":-0.011881843,"count":32,"bins":[-0.011881843,-0.0111155035,-0.010349164,-0.009582824,-0.008816484,-0.008050145,-0.007283805,-0.006517465,-0.0057511255,-0.004984786,-0.004218446,-0.0034521064,-0.0026857667,-0.001919427,-0.0011530872,-0.00038674753,0.00037959218,0.0011459319,0.0019122716,0.0026786113,0.003444951,0.0042112907,0.0049776305,0.00574397,0.00651031,0.0072766496,0.008042989,0.008809329,0.009575669,0.010342008,0.011108348],"mean":0.0003446157,"std":0.0050334157}
{"counts":[1,0,0,0,0,0,1,0,0,1,0,1,1,1,2,3,2,2,2,2,2,2,1,0,2,2,1,1,1,1],"wall_time":1.754172770247e9,"step":6,"max":0.012030953,"min":-0.016138535,"count":32,"bins":[-0.016138535,-0.015199552,-0.01426057,-0.013321586,-0.012382603,-0.011443621,-0.010504638,-0.009565654,-0.0086266715,-0.007687689,-0.0067487056,-0.005809723,-0.0048707398,-0.003931757,-0.0029927741,-0.0020537912,-0.0011148083,-0.00017582535,0.00076315756,0.0017021404,0.0026411235,0.0035801064,0.004519089,0.0054580723,0.006397055,0.007336038,0.008275021,0.009214004,0.010152987,0.01109197,0.012030953],"mean":0.0011949192,"std":0.0061629047}
{"counts":[1,0,0,0,1,0,0,1,2,4,3,0,3,2,1,3,2,1,2,0,1,0,2,1,0,0,1,0,0,1],"wall_time":1.754172771358e9,"step":7,"max":0.015132716,"min":-0.011518533,"count":32,"bins":[-0.011518533,-0.010630159,-0.009741783,-0.0088534085,-0.007965034,-0.0070766583,-0.0061882837,-0.0052999086,-0.0044115335,-0.0035231586,-0.0026347835,-0.0017464086,-0.00085803366,3.0341342e-5,0.0009187163,0.0018070913,0.0026954662,0.0035838413,0.004472216,0.005360591,0.0062489663,0.007137341,0.008025716,0.008914091,0.009802466,0.010690841,0.011579216,0.012467591,0.013355966,0.014244341,0.015132716],"mean":0.001180789,"std":0.005675843}
{"counts":[2,2,2,0,1,3,1,3,3,1,3,2,1,1,2,0,0,1,1,1,0,0,0,0,0,0,1,0,0,1],"wall_time":1.754172772643e9,"step":8,"max":0.012209337,"min":-0.003963626,"count":32,"bins":[-0.003963626,-0.0034245271,-0.0028854285,-0.0023463296,-0.0018072309,-0.0012681321,-0.0007290334,-0.00018993458,0.00034916418,0.000888263,0.0014273617,0.0019664606,0.0025055592,0.003044658,0.0035837567,0.0041228556,0.0046619545,0.0052010533,0.0057401517,0.0062792506,0.0068183495,0.0073574483,0.007896547,0.008435646,0.008974745,0.009513843,0.010052942,0.010592041,0.0111311395,0.011670238,0.012209337],"mean":0.0013330926,"std":0.0037800577}
{"counts":[1,0,0,0,0,1,0,0,1,0,1,2,4,0,3,3,1,3,3,2,1,2,1,2,0,0,0,0,0,1],"wall_time":1.754172773875e9,"step":9,"max":0.011736011,"min":-0.0143307485,"count":32,"bins":[-0.0143307485,-0.013461856,-0.012592965,-0.0117240725,-0.01085518,-0.009986289,-0.009117397,-0.008248504,-0.0073796124,-0.0065107206,-0.0056418288,-0.0047729365,-0.0039040446,-0.0030351526,-0.0021662607,-0.0012973687,-0.0004284767,0.00044041532,0.0013093073,0.0021781994,0.0030470912,0.0039159833,0.004784875,0.0056537674,0.006522659,0.007391551,0.008260443,0.009129335,0.0099982275,0.010867119,0.011736011],"mean":-0.00038313997,"std":0.004928142}
{"counts":[1,0,1,0,0,0,1,0,0,1,2,2,2,1,3,3,3,1,0,6,0,0,0,1,1,1,0,1,0,1],"wall_time":1.754172775071e9,"step":10,"max":0.006731726,"min":-0.0060708267,"count":32,"bins":[-0.0060708267,-0.005644075,-0.005217323,-0.0047905715,-0.0043638195,-0.003937068,-0.0035103161,-0.0030835643,-0.0026568125,-0.0022300608,-0.0018033091,-0.0013765573,-0.0009498055,-0.00052305375,-9.6301985e-5,0.00033044978,0.0007572015,0.0011839533,0.001610705,0.0020374567,0.0024642085,0.0028909603,0.003317712,0.003744464,0.0041712155,0.0045979675,0.005024719,0.005451471,0.0058782226,0.0063049747,0.006731726],"mean":0.00070703385,"std":0.0027929712}
