{"counts":[1,0,0,1,2,0,2,0,1,1,1,5,5,3,2,2,0,1,2,0,0,1,0,0,1,0,0,0,0,1],"wall_time":1.754172764538e9,"step":1,"max":0.016628847,"min":-0.011818187,"count":32,"bins":[-0.011818187,-0.010869953,-0.009921718,-0.008973484,-0.0080252495,-0.007077015,-0.0061287805,-0.005180546,-0.0042323116,-0.0032840772,-0.0023358427,-0.0013876082,-0.00043937378,0.0005088607,0.0014570951,0.0024053296,0.003353564,0.0043017985,0.005250033,0.0061982675,0.007146502,0.008094736,0.009042971,0.009991205,0.01093944,0.011887674,0.012835909,0.013784143,0.014732378,0.015680611,0.016628847],"mean":0.00025056832,"std":0.005775345}
{"counts":[1,0,0,0,1,0,0,0,1,0,0,3,1,3,2,8,6,2,1,0,1,0,1,0,0,0,0,0,0,1],"wall_time":1.7541727657e9,"step":2,"max":0.029498696,"min":-0.028372593,"count":32,"bins":[-0.028372593,-0.02644355,-0.024514508,-0.022585465,-0.020656422,-0.018727379,-0.016798336,-0.014869292,-0.012940249,-0.011011207,-0.009082164,-0.0071531204,-0.0052240775,-0.0032950344,-0.0013659914,0.00056305155,0.0024920946,0.0044211377,0.0063501806,0.008279224,0.010208267,0.01213731,0.0140663525,0.015995396,0.01792444,0.019853482,0.021782525,0.023711568,0.02564061,0.027569653,0.029498696],"mean":0.000357831,"std":0.009763656}
{"counts":[1,0,1,0,2,0,1,7,5,2,5,3,2,0,1,0,0,0,0,0,0,0,0,0,0,0,0,0,1,1],"wall_time":1.754172766773e9,"step":3,"max":0.0504478,"min":-0.02253213,"count":32,"bins":[-0.02253213,-0.020099465,-0.017666802,-0.015234137,-0.012801472,-0.010368808,-0.007936144,-0.0055034794,-0.0030708152,-0.00063815096,0.0017945133,0.0042271777,0.006659842,0.009092506,0.011525171,0.013957835,0.016390499,0.018823164,0.021255828,0.023688491,0.026121156,0.028553821,0.030986484,0.03341915,0.035851814,0.038284477,0.040717144,0.043149807,0.04558247,0.048015136,0.0504478],"mean":0.0016427087,"std":0.0142008625}
{"counts":[4,1,1,0,0,1,3,8,2,0,4,1,2,0,1,0,0,1,0,1,0,0,0,0,0,1,0,0,0,1],"wall_time":1.754172767985e9,"step":4,"max":0.02016206,"min":-0.0060862754,"count":32,"bins":[-0.0060862754,-0.005211331,-0.0043363865,-0.0034614417,-0.0025864972,-0.0017115527,-0.0008366082,3.833636e-5,0.0009132809,0.0017882255,0.00266317,0.0035381145,0.004413059,0.0052880035,0.006162948,0.007037893,0.007912837,0.008787782,0.009662726,0.010537671,0.011412616,0.01228756,0.013162505,0.014037449,0.014912394,0.015787339,0.016662283,0.017537227,0.018412171,0.019287117,0.02016206],"mean":0.0019060603,"std":0.0058739735}
{"counts":[1,1,0,0,0,2,0,1,3,4,7,4,3,2,0,1,0,1,1,0,0,0,0,0,0,0,0,0,0,1],"wall_time":1.75417276908e9,"step":5,"max":0.029996306,"min":-0.015224643,"count":32,"bins":[-0.015224643,-0.013717278,-0.012209913,-0.010702549,-0.009195183,-0.0076878183,-0.006180453,-0.0046730884,-0.0031657233,-0.0016583584,-0.00015099347,0.0013563714,0.0028637364,0.0043711015,0.005878466,0.0073858313,0.0088931965,0.010400562,0.011907926,0.013415291,0.014922656,0.01643002,0.017937386,0.01944475,0.020952117,0.02245948,0.023966845,0.025474211,0.026981575,0.028488941,0.029996306],"mean":0.0011606809,"std":0.00777653}
{"counts":[1,0,0,0,0,0,0,0,0,0,0,1,0,1,2,1,4,5,3,2,2,3,1,2,0,3,0,0,0,1],"wall_time":1.754172770243e9,"step":6,"max":0.019229596,"min":-0.026771285,"count":32,"bins":[-0.026771285,-0.025237922,-0.023704559,-0.022171196,-0.020637834,-0.019104471,-0.017571108,-0.016037745,-0.014504383,-0.01297102,-0.011437657,-0.009904295,-0.008370932,-0.0068375696,-0.0053042066,-0.003770844,-0.0022374813,-0.0007041187,0.00082924403,0.0023626068,0.0038959694,0.005429332,0.0069626947,0.008496057,0.01002942,0.011562783,0.013096145,0.014629508,0.01616287,0.017696233,0.019229596],"mean":0.0018458923,"std":0.008053196}
{"counts":[2,0,1,2,2,3,3,3,3,3,1,2,1,2,0,0,2,0,0,0,0,0,0,0,1,0,0,0,0,1],"wall_time":1.754172771358e9,"step":7,"max":0.030843904,"min":-0.01027738,"count":32,"bins":[-0.01027738,-0.008906671,-0.0075359615,-0.0061652516,-0.004794542,-0.0034238328,-0.0020531234,-0.00068241387,0.00068829564,0.0020590052,0.0034297146,0.004800424,0.0061711334,0.007541843,0.008912552,0.010283262,0.011653972,0.013024681,0.014395391,0.0157661,0.017136808,0.01850752,0.01987823,0.021248939,0.022619648,0.023990357,0.025361067,0.026731776,0.028102485,0.029473195,0.030843904],"mean":0.002287106,"std":0.008619075}
{"counts":[4,1,3,2,5,2,4,3,1,0,1,1,2,0,0,0,0,0,2,0,0,0,0,0,0,0,0,0,0,1],"wall_time":1.754172772642e9,"step":8,"max":0.0189407,"min":-0.0031994786,"count":32,"bins":[-0.0031994786,-0.0024614728,-0.0017234667,-0.0009854607,-0.00024745477,0.0004905512,0.0012285572,0.001966563,0.0027045691,0.003442575,0.004180581,0.004918587,0.005656593,0.006394599,0.0071326047,0.007870611,0.008608617,0.009346623,0.010084629,0.010822634,0.01156064,0.012298646,0.0130366525,0.013774659,0.014512665,0.015250671,0.015988676,0.016726682,0.017464688,0.018202694,0.0189407],"mean":0.0019365337,"std":0.004618971}
{"counts":[1,0,0,0,0,0,1,0,1,2,1,0,3,2,6,5,3,3,2,0,1,0,0,0,0,0,0,0,0,1],"wall_time":1.75417277387e9,"step":9,"max":0.025707379,"min":-0.024343183,"count":32,"bins":[-0.024343183,-0.02267483,-0.02100648,-0.019338127,-0.017669775,-0.016001424,-0.014333071,-0.012664719,-0.010996367,-0.009328014,-0.0076596625,-0.0059913103,-0.004322958,-0.0026546062,-0.0009862542,0.00068209786,0.00235045,0.004018802,0.005687154,0.007355506,0.009023858,0.01069221,0.012360563,0.014028914,0.015697267,0.01736562,0.01903397,0.020702323,0.022370676,0.024039026,0.025707379],"mean":-0.00030417048,"std":0.008185144}
{"counts":[1,0,0,0,1,0,0,1,0,1,1,3,1,3,5,4,2,1,3,1,1,0,0,1,0,0,0,1,0,1],"wall_time":1.754172775063e9,"step":10,"max":0.01167335,"min":-0.010286392,"count":32,"bins":[-0.010286392,-0.0095544,-0.0088224085,-0.008090418,-0.007358426,-0.0066264346,-0.0058944435,-0.005162452,-0.0044304607,-0.0036984691,-0.0029664778,-0.0022344864,-0.001502495,-0.0007705037,-3.85123e-5,0.0006934791,0.0014254705,0.0021574618,0.0028894532,0.0036214446,0.004353436,0.0050854273,0.005817419,0.00654941,0.0072814017,0.008013393,0.008745384,0.009477376,0.010209367,0.010941358,0.01167335],"mean":0.00071579823,"std":0.004233945}
