{"counts":[1,0,0,3,0,0,2,1,2,2,6,6,9,9,3,14,10,7,3,3,3,4,1,3,0,0,0,1,0,3],"wall_time":1.754172764555e9,"step":1,"max":0.04032591,"min":-0.040926814,"count":96,"bins":[-0.040926814,-0.03821839,-0.035509966,-0.032801542,-0.030093117,-0.027384693,-0.024676269,-0.021967845,-0.019259421,-0.016550997,-0.013842572,-0.011134149,-0.008425725,-0.0057173003,-0.0030088762,-0.0003004521,0.002407972,0.005116396,0.0078248205,0.010533244,0.013241668,0.015950093,0.018658517,0.02136694,0.024075365,0.026783789,0.029492212,0.03220064,0.034909062,0.037617486,0.04032591],"mean":6.596868e-10,"std":0.014618302}
{"counts":[2,1,1,0,1,1,3,3,5,4,1,4,6,4,4,2,6,3,4,6,1,4,3,7,6,1,4,4,2,3],"wall_time":1.754172765705e9,"step":2,"max":0.048107542,"min":-0.06214711,"count":96,"bins":[-0.06214711,-0.058471955,-0.0547968,-0.051121645,-0.04744649,-0.043771334,-0.04009618,-0.036421023,-0.03274587,-0.029070714,-0.02539556,-0.021720404,-0.01804525,-0.014370094,-0.01069494,-0.0070197843,-0.0033446292,0.0003305259,0.004005681,0.007680836,0.0113559915,0.015031146,0.018706301,0.022381457,0.026056612,0.029731767,0.03340692,0.037082076,0.04075723,0.044432387,0.048107542],"mean":6.4028427e-10,"std":0.02748346}
{"counts":[1,2,2,1,4,1,1,1,5,6,4,4,4,4,2,3,7,12,6,4,5,3,1,7,2,1,1,1,0,1],"wall_time":1.754172766776e9,"step":3,"max":0.05823183,"min":-0.058641564,"count":96,"bins":[-0.058641564,-0.054745786,-0.050850004,-0.046954226,-0.043058444,-0.039162666,-0.035266884,-0.031371105,-0.027475325,-0.023579545,-0.019683765,-0.015787985,-0.011892206,-0.007996426,-0.0041006464,-0.00020486675,0.003690913,0.007586693,0.0114824725,0.015378253,0.019274032,0.023169812,0.027065592,0.030961372,0.03485715,0.038752932,0.04264871,0.046544492,0.05044027,0.054336052,0.05823183],"mean":-1.3581787e-10,"std":0.025795262}
{"counts":[2,2,1,3,5,2,5,5,5,2,4,5,5,2,7,8,5,0,3,3,3,6,4,2,3,1,0,2,0,1],"wall_time":1.754172767986e9,"step":4,"max":0.040463045,"min":-0.033666104,"count":96,"bins":[-0.033666104,-0.031195132,-0.02872416,-0.02625319,-0.023782218,-0.021311246,-0.018840274,-0.016369302,-0.013898331,-0.01142736,-0.008956388,-0.006485416,-0.0040144445,-0.0015434728,0.0009274989,0.0033984706,0.005869442,0.008340414,0.010811386,0.013282357,0.015753329,0.0182243,0.020695273,0.023166243,0.025637215,0.028108187,0.030579159,0.03305013,0.0355211,0.037992075,0.040463045],"mean":-3.880511e-11,"std":0.017336797}
{"counts":[1,0,1,1,0,3,5,0,0,4,4,5,3,9,3,2,5,6,7,4,4,10,5,4,1,5,0,3,0,1],"wall_time":1.754172769088e9,"step":5,"max":0.037746202,"min":-0.046512425,"count":96,"bins":[-0.046512425,-0.043703806,-0.040895183,-0.038086563,-0.03527794,-0.03246932,-0.0296607,-0.026852079,-0.024043458,-0.021234836,-0.018426215,-0.015617595,-0.012808974,-0.010000353,-0.007191732,-0.0043831114,-0.0015744905,0.0012341305,0.004042751,0.0068513723,0.009659993,0.012468614,0.015277235,0.018085856,0.020894477,0.023703098,0.02651172,0.029320339,0.03212896,0.034937583,0.037746202],"mean":-3.298434e-10,"std":0.018010607}
{"counts":[3,1,0,0,1,2,1,1,1,1,5,7,1,4,5,3,5,6,7,4,8,8,5,2,0,7,2,2,1,3],"wall_time":1.754172770248e9,"step":6,"max":0.045461655,"min":-0.062294878,"count":96,"bins":[-0.062294878,-0.058702994,-0.05511111,-0.051519226,-0.04792734,-0.044335455,-0.04074357,-0.037151687,-0.033559803,-0.029967919,-0.026376033,-0.02278415,-0.019192265,-0.0156003805,-0.012008497,-0.008416612,-0.0048247273,-0.0012328428,0.0023590415,0.005950926,0.009542811,0.013134695,0.01672658,0.020318463,0.023910347,0.027502233,0.031094117,0.034686003,0.038277887,0.04186977,0.045461655],"mean":-5.432715e-10,"std":0.024401965}
{"counts":[2,0,1,0,0,6,1,3,4,5,4,4,8,5,7,10,4,7,8,5,2,1,0,2,3,2,0,1,0,1],"wall_time":1.754172771359e9,"step":7,"max":0.056662656,"min":-0.052454375,"count":96,"bins":[-0.052454375,-0.04881714,-0.045179907,-0.04154267,-0.037905436,-0.034268204,-0.030630969,-0.026993735,-0.0233565,-0.019719265,-0.016082032,-0.012444797,-0.008807562,-0.005170328,-0.0015330935,0.0021041408,0.005741375,0.009378609,0.013015844,0.016653078,0.020290313,0.023927547,0.02756478,0.031202016,0.03483925,0.038476486,0.042113718,0.045750953,0.04938819,0.05302542,0.056662656],"mean":6.0147914e-10,"std":0.02112802}
{"counts":[1,0,1,2,1,1,2,5,3,2,2,6,7,6,8,4,10,3,3,5,1,5,5,3,5,1,2,0,1,1],"wall_time":1.754172772643e9,"step":8,"max":0.041040592,"min":-0.04410252,"count":96,"bins":[-0.04410252,-0.041264415,-0.038426314,-0.03558821,-0.032750104,-0.029912,-0.027073897,-0.024235794,-0.02139769,-0.018559586,-0.015721483,-0.012883379,-0.010045275,-0.0072071715,-0.0043690675,-0.0015309639,0.0013071398,0.0041452437,0.0069833472,0.009821451,0.012659554,0.015497658,0.018335762,0.021173866,0.02401197,0.026850073,0.029688178,0.03252628,0.035364386,0.038202487,0.041040592],"mean":-1.4551915e-10,"std":0.01804194}
{"counts":[1,0,0,0,1,0,3,5,2,2,1,3,6,6,4,3,6,10,7,7,1,7,5,1,3,4,3,2,0,3],"wall_time":1.754172773876e9,"step":9,"max":0.036801197,"min":-0.04948114,"count":96,"bins":[-0.04948114,-0.04660506,-0.04372898,-0.040852904,-0.037976827,-0.03510075,-0.03222467,-0.029348593,-0.026472516,-0.023596438,-0.02072036,-0.017844282,-0.014968204,-0.0120921265,-0.009216049,-0.006339971,-0.0034638932,-0.0005878153,0.0022882626,0.0051643406,0.008040418,0.010916496,0.0137925735,0.016668651,0.01954473,0.022420807,0.025296886,0.028172962,0.031049041,0.03392512,0.036801197],"mean":-2.910383e-10,"std":0.01767791}
{"counts":[1,0,0,1,0,1,4,4,3,6,3,1,4,4,6,6,5,11,6,4,7,5,3,1,3,3,2,1,0,1],"wall_time":1.754172775072e9,"step":10,"max":0.029231548,"min":-0.033558298,"count":96,"bins":[-0.033558298,-0.031465303,-0.029372308,-0.027279314,-0.025186319,-0.023093324,-0.02100033,-0.018907335,-0.016814338,-0.014721344,-0.0126283495,-0.010535355,-0.008442359,-0.0063493648,-0.0042563695,-0.0021633748,-7.037992e-5,0.002022615,0.00411561,0.0062086047,0.0083016,0.010394595,0.012487589,0.014580584,0.01667358,0.018766575,0.02085957,0.022952564,0.025045559,0.027138554,0.029231548],"mean":4.656613e-10,"std":0.012544393}
