{"counts":[1,1,1],"wall_time":1.754172764557e9,"step":1,"max":0.010980003,"min":-0.013021516,"count":3,"bins":[-0.013021516,-0.0050210096,0.0029794965,0.010980003],"mean":2.8715779e-9,"std":0.012130296}
{"counts":[1,1,1],"wall_time":1.754172765706e9,"step":2,"max":0.043601356,"min":-0.053125065,"count":3,"bins":[-0.053125065,-0.020882925,0.011359216,0.043601356],"mean":1.2417635e-9,"std":0.04906145}
{"counts":[1,1,1],"wall_time":1.754172766778e9,"step":3,"max":0.049209822,"min":-0.05092467,"count":3,"bins":[-0.05092467,-0.017546507,0.015831659,0.049209822],"mean":1.2417635e-9,"std":0.050089266}
{"counts":[1,0,2],"wall_time":1.754172767988e9,"step":4,"max":0.012831863,"min":-0.02146369,"count":3,"bins":[-0.02146369,-0.010031839,0.0014000119,0.012831863],"mean":0.0,"std":0.018706352}
{"counts":[1,0,2],"wall_time":1.754172769089e9,"step":5,"max":0.01981353,"min":-0.03496565,"count":3,"bins":[-0.03496565,-0.016705923,0.0015538037,0.01981353],"mean":-1.2417635e-9,"std":0.030370705}
{"counts":[1,0,2],"wall_time":1.754172770248e9,"step":6,"max":0.034882955,"min":-0.06369688,"count":3,"bins":[-0.06369688,-0.030836938,0.002023009,0.034882955],"mean":-2.483527e-9,"std":0.055246517}
{"counts":[2,0,1],"wall_time":1.754172771359e9,"step":7,"max":0.04222151,"min":-0.031785727,"count":3,"bins":[-0.031785727,-0.007116648,0.01755243,0.04222151],"mean":1.2417635e-9,"std":0.0380913}
{"counts":[1,0,2],"wall_time":1.754172772644e9,"step":8,"max":0.011458753,"min":-0.018173149,"count":3,"bins":[-0.018173149,-0.008295848,0.0015814522,0.011458753],"mean":9.313226e-10,"std":0.015916178}
{"counts":[1,1,1],"wall_time":1.754172773877e9,"step":9,"max":0.038399115,"min":-0.045750894,"count":3,"bins":[-0.045750894,-0.01770089,0.010349113,0.038399115],"mean":0.0,"std":0.042553995}
{"counts":[1,1,1],"wall_time":1.754172775075e9,"step":10,"max":0.012263767,"min":-0.014782194,"count":3,"bins":[-0.014782194,-0.0057668737,0.0032484469,0.012263767],"mean":6.2088173e-10,"std":0.013697732}
