{"counts":[1,1,0,0,0,0,1,1,3,3,3,6,1,6,7,6,5,7,1,0,4,4,0,0,1,1,1,0,0,1],"wall_time":1.754172764439e9,"step":1,"max":0.012195926,"min":-0.010959626,"count":64,"bins":[-0.010959626,-0.010187775,-0.009415923,-0.0086440705,-0.007872219,-0.0071003675,-0.0063285157,-0.005556664,-0.004784812,-0.0040129605,-0.0032411087,-0.002469257,-0.0016974052,-0.0009255535,-0.00015370175,0.00061815,0.0013900017,0.0021618535,0.0029337052,0.003705557,0.0044774087,0.0052492605,0.006021112,0.006792964,0.0075648157,0.008336667,0.009108519,0.009880371,0.010652223,0.011424074,0.012195926],"mean":0.0005600634,"std":0.0041274987}
{"counts":[1,0,0,0,2,0,0,1,0,2,2,2,1,2,1,7,2,6,4,7,8,3,3,2,5,0,1,0,1,1],"wall_time":1.754172765665e9,"step":2,"max":0.010365756,"min":-0.014866546,"count":64,"bins":[-0.014866546,-0.014025469,-0.013184392,-0.012343315,-0.011502239,-0.010661162,-0.009820085,-0.0089790085,-0.008137932,-0.007296855,-0.0064557786,-0.0056147017,-0.004773625,-0.003932548,-0.0030914715,-0.0022503948,-0.0014093181,-0.0005682413,0.00027283543,0.0011139122,0.0019549888,0.0027960655,0.0036371422,0.004478219,0.005319296,0.0061603724,0.0070014494,0.007842526,0.008683602,0.00952468,0.010365756],"mean":0.00013372712,"std":0.004695967}
{"counts":[2,0,0,1,1,2,6,3,4,0,5,4,8,8,4,2,7,2,1,1,0,1,0,0,1,0,0,0,0,1],"wall_time":1.754172766771e9,"step":3,"max":0.024164977,"min":-0.015630517,"count":64,"bins":[-0.015630517,-0.014304001,-0.012977485,-0.011650967,-0.010324451,-0.008997935,-0.0076714186,-0.006344902,-0.0050183856,-0.003691869,-0.0023653526,-0.0010388361,0.00028768033,0.0016141968,0.0029407132,0.0042672297,0.005593746,0.0069202627,0.008246779,0.009573296,0.010899812,0.012226328,0.0135528445,0.014879362,0.016205877,0.017532395,0.018858911,0.020185428,0.021511944,0.02283846,0.024164977],"mean":0.00046349096,"std":0.006992025}
{"counts":[1,0,0,0,0,1,0,0,0,2,2,4,6,6,5,2,7,3,7,4,2,5,2,2,0,1,0,1,0,1],"wall_time":1.754172767979e9,"step":4,"max":0.011210939,"min":-0.015884724,"count":64,"bins":[-0.015884724,-0.014981534,-0.014078346,-0.013175157,-0.012271969,-0.011368779,-0.010465591,-0.009562402,-0.008659214,-0.0077560246,-0.006852836,-0.005949647,-0.0050464584,-0.0041432697,-0.003240081,-0.0023368923,-0.0014337036,-0.0005305148,0.00037267394,0.0012758627,0.0021790515,0.0030822402,0.0039854287,0.004888618,0.0057918066,0.0066949953,0.007598184,0.008501372,0.0094045615,0.01030775,0.011210939],"mean":-0.0010512755,"std":0.004590409}
{"counts":[1,2,1,2,4,0,6,2,11,13,10,5,2,0,3,1,0,0,0,0,0,0,0,0,0,0,0,0,0,1],"wall_time":1.754172769075e9,"step":5,"max":0.02515791,"min":-0.012191751,"count":64,"bins":[-0.012191751,-0.010946763,-0.0097017735,-0.008456785,-0.0072117965,-0.0059668077,-0.004721819,-0.0034768302,-0.0022318414,-0.0009868528,0.00025813593,0.0015031246,0.0027481134,0.003993102,0.0052380906,0.0064830794,0.007728068,0.008973056,0.010218046,0.011463034,0.012708023,0.0139530115,0.015198001,0.016442988,0.017687978,0.018932967,0.020177955,0.021422943,0.022667933,0.023912922,0.02515791],"mean":-0.0010308027,"std":0.0052567935}
{"counts":[1,0,0,0,1,0,0,0,0,1,2,2,1,5,7,4,3,6,7,6,4,4,3,0,3,1,1,0,1,1],"wall_time":1.754172770232e9,"step":6,"max":0.01116943,"min":-0.015581298,"count":64,"bins":[-0.015581298,-0.014689607,-0.013797916,-0.0129062245,-0.012014534,-0.011122843,-0.010231152,-0.009339461,-0.00844777,-0.0075560794,-0.0066643883,-0.0057726977,-0.0048810067,-0.0039893156,-0.0030976248,-0.002205934,-0.001314243,-0.00042255208,0.00046913885,0.0013608298,0.0022525208,0.0031442116,0.0040359027,0.0049275933,0.0058192844,0.0067109754,0.007602666,0.008494358,0.009386048,0.010277739,0.01116943],"mean":5.7126348e-5,"std":0.0045985733}
{"counts":[1,0,0,1,0,1,1,3,1,3,2,2,6,6,1,4,6,7,1,2,5,4,1,2,1,0,0,1,0,2],"wall_time":1.754172771355e9,"step":7,"max":0.009995189,"min":-0.011027554,"count":64,"bins":[-0.011027554,-0.010326796,-0.009626037,-0.00892528,-0.008224522,-0.0075237635,-0.0068230056,-0.0061222473,-0.0054214895,-0.004720731,-0.0040199733,-0.003319215,-0.002618457,-0.0019176989,-0.0012169408,-0.00051618274,0.00018457534,0.00088533346,0.0015860915,0.0022868495,0.0029876076,0.0036883657,0.004389124,0.005089882,0.00579064,0.006491398,0.0071921563,0.007892914,0.008593672,0.009294431,0.009995189],"mean":-6.2925705e-5,"std":0.0041413265}
{"counts":[1,0,0,0,2,0,1,1,0,2,1,2,2,4,5,8,5,9,5,5,3,4,2,0,0,1,0,0,0,1],"wall_time":1.754172772637e9,"step":8,"max":0.007705176,"min":-0.010405604,"count":64,"bins":[-0.010405604,-0.009801911,-0.009198219,-0.008594526,-0.007990833,-0.0073871408,-0.0067834477,-0.006179755,-0.0055760625,-0.00497237,-0.0043686773,-0.0037649847,-0.003161292,-0.0025575992,-0.0019539066,-0.001350214,-0.00074652134,-0.0001428287,0.00046086396,0.0010645567,0.0016682493,0.0022719419,0.0028756345,0.0034793273,0.0040830197,0.0046867123,0.0052904054,0.005894098,0.0064977906,0.007101483,0.007705176],"mean":-0.0006478257,"std":0.0030260165}
{"counts":[1,2,1,2,2,3,4,1,4,3,8,4,5,3,2,1,4,0,3,0,3,5,0,0,0,0,1,0,0,2],"wall_time":1.754172773862e9,"step":9,"max":0.009920455,"min":-0.00675318,"count":64,"bins":[-0.00675318,-0.0061973925,-0.0056416043,-0.0050858166,-0.004530029,-0.003974241,-0.0034184533,-0.0028626653,-0.0023068776,-0.0017510897,-0.0011953019,-0.0006395141,-8.372627e-5,0.00047206154,0.0010278494,0.0015836372,0.0021394251,0.0026952128,0.0032510008,0.0038067885,0.004362576,0.0049183643,0.005474152,0.0060299397,0.0065857274,0.0071415156,0.0076973033,0.008253091,0.008808879,0.009364666,0.009920455],"mean":7.467657e-5,"std":0.003686706}
{"counts":[1,1,1,2,2,1,4,5,4,3,4,4,5,4,2,1,5,1,3,0,2,1,1,1,3,1,1,0,0,1],"wall_time":1.754172775052e9,"step":10,"max":0.010199221,"min":-0.0071272105,"count":64,"bins":[-0.0071272105,-0.006549663,-0.005972115,-0.0053945673,-0.0048170197,-0.004239472,-0.0036619243,-0.0030843765,-0.0025068289,-0.001929281,-0.0013517333,-0.0007741857,-0.00019663796,0.00038090974,0.0009584575,0.0015360052,0.002113553,0.0026911006,0.0032686484,0.003846196,0.0044237436,0.0050012916,0.005578839,0.006156387,0.0067339344,0.0073114824,0.00788903,0.008466578,0.009044126,0.009621673,0.010199221],"mean":0.00029902128,"std":0.0038800167}
