{"counts":[1,1,0,0,1,0,0,2,0,3,4,5,3,2,5,6,4,4,6,4,2,2,2,2,3,0,1,0,0,1],"wall_time":1.754172764535e9,"step":1,"max":0.008747711,"min":-0.009165317,"count":64,"bins":[-0.009165317,-0.008568216,-0.007971115,-0.0073740142,-0.006776913,-0.0061798124,-0.005582711,-0.0049856105,-0.0043885093,-0.0037914086,-0.0031943077,-0.0025972067,-0.0020001058,-0.0014030049,-0.0008059039,-0.00020880299,0.00038829792,0.0009853989,0.0015824998,0.0021796008,0.0027767017,0.0033738026,0.0039709033,0.0045680045,0.005165105,0.0057622064,0.006359307,0.0069564083,0.007553509,0.00815061,0.008747711],"mean":0.00027309175,"std":0.003425807}
{"counts":[1,0,1,0,0,1,3,2,1,3,1,2,2,4,5,4,3,6,5,5,5,4,1,2,1,1,0,0,0,1],"wall_time":1.754172765675e9,"step":2,"max":0.010018541,"min":-0.010330772,"count":64,"bins":[-0.010330772,-0.009652462,-0.008974151,-0.008295841,-0.0076175304,-0.00693922,-0.0062609096,-0.005582599,-0.004904289,-0.004225978,-0.0035476678,-0.0028693574,-0.002191047,-0.0015127365,-0.00083442614,-0.00015611574,0.00052219466,0.0012005051,0.0018788155,0.0025571259,0.0032354363,0.0039137467,0.0045920573,0.0052703675,0.005948678,0.0066269883,0.007305299,0.007983609,0.008661919,0.00934023,0.010018541],"mean":0.0003735397,"std":0.0039165835}
{"counts":[1,0,0,1,0,1,0,1,3,5,1,4,2,3,5,3,5,7,5,7,2,2,2,1,2,0,0,0,0,1],"wall_time":1.754172766772e9,"step":3,"max":0.014729564,"min":-0.015962016,"count":64,"bins":[-0.015962016,-0.014938964,-0.01391591,-0.012892858,-0.011869805,-0.010846753,-0.0098236995,-0.008800647,-0.0077775945,-0.006754542,-0.005731489,-0.0047084363,-0.0036853838,-0.002662331,-0.0016392785,-0.0006162259,0.0004068268,0.0014298795,0.002452932,0.0034759848,0.0044990373,0.00552209,0.0065451427,0.0075681955,0.008591248,0.009614301,0.010637353,0.011660406,0.012683459,0.013706512,0.014729564],"mean":-3.701033e-5,"std":0.0054809838}
{"counts":[1,0,0,0,1,1,2,3,6,6,3,3,5,4,3,2,4,4,6,3,2,1,1,0,1,1,0,0,0,1],"wall_time":1.754172767979e9,"step":4,"max":0.010273222,"min":-0.010045394,"count":64,"bins":[-0.010045394,-0.009368107,-0.00869082,-0.0080135325,-0.0073362454,-0.0066589583,-0.005981671,-0.005304384,-0.0046270965,-0.0039498094,-0.0032725222,-0.0025952351,-0.0019179478,-0.0012406607,-0.00056337344,0.00011391379,0.000791201,0.0014684882,0.0021457754,0.0028230627,0.0035003498,0.004177637,0.004854924,0.0055322116,0.0062094987,0.006886786,0.007564073,0.00824136,0.008918648,0.009595934,0.010273222],"mean":-0.00072894484,"std":0.0037784788}
{"counts":[1,2,1,3,5,4,2,5,10,10,9,6,1,0,2,1,0,1,0,0,0,0,0,0,0,0,0,0,0,1],"wall_time":1.754172769077e9,"step":5,"max":0.019661017,"min":-0.009126662,"count":64,"bins":[-0.009126662,-0.008167073,-0.0072074835,-0.0062478944,-0.005288305,-0.0043287156,-0.0033691265,-0.002409537,-0.0014499478,-0.00049035857,0.00046923073,0.0014288201,0.0023884093,0.0033479987,0.004307588,0.0052671772,0.0062267664,0.007186356,0.008145945,0.009105534,0.010065123,0.0110247135,0.011984303,0.012943892,0.013903481,0.01486307,0.01582266,0.016782248,0.017741838,0.018701427,0.019661017],"mean":-0.000741637,"std":0.004170287}
{"counts":[2,0,0,0,2,1,4,5,2,4,4,2,2,5,8,3,3,2,4,0,4,1,2,2,0,0,0,0,0,2],"wall_time":1.754172770237e9,"step":6,"max":0.00998724,"min":-0.007836854,"count":64,"bins":[-0.007836854,-0.007242718,-0.006648581,-0.0060544447,-0.0054603084,-0.0048661716,-0.0042720353,-0.0036778988,-0.0030837625,-0.002489626,-0.0018954895,-0.001301353,-0.00070721656,-0.0001130801,0.00048105637,0.0010751928,0.0016693292,0.0022634657,0.0028576022,0.0034517387,0.0040458753,0.0046400116,0.005234148,0.0058282847,0.006422421,0.0070165573,0.007610694,0.00820483,0.008798967,0.009393103,0.00998724],"mean":0.00018246786,"std":0.0037241932}
{"counts":[1,0,4,3,1,1,0,4,4,2,4,2,4,2,3,4,5,5,2,4,2,1,2,1,1,0,0,0,0,2],"wall_time":1.754172771357e9,"step":7,"max":0.007966055,"min":-0.006723252,"count":64,"bins":[-0.006723252,-0.0062336084,-0.005743965,-0.0052543213,-0.004764678,-0.004275034,-0.0037853909,-0.0032957473,-0.0028061036,-0.00231646,-0.0018268166,-0.001337173,-0.00084752945,-0.00035788587,0.00013175768,0.00062140124,0.0011110448,0.0016006883,0.0020903319,0.0025799754,0.003069619,0.0035592625,0.0040489063,0.0045385496,0.0050281934,0.0055178367,0.0060074804,0.0064971237,0.0069867675,0.007476411,0.007966055],"mean":-0.00014079564,"std":0.0033049902}
{"counts":[1,1,0,1,0,2,1,0,2,4,1,2,2,3,2,8,2,3,7,7,2,2,3,2,3,0,1,1,0,1],"wall_time":1.754172772638e9,"step":8,"max":0.0049362574,"min":-0.007081205,"count":64,"bins":[-0.007081205,-0.006680623,-0.006280041,-0.005879459,-0.0054788766,-0.005078295,-0.0046777125,-0.0042771306,-0.0038765485,-0.0034759664,-0.0030753843,-0.0026748022,-0.00227422,-0.001873638,-0.0014730559,-0.0010724738,-0.0006718917,-0.00027130966,0.00012927242,0.0005298545,0.0009304366,0.0013310186,0.0017316007,0.0021321827,0.0025327648,0.002933347,0.003333929,0.003734511,0.004135093,0.0045356755,0.0049362574],"mean":-0.0005752738,"std":0.002486507}
{"counts":[2,3,1,1,4,4,4,8,8,3,2,4,5,2,0,4,1,4,1,0,1,1,0,0,0,0,0,0,0,1],"wall_time":1.754172773864e9,"step":9,"max":0.013286504,"min":-0.006272135,"count":64,"bins":[-0.006272135,-0.00562018,-0.0049682255,-0.004316271,-0.0036643164,-0.0030123617,-0.002360407,-0.0017084525,-0.0010564978,-0.00040454319,0.00024741143,0.00089936604,0.0015513207,0.0022032752,0.00285523,0.0035071846,0.004159139,0.0048110937,0.0054630484,0.006115003,0.0067669577,0.0074189124,0.008070867,0.008722821,0.009374776,0.010026731,0.010678685,0.01133064,0.011982595,0.012634549,0.013286504],"mean":0.00011445378,"std":0.0036598986}
{"counts":[2,0,0,2,0,3,4,4,7,1,4,3,4,4,3,3,2,2,3,5,2,1,1,2,0,0,0,0,1,1],"wall_time":1.754172775058e9,"step":10,"max":0.009025933,"min":-0.0067815273,"count":64,"bins":[-0.0067815273,-0.006254612,-0.0057276967,-0.0052007814,-0.004673866,-0.004146951,-0.0036200352,-0.00309312,-0.0025662044,-0.002039289,-0.0015123738,-0.0009854585,-0.0004585431,6.8372254e-5,0.0005952876,0.001122203,0.0016491183,0.0021760336,0.002702949,0.0032298644,0.0037567797,0.004283695,0.0048106103,0.0053375256,0.005864441,0.0063913562,0.006918272,0.0074451873,0.007972103,0.008499018,0.009025933],"mean":6.406468e-5,"std":0.0033566072}
