{"wall_time":1.754172416062e9,"step":1,"value":1.0}
{"wall_time":1.754172417835e9,"step":2,"value":2.0}
{"wall_time":1.754172419298e9,"step":3,"value":3.0}
{"wall_time":1.754172420785e9,"step":4,"value":4.0}
{"wall_time":1.75417242223e9,"step":5,"value":5.0}
{"wall_time":1.754172423733e9,"step":6,"value":6.0}
{"wall_time":1.754172425224e9,"step":7,"value":7.0}
{"wall_time":1.754172426617e9,"step":8,"value":8.0}
{"wall_time":1.754172428103e9,"step":9,"value":9.0}
{"wall_time":1.754172429557e9,"step":10,"value":10.0}
{"wall_time":1.754172431008e9,"step":11,"value":11.0}
{"wall_time":1.754172432464e9,"step":12,"value":12.0}
{"wall_time":1.754172433881e9,"step":13,"value":13.0}
{"wall_time":1.754172435364e9,"step":14,"value":14.0}
{"wall_time":1.754172437393e9,"step":15,"value":15.0}
