{"wall_time":1.754172415985e9,"step":1,"value":0.42000008}
{"wall_time":1.754172417833e9,"step":2,"value":0.30099988}
{"wall_time":1.754172419298e9,"step":3,"value":0.41499996}
{"wall_time":1.754172420785e9,"step":4,"value":0.29500008}
{"wall_time":1.754172422229e9,"step":5,"value":0.365}
{"wall_time":1.754172423732e9,"step":6,"value":0.3729999}
{"wall_time":1.754172425223e9,"step":7,"value":0.34899998}
{"wall_time":1.754172426617e9,"step":8,"value":0.35699987}
{"wall_time":1.754172428101e9,"step":9,"value":0.3340001}
{"wall_time":1.754172429557e9,"step":10,"value":0.388}
{"wall_time":1.754172431006e9,"step":11,"value":0.32800007}
{"wall_time":1.754172432462e9,"step":12,"value":0.296}
{"wall_time":1.754172433879e9,"step":13,"value":0.37899995}
{"wall_time":1.754172435363e9,"step":14,"value":0.38199997}
{"wall_time":1.754172437392e9,"step":15,"value":0.36599994}
