{"wall_time":1.754172416054e9,"step":1,"value":0.3375}
{"wall_time":1.754172417835e9,"step":2,"value":0.37125}
{"wall_time":1.754172419298e9,"step":3,"value":0.32}
{"wall_time":1.754172420785e9,"step":4,"value":0.37}
{"wall_time":1.75417242223e9,"step":5,"value":0.3825}
{"wall_time":1.754172423733e9,"step":6,"value":0.375}
{"wall_time":1.754172425224e9,"step":7,"value":0.42625}
{"wall_time":1.754172426617e9,"step":8,"value":0.37625}
{"wall_time":1.754172428102e9,"step":9,"value":0.37125}
{"wall_time":1.754172429557e9,"step":10,"value":0.4}
{"wall_time":1.754172431007e9,"step":11,"value":0.405}
{"wall_time":1.754172432463e9,"step":12,"value":0.41125}
{"wall_time":1.754172433881e9,"step":13,"value":0.42}
{"wall_time":1.754172435364e9,"step":14,"value":0.38875}
{"wall_time":1.754172437392e9,"step":15,"value":0.38375}
