{"wall_time":1.754172416061e9,"step":1,"value":1.1821901}
{"wall_time":1.754172417835e9,"step":2,"value":1.1415887}
{"wall_time":1.754172419298e9,"step":3,"value":1.157276}
{"wall_time":1.754172420785e9,"step":4,"value":1.1170275}
{"wall_time":1.75417242223e9,"step":5,"value":1.1059816}
{"wall_time":1.754172423733e9,"step":6,"value":1.1077358}
{"wall_time":1.754172425224e9,"step":7,"value":1.1069655}
{"wall_time":1.754172426617e9,"step":8,"value":1.0856202}
{"wall_time":1.754172428103e9,"step":9,"value":1.101466}
{"wall_time":1.754172429557e9,"step":10,"value":1.0965396}
{"wall_time":1.754172431007e9,"step":11,"value":1.0774627}
{"wall_time":1.754172432464e9,"step":12,"value":1.0834564}
{"wall_time":1.754172433881e9,"step":13,"value":1.0866725}
{"wall_time":1.754172435364e9,"step":14,"value":1.0884525}
{"wall_time":1.754172437393e9,"step":15,"value":1.0885524}
