{"counts":[1,0,2],"wall_time":1.754152199946e9,"step":1,"max":0.007079236,"min":-0.010826891,"count":3,"bins":[-0.010826891,-0.0048581823,0.0011105271,0.007079236],"mean":0.0005458539,"std":0.00988544}
{"counts":[1,0,2],"wall_time":1.754152202251e9,"step":2,"max":0.016953677,"min":-0.019869909,"count":3,"bins":[-0.019869909,-0.0075953803,0.0046791486,0.016953677],"mean":0.0013014144,"std":0.01902207}
{"counts":[1,0,2],"wall_time":1.754152204378e9,"step":3,"max":0.01826028,"min":-0.022843331,"count":3,"bins":[-0.022843331,-0.009142128,0.004559076,0.01826028],"mean":0.0013322557,"std":0.021488883}
{"counts":[1,0,2],"wall_time":1.754152206395e9,"step":4,"max":0.020093353,"min":-0.028860731,"count":3,"bins":[-0.028860731,-0.012542703,0.0037753254,0.020093353],"mean":0.0013930434,"std":0.026443098}
{"counts":[1,0,2],"wall_time":1.754152208471e9,"step":5,"max":0.019334748,"min":-0.03130781,"count":3,"bins":[-0.03130781,-0.014426957,0.002453896,0.019334748],"mean":0.001386784,"std":0.028359557}
{"counts":[1,0,2],"wall_time":1.75415221059e9,"step":6,"max":0.02256632,"min":-0.03472705,"count":3,"bins":[-0.03472705,-0.015629262,0.0034685296,0.02256632],"mean":0.0014416979,"std":0.031470254}
{"counts":[1,0,2],"wall_time":1.754152212752e9,"step":7,"max":0.023191907,"min":-0.03599959,"count":3,"bins":[-0.03599959,-0.01626909,0.0034614082,0.023191907],"mean":0.0014501376,"std":0.03257243}
{"counts":[1,0,2],"wall_time":1.754152214873e9,"step":8,"max":0.025567645,"min":-0.040310346,"count":3,"bins":[-0.040310346,-0.018351015,0.003608315,0.025567645],"mean":0.0014708458,"std":0.036325343}
{"counts":[1,0,2],"wall_time":1.754152216876e9,"step":9,"max":0.024832303,"min":-0.040481586,"count":3,"bins":[-0.040481586,-0.01871029,0.0030610065,0.024832303],"mean":0.0014624993,"std":0.036403697}
{"counts":[1,0,2],"wall_time":1.754152219021e9,"step":10,"max":0.02690672,"min":-0.04317729,"count":3,"bins":[-0.04317729,-0.019815955,0.0035453823,0.02690672],"mean":0.0014561322,"std":0.038780514}
{"counts":[1,0,2],"wall_time":1.754152221055e9,"step":11,"max":0.029434271,"min":-0.04437779,"count":3,"bins":[-0.04437779,-0.019773768,0.004830251,0.029434271],"mean":0.001450194,"std":0.040010735}
{"counts":[1,0,2],"wall_time":1.754152223115e9,"step":12,"max":0.029023223,"min":-0.044862397,"count":3,"bins":[-0.044862397,-0.020233857,0.0043946826,0.029023223],"mean":0.0014393696,"std":0.040342797}
{"counts":[1,0,2],"wall_time":1.754152225212e9,"step":13,"max":0.025567645,"min":-0.040310346,"count":3,"bins":[-0.040310346,-0.018351015,0.003608315,0.025567645],"mean":0.0014708458,"std":0.036325343}
