{"counts":[1,0,0,1,0,3,2,1,2,3,2,0,1,1,1,1,1,4,1,1,1,0,1,2,0,0,0,0,1,1],"wall_time":1.75415219993e9,"step":1,"max":0.010402186,"min":-0.017160932,"count":32,"bins":[-0.017160932,-0.016242161,-0.01532339,-0.01440462,-0.013485849,-0.012567079,-0.0116483085,-0.010729537,-0.009810767,-0.008891996,-0.007973226,-0.007054455,-0.0061356844,-0.005216914,-0.0042981436,-0.0033793729,-0.0024606022,-0.0015418318,-0.00062306115,0.00029570944,0.00121448,0.0021332507,0.0030520211,0.0039707916,0.0048895623,0.005808333,0.0067271036,0.0076458743,0.0085646445,0.009483416,0.010402186],"mean":-0.004621034,"std":0.0068524033}
{"counts":[1,0,0,0,1,2,3,3,2,1,2,2,1,2,2,1,2,0,1,2,0,0,2,0,0,0,1,0,0,1],"wall_time":1.754152202248e9,"step":2,"max":0.022341028,"min":-0.029720329,"count":32,"bins":[-0.029720329,-0.02798495,-0.02624957,-0.024514193,-0.022778815,-0.021043437,-0.019308057,-0.017572679,-0.0158373,-0.014101922,-0.0123665435,-0.010631165,-0.0088957865,-0.0071604075,-0.005425029,-0.0036896504,-0.001954272,-0.00021889334,0.0015164852,0.0032518639,0.004987242,0.0067226207,0.008458,0.010193378,0.011928757,0.013664135,0.015399514,0.017134892,0.01887027,0.02060565,0.022341028],"mean":-0.0076650977,"std":0.011878811}
{"counts":[1,0,1,2,0,4,2,2,2,1,1,5,0,1,2,0,3,1,1,0,1,0,0,0,0,1,0,0,0,1],"wall_time":1.754152204369e9,"step":3,"max":0.028615667,"min":-0.03319532,"count":32,"bins":[-0.03319532,-0.031134954,-0.029074589,-0.027014222,-0.024953855,-0.022893488,-0.020833123,-0.018772757,-0.01671239,-0.014652024,-0.012591658,-0.010531292,-0.0084709255,-0.0064105596,-0.0043501933,-0.002289827,-0.00022946074,0.0018309054,0.0038912718,0.005951638,0.008012004,0.01007237,0.012132737,0.014193103,0.01625347,0.018313836,0.020374201,0.022434568,0.024494935,0.0265553,0.028615667],"mean":-0.010241587,"std":0.013871788}
{"counts":[1,2,1,1,0,3,2,4,0,1,1,5,0,1,1,2,0,2,2,0,1,0,0,0,0,0,0,0,1,1],"wall_time":1.754152206386e9,"step":4,"max":0.033563804,"min":-0.0406359,"count":32,"bins":[-0.0406359,-0.038162574,-0.035689253,-0.03321593,-0.030742604,-0.028269282,-0.025795959,-0.023322634,-0.020849312,-0.018375987,-0.015902665,-0.013429341,-0.010956017,-0.008482695,-0.006009371,-0.0035360474,-0.001062724,0.0014105994,0.003883923,0.006357246,0.00883057,0.011303893,0.013777217,0.01625054,0.018723864,0.021197187,0.02367051,0.026143834,0.028617157,0.031090481,0.033563804],"mean":-0.013103159,"std":0.017804224}
{"counts":[3,1,1,1,0,3,3,2,0,0,3,3,2,2,0,3,0,1,1,0,0,1,0,0,0,0,0,1,0,1],"wall_time":1.754152208467e9,"step":5,"max":0.037878934,"min":-0.043728605,"count":32,"bins":[-0.043728605,-0.041008353,-0.0382881,-0.03556785,-0.0328476,-0.030127348,-0.027407097,-0.024686845,-0.021966595,-0.019246344,-0.016526092,-0.01380584,-0.011085589,-0.008365338,-0.0056450865,-0.0029248353,-0.00020458401,0.0025156674,0.005235919,0.00795617,0.010676421,0.013396673,0.016116925,0.018837174,0.021557426,0.024277678,0.02699793,0.029718181,0.03243843,0.035158683,0.037878934],"mean":-0.01489721,"std":0.01986764}
{"counts":[1,1,1,2,1,1,3,2,0,2,2,4,0,2,2,1,1,1,2,0,0,0,1,0,0,0,0,1,0,1],"wall_time":1.754152210583e9,"step":6,"max":0.04118953,"min":-0.05221229,"count":32,"bins":[-0.05221229,-0.049098898,-0.0459855,-0.04287211,-0.039758716,-0.03664532,-0.033531927,-0.030418532,-0.02730514,-0.024191745,-0.02107835,-0.017964957,-0.014851563,-0.011738169,-0.008624774,-0.0055113807,-0.0023979868,0.00071540725,0.0038288012,0.0069421954,0.0100555895,0.013168983,0.016282378,0.01939577,0.022509165,0.02562256,0.028735952,0.031849347,0.03496274,0.038076136,0.04118953],"mean":-0.016814178,"std":0.022147631}
{"counts":[2,0,2,2,2,2,1,1,1,0,4,3,2,0,2,2,0,0,0,2,1,0,0,1,0,0,0,0,1,1],"wall_time":1.754152212743e9,"step":7,"max":0.039122235,"min":-0.051898833,"count":32,"bins":[-0.051898833,-0.048864797,-0.045830764,-0.042796727,-0.03976269,-0.036728654,-0.03369462,-0.030660585,-0.027626548,-0.024592513,-0.021558477,-0.018524442,-0.015490406,-0.0124563705,-0.009422335,-0.006388299,-0.0033542635,-0.00032022793,0.0027138076,0.005747843,0.008781879,0.011815915,0.014849951,0.017883986,0.020918021,0.023952058,0.026986092,0.030020129,0.033054166,0.0360882,0.039122235],"mean":-0.018008033,"std":0.023084471}
{"counts":[2,0,1,4,0,2,1,1,2,2,2,2,3,0,1,3,0,0,0,2,1,0,0,1,0,0,0,0,0,2],"wall_time":1.75415221487e9,"step":8,"max":0.044322003,"min":-0.05625107,"count":32,"bins":[-0.05625107,-0.052898634,-0.0495462,-0.046193764,-0.042841326,-0.039488893,-0.036136456,-0.032784022,-0.029431585,-0.02607915,-0.022726713,-0.019374277,-0.016021842,-0.012669406,-0.009316971,-0.0059645344,-0.0026120986,0.00074033724,0.004092773,0.0074452087,0.010797645,0.01415008,0.017502517,0.020854952,0.024207387,0.027559824,0.03091226,0.034264695,0.037617132,0.040969566,0.044322003],"mean":-0.01834298,"std":0.025941955}
{"counts":[2,0,1,4,0,2,0,1,1,3,3,1,2,2,1,1,2,0,0,1,0,2,0,1,0,0,0,0,0,2],"wall_time":1.754152216871e9,"step":9,"max":0.04214756,"min":-0.058934543,"count":32,"bins":[-0.058934543,-0.05556514,-0.052195735,-0.048826333,-0.04545693,-0.042087525,-0.038718123,-0.03534872,-0.031979315,-0.028609913,-0.025240509,-0.021871107,-0.018501703,-0.0151323,-0.011762896,-0.008393493,-0.005024089,-0.0016546858,0.0017147176,0.005084121,0.008453525,0.011822928,0.015192331,0.018561734,0.021931138,0.025300542,0.028669944,0.032039348,0.03540875,0.038778156,0.04214756],"mean":-0.019092089,"std":0.026001016}
{"counts":[2,0,0,3,1,1,0,2,1,1,4,2,2,2,2,0,2,1,0,0,1,1,1,0,0,1,0,0,0,2],"wall_time":1.754152219009e9,"step":10,"max":0.042108364,"min":-0.06385039,"count":32,"bins":[-0.06385039,-0.06031843,-0.05678647,-0.05325451,-0.049722556,-0.046190597,-0.04265864,-0.03912668,-0.03559472,-0.03206276,-0.028530804,-0.024998846,-0.021466887,-0.017934928,-0.01440297,-0.010871012,-0.0073390533,-0.0038070949,-0.00027513652,0.0032568218,0.0067887804,0.010320739,0.013852697,0.017384656,0.020916615,0.024448572,0.02798053,0.031512488,0.035044447,0.038576405,0.042108364],"mean":-0.019651541,"std":0.026968377}
{"counts":[1,1,0,0,3,0,1,3,0,2,2,2,4,1,1,1,1,0,3,1,0,0,2,0,1,0,0,0,0,2],"wall_time":1.754152221033e9,"step":11,"max":0.043046907,"min":-0.07004862,"count":32,"bins":[-0.07004862,-0.06627877,-0.06250892,-0.05873907,-0.054969218,-0.05119937,-0.047429517,-0.043659665,-0.039889816,-0.036119964,-0.03235011,-0.028580261,-0.024810411,-0.02104056,-0.017270708,-0.013500858,-0.009731007,-0.005961156,-0.0021913052,0.0015785458,0.005348397,0.009118248,0.012888099,0.01665795,0.0204278,0.024197651,0.027967503,0.031737354,0.035507206,0.039277054,0.043046907],"mean":-0.020523012,"std":0.028045423}
{"counts":[2,0,0,0,3,1,2,1,1,2,1,2,4,1,1,0,2,0,3,1,0,0,2,0,1,0,0,0,0,2],"wall_time":1.754152223109e9,"step":12,"max":0.043222766,"min":-0.06951208,"count":32,"bins":[-0.06951208,-0.06575425,-0.06199642,-0.058238592,-0.054480765,-0.050722938,-0.046965107,-0.04320728,-0.039449453,-0.035691623,-0.031933796,-0.028175967,-0.02441814,-0.020660311,-0.016902484,-0.013144655,-0.009386827,-0.005628999,-0.0018711708,0.0018866572,0.0056444854,0.009402313,0.013160141,0.01691797,0.020675797,0.024433626,0.028191455,0.03194928,0.03570711,0.03946494,0.043222766],"mean":-0.020787045,"std":0.028544163}
{"counts":[2,0,1,4,0,2,1,1,2,2,2,2,3,0,1,3,0,0,0,2,1,0,0,1,0,0,0,0,0,2],"wall_time":1.754152225209e9,"step":13,"max":0.044322003,"min":-0.05625107,"count":32,"bins":[-0.05625107,-0.052898634,-0.0495462,-0.046193764,-0.042841326,-0.039488893,-0.036136456,-0.032784022,-0.029431585,-0.02607915,-0.022726713,-0.019374277,-0.016021842,-0.012669406,-0.009316971,-0.0059645344,-0.0026120986,0.00074033724,0.004092773,0.0074452087,0.010797645,0.01415008,0.017502517,0.020854952,0.024207387,0.027559824,0.03091226,0.034264695,0.037617132,0.040969566,0.044322003],"mean":-0.01834298,"std":0.025941955}
