{"counts":[1,0,0,0,0,2,1,0,3,3,6,3,4,4,4,1,5,5,2,2,4,2,5,2,0,1,1,2,0,1],"wall_time":1.75415219972e9,"step":1,"max":0.017867152,"min":-0.017885197,"count":64,"bins":[-0.017885197,-0.016693452,-0.015501707,-0.014309962,-0.013118217,-0.011926472,-0.010734728,-0.009542982,-0.0083512375,-0.0071594925,-0.0059677474,-0.0047760024,-0.0035842576,-0.0023925125,-0.0012007676,-9.022653e-6,0.0011827223,0.0023744672,0.0035662123,0.004757957,0.005949702,0.007141447,0.008333192,0.009524937,0.010716682,0.011908427,0.013100171,0.014291917,0.015483662,0.016675407,0.017867152],"mean":0.00097508763,"std":0.007279938}
{"counts":[1,0,0,1,1,1,2,0,1,4,5,5,4,2,2,5,4,3,4,5,1,3,2,3,0,1,1,1,1,1],"wall_time":1.754152202223e9,"step":2,"max":0.029300509,"min":-0.027505582,"count":64,"bins":[-0.027505582,-0.025612045,-0.02371851,-0.021824973,-0.019931437,-0.0180379,-0.016144363,-0.014250828,-0.012357291,-0.010463755,-0.008570218,-0.0066766823,-0.0047831456,-0.0028896094,-0.000996073,0.0008974634,0.0027909998,0.0046845363,0.0065780724,0.008471609,0.010365145,0.0122586815,0.014152218,0.016045755,0.01793929,0.019832827,0.021726364,0.0236199,0.025513437,0.027406972,0.029300509],"mean":0.002003079,"std":0.0118832635}
{"counts":[1,0,0,0,2,0,1,0,2,4,2,4,3,1,3,7,3,3,2,3,1,8,2,2,1,3,1,2,1,2],"wall_time":1.754152204349e9,"step":3,"max":0.031680312,"min":-0.03582962,"count":64,"bins":[-0.03582962,-0.033579286,-0.031328958,-0.029078625,-0.026828295,-0.024577964,-0.022327632,-0.020077301,-0.01782697,-0.015576639,-0.013326309,-0.011075977,-0.008825647,-0.0065753153,-0.0043249843,-0.0020746533,0.00017567773,0.0024260087,0.0046763397,0.0069266707,0.009177002,0.011427333,0.013677664,0.015927995,0.018178325,0.020428658,0.022678988,0.024929319,0.02717965,0.029429981,0.031680312],"mean":0.0025123437,"std":0.014830559}
{"counts":[1,0,0,0,2,1,1,1,0,4,3,1,5,3,3,3,4,5,2,3,3,6,3,1,2,0,4,1,0,2],"wall_time":1.754152206368e9,"step":4,"max":0.04108644,"min":-0.043285552,"count":64,"bins":[-0.043285552,-0.040473152,-0.03766075,-0.034848355,-0.032035954,-0.029223554,-0.026411153,-0.023598755,-0.020786354,-0.017973956,-0.015161555,-0.012349156,-0.009536756,-0.006724356,-0.003911956,-0.0010995567,0.0017128431,0.004525243,0.0073376424,0.010150042,0.012962442,0.015774842,0.018587241,0.021399641,0.02421204,0.02702444,0.02983684,0.03264924,0.035461638,0.03827404,0.04108644],"mean":0.004072815,"std":0.018649884}
{"counts":[1,0,1,1,0,2,1,0,2,3,2,6,1,4,4,5,2,1,5,0,4,6,3,1,1,2,2,1,2,1],"wall_time":1.754152208457e9,"step":5,"max":0.048704285,"min":-0.046526223,"count":64,"bins":[-0.046526223,-0.043351874,-0.040177524,-0.037003174,-0.03382882,-0.030654471,-0.027480122,-0.024305772,-0.02113142,-0.01795707,-0.01478272,-0.011608371,-0.00843402,-0.00525967,-0.0020853195,0.0010890309,0.004263381,0.0074377316,0.010612082,0.013786432,0.016960783,0.020135133,0.023309482,0.026483834,0.029658183,0.032832533,0.036006883,0.039181236,0.042355586,0.045529936,0.048704285],"mean":0.005450984,"std":0.02158604}
{"counts":[1,1,0,1,1,1,2,1,2,2,5,3,1,5,4,5,2,2,2,4,5,4,2,1,2,1,1,1,1,1],"wall_time":1.754152210563e9,"step":6,"max":0.05978961,"min":-0.052087918,"count":64,"bins":[-0.052087918,-0.048358668,-0.044629417,-0.040900167,-0.037170913,-0.033441663,-0.029712413,-0.025983162,-0.02225391,-0.01852466,-0.014795409,-0.011066158,-0.007336907,-0.003607656,0.00012159472,0.0038508456,0.0075800964,0.011309347,0.015038598,0.018767849,0.0224971,0.026226351,0.029955601,0.033684853,0.037414104,0.041143354,0.044872604,0.048601855,0.05233111,0.05606036,0.05978961],"mean":0.006501716,"std":0.025023688}
{"counts":[1,1,0,0,1,2,1,1,2,1,5,4,2,2,5,6,1,5,2,6,3,4,1,3,2,0,0,2,0,1],"wall_time":1.754152212719e9,"step":7,"max":0.06620514,"min":-0.056771144,"count":64,"bins":[-0.056771144,-0.052671935,-0.048572727,-0.044473518,-0.040374305,-0.036275096,-0.032175887,-0.028076679,-0.02397747,-0.01987826,-0.01577905,-0.011679841,-0.007580632,-0.0034814226,0.0006177867,0.004716996,0.008816206,0.012915415,0.017014625,0.021113833,0.025213042,0.029312253,0.03341146,0.03751067,0.04160988,0.04570909,0.049808297,0.05390751,0.05800672,0.062105928,0.06620514],"mean":0.007452327,"std":0.02582764}
{"counts":[1,1,0,1,1,0,2,0,2,2,7,2,3,4,6,2,6,2,3,4,5,1,3,2,1,1,1,0,0,1],"wall_time":1.754152214828e9,"step":8,"max":0.073654585,"min":-0.060238484,"count":64,"bins":[-0.060238484,-0.05577538,-0.05131228,-0.046849176,-0.042386074,-0.03792297,-0.033459872,-0.028996767,-0.024533667,-0.020070564,-0.015607461,-0.011144359,-0.006681257,-0.0022181545,0.002244948,0.00670805,0.011171153,0.015634255,0.020097356,0.024560459,0.029023562,0.033486664,0.037949767,0.04241287,0.046875972,0.051339075,0.055802174,0.060265277,0.06472838,0.069191486,0.073654585],"mean":0.007925775,"std":0.02703563}
{"counts":[1,0,1,1,0,2,1,1,1,0,7,2,6,3,4,3,7,1,2,3,5,3,3,2,2,1,1,0,0,1],"wall_time":1.754152216854e9,"step":9,"max":0.07361928,"min":-0.06367679,"count":64,"bins":[-0.06367679,-0.059100255,-0.054523718,-0.049947184,-0.045370646,-0.04079411,-0.036217578,-0.03164104,-0.027064506,-0.02248797,-0.017911434,-0.013334898,-0.008758363,-0.0041818274,0.00039470792,0.0049712434,0.009547779,0.014124314,0.01870085,0.023277385,0.027853921,0.032430455,0.037006993,0.041583527,0.046160065,0.0507366,0.055313133,0.05988967,0.06446621,0.06904274,0.07361928],"mean":0.0076705385,"std":0.027971657}
{"counts":[1,0,0,1,1,3,0,1,1,1,4,6,4,6,1,4,6,1,5,1,5,4,3,3,1,0,0,0,0,1],"wall_time":1.754152218983e9,"step":10,"max":0.07835815,"min":-0.06600634,"count":64,"bins":[-0.06600634,-0.06119419,-0.05638204,-0.05156989,-0.046757743,-0.04194559,-0.03713344,-0.032321293,-0.027509142,-0.022696992,-0.017884843,-0.013072694,-0.008260543,-0.003448394,0.0013637558,0.0061759055,0.010988055,0.015800204,0.020612355,0.025424505,0.030236654,0.035048805,0.039860953,0.044673104,0.04948525,0.054297403,0.059109554,0.063921705,0.06873385,0.073546,0.07835815],"mean":0.0073312167,"std":0.028467853}
{"counts":[1,0,1,3,1,1,0,2,3,4,7,7,1,2,5,3,4,2,4,3,6,3,0,0,0,0,0,0,0,1],"wall_time":1.754152221013e9,"step":11,"max":0.09219986,"min":-0.0627468,"count":64,"bins":[-0.0627468,-0.057581913,-0.05241702,-0.047252133,-0.042087246,-0.036922358,-0.031757466,-0.026592579,-0.021427691,-0.016262801,-0.011097913,-0.0059330245,-0.0007681355,0.0043967534,0.009561642,0.014726531,0.01989142,0.025056308,0.030221198,0.035386086,0.040550973,0.045715865,0.050880753,0.05604564,0.061210528,0.06637542,0.0715403,0.076705195,0.08187009,0.08703497,0.09219986],"mean":0.007243922,"std":0.029703723}
{"counts":[1,0,2,2,2,0,0,3,4,7,6,3,3,3,4,4,3,2,2,6,6,0,0,0,0,0,0,0,0,1],"wall_time":1.754152223095e9,"step":12,"max":0.09761527,"min":-0.061683703,"count":64,"bins":[-0.061683703,-0.056373738,-0.051063772,-0.045753807,-0.04044384,-0.035133876,-0.029823909,-0.024513943,-0.019203976,-0.01389401,-0.008584045,-0.003274079,0.0020358867,0.0073458524,0.012655819,0.017965784,0.02327575,0.028585715,0.033895683,0.039205648,0.044515613,0.04982558,0.055135544,0.06044551,0.06575548,0.07106544,0.07637541,0.08168537,0.08699534,0.0923053,0.09761527],"mean":0.0075319284,"std":0.030568244}
{"counts":[1,1,0,1,1,0,2,0,2,2,7,2,3,4,6,2,6,2,3,4,5,1,3,2,1,1,1,0,0,1],"wall_time":1.7541522252e9,"step":13,"max":0.073654585,"min":-0.060238484,"count":64,"bins":[-0.060238484,-0.05577538,-0.05131228,-0.046849176,-0.042386074,-0.03792297,-0.033459872,-0.028996767,-0.024533667,-0.020070564,-0.015607461,-0.011144359,-0.006681257,-0.0022181545,0.002244948,0.00670805,0.011171153,0.015634255,0.020097356,0.024560459,0.029023562,0.033486664,0.037949767,0.04241287,0.046875972,0.051339075,0.055802174,0.060265277,0.06472838,0.069191486,0.073654585],"mean":0.007925775,"std":0.02703563}
