{"counts":[1,0,2,1,4,4,0,4,3,6,5,4,7,4,12,10,6,8,5,5,1,2,1,0,0,0,0,0,0,1],"wall_time":1.754152199936e9,"step":1,"max":0.5836502,"min":-0.4155666,"count":96,"bins":[-0.4155666,-0.38225937,-0.34895214,-0.31564492,-0.2823377,-0.24903047,-0.21572325,-0.18241602,-0.14910878,-0.115801565,-0.08249434,-0.049187113,-0.015879888,0.017427338,0.050734565,0.08404179,0.11734901,0.15065624,0.18396346,0.21727069,0.25057793,0.28388515,0.31719238,0.3504996,0.38380682,0.41711405,0.45042127,0.4837285,0.5170357,0.5503429,0.5836502],"mean":0.028572299,"std":0.17322963}
{"counts":[1,0,1,2,4,3,2,3,3,6,4,4,6,6,10,11,8,5,7,3,4,1,1,0,0,0,0,0,0,1],"wall_time":1.754152202248e9,"step":2,"max":0.5717592,"min":-0.40962225,"count":96,"bins":[-0.40962225,-0.37690952,-0.34419683,-0.3114841,-0.2787714,-0.24605867,-0.21334596,-0.18063325,-0.14792052,-0.115207806,-0.08249509,-0.049782377,-0.017069662,0.015643055,0.04835577,0.081068486,0.1137812,0.14649391,0.17920664,0.21191935,0.24463207,0.2773448,0.3100575,0.34277022,0.37548292,0.40819564,0.44090837,0.47362107,0.50633377,0.5390465,0.5717592],"mean":0.028770678,"std":0.17077911}
{"counts":[1,0,1,3,3,3,2,3,3,4,6,4,6,6,9,12,8,5,7,3,3,2,1,0,0,0,0,0,0,1],"wall_time":1.754152204375e9,"step":3,"max":0.56305116,"min":-0.4044086,"count":96,"bins":[-0.4044086,-0.37215996,-0.33991128,-0.30766264,-0.27541396,-0.24316531,-0.21091665,-0.17866799,-0.14641933,-0.11417067,-0.08192202,-0.049673356,-0.017424697,0.014823962,0.047072623,0.07932128,0.11156994,0.1438186,0.17606726,0.20831591,0.24056457,0.27281323,0.3050619,0.33731055,0.3695592,0.40180787,0.43405652,0.4663052,0.49855384,0.5308025,0.56305116],"mean":0.028933303,"std":0.16885133}
{"counts":[1,1,0,3,3,3,2,2,3,3,7,6,4,6,9,10,10,6,6,2,5,1,2,0,0,0,0,0,0,1],"wall_time":1.75415220639e9,"step":4,"max":0.55169255,"min":-0.39980835,"count":96,"bins":[-0.39980835,-0.36809164,-0.33637497,-0.30465826,-0.27294156,-0.24122487,-0.20950817,-0.17779148,-0.14607477,-0.11435808,-0.082641385,-0.050924685,-0.01920799,0.012508706,0.044225402,0.0759421,0.107658796,0.1393755,0.17109218,0.20280889,0.23452558,0.26624227,0.29795897,0.32967567,0.36139238,0.39310905,0.42482576,0.45654246,0.48825917,0.51997584,0.55169255],"mean":0.029078266,"std":0.16694528}
{"counts":[1,1,0,3,3,3,2,2,3,2,8,5,5,7,9,8,11,6,4,5,4,1,2,0,0,0,0,0,0,1],"wall_time":1.75415220847e9,"step":5,"max":0.5441433,"min":-0.39301395,"count":96,"bins":[-0.39301395,-0.36177537,-0.3305368,-0.29929823,-0.26805964,-0.23682107,-0.2055825,-0.17434393,-0.14310534,-0.11186677,-0.080628194,-0.04938962,-0.018151045,0.013087531,0.044326108,0.07556468,0.10680326,0.13804184,0.16928041,0.20051898,0.23175757,0.26299614,0.29423472,0.32547328,0.35671186,0.38795045,0.419189,0.4504276,0.48166618,0.51290476,0.5441433],"mean":0.029187977,"std":0.1652512}
{"counts":[1,1,2,1,3,3,3,2,2,5,8,2,7,7,7,12,7,6,6,3,4,1,2,0,0,0,0,0,0,1],"wall_time":1.754152210587e9,"step":6,"max":0.54036975,"min":-0.38360083,"count":96,"bins":[-0.38360083,-0.3528018,-0.3220028,-0.29120377,-0.26040477,-0.22960573,-0.19880672,-0.1680077,-0.13720867,-0.106409654,-0.07561064,-0.044811618,-0.014012599,0.01678642,0.04758544,0.07838446,0.109183475,0.13998249,0.17078152,0.20158054,0.23237956,0.2631786,0.2939776,0.32477662,0.35557562,0.38637465,0.41717368,0.44797269,0.47877172,0.5095707,0.54036975],"mean":0.029313402,"std":0.16373153}
{"counts":[1,1,2,2,3,2,3,2,3,5,8,3,5,8,7,12,6,6,7,3,3,1,2,0,0,0,0,0,0,1],"wall_time":1.754152212748e9,"step":7,"max":0.5418557,"min":-0.37774503,"count":96,"bins":[-0.37774503,-0.34709167,-0.31643832,-0.28578496,-0.2551316,-0.22447824,-0.19382489,-0.16317153,-0.13251817,-0.101864815,-0.07121146,-0.0405581,-0.009904742,0.020748615,0.051401973,0.08205533,0.11270869,0.14336205,0.1740154,0.20466876,0.23532212,0.26597548,0.29662883,0.3272822,0.35793555,0.3885889,0.41924226,0.44989562,0.48054898,0.51120234,0.5418557],"mean":0.02939906,"std":0.16252007}
{"counts":[1,1,2,2,3,3,2,3,2,4,8,4,5,8,7,10,8,5,8,3,3,1,2,0,0,0,0,0,0,1],"wall_time":1.754152214872e9,"step":8,"max":0.5362866,"min":-0.37383157,"count":96,"bins":[-0.37383157,-0.3434943,-0.31315702,-0.28281975,-0.25248247,-0.22214521,-0.19180794,-0.16147067,-0.13113339,-0.10079612,-0.07045885,-0.040121578,-0.0097843055,0.020552967,0.05089024,0.08122751,0.111564785,0.14190206,0.17223933,0.2025766,0.23291387,0.26325116,0.29358843,0.32392567,0.35426295,0.38460022,0.4149375,0.44527477,0.47561204,0.5059493,0.5362866],"mean":0.029375186,"std":0.16175927}
{"counts":[1,1,2,2,3,3,2,3,2,4,8,4,4,9,9,11,5,6,7,4,2,1,2,0,0,0,0,0,0,1],"wall_time":1.754152216874e9,"step":9,"max":0.5387115,"min":-0.37106967,"count":96,"bins":[-0.37106967,-0.34074363,-0.3104176,-0.28009155,-0.24976552,-0.21943948,-0.18911344,-0.1587874,-0.12846136,-0.09813532,-0.067809284,-0.037483245,-0.0071572065,0.023168832,0.05349487,0.08382091,0.11414695,0.14447299,0.17479903,0.20512506,0.2354511,0.26577714,0.29610318,0.32642922,0.35675526,0.3870813,0.41740733,0.44773337,0.4780594,0.5083854,0.5387115],"mean":0.029368931,"std":0.1613158}
{"counts":[1,2,0,3,2,4,2,3,2,3,8,5,4,10,9,10,5,6,7,4,3,1,1,0,0,0,0,0,0,1],"wall_time":1.754152219013e9,"step":10,"max":0.53851753,"min":-0.37204146,"count":96,"bins":[-0.37204146,-0.3416895,-0.31133753,-0.28098556,-0.2506336,-0.22028163,-0.18992966,-0.1595777,-0.12922573,-0.098873764,-0.0685218,-0.03816983,-0.007817864,0.022534102,0.05288607,0.083238035,0.11359,0.14394197,0.17429394,0.2046459,0.23499787,0.26534984,0.2957018,0.32605377,0.35640574,0.3867577,0.41710967,0.44746163,0.4778136,0.5081656,0.53851753],"mean":0.029407432,"std":0.16073537}
{"counts":[1,2,0,3,2,4,3,1,3,3,8,5,4,9,9,11,6,4,8,4,3,2,0,0,0,0,0,0,0,1],"wall_time":1.754152221036e9,"step":11,"max":0.5371388,"min":-0.3714976,"count":96,"bins":[-0.3714976,-0.3412097,-0.31092185,-0.28063396,-0.25034606,-0.2200582,-0.18977031,-0.15948243,-0.12919456,-0.09890667,-0.0686188,-0.038330913,-0.008043033,0.022244848,0.05253273,0.08282061,0.11310849,0.14339638,0.17368425,0.20397213,0.23426001,0.26454788,0.29483578,0.32512367,0.35541153,0.38569942,0.41598728,0.44627517,0.47656307,0.50685096,0.5371388],"mean":0.029437428,"std":0.16047795}
{"counts":[1,2,0,3,2,4,3,1,3,2,9,5,4,9,10,9,7,4,7,5,3,2,0,0,0,0,0,0,0,1],"wall_time":1.754152223112e9,"step":12,"max":0.53662544,"min":-0.37212008,"count":96,"bins":[-0.37212008,-0.34182855,-0.31153706,-0.28124553,-0.250954,-0.22066249,-0.19037098,-0.16007946,-0.12978794,-0.099496424,-0.069204904,-0.038913388,-0.0086218715,0.021669647,0.051961165,0.08225268,0.1125442,0.14283572,0.17312723,0.20341875,0.23371027,0.2640018,0.2942933,0.3245848,0.35487634,0.38516787,0.41545936,0.4457509,0.47604242,0.50633395,0.53662544],"mean":0.029439649,"std":0.16027278}
{"counts":[1,1,2,2,3,3,2,3,2,4,8,4,5,8,7,10,8,5,8,3,3,1,2,0,0,0,0,0,0,1],"wall_time":1.754152225211e9,"step":13,"max":0.5362866,"min":-0.37383157,"count":96,"bins":[-0.37383157,-0.3434943,-0.31315702,-0.28281975,-0.25248247,-0.22214521,-0.19180794,-0.16147067,-0.13113339,-0.10079612,-0.07045885,-0.040121578,-0.0097843055,0.020552967,0.05089024,0.08122751,0.111564785,0.14190206,0.17223933,0.2025766,0.23291387,0.26325116,0.29358843,0.32392567,0.35426295,0.38460022,0.4149375,0.44527477,0.47561204,0.5059493,0.5362866],"mean":0.029375186,"std":0.16175927}
