{"counts":[1,0,0,0,1,2,1,2,3,1,4,0,1,1,1,1,0,4,0,2,1,1,0,2,0,1,0,0,1,1],"wall_time":1.754152199922e9,"step":1,"max":0.010071538,"min":-0.017328411,"count":32,"bins":[-0.017328411,-0.01641508,-0.015501748,-0.014588417,-0.013675084,-0.012761753,-0.011848422,-0.01093509,-0.010021758,-0.009108426,-0.008195095,-0.007281763,-0.0063684313,-0.0054551,-0.004541768,-0.0036284365,-0.0027151047,-0.0018017732,-0.0008884415,2.4890154e-5,0.0009382218,0.0018515534,0.002764885,0.0036782168,0.0045915483,0.00550488,0.006418212,0.0073315436,0.008244875,0.009158207,0.010071538],"mean":-0.0044349725,"std":0.006801248}
{"counts":[1,0,0,0,1,1,2,2,4,2,1,0,2,3,2,1,1,2,1,0,2,0,1,1,0,0,0,1,0,1],"wall_time":1.754152202236e9,"step":2,"max":0.020752985,"min":-0.030030623,"count":32,"bins":[-0.030030623,-0.028337836,-0.02664505,-0.024952263,-0.023259476,-0.021566689,-0.019873902,-0.018181115,-0.016488327,-0.014795541,-0.013102754,-0.011409967,-0.009717179,-0.008024393,-0.006331606,-0.004638819,-0.002946032,-0.0012532452,0.0004395418,0.0021323287,0.0038251157,0.005517903,0.0072106896,0.008903476,0.010596263,0.01228905,0.013981837,0.015674625,0.017367411,0.019060198,0.020752985],"mean":-0.007439304,"std":0.011629458}
{"counts":[1,0,1,2,0,0,4,4,2,0,1,1,2,3,1,2,1,2,1,1,0,1,0,0,0,0,1,0,0,1],"wall_time":1.75415220436e9,"step":3,"max":0.02612759,"min":-0.033982787,"count":32,"bins":[-0.033982787,-0.031979106,-0.02997543,-0.02797175,-0.025968071,-0.023964392,-0.021960711,-0.019957032,-0.017953353,-0.015949674,-0.013945995,-0.011942316,-0.009938637,-0.007934957,-0.0059312778,-0.0039275987,-0.0019239194,7.975977e-5,0.002083439,0.0040871184,0.0060907975,0.008094477,0.010098156,0.012101836,0.014105515,0.016109193,0.018112874,0.020116553,0.022120232,0.02412391,0.02612759],"mean":-0.010046551,"std":0.013692352}
{"counts":[2,0,2,0,0,1,4,5,0,0,0,1,5,2,0,0,3,1,1,2,0,1,0,0,0,0,0,1,0,1],"wall_time":1.75415220638e9,"step":4,"max":0.031087682,"min":-0.041521493,"count":32,"bins":[-0.041521493,-0.039101187,-0.03668088,-0.034260575,-0.03184027,-0.029419964,-0.026999658,-0.024579352,-0.022159047,-0.019738741,-0.017318435,-0.014898129,-0.0124778235,-0.010057517,-0.0076372116,-0.005216906,-0.0027966,-0.0003762942,0.0020440116,0.0044643176,0.0068846233,0.0093049295,0.011725235,0.014145541,0.016565846,0.018986152,0.021406459,0.023826765,0.02624707,0.028667375,0.031087682],"mean":-0.013029665,"std":0.017575843}
{"counts":[2,1,1,0,2,0,5,1,2,0,0,1,2,4,3,0,3,0,0,2,0,0,1,0,0,0,0,1,0,1],"wall_time":1.754152208465e9,"step":5,"max":0.034399908,"min":-0.046430595,"count":32,"bins":[-0.046430595,-0.043736245,-0.041041896,-0.038347546,-0.035653196,-0.032958847,-0.030264495,-0.027570145,-0.024875794,-0.022181444,-0.019487094,-0.016792744,-0.014098394,-0.011404044,-0.008709693,-0.0060153436,-0.0033209934,-0.00062664336,0.0020677068,0.0047620567,0.007456407,0.010150757,0.012845107,0.015539457,0.018233808,0.020928157,0.023622507,0.026316857,0.029011209,0.03170556,0.034399908],"mean":-0.014937205,"std":0.019592315}
{"counts":[2,1,0,1,1,1,3,1,2,1,1,1,2,3,1,3,1,1,1,0,2,0,1,0,0,0,1,0,0,1],"wall_time":1.754152210573e9,"step":6,"max":0.037068304,"min":-0.054123446,"count":32,"bins":[-0.054123446,-0.05108372,-0.048043996,-0.04500427,-0.041964546,-0.03892482,-0.035885096,-0.03284537,-0.029805647,-0.026765922,-0.023726197,-0.020686472,-0.017646747,-0.014607022,-0.011567296,-0.008527571,-0.005487846,-0.0024481213,0.0005916037,0.0036313287,0.006671054,0.0097107785,0.012750504,0.015790228,0.018829953,0.021869678,0.024909403,0.027949128,0.030988853,0.03402858,0.037068304],"mean":-0.017070102,"std":0.021910312}
{"counts":[2,1,1,1,3,1,1,1,1,1,1,2,3,2,0,2,3,0,0,1,0,1,1,1,0,0,0,1,0,1],"wall_time":1.754152212732e9,"step":7,"max":0.034058653,"min":-0.053327333,"count":32,"bins":[-0.053327333,-0.050414465,-0.0475016,-0.044588733,-0.04167587,-0.038763,-0.035850137,-0.03293727,-0.030024404,-0.027111538,-0.024198672,-0.021285806,-0.018372938,-0.015460073,-0.012547206,-0.00963434,-0.0067214738,-0.0038086078,-0.00089574157,0.0020171246,0.004929991,0.007842857,0.010755723,0.013668589,0.016581455,0.019494321,0.022407187,0.025320055,0.02823292,0.031145787,0.034058653],"mean":-0.018480215,"std":0.022676636}
{"counts":[3,0,0,1,4,1,0,1,2,1,1,2,3,0,2,2,1,2,1,0,0,0,2,0,1,0,0,0,0,2],"wall_time":1.754152214861e9,"step":8,"max":0.037000682,"min":-0.05771302,"count":32,"bins":[-0.05771302,-0.054555897,-0.051398773,-0.04824165,-0.04508453,-0.041927405,-0.03877028,-0.035613157,-0.032456033,-0.029298909,-0.026141787,-0.022984663,-0.01982754,-0.016670415,-0.013513292,-0.010356169,-0.0071990457,-0.0040419223,-0.00088479894,0.0022723244,0.005429448,0.008586572,0.011743695,0.0149008185,0.018057942,0.021215064,0.024372188,0.027529312,0.030686436,0.03384356,0.037000682],"mean":-0.019115953,"std":0.02518576}
{"counts":[2,1,0,2,2,2,0,0,1,1,3,2,2,0,3,1,2,1,1,1,0,0,1,0,2,0,0,0,0,2],"wall_time":1.754152216863e9,"step":9,"max":0.03471218,"min":-0.05988683,"count":32,"bins":[-0.05988683,-0.05673353,-0.053580232,-0.05042693,-0.04727363,-0.04412033,-0.04096703,-0.03781373,-0.03466043,-0.031507127,-0.028353827,-0.025200527,-0.022047227,-0.018893927,-0.015740626,-0.012587326,-0.009434025,-0.006280725,-0.0031274245,2.587599e-5,0.0031791765,0.0063324766,0.0094857775,0.012639077,0.015792377,0.018945679,0.022098979,0.025252279,0.028405579,0.03155888,0.03471218],"mean":-0.01991326,"std":0.025289292}
{"counts":[1,1,1,0,3,0,0,3,0,0,2,1,4,2,1,1,3,0,2,1,1,0,1,1,0,1,0,0,0,2],"wall_time":1.754152219005e9,"step":10,"max":0.034483023,"min":-0.06648192,"count":32,"bins":[-0.06648192,-0.06311642,-0.059750922,-0.056385424,-0.053019926,-0.049654428,-0.04628893,-0.04292343,-0.039557934,-0.036192436,-0.032826938,-0.02946144,-0.026095942,-0.022730444,-0.019364946,-0.015999448,-0.0126339495,-0.0092684515,-0.0059029534,-0.0025374554,0.0008280426,0.0041935407,0.0075590387,0.010924537,0.014290035,0.017655533,0.02102103,0.024386529,0.027752027,0.031117525,0.034483023],"mean":-0.02060152,"std":0.026166668}
{"counts":[1,1,0,1,0,2,0,3,0,1,1,3,1,3,3,0,0,1,2,0,4,1,0,0,2,0,0,0,1,1],"wall_time":1.754152221025e9,"step":11,"max":0.03591846,"min":-0.073501505,"count":32,"bins":[-0.073501505,-0.06985417,-0.06620684,-0.06255951,-0.058912177,-0.055264845,-0.05161751,-0.04797018,-0.04432285,-0.040675517,-0.037028182,-0.03338085,-0.02973352,-0.026086187,-0.022438856,-0.018791523,-0.015144191,-0.011496859,-0.007849527,-0.004202194,-0.00055486214,0.00309247,0.006739802,0.010387135,0.014034467,0.017681798,0.021329131,0.024976462,0.028623795,0.03227113,0.03591846],"mean":-0.021640582,"std":0.027308093}
{"counts":[1,1,0,1,1,1,2,1,1,1,1,2,2,2,3,0,1,0,2,0,4,1,0,0,2,0,0,0,1,1],"wall_time":1.754152223105e9,"step":12,"max":0.036318015,"min":-0.072691835,"count":32,"bins":[-0.072691835,-0.06905817,-0.06542451,-0.06179085,-0.058157187,-0.054523528,-0.050889865,-0.047256205,-0.043622542,-0.03998888,-0.03635522,-0.032721557,-0.029087896,-0.025454234,-0.021820571,-0.01818691,-0.014553248,-0.010919587,-0.007285925,-0.0036522632,-1.8601617e-5,0.0036150601,0.0072487216,0.010882383,0.014516045,0.018149707,0.021783369,0.02541703,0.029050691,0.032684352,0.036318015],"mean":-0.02210212,"std":0.027750881}
{"counts":[3,0,0,1,4,1,0,1,2,1,1,2,3,0,2,2,1,2,1,0,0,0,2,0,1,0,0,0,0,2],"wall_time":1.754152225207e9,"step":13,"max":0.037000682,"min":-0.05771302,"count":32,"bins":[-0.05771302,-0.054555897,-0.051398773,-0.04824165,-0.04508453,-0.041927405,-0.03877028,-0.035613157,-0.032456033,-0.029298909,-0.026141787,-0.022984663,-0.01982754,-0.016670415,-0.013513292,-0.010356169,-0.0071990457,-0.0040419223,-0.00088479894,0.0022723244,0.005429448,0.008586572,0.011743695,0.0149008185,0.018057942,0.021215064,0.024372188,0.027529312,0.030686436,0.03384356,0.037000682],"mean":-0.019115953,"std":0.02518576}
