{"counts":[1,1,4,1,6,12,15,18,21,35,32,38,45,46,43,57,51,55,35,28,28,20,19,11,8,7,0,1,0,2],"wall_time":1.754152199513e9,"step":1,"max":0.99929863,"min":-0.9879031,"count":640,"bins":[-0.9879031,-0.92166305,-0.855423,-0.78918296,-0.7229429,-0.6567028,-0.59046274,-0.52422273,-0.45798266,-0.3917426,-0.32550254,-0.25926247,-0.19302242,-0.12678236,-0.0605423,0.005697757,0.071937814,0.13817787,0.20441793,0.270658,0.33689806,0.4031381,0.46937817,0.53561825,0.60185826,0.66809833,0.7343384,0.8005785,0.8668185,0.93305856,0.99929863],"mean":-0.0074300296,"std":0.32519105}
{"counts":[1,1,3,2,6,12,15,19,21,33,35,36,44,48,42,56,52,57,35,25,29,21,16,12,9,7,0,1,0,2],"wall_time":1.754152202217e9,"step":2,"max":1.0002245,"min":-0.98857,"count":640,"bins":[-0.98857,-0.92227685,-0.8559837,-0.78969055,-0.7233974,-0.65710425,-0.5908111,-0.52451795,-0.4582248,-0.39193165,-0.3256385,-0.25934535,-0.1930522,-0.12675905,-0.0604659,0.005827248,0.0721204,0.13841355,0.2047067,0.27099985,0.337293,0.40358615,0.4698793,0.53617245,0.60246557,0.66875875,0.7350519,0.80134505,0.8676382,0.93393135,1.0002245],"mean":-0.0074252724,"std":0.32519516}
{"counts":[1,1,3,3,5,14,13,20,20,35,34,37,42,49,42,56,49,60,36,24,29,20,16,12,9,7,0,1,0,2],"wall_time":1.754152204348e9,"step":3,"max":0.99890804,"min":-0.9837277,"count":640,"bins":[-0.9837277,-0.91763985,-0.85155195,-0.7854641,-0.71937627,-0.6532884,-0.5872005,-0.5211127,-0.45502484,-0.38893697,-0.32284912,-0.25676125,-0.1906734,-0.12458554,-0.058497682,0.0075901747,0.07367803,0.13976589,0.20585375,0.2719416,0.33802947,0.40411732,0.4702052,0.536293,0.6023809,0.6684688,0.7345566,0.80064446,0.8667323,0.9328202,0.99890804],"mean":-0.0073840967,"std":0.32527328}
{"counts":[1,1,3,3,6,13,14,19,21,35,33,37,42,49,42,56,51,59,32,27,28,22,15,12,9,7,0,1,0,2],"wall_time":1.754152206366e9,"step":4,"max":0.9990363,"min":-0.98291147,"count":640,"bins":[-0.98291147,-0.9168465,-0.8507816,-0.78471667,-0.7186518,-0.6525868,-0.5865219,-0.52045697,-0.45439205,-0.38832712,-0.3222622,-0.25619727,-0.19013235,-0.12406743,-0.058002505,0.008062422,0.07412735,0.14019227,0.2062572,0.27232212,0.33838704,0.40445197,0.4705169,0.5365818,0.60264677,0.66871166,0.7347766,0.8008415,0.86690646,0.93297136,0.9990363],"mean":-0.0073738745,"std":0.32530305}
{"counts":[1,1,3,4,5,13,15,17,23,35,36,35,39,51,41,54,52,61,32,29,25,22,15,12,9,7,0,1,1,1],"wall_time":1.754152208457e9,"step":5,"max":1.0000235,"min":-0.980436,"count":640,"bins":[-0.980436,-0.9144207,-0.8484054,-0.78239006,-0.71637475,-0.65035945,-0.58434415,-0.5183288,-0.45231348,-0.38629818,-0.32028285,-0.25426754,-0.18825223,-0.12223691,-0.05622159,0.009793729,0.07580905,0.14182436,0.20783968,0.273855,0.3398703,0.40588564,0.47190094,0.53791624,0.6039316,0.6699469,0.7359622,0.8019775,0.8679929,0.9340082,1.0000235],"mean":-0.0074448586,"std":0.32535425}
{"counts":[1,1,3,4,5,14,14,17,23,35,36,35,40,49,40,58,50,61,32,28,27,21,15,12,10,6,0,1,0,2],"wall_time":1.754152210558e9,"step":6,"max":0.9999314,"min":-0.978606,"count":640,"bins":[-0.978606,-0.91265476,-0.84670347,-0.78075224,-0.714801,-0.6488497,-0.5828985,-0.51694727,-0.450996,-0.38504478,-0.31909353,-0.25314227,-0.18719104,-0.12123979,-0.055288542,0.010662705,0.07661395,0.14256519,0.20851645,0.27446768,0.34041893,0.4063702,0.47232142,0.5382727,0.6042239,0.67017514,0.7361264,0.80207765,0.8680289,0.93398017,0.9999314],"mean":-0.007583299,"std":0.32540885}
{"counts":[1,0,4,4,5,14,13,16,24,35,36,34,35,54,42,57,48,63,30,30,26,22,16,12,10,5,1,0,1,2],"wall_time":1.754152212717e9,"step":7,"max":0.9946491,"min":-0.9809939,"count":640,"bins":[-0.9809939,-0.91513914,-0.8492844,-0.7834296,-0.71757483,-0.6517201,-0.5858653,-0.52001053,-0.45415577,-0.388301,-0.32244626,-0.25659147,-0.19073671,-0.124881946,-0.059027176,0.006827593,0.07268236,0.13853712,0.2043919,0.27024665,0.33610144,0.4019562,0.46781096,0.5336657,0.5995205,0.6653753,0.73123,0.7970848,0.8629396,0.9287943,0.9946491],"mean":-0.0076091676,"std":0.3254461}
{"counts":[1,0,4,4,5,14,14,16,22,35,37,34,36,52,46,57,48,61,29,30,28,20,17,11,10,6,0,0,2,1],"wall_time":1.754152214823e9,"step":8,"max":0.9974987,"min":-0.9820303,"count":640,"bins":[-0.9820303,-0.91604596,-0.85006166,-0.78407735,-0.7180931,-0.6521088,-0.5861245,-0.5201402,-0.4541559,-0.38817158,-0.32218727,-0.256203,-0.19021869,-0.124234386,-0.05825009,0.0077342093,0.07371851,0.13970281,0.2056871,0.2716714,0.3376557,0.40364,0.4696243,0.5356086,0.6015929,0.6675772,0.7335615,0.79954576,0.8655301,0.9315144,0.9974987],"mean":-0.007738522,"std":0.32543722}
{"counts":[1,0,5,3,5,14,14,15,22,35,39,34,37,54,42,56,48,60,32,29,28,16,21,11,10,5,1,0,2,1],"wall_time":1.754152216853e9,"step":9,"max":0.99456376,"min":-0.9784021,"count":640,"bins":[-0.9784021,-0.9126366,-0.846871,-0.7811055,-0.71533996,-0.64957446,-0.5838089,-0.5180434,-0.45227787,-0.38651234,-0.3207468,-0.25498128,-0.18921575,-0.12345021,-0.057684686,0.00808084,0.07384637,0.1396119,0.20537743,0.27114296,0.3369085,0.40267402,0.46843955,0.5342051,0.5999706,0.66573614,0.73150164,0.7972672,0.8630327,0.92879826,0.99456376],"mean":-0.0077703283,"std":0.32549226}
{"counts":[1,1,3,4,5,14,13,16,23,37,37,33,37,54,41,60,45,61,30,30,29,15,21,11,10,5,1,0,1,2],"wall_time":1.754152218979e9,"step":10,"max":0.99452263,"min":-0.97611266,"count":640,"bins":[-0.97611266,-0.9104248,-0.844737,-0.77904916,-0.71336126,-0.6476734,-0.5819856,-0.51629776,-0.45060992,-0.3849221,-0.31923422,-0.2535464,-0.18785855,-0.1221707,-0.05648286,0.009204984,0.07489283,0.14058067,0.20626852,0.27195635,0.3376442,0.40333205,0.4690199,0.5347077,0.60039556,0.6660834,0.73177123,0.7974591,0.86314696,0.9288348,0.99452263],"mean":-0.007735779,"std":0.32557648}
{"counts":[1,0,4,4,5,14,13,16,21,37,38,33,36,53,42,60,47,60,31,30,29,15,21,10,11,5,1,0,1,2],"wall_time":1.754152221008e9,"step":11,"max":0.99207824,"min":-0.9790674,"count":640,"bins":[-0.9790674,-0.9133625,-0.8476577,-0.7819528,-0.716248,-0.6505431,-0.5848383,-0.5191334,-0.45342854,-0.38772368,-0.32201883,-0.25631398,-0.19060913,-0.12490428,-0.059199426,0.0065054297,0.07221028,0.13791513,0.20361999,0.26932484,0.3350297,0.40073454,0.4664394,0.53214425,0.59784913,0.66355395,0.72925884,0.79496366,0.86066854,0.92637336,0.99207824],"mean":-0.0078337565,"std":0.32565132}
{"counts":[1,0,4,4,5,14,13,16,21,37,38,34,37,50,43,60,47,60,31,30,28,17,20,10,11,5,1,0,1,2],"wall_time":1.754152223093e9,"step":12,"max":0.9929373,"min":-0.97985,"count":640,"bins":[-0.97985,-0.9140904,-0.84833086,-0.78257126,-0.71681166,-0.6510521,-0.5852925,-0.519533,-0.45377338,-0.3880138,-0.3222542,-0.25649464,-0.19073507,-0.12497549,-0.05921591,0.006543666,0.07230324,0.13806282,0.2038224,0.26958197,0.33534154,0.40110114,0.4668607,0.5326203,0.59837985,0.66413945,0.729899,0.7956586,0.8614182,0.9271777,0.9929373],"mean":-0.007767649,"std":0.32566062}
{"counts":[1,0,4,4,5,14,14,16,22,35,37,34,36,52,46,57,48,61,29,30,28,20,17,11,10,6,0,0,2,1],"wall_time":1.754152225198e9,"step":13,"max":0.9974987,"min":-0.9820303,"count":640,"bins":[-0.9820303,-0.91604596,-0.85006166,-0.78407735,-0.7180931,-0.6521088,-0.5861245,-0.5201402,-0.4541559,-0.38817158,-0.32218727,-0.256203,-0.19021869,-0.124234386,-0.05825009,0.0077342093,0.07371851,0.13970281,0.2056871,0.2716714,0.3376557,0.40364,0.4696243,0.5356086,0.6015929,0.6675772,0.7335615,0.79954576,0.8655301,0.9315144,0.9974987],"mean":-0.007738522,"std":0.32543722}
