{"counts":[1,3,4,4,6,19,28,49,63,86,105,109,165,200,192,171,164,147,143,115,93,58,52,27,18,14,3,4,3,2],"wall_time":1.754152199918e9,"step":1,"max":0.4177794,"min":-0.42857283,"count":2048,"bins":[-0.42857283,-0.4003611,-0.37214935,-0.3439376,-0.31572586,-0.28751412,-0.25930238,-0.23109065,-0.2028789,-0.17466716,-0.14645542,-0.11824369,-0.090031944,-0.061820205,-0.033608463,-0.0053967237,0.022815017,0.051026758,0.0792385,0.10745024,0.13566197,0.16387372,0.19208546,0.2202972,0.24850895,0.27672067,0.30493242,0.33314416,0.3613559,0.38956764,0.4177794],"mean":-0.002916873,"std":0.12444231}
{"counts":[1,3,3,5,5,15,26,47,59,82,100,99,154,199,188,173,161,153,157,104,109,69,56,26,22,19,4,2,5,2],"wall_time":1.754152202232e9,"step":2,"max":0.4074507,"min":-0.43516976,"count":2048,"bins":[-0.43516976,-0.4070824,-0.37899506,-0.3509077,-0.32282037,-0.29473302,-0.26664567,-0.23855832,-0.21047096,-0.18238361,-0.15429626,-0.12620892,-0.09812157,-0.07003422,-0.041946873,-0.013859525,0.014227823,0.042315174,0.07040252,0.09848987,0.12657721,0.15466456,0.18275191,0.21083927,0.23892662,0.26701397,0.2951013,0.32318866,0.351276,0.37936336,0.4074507],"mean":-0.00441873,"std":0.124834925}
{"counts":[1,3,3,5,5,15,30,40,59,77,109,96,146,187,206,164,161,156,150,117,109,66,61,28,20,21,4,1,6,2],"wall_time":1.754152204356e9,"step":3,"max":0.40396133,"min":-0.43747744,"count":2048,"bins":[-0.43747744,-0.4094295,-0.3813815,-0.35333356,-0.3252856,-0.29723763,-0.2691897,-0.24114172,-0.21309377,-0.18504581,-0.15699784,-0.1289499,-0.10090193,-0.072853975,-0.044806015,-0.016758054,0.011289905,0.039337862,0.06738582,0.09543378,0.12348174,0.1515297,0.17957766,0.20762561,0.23567358,0.26372153,0.2917695,0.31981745,0.3478654,0.37591338,0.40396133],"mean":-0.005706691,"std":0.12513353}
{"counts":[1,3,3,5,4,13,29,38,60,76,102,91,146,185,196,172,161,157,153,121,108,73,62,31,21,23,4,1,7,2],"wall_time":1.754152206377e9,"step":4,"max":0.39969698,"min":-0.44279093,"count":2048,"bins":[-0.44279093,-0.414708,-0.38662505,-0.35854214,-0.3304592,-0.30237627,-0.27429333,-0.24621041,-0.21812749,-0.19004455,-0.16196163,-0.1338787,-0.10579576,-0.077712834,-0.049629904,-0.021546975,0.0065359552,0.034618884,0.062701814,0.09078474,0.11886767,0.1469506,0.17503354,0.20311646,0.2311994,0.25928232,0.28736526,0.3154482,0.3435311,0.37161404,0.39969698],"mean":-0.0072154477,"std":0.12553683}
{"counts":[1,3,3,5,6,12,29,33,66,77,100,90,140,189,187,170,161,156,157,125,102,77,70,29,21,18,9,3,7,2],"wall_time":1.754152208462e9,"step":5,"max":0.39433038,"min":-0.44206893,"count":2048,"bins":[-0.44206893,-0.41418895,-0.38630897,-0.358429,-0.33054903,-0.30266905,-0.27478907,-0.2469091,-0.21902911,-0.19114915,-0.16326916,-0.13538918,-0.10750921,-0.07962923,-0.05174925,-0.023869276,0.004010701,0.03189068,0.059770655,0.087650634,0.11553061,0.1434106,0.17129056,0.19917054,0.22705051,0.2549305,0.28281048,0.31069046,0.33857042,0.3664504,0.39433038],"mean":-0.00813781,"std":0.12586804}
{"counts":[1,3,3,5,6,10,30,35,62,78,102,92,142,177,191,177,164,159,153,125,107,74,63,32,19,19,7,4,6,2],"wall_time":1.754152210571e9,"step":6,"max":0.39691415,"min":-0.44557142,"count":2048,"bins":[-0.44557142,-0.41748857,-0.38940573,-0.36132285,-0.33324,-0.30515715,-0.2770743,-0.24899146,-0.2209086,-0.19282575,-0.1647429,-0.13666004,-0.10857719,-0.08049434,-0.052411485,-0.024328634,0.0037542183,0.031837072,0.059919924,0.08800278,0.116085626,0.14416848,0.17225133,0.20033419,0.22841704,0.2564999,0.28458273,0.3126656,0.34074846,0.3688313,0.39691415],"mean":-0.009133876,"std":0.12620237}
{"counts":[1,3,2,6,5,11,24,39,59,76,99,100,129,189,184,174,170,158,152,134,102,76,66,36,13,20,8,5,5,2],"wall_time":1.754152212728e9,"step":7,"max":0.3972671,"min":-0.45098463,"count":2048,"bins":[-0.45098463,-0.42270958,-0.3944345,-0.36615944,-0.3378844,-0.30960935,-0.28133428,-0.2530592,-0.22478417,-0.19650911,-0.16823405,-0.139959,-0.111683935,-0.08340888,-0.05513382,-0.026858762,0.0014162958,0.029691353,0.05796641,0.08624147,0.11451653,0.14279158,0.17106664,0.1993417,0.22761676,0.2558918,0.28416687,0.31244195,0.340717,0.36899203,0.3972671],"mean":-0.009861427,"std":0.12644264}
{"counts":[1,3,3,4,9,9,26,45,59,79,97,99,124,189,192,174,167,151,159,137,100,69,64,33,15,21,7,5,5,2],"wall_time":1.754152214855e9,"step":8,"max":0.39709505,"min":-0.44745028,"count":2048,"bins":[-0.44745028,-0.41929877,-0.39114726,-0.36299574,-0.33484423,-0.30669272,-0.2785412,-0.2503897,-0.2222382,-0.19408669,-0.16593517,-0.13778366,-0.10963215,-0.08148064,-0.053329125,-0.025177613,0.0029738983,0.03112541,0.05927692,0.08742843,0.11557994,0.14373146,0.17188297,0.20003447,0.22818598,0.2563375,0.284489,0.31264052,0.34079203,0.36894354,0.39709505],"mean":-0.010210155,"std":0.12663047}
{"counts":[1,3,3,6,7,10,26,42,56,80,103,103,121,194,174,185,172,150,160,137,97,68,62,36,18,17,7,3,5,2],"wall_time":1.754152216861e9,"step":9,"max":0.40032545,"min":-0.4503463,"count":2048,"bins":[-0.4503463,-0.42199057,-0.39363486,-0.3652791,-0.3369234,-0.30856767,-0.28021196,-0.2518562,-0.22350049,-0.19514477,-0.16678904,-0.13843332,-0.1100776,-0.08172187,-0.053366147,-0.025010422,0.0033453028,0.03170103,0.060056753,0.08841248,0.1167682,0.14512393,0.17347965,0.20183538,0.2301911,0.25854683,0.28690255,0.31525826,0.343614,0.37196973,0.40032545],"mean":-0.010583535,"std":0.1267647}
{"counts":[1,2,4,6,8,10,26,38,61,83,99,101,128,190,178,175,177,156,152,142,98,63,59,39,18,15,9,3,5,2],"wall_time":1.754152218998e9,"step":10,"max":0.40072876,"min":-0.45028153,"count":2048,"bins":[-0.45028153,-0.42191452,-0.3935475,-0.3651805,-0.33681348,-0.3084465,-0.28007948,-0.25171247,-0.22334546,-0.19497845,-0.16661143,-0.13824442,-0.109877415,-0.0815104,-0.053143393,-0.024776384,0.0035906255,0.031957634,0.060324647,0.08869165,0.117058665,0.14542568,0.17379269,0.20215969,0.2305267,0.2588937,0.2872607,0.31562772,0.34399474,0.37236175,0.40072876],"mean":-0.0108461585,"std":0.12685652}
{"counts":[1,2,4,5,6,10,26,40,56,83,101,98,118,193,178,168,178,154,150,149,110,67,60,35,21,16,9,3,5,2],"wall_time":1.754152221021e9,"step":11,"max":0.39786184,"min":-0.45405897,"count":2048,"bins":[-0.45405897,-0.42566162,-0.39726424,-0.3688669,-0.34046954,-0.3120722,-0.2836748,-0.25527745,-0.22688009,-0.19848274,-0.17008537,-0.141688,-0.11329065,-0.084893286,-0.056495927,-0.028098568,0.00029879212,0.028696153,0.057093512,0.085490875,0.113888234,0.1422856,0.17068295,0.19908032,0.22747767,0.25587502,0.2842724,0.31266975,0.3410671,0.3694645,0.39786184],"mean":-0.011242788,"std":0.12699182}
{"counts":[1,2,4,5,6,10,23,41,54,86,99,94,115,188,187,171,173,156,150,151,108,68,64,32,22,17,11,3,5,2],"wall_time":1.754152223102e9,"step":12,"max":0.3964864,"min":-0.45554852,"count":2048,"bins":[-0.45554852,-0.42714736,-0.3987462,-0.37034503,-0.34194386,-0.3135427,-0.28514153,-0.25674036,-0.22833921,-0.19993804,-0.17153688,-0.14313571,-0.11473455,-0.08633339,-0.057932224,-0.029531062,-0.0011298974,0.027271267,0.05567243,0.084073596,0.11247476,0.14087592,0.16927709,0.19767825,0.22607942,0.25448057,0.28288174,0.3112829,0.33968407,0.36808524,0.3964864],"mean":-0.0114486925,"std":0.12709701}
{"counts":[1,3,3,4,9,9,26,45,59,79,97,99,124,189,192,174,167,151,159,137,100,69,64,33,15,21,7,5,5,2],"wall_time":1.754152225203e9,"step":13,"max":0.39709505,"min":-0.44745028,"count":2048,"bins":[-0.44745028,-0.41929877,-0.39114726,-0.36299574,-0.33484423,-0.30669272,-0.2785412,-0.2503897,-0.2222382,-0.19408669,-0.16593517,-0.13778366,-0.10963215,-0.08148064,-0.053329125,-0.025177613,0.0029738983,0.03112541,0.05927692,0.08742843,0.11557994,0.14373146,0.17188297,0.20003447,0.22818598,0.2563375,0.284489,0.31264052,0.34079203,0.36894354,0.39709505],"mean":-0.010210155,"std":0.12663047}
