{"counts":[1,0,0,1,0,3,2,1,3,0,2,0,0,0,1,0,1,2,2,2,1,1,0,3,0,0,2,0,2,2],"wall_time":1.754152199926e9,"step":1,"max":1.0039904,"min":0.9821174,"count":32,"bins":[0.9821174,0.9828465,0.98357564,0.9843047,0.9850338,0.9857629,0.98649204,0.9872211,0.9879502,0.9886793,0.98940843,0.9901375,0.9908666,0.9915957,0.9923248,0.9930539,0.993783,0.99451214,0.9952412,0.9959703,0.9966994,0.99742854,0.9981576,0.9988867,0.9996158,1.0003449,1.001074,1.0018032,1.0025322,1.0032613,1.0039904],"mean":0.99376374,"std":0.0064132437}
{"counts":[2,1,0,0,1,1,1,1,3,1,2,0,2,2,3,1,2,2,0,0,0,0,0,0,1,1,0,1,2,2],"wall_time":1.754152202241e9,"step":2,"max":1.0083644,"min":0.971341,"count":32,"bins":[0.971341,0.9725751,0.97380924,0.97504336,0.9762775,0.9775116,0.9787457,0.9799798,0.9812139,0.98244804,0.98368216,0.98491627,0.9861504,0.9873845,0.9886186,0.9898527,0.99108684,0.99232095,0.99355507,0.9947892,0.9960233,0.9972574,0.9984915,0.99972564,1.0009598,1.0021939,1.003428,1.004662,1.0058962,1.0071304,1.0083644],"mean":0.9888127,"std":0.010643678}
{"counts":[1,1,1,1,1,1,3,0,1,3,2,4,0,1,1,1,1,0,0,2,1,0,0,1,0,0,0,1,1,3],"wall_time":1.754152204361e9,"step":3,"max":1.0084625,"min":0.9664238,"count":32,"bins":[0.9664238,0.9678251,0.9692264,0.97062767,0.972029,0.9734303,0.9748316,0.9762328,0.97763413,0.97903544,0.98043674,0.981838,0.9832393,0.9846406,0.9860419,0.9874432,0.98884445,0.99024576,0.99164706,0.99304837,0.9944496,0.9958509,0.9972522,0.99865353,1.0000548,1.0014561,1.0028573,1.0042586,1.0056599,1.0070612,1.0084625],"mean":0.985232,"std":0.012307329}
{"counts":[1,2,2,1,1,1,1,1,2,2,1,3,1,3,0,0,1,0,2,2,0,0,0,0,0,2,0,1,1,1],"wall_time":1.754152206383e9,"step":4,"max":1.0125325,"min":0.9595472,"count":32,"bins":[0.9595472,0.96131337,0.9630796,0.9648458,0.9666119,0.96837807,0.9701443,0.9719105,0.9736766,0.97544277,0.977209,0.9789752,0.9807413,0.98250747,0.9842737,0.9860399,0.987806,0.98957217,0.9913384,0.9931046,0.9948707,0.99663687,0.9984031,1.0001693,1.0019355,1.0037016,1.0054678,1.007234,1.0090001,1.0107663,1.0125325],"mean":0.9815887,"std":0.014881279}
{"counts":[3,1,1,1,1,2,1,3,2,1,2,3,0,1,1,2,0,0,0,2,0,0,1,0,3,0,0,0,0,1],"wall_time":1.754152208467e9,"step":5,"max":1.0198929,"min":0.9542668,"count":32,"bins":[0.9542668,0.95645434,0.9586419,0.9608294,0.9630169,0.9652045,0.967392,0.9695796,0.97176707,0.9739546,0.97614217,0.9783297,0.98051727,0.98270476,0.9848923,0.98707986,0.9892674,0.99145496,0.99364245,0.99583,0.99801755,1.000205,1.0023926,1.0045801,1.0067677,1.0089552,1.0111427,1.0133303,1.0155178,1.0177054,1.0198929],"mean":0.9786746,"std":0.017463284}
{"counts":[3,2,0,1,2,3,3,0,1,4,1,1,1,1,2,0,1,0,1,0,1,1,2,0,0,0,0,0,0,1],"wall_time":1.754152210577e9,"step":6,"max":1.0275623,"min":0.9485945,"count":32,"bins":[0.9485945,0.9512268,0.95385903,0.9564913,0.95912355,0.9617558,0.9643881,0.96702033,0.9696526,0.97228485,0.9749171,0.9775494,0.98018163,0.9828139,0.98544616,0.9880784,0.9907106,0.9933429,0.99597514,0.9986074,1.0012397,1.0038719,1.0065042,1.0091364,1.0117687,1.014401,1.0170332,1.0196655,1.0222977,1.02493,1.0275623],"mean":0.9757508,"std":0.019755092}
{"counts":[1,2,2,2,0,5,1,1,2,4,0,1,1,2,1,0,1,1,0,0,3,1,0,0,0,0,0,0,0,1],"wall_time":1.754152212738e9,"step":7,"max":1.0334736,"min":0.9429705,"count":32,"bins":[0.9429705,0.9459873,0.94900405,0.9520208,0.9550376,0.95805436,0.96107113,0.9640879,0.9671047,0.97012144,0.9731382,0.976155,0.97917175,0.9821885,0.9852053,0.98822206,0.99123883,0.9942556,0.9972724,1.0002892,1.0033059,1.0063226,1.0093395,1.0123563,1.015373,1.0183897,1.0214065,1.0244234,1.0274401,1.0304568,1.0334736],"mean":0.9733404,"std":0.021289663}
{"counts":[2,1,2,1,3,2,2,3,2,1,2,0,1,2,1,0,1,1,0,1,1,1,1,0,0,0,0,0,0,1],"wall_time":1.754152214867e9,"step":8,"max":1.0353693,"min":0.94043297,"count":32,"bins":[0.94043297,0.9435975,0.946762,0.9499266,0.95309114,0.9562557,0.9594202,0.9625848,0.9657493,0.96891385,0.9720784,0.975243,0.9784075,0.98157203,0.98473656,0.98790115,0.9910657,0.9942302,0.99739474,1.0005593,1.0037239,1.0068884,1.0100529,1.0132174,1.016382,1.0195465,1.0227112,1.0258757,1.0290402,1.0322047,1.0353693],"mean":0.97202903,"std":0.023160174}
{"counts":[1,0,3,2,3,1,3,2,1,3,1,0,1,2,1,1,1,1,0,1,0,1,2,0,0,0,0,0,0,1],"wall_time":1.754152216869e9,"step":9,"max":1.0340827,"min":0.9373868,"count":32,"bins":[0.9373868,0.94061,0.9438332,0.9470564,0.9502796,0.9535028,0.95672596,0.9599492,0.9631724,0.96639556,0.96961874,0.972842,0.97606516,0.97928834,0.9825115,0.98573476,0.98895794,0.9921811,0.9954043,0.9986275,1.0018507,1.0050739,1.0082971,1.0115203,1.0147434,1.0179666,1.0211899,1.0244131,1.0276363,1.0308595,1.0340827],"mean":0.97107196,"std":0.023333082}
{"counts":[1,0,2,4,2,0,3,2,2,4,0,0,0,2,2,1,1,0,1,1,0,1,1,1,0,0,0,0,0,1],"wall_time":1.754152219007e9,"step":10,"max":1.0347663,"min":0.9346428,"count":32,"bins":[0.9346428,0.93798023,0.9413177,0.9446551,0.9479926,0.95133007,0.9546675,0.95800495,0.9613424,0.96467984,0.9680173,0.9713547,0.9746922,0.97802967,0.9813671,0.98470455,0.988042,0.99137944,0.9947169,0.9980544,1.0013918,1.0047293,1.0080667,1.0114042,1.0147417,1.018079,1.0214165,1.0247539,1.0280914,1.0314288,1.0347663],"mean":0.9698999,"std":0.024285922}
{"counts":[1,1,2,4,2,3,2,3,0,1,1,0,0,1,3,2,0,1,1,0,0,1,1,0,1,0,0,0,0,1],"wall_time":1.754152221027e9,"step":11,"max":1.0351247,"min":0.9361139,"count":32,"bins":[0.9361139,0.93941426,0.94271463,0.946015,0.9493153,0.9526157,0.95591605,0.9592164,0.9625168,0.96581715,0.96911746,0.97241783,0.9757182,0.97901857,0.98231894,0.9856193,0.9889196,0.99222,0.99552035,0.9988207,1.0021211,1.0054214,1.0087218,1.0120221,1.0153226,1.0186229,1.0219232,1.0252236,1.0285239,1.0318244,1.0351247],"mean":0.9693639,"std":0.024858654}
{"counts":[1,1,0,4,4,3,2,3,0,1,1,0,0,1,2,3,0,1,1,0,1,1,0,1,0,0,0,0,0,1],"wall_time":1.754152223107e9,"step":12,"max":1.0369539,"min":0.9336736,"count":32,"bins":[0.9336736,0.9371163,0.94055897,0.9440017,0.9474443,0.950887,0.95432967,0.9577724,0.961215,0.9646577,0.96810037,0.9715431,0.9749857,0.9784284,0.98187107,0.9853138,0.9887565,0.9921991,0.9956418,0.9990845,1.0025271,1.0059699,1.0094125,1.0128552,1.0162978,1.0197406,1.0231832,1.0266259,1.0300685,1.0335113,1.0369539],"mean":0.9688422,"std":0.025313823}
{"counts":[2,1,2,1,3,2,2,3,2,1,2,0,1,2,1,0,1,1,0,1,1,1,1,0,0,0,0,0,0,1],"wall_time":1.754152225207e9,"step":13,"max":1.0353693,"min":0.94043297,"count":32,"bins":[0.94043297,0.9435975,0.946762,0.9499266,0.95309114,0.9562557,0.9594202,0.9625848,0.9657493,0.96891385,0.9720784,0.975243,0.9784075,0.98157203,0.98473656,0.98790115,0.9910657,0.9942302,0.99739474,1.0005593,1.0037239,1.0068884,1.0100529,1.0132174,1.016382,1.0195465,1.0227112,1.0258757,1.0290402,1.0322047,1.0353693],"mean":0.97202903,"std":0.023160174}
