{"counts":[1,0,1,1,2,2,0,1,4,3,4,7,2,3,3,4,1,3,5,4,3,4,2,1,0,2,0,0,0,1],"wall_time":1.754152199907e9,"step":1,"max":1.0181736,"min":0.9853479,"count":64,"bins":[0.9853479,0.9864421,0.9875363,0.9886305,0.9897247,0.99081886,0.9919131,0.99300724,0.9941014,0.9951956,0.9962898,0.997384,0.9984782,0.9995724,1.0006666,1.0017607,1.002855,1.0039492,1.0050433,1.0061375,1.0072317,1.0083259,1.00942,1.0105143,1.0116085,1.0127026,1.0137968,1.014891,1.0159853,1.0170794,1.0181736],"mean":1.0011783,"std":0.0067561567}
{"counts":[1,0,1,1,1,2,0,2,3,3,1,3,7,6,2,7,3,2,4,3,1,3,3,0,2,2,0,0,0,1],"wall_time":1.754152202224e9,"step":2,"max":1.0306457,"min":0.97561824,"count":64,"bins":[0.97561824,0.9774525,0.97928673,0.981121,0.9829552,0.9847895,0.98662376,0.988458,0.99029225,0.99212646,0.99396074,0.995795,0.9976292,0.9994635,1.0012977,1.003132,1.0049663,1.0068005,1.0086347,1.010469,1.0123032,1.0141375,1.0159718,1.0178059,1.0196402,1.0214745,1.0233088,1.025143,1.0269772,1.0288115,1.0306457],"mean":1.0025563,"std":0.011285486}
{"counts":[1,0,1,0,1,0,4,1,1,0,2,3,8,5,4,2,4,4,4,4,2,2,2,5,1,1,1,0,0,1],"wall_time":1.754152204352e9,"step":3,"max":1.036962,"min":0.96727914,"count":64,"bins":[0.96727914,0.96960187,0.97192466,0.97424746,0.9765702,0.9788929,0.9812157,0.9835385,0.98586124,0.988184,0.99050677,0.99282956,0.9951523,0.997475,0.9997978,1.0021206,1.0044434,1.0067661,1.0090889,1.0114117,1.0137343,1.0160571,1.0183799,1.0207027,1.0230255,1.0253482,1.027671,1.0299938,1.0323164,1.0346392,1.036962],"mean":1.0037014,"std":0.014148719}
{"counts":[1,0,1,0,0,2,0,4,0,0,1,5,5,5,5,5,2,5,2,3,6,2,2,1,4,1,0,0,1,1],"wall_time":1.75415220637e9,"step":4,"max":1.0471317,"min":0.95747006,"count":64,"bins":[0.95747006,0.96045876,0.9634475,0.9664362,0.96942496,0.97241366,0.97540236,0.9783911,0.9813798,0.98436856,0.98735726,0.99034595,0.9933347,0.9963234,0.99931216,1.0023009,1.0052896,1.0082783,1.0112671,1.0142558,1.0172445,1.0202332,1.0232219,1.0262107,1.0291994,1.032188,1.0351768,1.0381655,1.0411543,1.044143,1.0471317],"mean":1.005317,"std":0.018052889}
{"counts":[2,0,0,0,2,1,2,1,0,1,6,2,2,11,3,1,1,2,4,4,5,1,3,1,2,3,2,0,0,2],"wall_time":1.754152208459e9,"step":5,"max":1.0502523,"min":0.9580465,"count":64,"bins":[0.9580465,0.96112,0.9641935,0.9672671,0.9703406,0.9734141,0.97648764,0.9795612,0.9826347,0.98570824,0.98878175,0.9918553,0.99492884,0.99800235,1.0010759,1.0041494,1.0072229,1.0102965,1.01337,1.0164435,1.0195171,1.0225905,1.0256641,1.0287377,1.0318111,1.0348847,1.0379583,1.0410317,1.0441053,1.0471787,1.0502523],"mean":1.0069417,"std":0.02072708}
{"counts":[2,0,0,1,0,2,1,2,2,2,3,5,4,5,5,0,3,2,5,7,1,2,1,3,3,1,0,0,0,2],"wall_time":1.754152210564e9,"step":6,"max":1.0628775,"min":0.9517522,"count":64,"bins":[0.9517522,0.9554564,0.95916057,0.9628647,0.9665689,0.9702731,0.97397727,0.97768146,0.9813856,0.9850898,0.98879397,0.99249816,0.99620235,0.9999065,1.0036107,1.0073149,1.011019,1.0147232,1.0184274,1.0221316,1.0258358,1.02954,1.0332441,1.0369483,1.0406525,1.0443567,1.0480608,1.051765,1.0554692,1.0591733,1.0628775],"mean":1.0083687,"std":0.024111519}
{"counts":[1,1,0,0,1,1,1,1,4,2,2,2,5,7,3,4,1,2,5,8,1,2,1,3,3,0,0,1,1,1],"wall_time":1.754152212722e9,"step":7,"max":1.067695,"min":0.9462169,"count":64,"bins":[0.9462169,0.9502661,0.9543154,0.9583647,0.96241397,0.9664632,0.9705125,0.9745618,0.97861105,0.9826603,0.9867096,0.9907589,0.99480814,0.9988574,1.0029067,1.006956,1.0110052,1.0150545,1.0191038,1.0231531,1.0272024,1.0312515,1.0353009,1.0393502,1.0433993,1.0474486,1.0514979,1.0555472,1.0595965,1.0636457,1.067695],"mean":1.0093548,"std":0.02540053}
{"counts":[1,1,0,0,0,1,1,3,4,1,2,0,6,4,6,3,3,1,8,5,1,3,1,4,1,2,0,0,1,1],"wall_time":1.754152214833e9,"step":8,"max":1.0715357,"min":0.9414144,"count":64,"bins":[0.9414144,0.9457518,0.95008916,0.9544265,0.9587639,0.9631013,0.9674387,0.97177607,0.97611344,0.9804508,0.9847882,0.98912555,0.9934629,0.9978003,1.0021377,1.0064751,1.0108124,1.0151498,1.0194871,1.0238246,1.028162,1.0324993,1.0368367,1.041174,1.0455115,1.0498488,1.0541862,1.0585235,1.062861,1.0671983,1.0715357],"mean":1.0098195,"std":0.026867857}
{"counts":[1,1,0,0,0,0,1,3,3,4,1,0,6,3,4,3,4,4,4,7,2,2,1,4,1,3,0,0,1,1],"wall_time":1.754152216856e9,"step":9,"max":1.0723628,"min":0.93790054,"count":64,"bins":[0.93790054,0.94238263,0.94686466,0.95134676,0.95582885,0.96031094,0.96479297,0.96927506,0.97375715,0.97823924,0.98272127,0.98720336,0.99168545,0.99616754,1.0006496,1.0051317,1.0096138,1.0140958,1.0185779,1.02306,1.027542,1.0320241,1.0365062,1.0409882,1.0454704,1.0499524,1.0544345,1.0589166,1.0633986,1.0678807,1.0723628],"mean":1.0102037,"std":0.027885165}
{"counts":[1,1,0,0,0,0,0,3,4,3,2,1,6,2,3,4,5,2,3,6,6,3,1,2,2,2,1,0,0,1],"wall_time":1.754152218987e9,"step":10,"max":1.0753827,"min":0.9350122,"count":64,"bins":[0.9350122,0.93969125,0.94437027,0.9490493,0.95372826,0.9584073,0.9630863,0.96776533,0.97244436,0.9771234,0.9818024,0.9864814,0.9911604,0.9958394,1.0005184,1.0051975,1.0098765,1.0145555,1.0192345,1.0239135,1.0285926,1.0332716,1.0379506,1.0426296,1.0473086,1.0519876,1.0566666,1.0613457,1.0660247,1.0707037,1.0753827],"mean":1.0105687,"std":0.028240722}
{"counts":[2,0,0,0,0,2,1,4,2,1,4,4,4,2,4,7,0,4,6,6,2,2,4,0,1,1,0,0,0,1],"wall_time":1.754152221016e9,"step":11,"max":1.0850338,"min":0.9365867,"count":64,"bins":[0.9365867,0.94153494,0.94648314,0.9514314,0.95637965,0.96132785,0.9662761,0.9712243,0.97617257,0.9811208,0.986069,0.9910173,0.99596554,1.0009137,1.005862,1.0108103,1.0157585,1.0207067,1.0256549,1.0306032,1.0355514,1.0404997,1.0454478,1.0503961,1.0553443,1.0602926,1.0652409,1.0701891,1.0751373,1.0800855,1.0850338],"mean":1.0107471,"std":0.029278828}
{"counts":[2,0,0,0,1,1,3,2,2,2,5,3,3,4,4,5,3,4,5,5,1,4,2,1,1,0,0,0,0,1],"wall_time":1.754152223097e9,"step":12,"max":1.089804,"min":0.9364857,"count":64,"bins":[0.9364857,0.9415963,0.94670695,0.9518176,0.95692813,0.96203876,0.9671494,0.97226,0.9773706,0.98248124,0.9875918,0.9927024,0.99781305,1.0029236,1.0080342,1.0131449,1.0182555,1.0233661,1.0284767,1.0335873,1.038698,1.0438086,1.0489192,1.0540298,1.0591404,1.064251,1.0693616,1.0744722,1.0795828,1.0846934,1.089804],"mean":1.0111978,"std":0.029998256}
{"counts":[1,1,0,0,0,1,1,3,4,1,2,0,6,4,6,3,3,1,8,5,1,3,1,4,1,2,0,0,1,1],"wall_time":1.754152225202e9,"step":13,"max":1.0715357,"min":0.9414144,"count":64,"bins":[0.9414144,0.9457518,0.95008916,0.9544265,0.9587639,0.9631013,0.9674387,0.97177607,0.97611344,0.9804508,0.9847882,0.98912555,0.9934629,0.9978003,1.0021377,1.0064751,1.0108124,1.0151498,1.0194871,1.0238246,1.028162,1.0324993,1.0368367,1.041174,1.0455115,1.0498488,1.0541862,1.0585235,1.062861,1.0671983,1.0715357],"mean":1.0098195,"std":0.026867857}
