{"counts":[1,0,0,0,2,0,1,2,4,1,5,6,3,4,4,4,3,4,2,4,5,2,1,1,2,0,2,0,0,1],"wall_time":1.754152199907e9,"step":1,"max":0.019285195,"min":-0.017380008,"count":64,"bins":[-0.017380008,-0.016157836,-0.014935662,-0.013713488,-0.012491315,-0.011269141,-0.010046968,-0.008824795,-0.007602621,-0.0063804477,-0.005158274,-0.0039361008,-0.0027139273,-0.0014917539,-0.00026958037,0.00095259305,0.0021747665,0.00339694,0.004619113,0.005841287,0.00706346,0.008285633,0.009507807,0.010729981,0.011952154,0.013174327,0.014396501,0.015618674,0.016840847,0.018063022,0.019285195],"mean":0.0010344094,"std":0.0071955184}
{"counts":[1,0,1,0,2,0,3,0,3,4,5,4,2,3,5,4,2,6,4,2,2,2,4,0,1,1,1,0,1,1],"wall_time":1.754152202226e9,"step":2,"max":0.030782381,"min":-0.026134165,"count":64,"bins":[-0.026134165,-0.024236947,-0.022339728,-0.02044251,-0.018545292,-0.016648075,-0.014750856,-0.012853637,-0.01095642,-0.009059201,-0.007161983,-0.0052647647,-0.0033675465,-0.0014703284,0.00042688983,0.002324108,0.004221326,0.0061185444,0.008015763,0.009912981,0.011810199,0.013707417,0.015604636,0.017501853,0.019399071,0.02129629,0.023193508,0.025090726,0.026987944,0.028885163,0.030782381],"mean":0.0020858333,"std":0.011842872}
{"counts":[1,0,0,1,1,1,1,1,1,5,4,1,3,6,6,1,1,5,2,2,3,5,2,2,3,2,1,1,1,1],"wall_time":1.754152204354e9,"step":3,"max":0.03441702,"min":-0.034466762,"count":64,"bins":[-0.034466762,-0.032170635,-0.02987451,-0.027578384,-0.025282258,-0.022986133,-0.020690005,-0.01839388,-0.016097754,-0.013801628,-0.011505502,-0.009209376,-0.00691325,-0.004617124,-0.0023209979,-2.48719e-5,0.002271254,0.00456738,0.006863506,0.009159632,0.0114557585,0.013751884,0.01604801,0.018344136,0.020640261,0.022936389,0.025232514,0.02752864,0.029824765,0.03212089,0.03441702],"mean":0.0026816071,"std":0.015223152}
{"counts":[1,0,0,0,2,2,0,1,0,4,4,2,6,4,2,2,8,0,2,2,4,6,3,1,1,3,2,0,0,2],"wall_time":1.754152206375e9,"step":4,"max":0.044677004,"min":-0.042987052,"count":64,"bins":[-0.042987052,-0.040064916,-0.037142783,-0.034220647,-0.03129851,-0.028376376,-0.025454242,-0.022532105,-0.019609971,-0.016687835,-0.0137657,-0.010843565,-0.007921429,-0.0049992944,-0.0020771592,0.00084497593,0.003767111,0.0066892463,0.009611381,0.012533517,0.015455652,0.018377787,0.021299923,0.024222057,0.027144194,0.030066328,0.032988463,0.0359106,0.038832735,0.041754868,0.044677004],"mean":0.0043610684,"std":0.019097608}
{"counts":[1,0,0,1,2,2,0,0,4,1,2,6,4,3,5,3,3,1,3,1,4,6,1,2,1,2,2,2,0,2],"wall_time":1.754152208459e9,"step":5,"max":0.050333817,"min":-0.046245568,"count":64,"bins":[-0.046245568,-0.043026254,-0.039806943,-0.03658763,-0.033368316,-0.030149003,-0.026929691,-0.023710378,-0.020491065,-0.017271752,-0.0140524395,-0.0108331265,-0.007613814,-0.004394501,-0.0011751882,0.0020441245,0.0052634375,0.0084827505,0.011702063,0.014921376,0.018140689,0.02136,0.024579315,0.027798627,0.03101794,0.034237254,0.037456565,0.04067588,0.043895192,0.047114503,0.050333817],"mean":0.0058583985,"std":0.022152089}
{"counts":[1,1,0,1,2,0,2,2,2,0,4,5,4,4,4,2,3,2,2,2,5,6,2,2,1,2,0,0,2,1],"wall_time":1.754152210568e9,"step":6,"max":0.061895855,"min":-0.052431982,"count":64,"bins":[-0.052431982,-0.048621055,-0.044810127,-0.040999196,-0.03718827,-0.033377342,-0.029566415,-0.025755487,-0.021944558,-0.018133631,-0.014322703,-0.0105117755,-0.0067008473,-0.0028899193,0.00092100847,0.0047319364,0.008542865,0.012353792,0.01616472,0.019975647,0.023786576,0.027597504,0.031408433,0.03521936,0.039030287,0.042841215,0.046652142,0.050463073,0.054274,0.058084927,0.061895855],"mean":0.007034706,"std":0.025705138}
{"counts":[1,0,1,0,1,3,0,1,2,1,6,4,3,4,3,4,4,3,1,5,4,4,1,3,2,0,0,2,0,1],"wall_time":1.754152212724e9,"step":7,"max":0.069039345,"min":-0.057416853,"count":64,"bins":[-0.057416853,-0.053201646,-0.04898644,-0.04477123,-0.040556025,-0.036340818,-0.032125615,-0.027910406,-0.0236952,-0.019479994,-0.015264787,-0.01104958,-0.006834374,-0.002619167,0.0015960395,0.005811246,0.010026453,0.014241659,0.018456865,0.022672072,0.026887279,0.031102486,0.035317693,0.0395329,0.043748107,0.047963314,0.052178517,0.056393724,0.06060893,0.06482414,0.069039345],"mean":0.008111921,"std":0.026871877}
{"counts":[1,0,1,0,1,2,1,1,1,3,5,4,3,7,2,3,5,2,1,5,5,3,4,0,1,1,0,1,0,1],"wall_time":1.754152214849e9,"step":8,"max":0.07682556,"min":-0.06109976,"count":64,"bins":[-0.06109976,-0.05650225,-0.051904738,-0.047307227,-0.04270972,-0.03811221,-0.033514697,-0.028917186,-0.024319675,-0.019722164,-0.0151246535,-0.010527143,-0.0059296326,-0.0013321218,0.0032653888,0.007862899,0.01246041,0.01705792,0.021655431,0.026252942,0.030850453,0.035447963,0.040045474,0.044642985,0.049240496,0.053838007,0.05843552,0.06303303,0.06763054,0.07222805,0.07682556],"mean":0.008603365,"std":0.028280718}
{"counts":[1,0,0,1,2,1,1,0,2,3,5,3,8,4,2,1,6,2,2,3,4,4,4,1,1,0,2,0,0,1],"wall_time":1.754152216859e9,"step":9,"max":0.07882416,"min":-0.064237446,"count":64,"bins":[-0.064237446,-0.059468724,-0.054700006,-0.049931284,-0.045162566,-0.040393844,-0.035625122,-0.030856404,-0.026087683,-0.021318963,-0.016550243,-0.011781523,-0.007012802,-0.002244082,0.002524638,0.0072933584,0.012062078,0.016830798,0.02159952,0.02636824,0.03113696,0.03590568,0.0406744,0.04544312,0.05021184,0.05498056,0.059749283,0.064518005,0.06928672,0.07405544,0.07882416],"mean":0.008496427,"std":0.029343612}
{"counts":[1,0,0,1,3,1,0,0,3,1,6,9,4,1,3,4,2,4,3,1,5,5,3,1,2,0,0,0,0,1],"wall_time":1.754152218991e9,"step":10,"max":0.08359012,"min":-0.066306375,"count":64,"bins":[-0.066306375,-0.061309826,-0.056313276,-0.051316727,-0.046320174,-0.041323625,-0.036327075,-0.031330526,-0.026333977,-0.021337427,-0.016340876,-0.011344327,-0.006347777,-0.0013512272,0.0036453228,0.008641873,0.013638423,0.018634973,0.023631522,0.028628072,0.033624623,0.038621172,0.04361772,0.04861427,0.05361082,0.05860737,0.06360392,0.06860047,0.07359702,0.07859357,0.08359012],"mean":0.008282688,"std":0.029983422}
{"counts":[1,0,1,3,0,1,1,3,4,7,6,3,3,1,7,1,2,3,5,4,4,2,1,0,0,0,0,0,0,1],"wall_time":1.754152221018e9,"step":11,"max":0.09780481,"min":-0.06269364,"count":64,"bins":[-0.06269364,-0.05734369,-0.051993743,-0.046643797,-0.04129385,-0.0359439,-0.03059395,-0.025244003,-0.019894054,-0.014544106,-0.009194158,-0.0038442097,0.0015057385,0.0068556867,0.012205635,0.017555583,0.022905532,0.02825548,0.033605427,0.038955376,0.044305325,0.049655274,0.055005223,0.060355168,0.06570512,0.07105506,0.07640501,0.08175496,0.08710491,0.09245486,0.09780481],"mean":0.008333601,"std":0.03128482}
{"counts":[1,0,3,1,1,1,0,4,6,6,7,1,3,3,5,0,3,4,2,5,5,2,0,0,0,0,0,0,0,1],"wall_time":1.754152223099e9,"step":12,"max":0.102470465,"min":-0.061371163,"count":64,"bins":[-0.061371163,-0.055909775,-0.050448388,-0.044987,-0.039525613,-0.034064226,-0.028602837,-0.02314145,-0.017680062,-0.012218675,-0.006757287,-0.0012958992,0.0041654883,0.009626876,0.015088264,0.020549651,0.026011039,0.031472426,0.036933813,0.0423952,0.047856588,0.053317975,0.058779363,0.06424075,0.06970214,0.07516353,0.080624916,0.0860863,0.09154769,0.09700908,0.102470465],"mean":0.008662023,"std":0.032073036}
{"counts":[1,0,1,0,1,2,1,1,1,3,5,4,3,7,2,3,5,2,1,5,5,3,4,0,1,1,0,1,0,1],"wall_time":1.754152225203e9,"step":13,"max":0.07682556,"min":-0.06109976,"count":64,"bins":[-0.06109976,-0.05650225,-0.051904738,-0.047307227,-0.04270972,-0.03811221,-0.033514697,-0.028917186,-0.024319675,-0.019722164,-0.0151246535,-0.010527143,-0.0059296326,-0.0013321218,0.0032653888,0.007862899,0.01246041,0.01705792,0.021655431,0.026252942,0.030850453,0.035447963,0.040045474,0.044642985,0.049240496,0.053838007,0.05843552,0.06303303,0.06763054,0.07222805,0.07682556],"mean":0.008603365,"std":0.028280718}
