{"counts":[1,1,0,1,0,0,1,2,1,2,0,2,1,4,3,5,3,6,6,3,6,1,4,3,5,1,1,0,0,1],"wall_time":1.754150916653e9,"step":1,"max":0.0076562595,"min":-0.010536743,"count":64,"bins":[-0.010536743,-0.00993031,-0.009323876,-0.008717443,-0.008111009,-0.0075045764,-0.006898143,-0.0062917094,-0.005685276,-0.0050788424,-0.004472409,-0.0038659757,-0.0032595422,-0.0026531087,-0.0020466754,-0.0014402419,-0.0008338085,-0.00022737509,0.00037905836,0.0009854918,0.0015919252,0.0021983585,0.002804792,0.0034112255,0.004017659,0.0046240925,0.005230526,0.005836959,0.0064433925,0.007049826,0.0076562595],"mean":-0.00012618593,"std":0.0036752454}
{"counts":[1,2,0,0,0,1,1,2,3,2,4,3,5,2,10,5,4,4,5,1,1,2,3,0,1,0,0,0,1,1],"wall_time":1.754150918813e9,"step":2,"max":0.013184173,"min":-0.011695704,"count":64,"bins":[-0.011695704,-0.010866376,-0.010037046,-0.009207716,-0.008378387,-0.007549058,-0.006719729,-0.0058903997,-0.0050610704,-0.004231741,-0.003402412,-0.0025730827,-0.0017437534,-0.0009144242,-8.5094944e-5,0.0007442343,0.0015735636,0.0024028928,0.003232222,0.0040615513,0.0048908805,0.00572021,0.006549539,0.0073788683,0.008208198,0.009037526,0.009866856,0.010696186,0.011525515,0.012354843,0.013184173],"mean":0.00029295622,"std":0.004775948}
{"counts":[1,0,0,0,0,0,0,0,0,0,2,1,0,2,2,6,4,5,8,10,5,8,4,0,0,1,3,1,0,1],"wall_time":1.754150920772e9,"step":3,"max":0.012108286,"min":-0.021234507,"count":64,"bins":[-0.021234507,-0.02012308,-0.019011654,-0.017900227,-0.016788801,-0.015677374,-0.014565948,-0.013454522,-0.012343096,-0.011231669,-0.010120243,-0.009008816,-0.00789739,-0.006785963,-0.005674537,-0.0045631104,-0.003451684,-0.0023402576,-0.0012288311,-0.00011740473,0.0009940217,0.0021054482,0.0032168746,0.004328301,0.0054397276,0.006551154,0.0076625803,0.008774007,0.009885433,0.0109968595,0.012108286],"mean":-0.00035630455,"std":0.004996015}
{"counts":[1,1,0,1,3,3,1,1,4,3,3,8,3,1,7,3,4,2,3,1,2,3,2,0,2,0,0,0,0,2],"wall_time":1.75415092238e9,"step":4,"max":0.008647298,"min":-0.009310705,"count":64,"bins":[-0.009310705,-0.0087121045,-0.008113504,-0.0075149043,-0.006916304,-0.006317704,-0.005719104,-0.0051205037,-0.004521904,-0.003923304,-0.0033247035,-0.0027261034,-0.0021275035,-0.0015289033,-0.0009303032,-0.0003317031,0.000266897,0.0008654971,0.0014640972,0.0020626972,0.0026612973,0.0032598975,0.0038584976,0.0044570975,0.0050556976,0.005654298,0.006252898,0.006851498,0.007450098,0.008048698,0.008647298],"mean":-0.0011651653,"std":0.0038317086}
{"counts":[1,0,0,0,1,0,0,2,2,1,0,2,1,4,4,4,6,13,4,3,4,3,0,2,3,1,1,1,0,1],"wall_time":1.754150924435e9,"step":5,"max":0.011803841,"min":-0.015672462,"count":64,"bins":[-0.015672462,-0.0147565855,-0.013840709,-0.012924831,-0.012008955,-0.011093078,-0.010177202,-0.009261325,-0.0083454475,-0.007429571,-0.0065136943,-0.0055978177,-0.0046819407,-0.003766064,-0.0028501872,-0.0019343104,-0.0010184336,-0.00010255687,0.00081331993,0.0017291966,0.0026450735,0.0035609503,0.004476827,0.0053927037,0.0063085807,0.0072244573,0.008140334,0.0090562105,0.009972088,0.010887965,0.011803841],"mean":-7.786841e-6,"std":0.004918231}
{"counts":[1,0,0,0,0,0,0,0,0,2,1,2,3,4,1,8,3,7,7,6,8,3,1,1,0,1,0,1,2,2],"wall_time":1.754150926274e9,"step":6,"max":0.01104947,"min":-0.01748918,"count":64,"bins":[-0.01748918,-0.016537892,-0.015586603,-0.014635315,-0.013684027,-0.012732739,-0.01178145,-0.010830162,-0.009878873,-0.008927585,-0.007976296,-0.0070250086,-0.00607372,-0.0051224316,-0.0041711433,-0.003219855,-0.0022685667,-0.0013172784,-0.00036599004,0.0005852983,0.0015365867,0.002487875,0.0034391633,0.0043904516,0.00534174,0.006293028,0.0072443164,0.008195605,0.009146893,0.010098182,0.01104947],"mean":-0.0004230851,"std":0.0048759}
{"counts":[1,0,1,0,0,3,2,2,2,3,3,2,5,3,3,6,8,4,1,5,3,0,2,0,0,2,0,1,1,1],"wall_time":1.754150928378e9,"step":7,"max":0.008596424,"min":-0.007951077,"count":64,"bins":[-0.007951077,-0.007399494,-0.00684791,-0.006296327,-0.0057447436,-0.0051931604,-0.0046415767,-0.0040899934,-0.0035384102,-0.0029868267,-0.0024352435,-0.00188366,-0.0013320766,-0.00078049325,-0.0002289099,0.00032267347,0.00087425683,0.0014258402,0.0019774237,0.002529007,0.0030805904,0.0036321736,0.004183757,0.0047353404,0.0052869236,0.0058385073,0.0063900906,0.006941674,0.007493257,0.008044841,0.008596424],"mean":0.00022025098,"std":0.0033832032}
{"counts":[1,0,1,0,1,0,1,2,2,7,3,3,5,3,6,5,5,3,2,5,2,0,3,2,0,0,1,0,0,1],"wall_time":1.754150930406e9,"step":8,"max":0.009967292,"min":-0.010886304,"count":64,"bins":[-0.010886304,-0.0101911845,-0.009496064,-0.008800944,-0.008105825,-0.0074107046,-0.006715585,-0.006020465,-0.0053253453,-0.0046302252,-0.0039351056,-0.0032399856,-0.0025448657,-0.0018497459,-0.001154626,-0.00045950618,0.00023561368,0.0009307336,0.0016258534,0.0023209732,0.003016093,0.003711213,0.004406333,0.0051014526,0.0057965727,0.0064916923,0.0071868123,0.007881932,0.008577052,0.009272172,0.009967292],"mean":-0.0008052655,"std":0.0038895835}
{"counts":[1,0,0,2,0,0,1,3,2,3,3,2,3,4,7,2,2,1,3,5,3,2,3,2,0,2,2,3,1,2],"wall_time":1.754150932596e9,"step":9,"max":0.0070894347,"min":-0.009416418,"count":64,"bins":[-0.009416418,-0.0088662235,-0.008316028,-0.007765833,-0.0072156377,-0.0066654426,-0.0061152475,-0.0055650524,-0.0050148573,-0.004464662,-0.003914467,-0.0033642722,-0.002814077,-0.002263882,-0.0017136869,-0.0011634917,-0.00061329664,-6.310156e-5,0.00048709352,0.0010372886,0.0015874837,0.002137679,0.002687874,0.003238069,0.003788264,0.004338459,0.004888654,0.0054388493,0.0059890444,0.0065392395,0.0070894347],"mean":-0.00033574837,"std":0.0038107615}
{"counts":[1,0,2,2,2,0,3,0,3,1,2,2,3,3,4,7,5,4,4,1,6,3,1,3,1,0,0,0,0,1],"wall_time":1.75415093476e9,"step":10,"max":0.0075039696,"min":-0.008191475,"count":64,"bins":[-0.008191475,-0.007668293,-0.007145112,-0.0066219303,-0.0060987487,-0.0055755675,-0.005052386,-0.004529204,-0.004006023,-0.0034828414,-0.00295966,-0.0024364784,-0.001913297,-0.0013901155,-0.000866934,-0.00034375256,0.00017942891,0.0007026104,0.0012257919,0.0017489734,0.002272155,0.0027953363,0.0033185177,0.0038416993,0.0043648807,0.0048880624,0.0054112435,0.005934425,0.006457607,0.006980788,0.0075039696],"mean":-0.00046447536,"std":0.0032713104}
{"counts":[1,1,1,0,2,2,1,1,3,2,1,4,3,2,2,5,4,4,2,5,4,2,0,4,2,1,1,0,2,2],"wall_time":1.754150937268e9,"step":11,"max":0.0060288673,"min":-0.00793664,"count":64,"bins":[-0.00793664,-0.007471123,-0.007005606,-0.006540089,-0.006074572,-0.005609055,-0.005143538,-0.004678021,-0.0042125047,-0.0037469876,-0.0032814706,-0.0028159537,-0.002350437,-0.0018849199,-0.0014194031,-0.0009538862,-0.0004883693,-2.285239e-5,0.00044266452,0.0009081814,0.0013736984,0.0018392152,0.002304732,0.002770249,0.003235766,0.003701283,0.0041667996,0.0046323165,0.0050978335,0.0055633504,0.0060288673],"mean":-0.0005528485,"std":0.0033227769}
{"counts":[1,0,1,0,0,1,0,3,2,1,3,0,3,7,3,3,2,5,6,6,1,3,4,4,1,0,0,2,1,1],"wall_time":1.754150939754e9,"step":12,"max":0.006102644,"min":-0.009614941,"count":64,"bins":[-0.009614941,-0.0090910215,-0.008567101,-0.008043182,-0.007519263,-0.006995343,-0.006471424,-0.005947504,-0.005423585,-0.0048996652,-0.004375746,-0.0038518263,-0.0033279068,-0.0028039874,-0.002280068,-0.0017561484,-0.0012322289,-0.0007083094,-0.00018438995,0.00033952954,0.000863449,0.0013873685,0.001911288,0.0024352076,0.002959127,0.0034830465,0.004006966,0.0045308853,0.005054805,0.005578724,0.006102644],"mean":-0.00088023115,"std":0.0032102726}
{"counts":[2,0,1,0,1,0,5,0,4,5,5,1,2,1,6,4,3,6,2,1,2,3,0,2,1,1,3,1,1,1],"wall_time":1.754150943213e9,"step":13,"max":0.008695655,"min":-0.0075851385,"count":64,"bins":[-0.0075851385,-0.0070424452,-0.0064997524,-0.005957059,-0.0054143663,-0.004871673,-0.00432898,-0.0037862868,-0.0032435937,-0.0027009007,-0.0021582076,-0.0016155144,-0.0010728213,-0.0005301282,1.2564908e-5,0.000555258,0.0010979511,0.0016406443,0.0021833372,0.0027260305,0.0032687236,0.0038114167,0.0043541095,0.004896803,0.005439496,0.005982189,0.0065248823,0.007067575,0.0076102684,0.008152962,0.008695655],"mean":0.00048752103,"std":0.0037837052}
