{"counts":[1,1,1],"wall_time":1.754150916687e9,"step":1,"max":0.01960269,"min":-0.019588446,"count":3,"bins":[-0.019588446,-0.006524734,0.006538978,0.01960269],"mean":1.2417635e-9,"std":0.01959557}
{"counts":[1,1,1],"wall_time":1.754150918836e9,"step":2,"max":0.027241837,"min":-0.0329797,"count":3,"bins":[-0.0329797,-0.012905855,0.0071679913,0.027241837],"mean":6.2088173e-10,"std":0.03051804}
{"counts":[2,0,1],"wall_time":1.75415092078e9,"step":3,"max":0.020562163,"min":-0.01484286,"count":3,"bins":[-0.01484286,-0.0030411861,0.008760489,0.020562163],"mean":-1.8626451e-9,"std":0.018382376}
{"counts":[2,0,1],"wall_time":1.754150922403e9,"step":4,"max":0.0453389,"min":-0.03213131,"count":3,"bins":[-0.03213131,-0.0063079074,0.019515496,0.0453389],"mean":0.0,"std":0.040388595}
{"counts":[1,1,1],"wall_time":1.754150924447e9,"step":5,"max":0.03207441,"min":-0.03168623,"count":3,"bins":[-0.03168623,-0.010432684,0.010820863,0.03207441],"mean":-1.3969839e-9,"std":0.031882092}
{"counts":[2,0,1],"wall_time":1.754150926293e9,"step":6,"max":0.03848853,"min":-0.027475579,"count":3,"bins":[-0.027475579,-0.0054875426,0.016500494,0.03848853],"mean":6.2088173e-10,"std":0.03433336}
{"counts":[1,0,2],"wall_time":1.754150928399e9,"step":7,"max":0.028068904,"min":-0.047063272,"count":3,"bins":[-0.047063272,-0.022019213,0.0030248452,0.028068904],"mean":-1.2417635e-9,"std":0.04100976}
{"counts":[1,1,1],"wall_time":1.754150930428e9,"step":8,"max":0.044415925,"min":-0.045959245,"count":3,"bins":[-0.045959245,-0.015834188,0.014290868,0.044415925],"mean":1.2417635e-9,"std":0.045207344}
{"counts":[1,0,2],"wall_time":1.754150932618e9,"step":9,"max":0.0058041504,"min":-0.00965854,"count":3,"bins":[-0.00965854,-0.0045043095,0.0006499204,0.0058041504],"mean":-9.313226e-10,"std":0.008421159}
{"counts":[2,0,1],"wall_time":1.75415093481e9,"step":10,"max":0.026903866,"min":-0.01610081,"count":3,"bins":[-0.01610081,-0.0017659186,0.012568974,0.026903866],"mean":1.2417635e-9,"std":0.02344952}
{"counts":[1,1,1],"wall_time":1.754150937324e9,"step":11,"max":0.02065604,"min":-0.02063638,"count":3,"bins":[-0.02063638,-0.00687224,0.0068919,0.02065604],"mean":9.313226e-10,"std":0.020646216}
{"counts":[1,1,1],"wall_time":1.754150939778e9,"step":12,"max":0.023865128,"min":-0.02037765,"count":3,"bins":[-0.02037765,-0.005630058,0.009117535,0.023865128],"mean":1.2417635e-9,"std":0.022326615}
{"counts":[1,0,2],"wall_time":1.754150943245e9,"step":13,"max":0.008769072,"min":-0.016631376,"count":3,"bins":[-0.016631376,-0.00816456,0.00030225576,0.008769072],"mean":1.2417635e-9,"std":0.014410329}
