{"counts":[1,0,0,0,0,0,0,1,1,0,1,1,1,3,1,3,2,4,3,1,2,0,2,2,1,0,0,1,0,1],"wall_time":1.754150916674e9,"step":1,"max":0.010616331,"min":-0.012788715,"count":32,"bins":[-0.012788715,-0.012008547,-0.011228379,-0.01044821,-0.009668042,-0.008887874,-0.008107706,-0.0073275375,-0.006547369,-0.005767201,-0.0049870326,-0.0042068646,-0.0034266964,-0.0026465282,-0.00186636,-0.0010861917,-0.00030602355,0.00047414468,0.0012543129,0.0020344811,0.0028146494,0.0035948176,0.0043749856,0.005155154,0.005935322,0.0067154905,0.0074956585,0.008275826,0.009055995,0.009836163,0.010616331],"mean":0.00056382536,"std":0.0046405643}
{"counts":[1,0,0,0,1,0,0,0,0,1,2,2,3,0,0,2,4,4,2,0,1,1,1,3,0,0,2,1,0,1],"wall_time":1.754150918832e9,"step":2,"max":0.011963081,"min":-0.014903467,"count":32,"bins":[-0.014903467,-0.014007916,-0.013112364,-0.012216812,-0.011321261,-0.010425709,-0.009530158,-0.008634606,-0.0077390545,-0.0068435026,-0.005947951,-0.0050524,-0.004156848,-0.0032612965,-0.002365745,-0.0014701933,-0.0005746417,0.00032090992,0.0012164615,0.002112013,0.0030075647,0.0039031163,0.004798668,0.0056942194,0.0065897712,0.0074853227,0.008380874,0.0092764255,0.010171978,0.011067529,0.011963081],"mean":0.00030335988,"std":0.005887309}
{"counts":[1,0,0,0,0,0,0,1,1,1,8,6,6,2,1,1,0,1,0,1,1,0,0,0,0,0,0,0,0,1],"wall_time":1.754150920776e9,"step":3,"max":0.021929951,"min":-0.015728515,"count":32,"bins":[-0.015728515,-0.014473232,-0.01321795,-0.011962668,-0.010707386,-0.009452104,-0.008196821,-0.0069415392,-0.005686257,-0.004430975,-0.0031756926,-0.0019204104,-0.00066512823,0.00059015397,0.0018454362,0.0031007184,0.0043560006,0.005611283,0.006866565,0.008121847,0.009377129,0.010632412,0.011887694,0.013142976,0.014398258,0.01565354,0.016908823,0.018164106,0.019419387,0.020674668,0.021929951],"mean":-2.068143e-5,"std":0.005926814}
{"counts":[1,0,0,0,0,0,0,0,0,1,0,4,3,2,7,1,1,3,2,1,1,2,2,0,0,0,0,0,0,1],"wall_time":1.754150922396e9,"step":4,"max":0.02036633,"min":-0.018561808,"count":32,"bins":[-0.018561808,-0.017264204,-0.0159666,-0.014668995,-0.01337139,-0.012073785,-0.010776181,-0.0094785765,-0.008180971,-0.006883367,-0.005585762,-0.004288158,-0.0029905532,-0.0016929485,-0.00039534396,0.00090226065,0.0021998652,0.00349747,0.0047950745,0.006092679,0.0073902835,0.008687888,0.009985493,0.011283098,0.012580702,0.013878306,0.015175912,0.016473517,0.017771121,0.019068725,0.02036633],"mean":0.0017763008,"std":0.006670061}
{"counts":[1,0,1,0,0,0,0,1,2,4,0,0,0,2,5,3,2,5,1,2,0,0,0,1,0,0,1,0,0,1],"wall_time":1.754150924444e9,"step":5,"max":0.01905336,"min":-0.019464374,"count":32,"bins":[-0.019464374,-0.018180449,-0.016896525,-0.0156126,-0.014328675,-0.013044751,-0.011760827,-0.010476902,-0.009192978,-0.007909053,-0.006625129,-0.0053412043,-0.00405728,-0.0027733555,-0.001489431,-0.00020550657,0.0010784179,0.0023623423,0.0036462669,0.004930191,0.006214116,0.0074980403,0.008781965,0.010065889,0.011349814,0.012633738,0.013917662,0.015201587,0.016485512,0.017769435,0.01905336],"mean":-0.00067730155,"std":0.007823105}
{"counts":[1,0,0,1,1,0,0,4,2,5,3,4,4,2,2,1,0,0,0,0,0,0,0,0,0,0,0,1,0,1],"wall_time":1.754150926288e9,"step":6,"max":0.023027888,"min":-0.012659415,"count":32,"bins":[-0.012659415,-0.011469838,-0.010280261,-0.009090684,-0.007901108,-0.006711531,-0.005521954,-0.0043323776,-0.0031428006,-0.001953224,-0.00076364726,0.0004259295,0.0016155062,0.002805083,0.0039946595,0.0051842364,0.0063738134,0.00756339,0.008752966,0.009942544,0.01113212,0.012321697,0.013511274,0.0147008505,0.015890427,0.017080003,0.01826958,0.019459158,0.020648735,0.021838311,0.023027888],"mean":0.0005328692,"std":0.006727052}
{"counts":[1,1,0,0,0,1,1,1,1,0,1,3,3,2,3,2,3,0,2,2,1,1,0,0,0,0,1,0,1,1],"wall_time":1.754150928397e9,"step":7,"max":0.011624674,"min":-0.01096676,"count":32,"bins":[-0.01096676,-0.010213712,-0.009460664,-0.0087076165,-0.007954569,-0.007201521,-0.0064484733,-0.0056954254,-0.0049423776,-0.0041893297,-0.003436282,-0.0026832342,-0.0019301863,-0.0011771385,-0.00042409071,0.0003289571,0.0010820049,0.0018350527,0.0025881005,0.0033411484,0.004094196,0.004847244,0.005600292,0.0063533396,0.0071063875,0.007859435,0.008612483,0.009365531,0.010118579,0.010871626,0.011624674],"mean":1.643537e-5,"std":0.0050627873}
{"counts":[1,0,1,0,1,0,0,3,3,0,1,1,3,1,2,4,2,3,0,0,1,0,0,2,0,1,0,0,1,1],"wall_time":1.754150930416e9,"step":8,"max":0.018465735,"min":-0.016219854,"count":32,"bins":[-0.016219854,-0.015063668,-0.013907482,-0.012751295,-0.0115951095,-0.010438923,-0.009282736,-0.00812655,-0.0069703637,-0.0058141774,-0.004657991,-0.003501805,-0.0023456186,-0.0011894323,-3.3245982e-5,0.0011229403,0.0022791266,0.003435313,0.0045914995,0.0057476857,0.006903872,0.008060059,0.009216244,0.010372431,0.011528617,0.012684803,0.01384099,0.014997176,0.016153362,0.017309548,0.018465735],"mean":0.00018088709,"std":0.008116955}
{"counts":[1,0,1,0,0,0,0,0,0,0,0,0,0,3,0,2,4,3,5,4,0,1,0,3,2,1,1,0,0,1],"wall_time":1.754150932611e9,"step":9,"max":0.010685962,"min":-0.015263453,"count":32,"bins":[-0.015263453,-0.014398472,-0.013533493,-0.012668512,-0.011803531,-0.01093855,-0.010073571,-0.00920859,-0.008343609,-0.007478629,-0.006613648,-0.0057486678,-0.004883687,-0.0040187067,-0.0031537262,-0.0022887457,-0.0014237652,-0.00055878476,0.00030619575,0.0011711762,0.0020361568,0.0029011373,0.0037661179,0.0046310984,0.0054960786,0.0063610594,0.0072260397,0.00809102,0.008956001,0.009820981,0.010685962],"mean":0.00051319954,"std":0.00524351}
{"counts":[1,0,0,0,0,0,1,3,2,0,2,1,1,2,4,5,3,1,0,1,0,1,2,0,0,0,0,0,0,2],"wall_time":1.754150934782e9,"step":10,"max":0.010463211,"min":-0.008592275,"count":32,"bins":[-0.008592275,-0.0079570925,-0.007321909,-0.0066867266,-0.0060515436,-0.0054163607,-0.0047811777,-0.004145995,-0.003510812,-0.0028756293,-0.0022404464,-0.0016052636,-0.00097008067,-0.00033489784,0.00030028503,0.0009354679,0.0015706507,0.0022058336,0.0028410165,0.0034761992,0.004111382,0.004746565,0.005381748,0.0060169306,0.0066521135,0.0072872965,0.007922479,0.008557662,0.009192845,0.009828028,0.010463211],"mean":0.00067688024,"std":0.003987656}
{"counts":[1,0,1,0,0,1,1,1,0,2,2,3,1,3,3,3,0,2,1,0,0,1,3,1,0,1,0,0,0,1],"wall_time":1.754150937313e9,"step":11,"max":0.010461083,"min":-0.007817583,"count":32,"bins":[-0.007817583,-0.0072082942,-0.0065990053,-0.0059897164,-0.005380428,-0.004771139,-0.00416185,-0.0035525612,-0.0029432722,-0.0023339833,-0.0017246945,-0.0011154057,-0.00050611683,0.00010317204,0.0007124609,0.0013217498,0.0019310386,0.0025403274,0.0031496163,0.0037589052,0.004368194,0.004977483,0.0055867718,0.0061960607,0.0068053496,0.0074146385,0.008023927,0.008633216,0.009242505,0.009851794,0.010461083],"mean":0.00094391877,"std":0.0040572993}
{"counts":[2,0,0,0,0,0,0,0,1,1,0,0,5,0,1,3,3,2,1,3,2,2,2,1,0,0,0,2,0,1],"wall_time":1.754150939774e9,"step":12,"max":0.011018682,"min":-0.012313119,"count":32,"bins":[-0.012313119,-0.011535392,-0.010757666,-0.009979939,-0.009202212,-0.008424485,-0.007646759,-0.006869032,-0.0060913055,-0.0053135785,-0.004535852,-0.0037581252,-0.0029803985,-0.002202672,-0.0014249452,-0.00064721843,0.00013050828,0.000908235,0.0016859617,0.0024636884,0.0032414151,0.0040191417,0.0047968687,0.005574595,0.006352322,0.0071300487,0.007907775,0.008685502,0.009463229,0.010240955,0.011018682],"mean":0.00082178164,"std":0.005193249}
{"counts":[1,1,0,0,0,0,0,0,0,1,0,0,3,0,2,3,1,4,2,3,4,2,1,1,0,2,0,0,0,1],"wall_time":1.75415094324e9,"step":13,"max":0.0106202625,"min":-0.015757408,"count":32,"bins":[-0.015757408,-0.014878152,-0.013998897,-0.013119641,-0.012240386,-0.01136113,-0.0104818735,-0.009602618,-0.008723362,-0.007844107,-0.006964851,-0.0060855956,-0.00520634,-0.004327084,-0.0034478283,-0.0025685728,-0.001689317,-0.0008100614,6.9194284e-5,0.00094844995,0.0018277057,0.0027069612,0.003586217,0.004465473,0.0053447285,0.006223984,0.0071032397,0.007982495,0.008861751,0.009741006,0.0106202625],"mean":-0.00034575816,"std":0.005333053}
