{"counts":[1,0,0,0,0,5,5,5,10,14,28,47,71,105,100,95,52,37,26,11,8,5,8,1,4,1,0,0,0,1],"wall_time":1.754150916423e9,"step":1,"max":0.025417484,"min":-0.023396691,"count":640,"bins":[-0.023396691,-0.021769552,-0.020142414,-0.018515274,-0.016888134,-0.015260995,-0.013633857,-0.012006717,-0.010379578,-0.008752438,-0.0071252994,-0.00549816,-0.003871021,-0.0022438818,-0.00061674265,0.0010103965,0.0026375358,0.004264675,0.005891814,0.007518953,0.009146092,0.010773231,0.012400371,0.01402751,0.01565465,0.01728179,0.018908927,0.020536067,0.022163207,0.023790345,0.025417484],"mean":1.5068736e-5,"std":0.00512081}
{"counts":[1,1,0,1,0,2,0,3,5,9,3,10,19,26,56,76,124,95,75,41,29,23,21,10,2,2,1,1,2,2],"wall_time":1.754150918792e9,"step":2,"max":0.021501869,"min":-0.027720995,"count":640,"bins":[-0.027720995,-0.026080234,-0.02443947,-0.02279871,-0.021157946,-0.019517185,-0.017876422,-0.01623566,-0.014594899,-0.012954136,-0.011313374,-0.009672612,-0.00803185,-0.0063910875,-0.0047503253,-0.0031095631,-0.001468801,0.00017196113,0.0018127232,0.0034534854,0.0050942474,0.0067350096,0.008375772,0.010016534,0.011657296,0.013298058,0.01493882,0.016579583,0.018220345,0.019861108,0.021501869],"mean":6.2159284e-5,"std":0.005456675}
{"counts":[1,0,0,0,0,1,0,2,1,1,1,3,8,13,13,27,54,86,129,115,63,55,32,15,6,9,2,1,0,2],"wall_time":1.754150920768e9,"step":3,"max":0.019756166,"min":-0.032858826,"count":640,"bins":[-0.032858826,-0.031104993,-0.02935116,-0.027597327,-0.025843494,-0.02408966,-0.022335827,-0.020581994,-0.018828161,-0.017074328,-0.015320496,-0.013566663,-0.011812829,-0.010058996,-0.008305163,-0.00655133,-0.004797497,-0.003043664,-0.0012898308,0.00046400234,0.0022178355,0.0039716684,0.0057255016,0.0074793347,0.009233167,0.010987001,0.012740834,0.014494667,0.0162485,0.018002333,0.019756166],"mean":0.00015521652,"std":0.0049766777}
{"counts":[1,0,0,1,0,1,0,4,2,5,8,7,23,30,47,60,95,91,96,65,40,28,17,6,3,2,4,1,2,1],"wall_time":1.754150922376e9,"step":4,"max":0.016359303,"min":-0.022301212,"count":640,"bins":[-0.022301212,-0.021012528,-0.019723844,-0.01843516,-0.017146477,-0.015857793,-0.014569109,-0.013280425,-0.011991741,-0.010703057,-0.009414374,-0.00812569,-0.0068370057,-0.005548322,-0.004259638,-0.0029709544,-0.0016822706,-0.00039358673,0.0008950971,0.002183781,0.0034724649,0.0047611487,0.0060498323,0.0073385164,0.0086272005,0.009915884,0.011204568,0.012493252,0.013781936,0.015070619,0.016359303],"mean":-1.6810447e-5,"std":0.004195676}
{"counts":[1,0,1,0,0,0,2,0,1,7,2,9,11,36,67,129,178,113,34,28,11,4,3,0,1,0,0,0,1,1],"wall_time":1.754150924399e9,"step":5,"max":0.030941464,"min":-0.03707642,"count":640,"bins":[-0.03707642,-0.034809157,-0.032541897,-0.030274633,-0.02800737,-0.025740108,-0.023472844,-0.021205582,-0.018938318,-0.016671056,-0.014403793,-0.01213653,-0.009869267,-0.0076020043,-0.0053347414,-0.0030674785,-0.0008002157,0.0014670471,0.00373431,0.0060015726,0.008268836,0.010536099,0.012803362,0.015070624,0.017337887,0.01960515,0.021872412,0.024139676,0.026406938,0.028674202,0.030941464],"mean":-0.00039369232,"std":0.0052772183}
{"counts":[1,0,0,0,1,6,4,6,12,15,16,40,47,56,89,106,91,41,39,24,18,12,6,3,3,0,2,1,0,1],"wall_time":1.754150926266e9,"step":6,"max":0.01729278,"min":-0.017888376,"count":640,"bins":[-0.017888376,-0.016715672,-0.015542966,-0.014370261,-0.013197555,-0.012024851,-0.010852145,-0.0096794395,-0.008506735,-0.0073340293,-0.006161324,-0.0049886187,-0.0038159136,-0.0026432083,-0.001470503,-0.00029779784,0.0008749074,0.0020476126,0.003220318,0.004393023,0.0055657285,0.0067384336,0.007911139,0.009083844,0.010256549,0.011429255,0.0126019595,0.013774665,0.014947371,0.016120076,0.01729278],"mean":-0.00016545286,"std":0.004055219}
{"counts":[3,2,1,7,8,6,6,10,25,23,42,44,65,72,79,63,53,32,37,17,15,9,4,4,3,2,2,2,2,2],"wall_time":1.754150928333e9,"step":7,"max":0.014061726,"min":-0.012599674,"count":640,"bins":[-0.012599674,-0.01171096,-0.010822248,-0.009933534,-0.00904482,-0.008156108,-0.007267394,-0.006378681,-0.0054899673,-0.004601254,-0.0037125407,-0.0028238276,-0.0019351142,-0.0010464009,-0.00015768751,0.0007310258,0.0016197391,0.0025084524,0.0033971658,0.004285879,0.0051745926,0.006063306,0.006952019,0.007840732,0.008729446,0.009618159,0.010506872,0.011395586,0.012284299,0.013173012,0.014061726],"mean":-0.00012807468,"std":0.0038151422}
{"counts":[1,0,1,2,5,2,2,3,11,14,16,22,37,56,81,88,71,72,39,35,24,26,15,9,4,1,1,0,0,2],"wall_time":1.754150930391e9,"step":8,"max":0.01347152,"min":-0.015578836,"count":640,"bins":[-0.015578836,-0.014610491,-0.013642146,-0.012673801,-0.011705455,-0.01073711,-0.009768765,-0.00880042,-0.007832075,-0.0068637296,-0.005895384,-0.004927039,-0.0039586937,-0.0029903487,-0.0020220035,-0.0010536583,-8.531312e-5,0.00088303204,0.0018513773,0.0028197225,0.0037880677,0.004756413,0.005724758,0.0066931034,0.0076614483,0.008629793,0.009598139,0.010566484,0.01153483,0.012503174,0.01347152],"mean":-0.00026383295,"std":0.0036683246}
{"counts":[3,1,1,2,9,9,6,22,45,58,91,108,84,79,35,41,23,5,6,4,3,2,2,0,0,0,0,0,0,1],"wall_time":1.75415093259e9,"step":9,"max":0.022681357,"min":-0.014380627,"count":640,"bins":[-0.014380627,-0.013145228,-0.0119098285,-0.010674429,-0.00943903,-0.00820363,-0.0069682305,-0.005732831,-0.004497431,-0.0032620318,-0.0020266324,-0.0007912329,0.00044416654,0.001679566,0.0029149656,0.004150365,0.0053857644,0.006621164,0.007856564,0.009091963,0.010327362,0.011562762,0.012798161,0.014033561,0.01526896,0.01650436,0.01773976,0.01897516,0.020210559,0.021445958,0.022681357],"mean":0.00014030981,"std":0.0038674248}
{"counts":[1,0,0,2,4,3,4,6,10,11,23,35,54,83,95,87,63,49,44,25,20,4,8,1,3,1,0,1,2,1],"wall_time":1.754150934735e9,"step":10,"max":0.013303427,"min":-0.013177534,"count":640,"bins":[-0.013177534,-0.0122948345,-0.011412136,-0.010529438,-0.009646739,-0.00876404,-0.0078813415,-0.006998643,-0.006115944,-0.0052332454,-0.0043505467,-0.003467848,-0.0025851494,-0.0017024507,-0.000819752,6.2946696e-5,0.0009456454,0.0018283441,0.0027110428,0.0035937415,0.00447644,0.005359139,0.0062418375,0.007124536,0.008007235,0.008889934,0.009772632,0.0106553305,0.01153803,0.012420729,0.013303427],"mean":2.0247953e-5,"std":0.0030787957}
{"counts":[2,0,1,2,1,5,5,9,3,21,13,27,41,39,67,75,86,83,52,34,17,11,18,13,2,5,5,1,1,1],"wall_time":1.754150937245e9,"step":11,"max":0.015373591,"min":-0.017754978,"count":640,"bins":[-0.017754978,-0.016650692,-0.015546407,-0.014442121,-0.013337835,-0.01223355,-0.011129264,-0.010024978,-0.008920693,-0.007816407,-0.0067121214,-0.0056078355,-0.00450355,-0.0033992643,-0.0022949788,-0.0011906931,-8.640749e-5,0.0010178782,0.0021221638,0.0032264495,0.004330735,0.0054350207,0.006539306,0.007643592,0.008747878,0.0098521635,0.0109564485,0.012060734,0.01316502,0.014269305,0.015373591],"mean":-0.00019305175,"std":0.004440963}
{"counts":[1,0,1,2,3,2,8,5,6,18,24,31,45,53,74,76,78,62,45,39,27,14,10,6,5,1,2,0,1,1],"wall_time":1.754150939744e9,"step":12,"max":0.010519932,"min":-0.011521825,"count":640,"bins":[-0.011521825,-0.0107871,-0.010052375,-0.009317649,-0.008582924,-0.0078481985,-0.0071134735,-0.006378748,-0.005644023,-0.0049092975,-0.0041745724,-0.0034398471,-0.0027051219,-0.0019703968,-0.0012356716,-0.0005009463,0.00023377892,0.0009685041,0.0017032294,0.0024379545,0.0031726798,0.003907405,0.0046421303,0.0053768554,0.006111581,0.006846306,0.007581031,0.008315756,0.009050482,0.009785207,0.010519932],"mean":-0.00013123223,"std":0.0028255542}
{"counts":[2,0,1,4,5,9,18,28,42,71,80,118,84,61,45,33,22,10,3,2,1,0,0,0,0,0,0,0,0,1],"wall_time":1.754150943196e9,"step":13,"max":0.021698814,"min":-0.013757136,"count":640,"bins":[-0.013757136,-0.012575271,-0.0113934055,-0.01021154,-0.009029676,-0.007847811,-0.006665946,-0.005484081,-0.0043022158,-0.003120351,-0.0019384859,-0.00075662084,0.00042524413,0.0016071091,0.0027889742,0.003970839,0.005152704,0.006334569,0.007516434,0.008698299,0.009880164,0.011062029,0.012243894,0.013425759,0.014607624,0.015789488,0.016971353,0.018153219,0.019335084,0.020516949,0.021698814],