{"counts":[1,0,0,0,1,0,0,2,1,0,3,0,2,4,6,1,1,1,2,3,1,0,0,0,0,1,0,1,0,1],"wall_time":1.754150916664e9,"step":1,"max":0.014299883,"min":-0.012346739,"count":32,"bins":[-0.012346739,-0.011458518,-0.010570298,-0.009682077,-0.008793856,-0.007905635,-0.0070174146,-0.006129194,-0.005240973,-0.0043527526,-0.0034645319,-0.0025763111,-0.0016880904,-0.0007998696,8.8351095e-5,0.0009765718,0.0018647925,0.0027530133,0.003641234,0.0045294547,0.0054176752,0.006305896,0.0071941167,0.008082338,0.008970559,0.009858779,0.010747,0.011635221,0.012523442,0.013411662,0.014299883],"mean":0.0007704152,"std":0.00548347}
{"counts":[2,0,0,0,0,0,1,0,1,1,1,0,1,2,1,5,8,1,1,1,0,2,2,0,0,0,0,0,0,2],"wall_time":1.754150918825e9,"step":2,"max":0.019361025,"min":-0.021955403,"count":32,"bins":[-0.021955403,-0.020578189,-0.019200973,-0.01782376,-0.016446546,-0.015069331,-0.013692117,-0.012314903,-0.010937689,-0.009560474,-0.00818326,-0.006806046,-0.0054288316,-0.0040516173,-0.0026744031,-0.0012971889,8.002532e-5,0.0014572396,0.0028344537,0.004211668,0.005588882,0.0069660963,0.008343311,0.009720525,0.011097739,0.012474953,0.013852168,0.015229382,0.016606595,0.017983811,0.019361025],"mean":-0.0003740522,"std":0.00886404}
{"counts":[1,0,0,0,0,0,0,0,0,2,0,3,4,8,9,1,0,0,2,0,0,0,0,0,1,0,0,0,0,1],"wall_time":1.754150920776e9,"step":3,"max":0.026948944,"min":-0.024464138,"count":32,"bins":[-0.024464138,-0.022750368,-0.021036599,-0.01932283,-0.01760906,-0.01589529,-0.014181522,-0.012467752,-0.010753983,-0.009040213,-0.007326444,-0.0056126746,-0.0038989051,-0.0021851358,-0.00047136645,0.0012424029,0.0029561722,0.0046699415,0.006383711,0.00809748,0.00981125,0.011525019,0.013238789,0.014952558,0.016666327,0.018380096,0.020093866,0.021807635,0.023521405,0.025235174,0.026948944],"mean":-0.00036665538,"std":0.007987195}
{"counts":[1,0,0,0,0,0,0,0,0,0,0,0,0,1,6,3,9,0,3,2,4,1,0,1,0,0,0,0,0,1],"wall_time":1.754150922387e9,"step":4,"max":0.02659955,"min":-0.030700022,"count":32,"bins":[-0.030700022,-0.028790036,-0.02688005,-0.024970066,-0.02306008,-0.021150094,-0.019240107,-0.017330121,-0.015420136,-0.013510151,-0.011600165,-0.009690179,-0.0077801934,-0.005870207,-0.0039602215,-0.0020502359,-0.00014025011,0.0017697357,0.0036797214,0.0055897073,0.007499693,0.009409679,0.011319664,0.01322965,0.015139636,0.017049622,0.018959608,0.020869594,0.022779578,0.024689564,0.02659955],"mean":0.0019844254,"std":0.008732466}
{"counts":[2,0,0,0,0,0,0,0,1,0,2,1,2,3,3,8,4,1,2,0,0,0,1,0,1,0,0,0,0,1],"wall_time":1.75415092444e9,"step":5,"max":0.032326326,"min":-0.033327606,"count":32,"bins":[-0.033327606,-0.031139141,-0.028950676,-0.026762212,-0.024573749,-0.022385284,-0.02019682,-0.018008355,-0.01581989,-0.013631426,-0.011442962,-0.0092544975,-0.007066033,-0.0048775687,-0.0026891043,-0.0005006399,0.0016878245,0.003876289,0.006064753,0.008253218,0.010441682,0.012630146,0.014818611,0.017007075,0.01919554,0.021384005,0.02357247,0.025760932,0.027949397,0.030137861,0.032326326],"mean":-0.0011464646,"std":0.01230837}
{"counts":[1,0,0,0,0,0,1,1,0,0,1,3,4,7,7,3,0,1,1,0,0,0,0,0,1,0,0,0,0,1],"wall_time":1.75415092628e9,"step":6,"max":0.03438682,"min":-0.028684927,"count":32,"bins":[-0.028684927,-0.026582535,-0.024480144,-0.022377752,-0.02027536,-0.01817297,-0.016070578,-0.0139681855,-0.011865795,-0.009763403,-0.007661011,-0.0055586193,-0.003456228,-0.0013538363,0.00074855535,0.002850947,0.0049533388,0.00705573,0.009158121,0.011260513,0.013362905,0.015465297,0.017567689,0.01967008,0.021772472,0.023874862,0.025977254,0.028079646,0.030182038,0.03228443,0.03438682],"mean":0.000293718,"std":0.010213756}
{"counts":[1,0,1,1,1,0,0,0,1,0,3,4,3,6,2,1,1,2,1,0,1,0,0,0,1,0,0,0,1,1],"wall_time":1.754150928389e9,"step":7,"max":0.020437066,"min":-0.01602998,"count":32,"bins":[-0.01602998,-0.014814412,-0.0135988435,-0.012383276,-0.011167707,-0.009952139,-0.008736571,-0.0075210026,-0.0063054347,-0.0050898665,-0.0038742982,-0.00265873,-0.0014431619,-0.00022759363,0.0009879746,0.0022035427,0.003419111,0.0046346793,0.005850247,0.0070658154,0.008281384,0.0094969515,0.01071252,0.011928088,0.013143657,0.014359225,0.015574792,0.01679036,0.01800593,0.019221498,0.020437066],"mean":0.00033484708,"std":0.0077670706}
{"counts":[1,0,0,0,1,0,1,1,2,1,2,4,4,5,3,0,1,1,1,0,1,0,1,1,0,0,0,0,0,1],"wall_time":1.754150930415e9,"step":8,"max":0.032429814,"min":-0.02453867,"count":32,"bins":[-0.02453867,-0.02263972,-0.020740772,-0.018841822,-0.016942872,-0.015043923,-0.013144973,-0.011246024,-0.009347074,-0.0074481247,-0.005549175,-0.0036502255,-0.0017512761,0.00014767336,0.0020466228,0.0039455723,0.005844522,0.0077434713,0.00964242,0.01154137,0.013440319,0.015339269,0.017238218,0.019137168,0.021036118,0.022935066,0.024834016,0.026732966,0.028631916,0.030530864,0.032429814],"mean":0.0008819064,"std":0.010856416}
{"counts":[1,0,0,0,1,0,0,0,0,0,0,1,4,2,9,4,2,4,0,2,1,0,0,0,0,0,0,0,0,1],"wall_time":1.754150932603e9,"step":9,"max":0.025426798,"min":-0.02400262,"count":32,"bins":[-0.02400262,-0.022354972,-0.020707324,-0.019059677,-0.017412031,-0.015764384,-0.014116736,-0.012469089,-0.010821441,-0.009173794,-0.0075261467,-0.0058784997,-0.0042308522,-0.0025832052,-0.000935558,0.00071208924,0.0023597365,0.0040073837,0.0056550307,0.007302678,0.008950326,0.010597972,0.01224562,0.013893267,0.015540915,0.017188562,0.01883621,0.020483855,0.022131503,0.02377915,0.025426798],"mean":0.00058101444,"std":0.007784495}
{"counts":[1,1,0,0,0,0,1,2,1,4,2,7,5,2,3,0,0,0,0,1,0,0,0,0,0,0,0,1,0,1],"wall_time":1.754150934772e9,"step":10,"max":0.019118432,"min":-0.010773793,"count":32,"bins":[-0.010773793,-0.009777386,-0.008780978,-0.0077845706,-0.006788163,-0.0057917554,-0.004795348,-0.0037989405,-0.0028025329,-0.0018061254,-0.0008097179,0.00018668958,0.001183097,0.0021795046,0.003175912,0.0041723195,0.005168727,0.0061651347,0.007161542,0.00815795,0.009154357,0.010150764,0.011147172,0.012143579,0.013139987,0.0141363945,0.015132802,0.016129209,0.017125618,0.018122025,0.019118432],"mean":0.0010716772,"std":0.005699442}
{"counts":[1,0,0,0,0,0,1,0,1,1,1,6,2,3,3,4,0,0,1,2,0,2,1,0,0,1,0,1,0,1],"wall_time":1.754150937288e9,"step":11,"max":0.015347673,"min":-0.011649287,"count":32,"bins":[-0.011649287,-0.0107493885,-0.00984949,-0.008949592,-0.008049693,-0.007149794,-0.0062498953,-0.0053499965,-0.004450098,-0.0035501993,-0.0026503007,-0.001750402,-0.00085050333,4.939533e-5,0.000949294,0.0018491927,0.0027490912,0.00364899,0.0045488887,0.0054487875,0.006348686,0.0072485846,0.008148483,0.009048382,0.009948281,0.010848179,0.011748078,0.012647976,0.013547875,0.014447774,0.015347673],"mean":0.0018605038,"std":0.0055045476}
{"counts":[1,2,0,0,0,0,1,2,2,2,4,4,2,3,2,1,0,0,1,1,2,0,0,0,0,0,0,1,0,1],"wall_time":1.754150939766e9,"step":12,"max":0.01996275,"min":-0.011043593,"count":32,"bins":[-0.011043593,-0.010010049,-0.008976503,-0.007942959,-0.006909414,-0.005875869,-0.0048423246,-0.0038087799,-0.0027752349,-0.0017416902,-0.0007081454,0.0003253994,0.0013589442,0.002392489,0.0034260338,0.0044595785,0.0054931235,0.006526668,0.007560213,0.008593758,0.009627302,0.010660848,0.011694392,0.012727937,0.013761481,0.014795027,0.01582857,0.016862117,0.017895661,0.018929206,0.01996275],"mean":0.0017517144,"std":0.0068483395}
{"counts":[1,0,0,0,0,0,0,0,0,0,0,1,0,0,0,0,2,2,1,1,2,3,6,5,2,1,0,3,1,1],"wall_time":1.754150943225e9,"step":13,"max":0.009247441,"min":-0.026777312,"count":32,"bins":[-0.026777312,-0.025576487,-0.024375662,-0.023174837,-0.021974012,-0.020773187,-0.019572362,-0.018371537,-0.01717071,-0.015969886,-0.0147690615,-0.0135682365,-0.012367411,-0.011166586,-0.009965761,-0.008764936,-0.0075641107,-0.0063632852,-0.0051624603,-0.0039616353,-0.00276081,-0.0015599851,-0.00035915995,0.00084166514,0.0020424903,0.0032433153,0.0044441405,0.0056449655,0.0068457904,0.008046616,0.009247441],"mean":-0.0008835971,"std":0.006593141}
