{"counts":[1,0,0,0,0,0,1,0,1,1,0,1,5,2,3,2,4,1,0,1,2,1,0,1,0,0,2,2,0,1],"wall_time":1.754150916669e9,"step":1,"max":0.011250401,"min":-0.011762828,"count":32,"bins":[-0.011762828,-0.01099572,-0.010228612,-0.009461504,-0.008694397,-0.007927289,-0.007160182,-0.0063930745,-0.0056259665,-0.004858859,-0.0040917513,-0.003324644,-0.0025575361,-0.0017904287,-0.001023321,-0.00025621336,0.0005108943,0.0012780019,0.0020451094,0.0028122172,0.0035793248,0.004346432,0.0051135398,0.005880648,0.0066477554,0.007414863,0.008181971,0.008949078,0.009716186,0.010483293,0.011250401],"mean":0.00088956207,"std":0.0050817635}
{"counts":[1,1,0,1,1,0,1,1,1,1,1,0,1,2,3,2,0,4,1,1,1,2,1,2,0,1,1,0,0,1],"wall_time":1.754150918829e9,"step":2,"max":0.010948717,"min":-0.01069821,"count":32,"bins":[-0.01069821,-0.009976646,-0.009255082,-0.008533518,-0.0078119533,-0.0070903893,-0.006368825,-0.0056472607,-0.0049256966,-0.004204132,-0.003482568,-0.0027610038,-0.0020394395,-0.0013178753,-0.0005963111,0.00012525311,0.00084681733,0.0015683816,0.0022899457,0.00301151,0.0037330743,0.0044546383,0.005176203,0.005897767,0.0066193314,0.0073408955,0.0080624595,0.008784024,0.009505589,0.010227152,0.010948717],"mean":0.0002888614,"std":0.005308156}
{"counts":[1,0,0,0,0,0,1,0,2,0,4,1,2,4,6,4,2,0,0,2,1,1,0,0,0,0,0,0,0,1],"wall_time":1.754150920776e9,"step":3,"max":0.017744781,"min":-0.0148609895,"count":32,"bins":[-0.0148609895,-0.0137741305,-0.012687271,-0.011600412,-0.010513553,-0.009426694,-0.008339835,-0.0072529763,-0.0061661173,-0.0050792582,-0.003992399,-0.0029055402,-0.0018186811,-0.0007318221,0.00035503693,0.001441896,0.002528755,0.003615614,0.004702473,0.005789332,0.006876191,0.00796305,0.009049909,0.010136768,0.011223627,0.012310486,0.013397345,0.014484204,0.015571063,0.016657922,0.017744781],"mean":0.00039730946,"std":0.005536699}
{"counts":[1,0,0,0,0,0,0,1,0,0,0,0,3,0,6,7,5,1,1,1,2,0,1,2,0,0,0,0,0,1],"wall_time":1.754150922391e9,"step":4,"max":0.020761691,"min":-0.02398788,"count":32,"bins":[-0.02398788,-0.022496227,-0.021004574,-0.019512923,-0.01802127,-0.016529618,-0.015037966,-0.013546313,-0.012054661,-0.0105630085,-0.009071357,-0.007579704,-0.0060880515,-0.004596399,-0.0031047468,-0.0016130945,-0.000121442106,0.0013702103,0.0028618625,0.004353515,0.005845167,0.0073368195,0.008828472,0.010320124,0.011811777,0.013303429,0.014795082,0.016286734,0.017778385,0.019270038,0.020761691],"mean":0.00027635062,"std":0.007615388}
{"counts":[1,0,1,0,0,0,0,1,3,1,0,1,5,2,2,3,0,3,1,0,2,1,1,0,1,0,1,0,1,1],"wall_time":1.75415092444e9,"step":5,"max":0.015031969,"min":-0.015002004,"count":32,"bins":[-0.015002004,-0.014000871,-0.012999739,-0.011998607,-0.010997474,-0.009996342,-0.008995209,-0.007994077,-0.0069929445,-0.005991812,-0.0049906797,-0.003989547,-0.0029884146,-0.0019872822,-0.0009861498,1.4982652e-5,0.0010161151,0.0020172475,0.00301838,0.0040195123,0.005020645,0.006021777,0.00702291,0.0080240425,0.009025174,0.010026307,0.0110274395,0.012028572,0.013029704,0.0140308365,0.015031969],"mean":0.00016398718,"std":0.0069097285}
{"counts":[1,0,0,0,0,0,0,1,3,2,4,2,2,1,2,1,3,3,0,2,0,0,3,0,1,0,0,0,0,1],"wall_time":1.754150926285e9,"step":6,"max":0.01113879,"min":-0.008167696,"count":32,"bins":[-0.008167696,-0.0075241467,-0.006880597,-0.0062370477,-0.005593498,-0.0049499483,-0.004306399,-0.0036628493,-0.0030192998,-0.0023757503,-0.0017322007,-0.0010886511,-0.00044510158,0.00019844795,0.0008419975,0.001485547,0.0021290965,0.0027726463,0.0034161957,0.0040597455,0.004703295,0.0053468444,0.005990394,0.0066339434,0.007277493,0.007921043,0.008564592,0.009208142,0.009851691,0.010495241,0.01113879],"mean":0.0010952278,"std":0.0039062593}
{"counts":[1,0,0,0,0,1,1,0,0,1,0,4,4,3,1,3,3,2,4,1,2,0,0,0,0,0,0,0,0,1],"wall_time":1.754150928393e9,"step":7,"max":0.016383937,"min":-0.014854107,"count":32,"bins":[-0.014854107,-0.013812839,-0.012771571,-0.011730303,-0.010689034,-0.009647766,-0.008606498,-0.00756523,-0.006523962,-0.005482694,-0.0044414257,-0.0034001577,-0.0023588897,-0.0013176214,-0.00027635333,0.0007649148,0.0018061829,0.002847451,0.0038887192,0.0049299872,0.0059712552,0.0070125237,0.008053792,0.00909506,0.010136328,0.011177596,0.012218864,0.013260133,0.014301401,0.015342669,0.016383937],"mean":0.00038654462,"std":0.0054641175}
{"counts":[1,0,0,0,0,1,0,0,0,2,0,2,1,1,2,2,3,3,5,0,2,2,0,0,0,1,1,0,1,2],"wall_time":1.754150930416e9,"step":8,"max":0.013885553,"min":-0.017042996,"count":32,"bins":[-0.017042996,-0.016012045,-0.014981093,-0.013950141,-0.012919189,-0.011888238,-0.010857287,-0.009826335,-0.008795383,-0.0077644316,-0.00673348,-0.005702528,-0.0046715764,-0.003640625,-0.0026096734,-0.0015787217,-0.00054777006,0.00048318162,0.0015141333,0.0025450848,0.0035760365,0.0046069883,0.00563794,0.0066688913,0.007699843,0.008730795,0.009761746,0.010792698,0.0118236495,0.012854601,0.013885553],"mean":0.00073754275,"std":0.006808865}
{"counts":[1,0,0,0,0,0,0,0,0,1,0,1,1,1,1,1,4,7,1,2,2,1,3,3,0,0,0,0,0,2],"wall_time":1.754150932607e9,"step":9,"max":0.012164058,"min":-0.017715381,"count":32,"bins":[-0.017715381,-0.0167194,-0.015723418,-0.014727438,-0.013731456,-0.012735475,-0.011739493,-0.010743512,-0.009747531,-0.00875155,-0.0077555683,-0.0067595867,-0.0057636057,-0.004767624,-0.003771643,-0.0027756616,-0.0017796804,-0.000783699,0.00021228232,0.0012082637,0.002204245,0.0032002262,0.0041962075,0.005192189,0.00618817,0.0071841516,0.008180133,0.009176115,0.010172095,0.011168077,0.012164058],"mean":0.0003443478,"std":0.0056892545}
{"counts":[1,0,0,0,0,0,0,0,1,0,1,0,0,1,2,2,4,4,3,4,3,0,2,1,1,1,0,0,0,1],"wall_time":1.754150934775e9,"step":10,"max":0.0127638895,"min":-0.01686474,"count":32,"bins":[-0.01686474,-0.015877118,-0.014889497,-0.013901876,-0.012914255,-0.011926634,-0.010939013,-0.009951392,-0.008963772,-0.007976151,-0.0069885296,-0.0060009086,-0.005013288,-0.004025667,-0.003038046,-0.002050425,-0.001062804,-7.5183e-5,0.000912438,0.0019000589,0.00288768,0.0038753008,0.004862922,0.005850543,0.006838164,0.007825784,0.008813405,0.009801026,0.010788647,0.0117762685,0.0127638895],"mean":0.00079325004,"std":0.005224318}
{"counts":[2,2,1,1,1,3,0,1,4,2,4,1,2,0,1,1,1,0,1,0,2,1,0,0,0,0,0,0,0,1],"wall_time":1.754150937306e9,"step":11,"max":0.012724281,"min":-0.0061062044,"count":32,"bins":[-0.0061062044,-0.0054785213,-0.004850839,-0.004223156,-0.003595473,-0.00296779,-0.0023401072,-0.0017124243,-0.0010847416,-0.00045705866,0.00017062419,0.00079830707,0.0014259899,0.0020536727,0.0026813557,0.0033090385,0.0039367215,0.004564404,0.005192087,0.00581977,0.0064474526,0.0070751356,0.0077028186,0.008330502,0.008958184,0.009585867,0.01021355,0.010841233,0.011468915,0.012096599,0.012724281],"mean":0.0003002088,"std":0.00431022}
{"counts":[1,0,0,0,0,1,0,0,0,0,0,0,0,0,1,2,0,2,5,3,1,5,1,5,0,2,2,0,0,1],"wall_time":1.75415093977e9,"step":12,"max":0.010912117,"min":-0.020343821,"count":32,"bins":[-0.020343821,-0.019301957,-0.018260092,-0.017218228,-0.016176363,-0.0151344985,-0.0140926335,-0.013050769,-0.0120089045,-0.01096704,-0.009925175,-0.0088833105,-0.007841446,-0.0067995815,-0.005757717,-0.0047158524,-0.003673988,-0.0026321232,-0.0015902587,-0.00054839405,0.0004934706,0.0015353352,0.0025771998,0.0036190643,0.004660929,0.0057027936,0.006744658,0.0077865226,0.008828388,0.009870252,0.010912117],"mean":0.000514303,"std":0.005997027}
{"counts":[1,0,0,0,0,0,0,1,0,0,0,0,1,3,0,4,2,4,3,3,3,3,2,0,0,0,1,0,0,1],"wall_time":1.754150943231e9,"step":13,"max":0.01465714,"min":-0.019798364,"count":32,"bins":[-0.019798364,-0.018649848,-0.01750133,-0.016352814,-0.015204297,-0.01405578,-0.012907264,-0.011758747,-0.01061023,-0.009461713,-0.008313197,-0.0071646795,-0.0060161627,-0.004867646,-0.0037191291,-0.0025706124,-0.0014220956,-0.00027357874,0.0008749381,0.002023455,0.0031719718,0.0043204883,0.005469005,0.0066175223,0.007766039,0.008914555,0.010063073,0.011211589,0.012360106,0.013508623,0.01465714],"mean":0.0005040276,"std":0.0060437783}
