{"counts":[1,0,1,1,0,2,2,1,1,5,3,2,4,6,6,3,5,5,6,1,3,3,0,1,1,0,0,0,0,1],"wall_time":1.754150916649e9,"step":1,"max":0.011746842,"min":-0.011164751,"count":64,"bins":[-0.011164751,-0.010401031,-0.009637311,-0.008873591,-0.008109872,-0.007346152,-0.0065824324,-0.0058187125,-0.0050549926,-0.0042912727,-0.003527553,-0.0027638334,-0.0020001135,-0.0012363938,-0.00047267403,0.00029104576,0.0010547655,0.0018184853,0.002582205,0.003345925,0.004109645,0.004873364,0.005637084,0.006400804,0.007164524,0.007928244,0.008691964,0.009455683,0.010219403,0.0109831225,0.011746842],"mean":-0.00024404717,"std":0.004232614}
{"counts":[1,0,0,1,1,0,0,2,4,3,3,3,3,9,5,5,5,3,2,2,2,4,0,1,1,0,2,0,0,2],"wall_time":1.754150918806e9,"step":2,"max":0.013239689,"min":-0.012833701,"count":64,"bins":[-0.012833701,-0.011964588,-0.011095475,-0.010226362,-0.009357249,-0.008488136,-0.0076190233,-0.0067499103,-0.0058807973,-0.0050116843,-0.0041425712,-0.0032734582,-0.0024043452,-0.0015352322,-0.00066611916,0.00020299386,0.0010721069,0.0019412199,0.002810333,0.003679446,0.004548559,0.005417672,0.006286785,0.007155898,0.008025011,0.008894124,0.009763237,0.01063235,0.011501463,0.012370576,0.013239689],"mean":0.00022453564,"std":0.0051202085}
{"counts":[1,0,1,0,0,1,0,2,3,0,3,3,3,7,4,6,4,5,5,6,1,2,2,0,1,2,0,0,1,1],"wall_time":1.75415092077e9,"step":3,"max":0.010572544,"min":-0.01119934,"count":64,"bins":[-0.01119934,-0.010473611,-0.009747881,-0.009022152,-0.008296423,-0.007570693,-0.0068449634,-0.006119234,-0.005393504,-0.004667775,-0.0039420454,-0.003216316,-0.0024905864,-0.001764857,-0.0010391275,-0.00031339796,0.00041233152,0.001138061,0.0018637904,0.00258952,0.0033152495,0.004040979,0.0047667082,0.005492438,0.0062181675,0.006943897,0.0076696263,0.008395356,0.0091210855,0.009846815,0.010572544],"mean":0.00022336804,"std":0.0040842276}
{"counts":[1,0,2,1,2,2,1,3,0,8,7,4,1,6,3,1,4,2,2,1,2,3,3,1,0,0,1,1,1,1],"wall_time":1.75415092238e9,"step":4,"max":0.009429886,"min":-0.008388102,"count":64,"bins":[-0.008388102,-0.0077941692,-0.007200236,-0.006606303,-0.0060123703,-0.0054184375,-0.0048245043,-0.0042305714,-0.0036366386,-0.0030427056,-0.0024487728,-0.0018548397,-0.0012609068,-0.0006669739,-7.304096e-5,0.000520892,0.0011148249,0.0017087578,0.0023026909,0.0028966237,0.0034905567,0.00408449,0.0046784226,0.0052723554,0.005866288,0.0064602215,0.0070541543,0.007648087,0.00824202,0.008835953,0.009429886],"mean":-0.00031815094,"std":0.0039688856}
{"counts":[2,1,0,1,0,2,1,2,2,3,4,3,6,6,6,3,2,4,4,3,1,0,2,2,0,0,3,0,0,1],"wall_time":1.754150924431e9,"step":5,"max":0.010713952,"min":-0.008877176,"count":64,"bins":[-0.008877176,-0.008224138,-0.0075711007,-0.006918063,-0.0062650256,-0.005611988,-0.0049589504,-0.0043059126,-0.003652875,-0.0029998375,-0.0023468,-0.0016937625,-0.0010407248,-0.00038768727,0.0002653503,0.0009183879,0.0015714255,0.002224463,0.0028775006,0.0035305382,0.004183576,0.0048366133,0.005489651,0.0061426884,0.0067957263,0.0074487636,0.008101801,0.008754839,0.009407876,0.010060914,0.010713952],"mean":0.00039705244,"std":0.0040717074}
{"counts":[1,0,0,0,0,0,0,2,0,3,0,5,3,5,4,1,6,6,13,4,2,1,1,1,3,0,2,0,0,1],"wall_time":1.75415092627e9,"step":6,"max":0.011125291,"min":-0.014097413,"count":64,"bins":[-0.014097413,-0.013256656,-0.0124159,-0.011575143,-0.010734386,-0.009893629,-0.009052873,-0.008212116,-0.0073713586,-0.006530602,-0.005689845,-0.0048490884,-0.0040083313,-0.0031675748,-0.002326818,-0.0014860611,-0.00064530433,0.00019545245,0.0010362093,0.001876966,0.002717723,0.0035584797,0.0043992363,0.0052399933,0.00608075,0.006921507,0.0077622635,0.008603021,0.009443778,0.010284534,0.011125291],"mean":-9.820629e-5,"std":0.0042726113}
{"counts":[1,1,1,0,2,0,2,1,6,2,4,4,3,2,4,6,6,2,2,3,1,1,6,1,0,0,1,1,0,1],"wall_time":1.754150928339e9,"step":7,"max":0.008076739,"min":-0.007144549,"count":64,"bins":[-0.007144549,-0.006637173,-0.0061297966,-0.00562242,-0.005115044,-0.0046076677,-0.0041002915,-0.0035929151,-0.003085539,-0.0025781626,-0.0020707864,-0.0015634102,-0.0010560339,-0.00054865767,-4.1281433e-5,0.00046609482,0.0009734711,0.0014808474,0.0019882235,0.0024956,0.003002976,0.0035103522,0.0040177284,0.004525105,0.005032481,0.0055398573,0.0060472335,0.0065546096,0.0070619863,0.0075693624,0.008076739],"mean":0.00013266949,"std":0.0032335848}
{"counts":[1,0,0,0,0,0,0,1,0,0,1,1,2,2,2,5,4,6,5,9,4,5,4,0,6,1,2,0,2,1],"wall_time":1.754150930403e9,"step":8,"max":0.007994058,"min":-0.015838668,"count":64,"bins":[-0.015838668,-0.015044244,-0.014249819,-0.013455396,-0.012660971,-0.011866547,-0.0110721225,-0.010277699,-0.009483274,-0.00868885,-0.007894426,-0.007100002,-0.0063055777,-0.0055111535,-0.0047167293,-0.003922305,-0.0031278809,-0.0023334567,-0.0015390326,-0.00074460835,4.9815822e-5,0.00084424,0.0016386642,0.0024330884,0.0032275126,0.0040219366,0.004816361,0.005610785,0.006405209,0.0071996334,0.007994058],"mean":-0.0006994305,"std":0.0040620686}
{"counts":[2,1,2,0,0,2,3,2,1,1,1,2,4,3,7,3,3,4,4,3,5,4,3,0,2,1,0,0,0,1],"wall_time":1.754150932593e9,"step":9,"max":0.00820361,"min":-0.008339086,"count":64,"bins":[-0.008339086,-0.0077876626,-0.007236239,-0.006684816,-0.006133393,-0.00558197,-0.0050305463,-0.0044791233,-0.0039277,-0.003376277,-0.0028248539,-0.0022734306,-0.0017220074,-0.0011705842,-0.00061916106,-6.7737885e-5,0.0004836853,0.0010351085,0.0015865316,0.0021379548,0.002689378,0.0032408012,0.0037922245,0.0043436475,0.0048950706,0.005446494,0.005997917,0.00654934,0.0071007633,0.007652187,0.00820361],"mean":-0.00010761961,"std":0.0036478604}
{"counts":[1,2,0,1,4,2,4,1,3,3,5,3,2,0,3,3,4,4,1,4,6,2,2,1,1,0,1,0,0,1],"wall_time":1.754150934744e9,"step":10,"max":0.0067191618,"min":-0.0062525007,"count":64,"bins":[-0.0062525007,-0.005820112,-0.005387723,-0.0049553346,-0.0045229457,-0.004090557,-0.0036581683,-0.0032257794,-0.0027933908,-0.002361002,-0.0019286132,-0.0014962244,-0.0010638357,-0.00063144695,-0.00019905822,0.00023333053,0.0006657193,0.001098108,0.0015304968,0.0019628855,0.0023952744,0.002827663,0.0032600518,0.0036924405,0.004124829,0.004557218,0.004989607,0.0054219957,0.005854384,0.006286773,0.0067191618],"mean":-0.00033790822,"std":0.0029764818}
{"counts":[1,0,2,1,3,1,1,2,2,2,5,5,3,3,5,3,3,5,2,2,3,2,2,0,3,1,1,0,0,1],"wall_time":1.754150937257e9,"step":11,"max":0.007250936,"min":-0.007149378,"count":64,"bins":[-0.007149378,-0.006669367,-0.006189357,-0.0057093464,-0.005229336,-0.0047493256,-0.004269315,-0.0037893048,-0.003309294,-0.0028292837,-0.0023492733,-0.0018692629,-0.0013892524,-0.00090924196,-0.0004292315,5.0778966e-5,0.00053078943,0.0010107999,0.0014908103,0.0019708208,0.0024508312,0.0029308416,0.003410852,0.0038908627,0.004370873,0.0048508835,0.005330894,0.0058109043,0.006290915,0.006770925,0.007250936],"mean":-0.00030670653,"std":0.003142475}
{"counts":[1,1,0,1,1,1,0,1,3,1,6,5,5,3,5,8,9,3,0,4,3,0,2,0,0,0,0,0,0,1],"wall_time":1.754150939752e9,"step":12,"max":0.009955275,"min":-0.010412813,"count":64,"bins":[-0.010412813,-0.009733877,-0.00905494,-0.008376004,-0.007697068,-0.0070181317,-0.0063391957,-0.005660259,-0.004981323,-0.0043023867,-0.0036234504,-0.0029445142,-0.002265578,-0.0015866417,-0.0009077054,-0.00022876915,0.00045016714,0.0011291034,0.0018080396,0.0024869759,0.003165912,0.0038448484,0.004523785,0.005202721,0.0058816574,0.0065605934,0.00723953,0.007918466,0.008597402,0.009276339,0.009955275],"mean":-0.0009302233,"std":0.0034450337}
{"counts":[2,0,0,0,1,1,5,1,2,3,8,3,2,6,2,7,3,3,5,1,2,1,3,2,0,0,0,0,0,1],"wall_time":1.754150943208e9,"step":13,"max":0.010201689,"min":-0.008119691,"count":64,"bins":[-0.008119691,-0.0075089787,-0.006898266,-0.0062875533,-0.0056768404,-0.005066128,-0.004455415,-0.0038447024,-0.00323399,-0.0026232773,-0.0020125646,-0.0014018518,-0.00079113914,-0.00018042649,0.0004302862,0.0010409988,0.0016517115,0.0022624242,0.002873137,0.0034838496,0.004094562,0.004705275,0.0053159874,0.0059267003,0.0065374128,0.0071481257,0.007758838,0.008369551,0.008980264,0.009590976,0.010201689],"mean":0.00025696584,"std":0.0035351026}
