{"counts":[1,0,0,1,1,1,0,2,2,4,6,13,16,51,96,179,350,590,349,196,82,39,27,18,9,5,6,1,1,2],"wall_time":1.754150916657e9,"step":1,"max":0.040373012,"min":-0.055831306,"count":2048,"bins":[-0.055831306,-0.052624494,-0.049417686,-0.046210874,-0.043004062,-0.039797254,-0.036590442,-0.03338363,-0.03017682,-0.02697001,-0.0237632,-0.020556388,-0.017349578,-0.0141427675,-0.010935958,-0.0077291466,-0.004522336,-0.0013155254,0.0018912852,0.0050980956,0.008304906,0.011511717,0.014718528,0.017925339,0.021132149,0.024338959,0.02754577,0.03075258,0.033959392,0.0371662,0.040373012],"mean":0.0003657336,"std":0.007350764}
{"counts":[1,2,2,1,2,1,4,6,7,14,27,49,94,199,457,669,272,110,47,44,9,12,4,7,1,1,3,1,0,2],"wall_time":1.754150918818e9,"step":2,"max":0.054233473,"min":-0.055391442,"count":2048,"bins":[-0.055391442,-0.05173728,-0.048083115,-0.044428952,-0.040774785,-0.03712062,-0.03346646,-0.029812295,-0.026158132,-0.022503968,-0.018849803,-0.01519564,-0.0115414765,-0.007887312,-0.0042331484,-0.0005789846,0.0030751792,0.006729343,0.010383507,0.014037671,0.017691834,0.021346,0.025000162,0.028654326,0.03230849,0.035962652,0.039616816,0.043270983,0.046925146,0.05057931,0.054233473],"mean":-7.9856545e-5,"std":0.008231448}
{"counts":[1,1,2,1,6,3,3,5,16,17,27,59,76,150,208,412,493,222,121,85,46,36,18,13,11,7,1,3,3,2],"wall_time":1.754150920774e9,"step":3,"max":0.032039557,"min":-0.03682545,"count":2048,"bins":[-0.03682545,-0.034529947,-0.03223445,-0.029938947,-0.027643448,-0.025347948,-0.023052447,-0.020756947,-0.018461447,-0.016165948,-0.013870447,-0.011574946,-0.009279447,-0.006983946,-0.004688446,-0.0023929458,-9.744565e-5,0.0021980545,0.0044935546,0.0067890547,0.009084555,0.011380055,0.013675556,0.015971055,0.018266555,0.020562056,0.022857556,0.025153056,0.027448555,0.029744057,0.032039557],"mean":-0.00010933004,"std":0.0066988245}
{"counts":[3,0,0,0,2,1,2,5,2,2,9,6,13,25,73,168,409,574,346,205,101,41,25,16,7,3,6,0,3,1],"wall_time":1.754150922385e9,"step":4,"max":0.037199456,"min":-0.050810497,"count":2048,"bins":[-0.050810497,-0.04787683,-0.04494317,-0.042009503,-0.039075837,-0.03614217,-0.033208508,-0.030274842,-0.027341176,-0.024407512,-0.021473845,-0.018540181,-0.015606516,-0.012672851,-0.009739186,-0.0068055205,-0.0038718553,-0.00093819026,0.0019954748,0.0049291397,0.007862805,0.010796471,0.013730136,0.0166638,0.019597465,0.022531131,0.025464796,0.028398462,0.031332128,0.03426579,0.037199456],"mean":0.0007872766,"std":0.006747772}
{"counts":[1,1,4,3,3,6,10,17,18,27,49,67,101,215,485,512,241,109,60,39,27,19,11,11,5,1,2,1,0,3],"wall_time":1.754150924435e9,"step":5,"max":0.042684667,"min":-0.043245845,"count":2048,"bins":[-0.043245845,-0.040381495,-0.037517145,-0.034652792,-0.031788442,-0.028924093,-0.026059743,-0.023195392,-0.020331042,-0.01746669,-0.014602341,-0.01173799,-0.00887364,-0.0060092895,-0.0031449392,-0.00028058887,0.0025837615,0.005448112,0.008312462,0.011176812,0.014041163,0.016905513,0.019769864,0.022634214,0.025498565,0.028362915,0.031227265,0.034091614,0.036955968,0.039820317,0.042684667],"mean":-0.000439507,"std":0.007973855}
{"counts":[1,4,0,5,4,5,7,11,22,29,40,74,142,269,440,430,236,123,62,47,34,21,11,9,7,3,6,2,1,3],"wall_time":1.754150926276e9,"step":6,"max":0.032524318,"min":-0.0322248,"count":2048,"bins":[-0.0322248,-0.030066496,-0.027908193,-0.025749888,-0.023591585,-0.02143328,-0.019274976,-0.017116673,-0.014958369,-0.012800065,-0.010641761,-0.008483457,-0.006325153,-0.0041668494,-0.0020085454,0.00014975853,0.0023080625,0.0044663665,0.0066246702,0.008782974,0.010941278,0.013099582,0.015257886,0.01741619,0.019574493,0.021732798,0.023891103,0.026049405,0.02820771,0.030366013,0.032524318],"mean":0.0001117189,"std":0.0063487194}
{"counts":[1,0,3,3,3,4,12,19,41,85,177,367,609,350,176,100,50,19,20,3,2,1,0,0,1,0,0,1,0,1],"wall_time":1.754150928382e9,"step":7,"max":0.0501065,"min":-0.035757516,"count":2048,"bins":[-0.035757516,-0.032895382,-0.030033248,-0.027171114,-0.02430898,-0.021446846,-0.018584713,-0.015722578,-0.012860445,-0.009998311,-0.0071361773,-0.0042740433,-0.0014119096,0.0014502242,0.004312358,0.007174492,0.010036626,0.01289876,0.015760893,0.018623028,0.021485161,0.024347294,0.02720943,0.030071562,0.032933697,0.03579583,0.038657963,0.041520096,0.044382233,0.047244366,0.0501065],"mean":0.00010327412,"std":0.006082573}
{"counts":[2,3,1,5,3,12,9,18,22,38,65,128,245,450,473,227,129,82,49,38,21,10,7,2,6,1,0,1,0,1],"wall_time":1.754150930411e9,"step":8,"max":0.040743977,"min":-0.035397593,"count":2048,"bins":[-0.035397593,-0.03285954,-0.030321488,-0.027783437,-0.025245383,-0.022707332,-0.020169279,-0.017631227,-0.015093175,-0.012555122,-0.01001707,-0.007479017,-0.004940965,-0.0024029126,0.00013513962,0.002673192,0.0052112443,0.0077492967,0.010287349,0.0128254015,0.015363454,0.017901506,0.020439558,0.022977611,0.025515663,0.028053716,0.030591767,0.03312982,0.035667874,0.038205925,0.040743977],"mean":0.00030455284,"std":0.0069494215}
{"counts":[1,0,0,0,2,2,1,6,4,7,12,20,25,46,88,161,360,570,356,191,88,49,27,11,11,6,2,1,0,1],"wall_time":1.754150932598e9,"step":9,"max":0.029295485,"min":-0.04014518,"count":2048,"bins":[-0.04014518,-0.03783049,-0.035515804,-0.033201113,-0.030886425,-0.028571736,-0.026257047,-0.023942359,-0.02162767,-0.019312982,-0.016998293,-0.014683603,-0.012368915,-0.010054226,-0.007739537,-0.005424848,-0.003110159,-0.00079547,0.0015192188,0.0038339077,0.0061485968,0.008463286,0.0107779745,0.013092663,0.015407352,0.01772204,0.020036729,0.02235142,0.024666108,0.026980797,0.029295485],"mean":0.0002029427,"std":0.0055931425}
{"counts":[2,2,0,3,0,2,6,10,12,39,81,146,294,621,419,208,100,43,21,13,10,4,4,3,0,2,2,0,0,1],"wall_time":1.754150934768e9,"step":10,"max":0.04715577,"min":-0.03886092,"count":2048,"bins":[-0.03886092,-0.0359937,-0.033126473,-0.030259252,-0.027392028,-0.024524806,-0.021657582,-0.018790359,-0.015923137,-0.013055913,-0.01018869,-0.007321467,-0.004454244,-0.0015870208,0.0012802022,0.0041474253,0.0070146485,0.009881872,0.0127490945,0.015616317,0.01848354,0.021350764,0.024217987,0.02708521,0.029952433,0.032819655,0.03568688,0.038554102,0.041421324,0.04428855,0.04715577],"mean":0.0005283073,"std":0.006349591}
{"counts":[4,0,0,1,2,1,8,10,19,33,110,245,478,585,267,125,58,47,22,8,4,8,2,2,1,4,1,1,1,1],"wall_time":1.75415093728e9,"step":11,"max":0.046110444,"min":-0.03550192,"count":2048,"bins":[-0.03550192,-0.032781508,-0.030061096,-0.027340684,-0.02462027,-0.021899858,-0.019179447,-0.016459035,-0.013738623,-0.011018211,-0.008297798,-0.0055773864,-0.0028569743,-0.00013656219,0.00258385,0.005304262,0.008024674,0.010745087,0.013465499,0.016185911,0.018906323,0.021626735,0.024347147,0.027067559,0.02978797,0.032508384,0.035228796,0.03794921,0.04066962,0.043390032,0.046110444],"mean":0.0006174644,"std":0.0061168796}
{"counts":[2,0,7,4,9,8,29,28,64,118,270,582,434,252,111,56,29,14,13,4,6,1,2,1,1,1,1,0,0,1],"wall_time":1.75415093976e9,"step":12,"max":0.045323793,"min":-0.028368805,"count":2048,"bins":[-0.028368805,-0.025912385,-0.023455964,-0.020999545,-0.018543124,-0.016086705,-0.013630285,-0.011173865,-0.008717446,-0.0062610256,-0.0038046055,-0.0013481856,0.0011082344,0.0035646544,0.006021074,0.008477494,0.010933914,0.013390334,0.015846753,0.018303175,0.020759594,0.023216013,0.025672434,0.028128853,0.030585274,0.033041693,0.035498112,0.03795453,0.040410955,0.042867374,0.045323793],"mean":0.0008698639,"std":0.005722022}
{"counts":[1,2,1,0,2,1,5,2,1,8,7,9,4,26,37,55,82,191,303,465,409,218,83,63,28,17,11,10,5,2],"wall_time":1.754150943219e9,"step":13,"max":0.022263799,"min":-0.042390335,"count":2048,"bins":[-0.042390335,-0.0402352,-0.03808006,-0.035924923,-0.033769783,-0.031614646,-0.029459508,-0.02730437,-0.025149234,-0.022994095,-0.020838957,-0.01868382,-0.01652868,-0.014373544,-0.012218406,-0.010063268,-0.00790813,-0.005752993,-0.0035978549,-0.001442717,0.0007124208,0.0028675585,0.005022696,0.0071778344,0.009332972,0.01148811,0.013643248,0.015798386,0.017953523,0.02010866,0.022263799],"mean":-0.00052049063,"std":0.0060200407}
