{"counts":[1,0,0,0,0,0,2,6,1,5,5,10,7,7,8,5,4,10,6,8,4,1,0,1,2,1,1,0,0,1],"wall_time":1.754150916678e9,"step":1,"max":0.056621112,"min":-0.054922853,"count":96,"bins":[-0.054922853,-0.05120472,-0.04748659,-0.043768458,-0.040050324,-0.03633219,-0.03261406,-0.028895928,-0.025177795,-0.021459663,-0.017741531,-0.014023399,-0.010305267,-0.0065871347,-0.0028690025,0.00084912963,0.004567262,0.008285394,0.012003526,0.015721658,0.01943979,0.023157923,0.026876055,0.030594187,0.03431232,0.038030453,0.041748583,0.045466714,0.049184848,0.05290298,0.056621112],"mean":4.850638e-10,"std":0.018710695}
{"counts":[1,0,0,0,0,0,1,2,3,7,2,1,6,4,4,6,6,9,4,5,3,5,4,8,6,1,1,2,3,2],"wall_time":1.754150918836e9,"step":2,"max":0.03825843,"min":-0.055159524,"count":96,"bins":[-0.055159524,-0.05204559,-0.048931662,-0.04581773,-0.042703796,-0.039589867,-0.036475934,-0.033362,-0.03024807,-0.027134137,-0.024020206,-0.020906275,-0.017792342,-0.014678411,-0.011564479,-0.008450547,-0.0053366153,-0.0022226837,0.0008912481,0.0040051797,0.0071191117,0.010233044,0.013346976,0.016460907,0.01957484,0.02268877,0.025802702,0.028916635,0.032030568,0.035144497,0.03825843],"mean":-1.3581787e-10,"std":0.018975528}
{"counts":[1,0,0,0,2,3,1,0,0,2,3,4,6,5,4,9,12,1,8,4,4,6,7,3,4,1,3,0,1,2],"wall_time":1.754150920779e9,"step":3,"max":0.030778343,"min":-0.040969267,"count":96,"bins":[-0.040969267,-0.03857768,-0.03618609,-0.033794507,-0.03140292,-0.029011331,-0.026619745,-0.02422816,-0.021836571,-0.019444983,-0.017053397,-0.01466181,-0.012270223,-0.009878636,-0.0074870493,-0.0050954623,-0.0027038753,-0.0003122883,0.0020792987,0.0044708857,0.0068624727,0.00925406,0.011645647,0.014037234,0.01642882,0.018820409,0.021211995,0.02360358,0.025995169,0.028386757,0.030778343],"mean":-2.6193447e-10,"std":0.013946482}
{"counts":[1,0,0,3,3,4,4,5,6,2,2,11,5,9,5,3,5,4,4,1,3,1,6,0,1,3,2,0,2,1],"wall_time":1.754150922396e9,"step":4,"max":0.05369622,"min":-0.0464722,"count":96,"bins":[-0.0464722,-0.04313325,-0.039794303,-0.036455356,-0.03311641,-0.029777464,-0.026438516,-0.023099568,-0.019760622,-0.016421674,-0.013082727,-0.009743779,-0.006404832,-0.0030658848,0.00027306253,0.0036120098,0.0069509572,0.010289905,0.013628852,0.0169678,0.020306746,0.023645693,0.026984641,0.030323587,0.033662535,0.037001483,0.04034043,0.04367938,0.047018323,0.05035727,0.05369622],"mean":-9.7012766e-11,"std":0.022144154}
{"counts":[1,0,0,3,3,3,1,1,2,2,5,1,5,4,2,1,1,6,5,2,5,7,9,8,2,2,4,4,4,3],"wall_time":1.754150924444e9,"step":5,"max":0.03422768,"min":-0.05188204,"count":96,"bins":[-0.05188204,-0.049011715,-0.046141393,-0.04327107,-0.040400743,-0.03753042,-0.034660097,-0.031789772,-0.028919447,-0.026049124,-0.0231788,-0.020308476,-0.017438151,-0.014567828,-0.011697504,-0.00882718,-0.0059568556,-0.0030865318,-0.00021620766,0.0026541164,0.00552444,0.008394765,0.011265089,0.014135412,0.017005736,0.019876061,0.022746384,0.02561671,0.028487032,0.031357355,0.03422768],"mean":-5.3357024e-11,"std":0.021547297}
{"counts":[1,0,0,0,0,1,0,2,1,1,6,4,6,6,7,4,7,11,5,3,4,4,5,3,5,3,2,1,3,1],"wall_time":1.754150926289e9,"step":6,"max":0.034390744,"min":-0.04773607,"count":96,"bins":[-0.04773607,-0.04499851,-0.04226095,-0.03952339,-0.03678583,-0.03404827,-0.031310707,-0.028573148,-0.025835587,-0.023098027,-0.020360466,-0.017622905,-0.0148853455,-0.012147784,-0.009410224,-0.0066726636,-0.0039351033,-0.0011975426,0.0015400179,0.0042775786,0.007015139,0.009752699,0.0124902595,0.015227821,0.01796538,0.020702941,0.023440503,0.026178062,0.028915623,0.031653184,0.034390744],"mean":3.298434e-10,"std":0.01558514}
{"counts":[1,0,0,1,1,0,3,4,1,3,4,4,6,6,5,5,4,11,7,7,8,2,1,6,3,1,0,0,1,1],"wall_time":1.754150928399e9,"step":7,"max":0.044988416,"min":-0.05165711,"count":96,"bins":[-0.05165711,-0.04843559,-0.045214076,-0.041992556,-0.03877104,-0.03554952,-0.032328006,-0.029106488,-0.02588497,-0.022663452,-0.019441934,-0.016220417,-0.012998899,-0.009777382,-0.0065558646,-0.0033343472,-0.000112829606,0.003108688,0.0063302056,0.0095517235,0.012773241,0.015994757,0.019216275,0.022437794,0.025659312,0.028880829,0.032102346,0.035323862,0.03854538,0.041766897,0.044988416],"mean":2.3283064e-10,"std":0.01829507}
{"counts":[3,0,2,1,1,3,4,6,3,6,2,5,4,3,11,2,0,7,2,6,4,4,5,1,5,2,1,0,2,1],"wall_time":1.75415093042e9,"step":8,"max":0.04669144,"min":-0.04455839,"count":96,"bins":[-0.04455839,-0.04151673,-0.03847507,-0.035433408,-0.032391746,-0.029350085,-0.026308425,-0.023266764,-0.020225102,-0.017183442,-0.01414178,-0.01110012,-0.008058459,-0.0050167977,-0.0019751366,0.0010665245,0.0041081854,0.0071498468,0.010191508,0.013233169,0.01627483,0.01931649,0.022358151,0.025399813,0.028441474,0.031483136,0.034524795,0.037566457,0.04060812,0.043649778,0.04669144],"mean":3.1044087e-10,"std":0.02164242}
{"counts":[1,0,0,0,2,3,2,1,3,5,9,3,4,5,5,4,4,5,9,3,2,4,2,5,2,5,1,5,0,2],"wall_time":1.754150932615e9,"step":9,"max":0.032643862,"min":-0.039102662,"count":96,"bins":[-0.039102662,-0.03671111,-0.03431956,-0.03192801,-0.02953646,-0.027144909,-0.024753358,-0.022361808,-0.019970255,-0.017578704,-0.0151871545,-0.012795604,-0.010404052,-0.0080125015,-0.005620951,-0.0032294001,-0.00083784934,0.0015537015,0.0039452524,0.006336803,0.008728354,0.011119905,0.013511456,0.015903007,0.018294558,0.020686109,0.02307766,0.02546921,0.02786076,0.030252311,0.032643862],"mean":-8.343098e-10,"std":0.01605602}
{"counts":[1,0,1,2,0,4,0,4,0,2,3,2,8,2,5,8,7,3,5,6,8,2,6,3,4,2,5,0,0,3],"wall_time":1.754150934806e9,"step":10,"max":0.03683298,"min":-0.04731594,"count":96,"bins":[-0.04731594,-0.044510975,-0.04170601,-0.03890105,-0.036096085,-0.03329112,-0.030486155,-0.027681192,-0.024876228,-0.022071265,-0.0192663,-0.016461335,-0.013656372,-0.010851407,-0.008046444,-0.0052414797,-0.0024365156,0.00036844835,0.0031734123,0.0059783766,0.00878334,0.011588304,0.014393268,0.017198233,0.020003196,0.02280816,0.025613125,0.028418088,0.031223053,0.034028016,0.03683298],"mean":9.701277e-12,"std":0.018293964}
{"counts":[1,0,1,4,0,3,8,1,6,0,5,3,2,5,5,9,7,5,2,6,7,4,5,3,0,1,1,1,0,1],"wall_time":1.75415093732e9,"step":11,"max":0.036345374,"min":-0.03515554,"count":96,"bins":[-0.03515554,-0.032772176,-0.030388812,-0.028005447,-0.025622083,-0.02323872,-0.020855356,-0.018471992,-0.01608863,-0.013705265,-0.011321901,-0.008938537,-0.0065551735,-0.0041718096,-0.0017884461,0.0005949177,0.0029782814,0.005361645,0.007745009,0.010128372,0.012511737,0.0148951,0.017278465,0.019661827,0.022045191,0.024428556,0.026811918,0.029195283,0.031578645,0.03396201,0.036345374],"mean":7.3729706e-10,"std":0.015244827}
{"counts":[2,1,3,1,2,2,2,2,1,6,8,1,9,2,5,5,4,5,6,5,2,6,4,4,2,2,3,0,0,1],"wall_time":1.754150939777e9,"step":12,"max":0.040638767,"min":-0.040204056,"count":96,"bins":[-0.040204056,-0.037509296,-0.034814533,-0.032119773,-0.029425012,-0.026730252,-0.024035491,-0.02134073,-0.01864597,-0.015951209,-0.013256448,-0.010561687,-0.0078669265,-0.0051721656,-0.002477405,0.00021735579,0.0029121165,0.005606877,0.008301638,0.0109963985,0.01369116,0.01638592,0.019080682,0.021775441,0.024470203,0.027164964,0.029859724,0.032554485,0.035249244,0.037944008,0.040638767],"mean":4.2200554e-10,"std":0.018306155}
{"counts":[1,1,0,0,0,1,0,6,5,3,2,4,6,4,10,7,10,3,2,1,7,4,3,4,2,2,6,1,0,1],"wall_time":1.754150943245e9,"step":13,"max":0.03795206,"min":-0.044556662,"count":96,"bins":[-0.044556662,-0.04180637,-0.03905608,-0.03630579,-0.0335555,-0.030805208,-0.028054917,-0.025304627,-0.022554336,-0.019804046,-0.017053755,-0.0143034635,-0.011553173,-0.008802882,-0.0060525914,-0.0033023003,-0.00055200956,0.0021982812,0.0049485723,0.007698863,0.010449153,0.013199445,0.015949735,0.018700026,0.021450317,0.024200607,0.026950898,0.02970119,0.03245148,0.03520177,0.03795206],"mean":2.7163574e-10,"std":0.01699708}
