{"counts":[1,1,1,0,1,0,1,2,1,1,3,6,3,5,6,5,6,6,2,5,2,2,0,3,0,0,0,0,0,1],"wall_time":1.75415091643e9,"step":1,"max":0.012885002,"min":-0.012161157,"count":64,"bins":[-0.012161157,-0.011326285,-0.010491413,-0.009656541,-0.008821669,-0.007986797,-0.007151925,-0.006317053,-0.0054821814,-0.0046473094,-0.0038124372,-0.0029775652,-0.0021426934,-0.0013078213,-0.00047294932,0.00036192266,0.0011967947,0.0020316667,0.0028665387,0.0037014105,0.0045362827,0.0053711548,0.0062060268,0.0070408983,0.00787577,0.008710642,0.009545514,0.010380386,0.011215258,0.01205013,0.012885002],"mean":0.000120845354,"std":0.0045222174}
{"counts":[2,0,0,0,1,0,0,1,1,2,2,2,4,7,2,9,8,4,4,3,2,1,2,1,0,2,0,1,1,2],"wall_time":1.754150918795e9,"step":2,"max":0.014010487,"min":-0.014958721,"count":64,"bins":[-0.014958721,-0.013993081,-0.01302744,-0.0120618,-0.01109616,-0.010130519,-0.009164879,-0.008199239,-0.0072335987,-0.0062679583,-0.005302318,-0.004336678,-0.0033710375,-0.0024053974,-0.0014397571,-0.00047411676,0.0004915235,0.0014571637,0.002422804,0.0033884442,0.0043540844,0.005319725,0.006285365,0.007251005,0.008216646,0.0091822855,0.010147926,0.011113566,0.012079206,0.013044847,0.014010487],"mean":0.000588018,"std":0.005660773}
{"counts":[1,0,0,0,0,0,0,0,1,1,0,2,3,3,8,6,15,7,7,3,1,1,2,1,0,0,1,0,0,1],"wall_time":1.754150920768e9,"step":3,"max":0.022530027,"min":-0.027778413,"count":64,"bins":[-0.027778413,-0.026101464,-0.024424518,-0.022747569,-0.021070622,-0.019393673,-0.017716724,-0.016039778,-0.014362829,-0.012685881,-0.011008933,-0.009331985,-0.007655037,-0.0059780893,-0.004301141,-0.0026241932,-0.0009472452,0.00072970276,0.0024066507,0.004083599,0.005760547,0.0074374946,0.009114442,0.010791391,0.012468339,0.014145287,0.015822235,0.017499182,0.019176131,0.020853078,0.022530027],"mean":-0.00014734155,"std":0.0068795183}
{"counts":[2,0,3,1,5,2,2,1,3,4,4,4,3,6,2,6,1,4,3,0,2,2,0,1,0,2,0,0,0,1],"wall_time":1.754150922378e9,"step":4,"max":0.009991005,"min":-0.009366798,"count":64,"bins":[-0.009366798,-0.008721538,-0.008076278,-0.0074310177,-0.006785758,-0.0061404975,-0.0054952377,-0.0048499773,-0.0042047175,-0.0035594571,-0.002914197,-0.002268937,-0.0016236769,-0.0009784168,-0.0003331567,0.00031210342,0.0009573635,0.0016026236,0.0022478837,0.0028931438,0.003538404,0.004183664,0.0048289243,0.005474184,0.0061194445,0.0067647044,0.0074099647,0.008055225,0.008700484,0.009345745,0.009991005],"mean":-0.0013978007,"std":0.004193012}
{"counts":[1,0,1,0,1,0,0,2,0,2,1,5,5,5,10,14,4,4,3,2,1,0,1,0,1,0,0,0,0,1],"wall_time":1.754150924426e9,"step":5,"max":0.02004842,"min":-0.019154016,"count":64,"bins":[-0.019154016,-0.017847268,-0.01654052,-0.015233772,-0.013927025,-0.012620277,-0.011313529,-0.010006781,-0.008700033,-0.0073932847,-0.006086537,-0.004779789,-0.003473041,-0.0021662933,-0.0008595454,0.00044720247,0.0017539504,0.0030606983,0.004367446,0.005674194,0.006980942,0.00828769,0.009594438,0.010901186,0.012207934,0.013514682,0.01482143,0.016128177,0.017434925,0.018741673,0.02004842],"mean":-0.0001805629,"std":0.005914206}
{"counts":[1,0,0,0,0,1,2,2,3,4,2,6,4,9,6,9,6,1,3,1,0,0,0,0,1,1,0,0,0,2],"wall_time":1.754150926269e9,"step":6,"max":0.02029892,"min":-0.017884994,"count":64,"bins":[-0.017884994,-0.016612196,-0.0153394,-0.014066602,-0.012793805,-0.011521008,-0.010248211,-0.008975414,-0.0077026165,-0.0064298194,-0.0051570223,-0.0038842254,-0.002611428,-0.001338631,-6.5833825e-5,0.0012069633,0.0024797604,0.0037525576,0.0050253547,0.006298152,0.007570949,0.008843746,0.010116544,0.01138934,0.012662138,0.0139349345,0.015207732,0.01648053,0.017753325,0.019026123,0.02029892],"mean":-0.00030178716,"std":0.0064329403}
{"counts":[1,1,0,2,2,1,3,4,3,4,2,4,3,4,7,6,2,2,2,2,2,0,1,2,1,1,0,0,0,2],"wall_time":1.754150928337e9,"step":7,"max":0.010197958,"min":-0.0072821435,"count":64,"bins":[-0.0072821435,-0.0066994736,-0.0061168033,-0.0055341334,-0.004951463,-0.004368793,-0.0037861231,-0.003203453,-0.0026207832,-0.002038113,-0.001455443,-0.00087277294,-0.00029010288,0.00029256716,0.0008752372,0.0014579073,0.0020405774,0.0026232474,0.0032059173,0.0037885874,0.0043712575,0.0049539274,0.0055365977,0.0061192675,0.006701938,0.0072846077,0.007867278,0.008449947,0.009032618,0.009615288,0.010197958],"mean":0.00052143703,"std":0.0037493939}
{"counts":[1,0,0,1,0,1,1,1,1,3,4,5,8,3,6,6,7,3,3,1,3,1,3,0,0,0,1,0,0,1],"wall_time":1.754150930395e9,"step":8,"max":0.013448434,"min":-0.014080176,"count":64,"bins":[-0.014080176,-0.013162556,-0.012244935,-0.011327315,-0.010409695,-0.009492074,-0.008574454,-0.0076568336,-0.0067392136,-0.005821593,-0.0049039726,-0.0039863526,-0.003068732,-0.0021511118,-0.0012334915,-0.0003158711,0.0006017492,0.0015193695,0.00243699,0.0033546102,0.0042722304,0.005189851,0.0061074714,0.0070250914,0.007942712,0.008860332,0.009777953,0.010695573,0.011613193,0.012530814,0.013448434],"mean":-0.00076548604,"std":0.0046630683}
{"counts":[1,1,1,1,0,0,2,0,0,2,2,2,5,7,6,3,3,4,4,7,2,0,3,0,3,1,1,2,0,1],"wall_time":1.754150932591e9,"step":9,"max":0.01021078,"min":-0.012541255,"count":64,"bins":[-0.012541255,-0.011782854,-0.011024453,-0.010266052,-0.0095076505,-0.008749249,-0.007990848,-0.0072324467,-0.0064740456,-0.0057156445,-0.0049572433,-0.004198842,-0.0034404409,-0.0026820397,-0.0019236385,-0.0011652373,-0.0004068361,0.00035156508,0.0011099663,0.0018683674,0.0026267685,0.00338517,0.004143571,0.004901972,0.0056603733,0.0064187744,0.0071771755,0.007935577,0.008693978,0.009452379,0.01021078],"mean":-0.0004651025,"std":0.0047452697}
{"counts":[1,0,2,3,2,2,1,4,2,1,5,4,9,8,4,3,6,0,2,1,3,0,0,0,0,0,0,0,0,1],"wall_time":1.754150934735e9,"step":10,"max":0.012486903,"min":-0.0089565385,"count":64,"bins":[-0.0089565385,-0.008241757,-0.0075269756,-0.0068121944,-0.006097413,-0.0053826314,-0.00466785,-0.003953069,-0.0032382875,-0.002523506,-0.0018087247,-0.0010939433,-0.0003791619,0.00033561946,0.0010504009,0.0017651822,0.0024799637,0.003194745,0.0039095264,0.0046243076,0.0053390893,0.0060538705,0.006768652,0.0074834335,0.008198215,0.008912996,0.009627777,0.010342559,0.011057341,0.011772121,0.012486903],"mean":-0.0003697055,"std":0.0038044008}
{"counts":[1,0,0,0,0,0,1,2,1,0,2,3,3,1,2,2,3,2,6,7,4,7,3,1,4,6,2,0,0,1],"wall_time":1.754150937254e9,"step":11,"max":0.0069382917,"min":-0.013692753,"count":64,"bins":[-0.013692753,-0.013005052,-0.01231735,-0.0116296485,-0.010941948,-0.010254246,-0.009566545,-0.008878843,-0.008191141,-0.0075034397,-0.0068157385,-0.006128037,-0.0054403353,-0.0047526336,-0.0040649325,-0.0033772308,-0.0026895294,-0.0020018278,-0.0013141263,-0.00062642485,6.127668e-5,0.0007489782,0.0014366797,0.0021243813,0.0028120826,0.0034997843,0.0041874857,0.0048751873,0.005562889,0.00625059,0.0069382917],"mean":-0.0009869158,"std":0.004011483}
{"counts":[2,0,0,0,0,1,3,4,1,2,1,4,6,4,5,7,7,3,4,3,0,1,1,1,2,0,0,0,1,1],"wall_time":1.754150939748e9,"step":12,"max":0.01107014,"min":-0.0118972305,"count":64,"bins":[-0.0118972305,-0.011131652,-0.010366073,-0.009600493,-0.008834914,-0.0080693355,-0.0073037567,-0.0065381774,-0.0057725986,-0.0050070193,-0.0042414404,-0.0034758614,-0.0027102823,-0.0019447034,-0.0011791245,-0.0004135454,0.0003520336,0.0011176126,0.0018831916,0.0026487706,0.0034143496,0.0041799285,0.0049455077,0.0057110866,0.006476666,0.0072422447,0.0080078235,0.008773402,0.009538982,0.010304561,0.01107014],"mean":-0.0008908722,"std":0.0043827635}
{"counts":[2,1,1,1,0,0,1,7,8,3,1,2,5,6,4,1,4,1,2,5,5,0,0,0,0,0,0,1,2,1],"wall_time":1.7541509432e9,"step":13,"max":0.011131121,"min":-0.007707371,"count":64,"bins":[-0.007707371,-0.007079421,-0.0064514712,-0.005823522,-0.005195572,-0.004567622,-0.0039396724,-0.0033117228,-0.0026837732,-0.0020558233,-0.0014278736,-0.00079992396,-0.00017197421,0.0004559755,0.0010839252,0.001711875,0.0023398248,0.0029677744,0.0035957242,0.004223674,0.0048516234,0.0054795733,0.006107523,0.006735473,0.0073634223,0.007991373,0.0086193215,0.009247271,0.009875221,0.010503171,0.011131121],"mean":0.00063761254,"std":0.0041229473}
